id,shape_type,display_name,category,subcategory,description,source,priority,seo_keywords,canonical_url,base_energy,asset_value_usd,mint_status,onchain_token_id,erc20_contract_address,morph_parameters,last_morph_at,is_active
2143,hyper_lattice_shard_2143,Hyper Lattice Shard #2143,Hyper-Dimensional Grid,,,,,,,77390523246093750000000000000000.000000,793.124912,success,,,"{""p2_amp"": ""10.000000"", ""p4_res"": ""2.000000"", ""p1_freq"": ""1.000000"", ""p3_spin"": ""0.100000""}",,t
2144,hyper_lattice_shard_2144,Hyper Lattice Shard #2144,Hyper-Dimensional Grid,,,,,,,77390523246093750000000000000000.000000,793.124912,success,,,"{""p2_amp"": ""10.000000"", ""p4_res"": ""2.000000"", ""p1_freq"": ""1.000000"", ""p3_spin"": ""0.100000""}",,t
2145,hyper_lattice_shard_2145,Hyper Lattice Shard #2145,Hyper-Dimensional Grid,,,,,,,77390523246093750000000000000000.000000,793.124912,success,,,"{""p2_amp"": ""10.000000"", ""p4_res"": ""2.000000"", ""p1_freq"": ""1.000000"", ""p3_spin"": ""0.100000""}",,t
2146,hyper_lattice_shard_2146,Hyper Lattice Shard #2146,Hyper-Dimensional Grid,,,,,,,77390523246093750000000000000000.000000,793.124912,success,,,"{""p2_amp"": ""10.000000"", ""p4_res"": ""2.000000"", ""p1_freq"": ""1.000000"", ""p3_spin"": ""0.100000""}",,t
2147,hyper_lattice_shard_2147,Hyper Lattice Shard #2147,Hyper-Dimensional Grid,,,,,,,77390523246093750000000000000000.000000,793.124912,success,,,"{""p2_amp"": ""10.000000"", ""p4_res"": ""2.000000"", ""p1_freq"": ""1.000000"", ""p3_spin"": ""0.100000""}",,t
2148,hyper_lattice_shard_2148,Hyper Lattice Shard #2148,Hyper-Dimensional Grid,,,,,,,77390523246093750000000000000000.000000,793.124912,success,,,"{""p2_amp"": ""10.000000"", ""p4_res"": ""2.000000"", ""p1_freq"": ""1.000000"", ""p3_spin"": ""0.100000""}",,t
2149,hyper_lattice_shard_2149,Hyper Lattice Shard #2149,Hyper-Dimensional Grid,,,,,,,77390523246093750000000000000000.000000,793.124912,success,,,"{""p2_amp"": ""10.000000"", ""p4_res"": ""2.000000"", ""p1_freq"": ""1.000000"", ""p3_spin"": ""0.100000""}",,t
2150,hyper_lattice_shard_2150,Hyper Lattice Shard #2150,Hyper-Dimensional Grid,,,,,,,77390523246093750000000000000000.000000,793.124912,success,,,"{""p2_amp"": ""10.000000"", ""p4_res"": ""2.000000"", ""p1_freq"": ""1.000000"", ""p3_spin"": ""0.100000""}",,t
2151,hyper_lattice_shard_2151,Hyper Lattice Shard #2151,Hyper-Dimensional Grid,,,,,,,77390523246093750000000000000000.000000,793.124912,success,,,"{""p2_amp"": ""10.000000"", ""p4_res"": ""2.000000"", ""p1_freq"": ""1.000000"", ""p3_spin"": ""0.100000""}",,t
2152,hyper_lattice_shard_2152,Hyper Lattice Shard #2152,Hyper-Dimensional Grid,,,,,,,77390523246093750000000000000000.000000,793.124912,success,,,"{""p2_amp"": ""10.000000"", ""p4_res"": ""2.000000"", ""p1_freq"": ""1.000000"", ""p3_spin"": ""0.100000""}",,t
2153,hyper_lattice_shard_2153,Hyper Lattice Shard #2153,Hyper-Dimensional Grid,,,,,,,77390523246093750000000000000000.000000,793.124912,success,,,"{""p2_amp"": ""10.000000"", ""p4_res"": ""2.000000"", ""p1_freq"": ""1.000000"", ""p3_spin"": ""0.100000""}",,t
2154,hyper_lattice_shard_2154,Hyper Lattice Shard #2154,Hyper-Dimensional Grid,,,,,,,77390523246093750000000000000000.000000,793.124912,success,,,"{""p2_amp"": ""10.000000"", ""p4_res"": ""2.000000"", ""p1_freq"": ""1.000000"", ""p3_spin"": ""0.100000""}",,t
1,yeganeh-eagle,Yeganeh-Eagle,Mathematical Art,,,,,,,,30.681600,success,,,"{""p2_amp"": ""10.000000"", ""p4_res"": ""2.000000"", ""p1_freq"": ""1.000000"", ""p3_spin"": ""0.100000""}",,t
2,babylonian_aries_hired_man,Babylonian Aries Hired Man,Babylonian Zodiac,,,,,,,,30.681600,success,,,"{""p2_amp"": ""10.000000"", ""p4_res"": ""2.000000"", ""p1_freq"": ""1.000000"", ""p3_spin"": ""0.100000""}",,t
3,babylonian_taurus_bull_of_heaven,Babylonian Taurus Bull Of Heaven,Babylonian Zodiac,,,,,,,,30.681600,success,,,"{""p2_amp"": ""10.000000"", ""p4_res"": ""2.000000"", ""p1_freq"": ""1.000000"", ""p3_spin"": ""0.100000""}",,t
4,babylonian_gemini_great_twins,Babylonian Gemini Great Twins,Babylonian Zodiac,,,,,,,,30.681600,success,,,"{""p2_amp"": ""10.000000"", ""p4_res"": ""2.000000"", ""p1_freq"": ""1.000000"", ""p3_spin"": ""0.100000""}",,t
5,babylonian_cancer_crayfish,Babylonian Cancer Crayfish,Babylonian Zodiac,,,,,,,,30.681600,success,,,"{""p2_amp"": ""10.000000"", ""p4_res"": ""2.000000"", ""p1_freq"": ""1.000000"", ""p3_spin"": ""0.100000""}",,t
6,babylonian_leo_lion,Babylonian Leo Lion,Babylonian Zodiac,,,,,,,,30.681600,success,,,"{""p2_amp"": ""10.000000"", ""p4_res"": ""2.000000"", ""p1_freq"": ""1.000000"", ""p3_spin"": ""0.100000""}",,t
7,babylonian_virgo_furrow,Babylonian Virgo Furrow,Babylonian Zodiac,,,,,,,,30.681600,success,,,"{""p2_amp"": ""10.000000"", ""p4_res"": ""2.000000"", ""p1_freq"": ""1.000000"", ""p3_spin"": ""0.100000""}",,t
8,babylonian_libra_scales,Babylonian Libra Scales,Babylonian Zodiac,,,,,,,,30.681600,success,,,"{""p2_amp"": ""10.000000"", ""p4_res"": ""2.000000"", ""p1_freq"": ""1.000000"", ""p3_spin"": ""0.100000""}",,t
9,babylonian_scorpio_scorpion,Babylonian Scorpio Scorpion,Babylonian Zodiac,,,,,,,,30.681600,success,,,"{""p2_amp"": ""10.000000"", ""p4_res"": ""2.000000"", ""p1_freq"": ""1.000000"", ""p3_spin"": ""0.100000""}",,t
10,babylonian_sagittarius_pabilsag,Babylonian Sagittarius Pabilsag,Babylonian Zodiac,,,,,,,,30.681600,success,,,"{""p2_amp"": ""10.000000"", ""p4_res"": ""2.000000"", ""p1_freq"": ""1.000000"", ""p3_spin"": ""0.100000""}",,t
11,babylonian_capricorn_goat_fish,Babylonian Capricorn Goat Fish,Babylonian Zodiac,,,,,,,,30.681600,success,,,"{""p2_amp"": ""10.000000"", ""p4_res"": ""2.000000"", ""p1_freq"": ""1.000000"", ""p3_spin"": ""0.100000""}",,t
12,babylonian_aquarius_water_bearer,Babylonian Aquarius Water Bearer,Babylonian Zodiac,,,,,,,,30.681600,success,,,"{""p2_amp"": ""10.000000"", ""p4_res"": ""2.000000"", ""p1_freq"": ""1.000000"", ""p3_spin"": ""0.100000""}",,t
13,babylonian_pisces_fish_string,Babylonian Pisces Fish String,Babylonian Zodiac,,,,,,,,30.681600,success,,,"{""p2_amp"": ""10.000000"", ""p4_res"": ""2.000000"", ""p1_freq"": ""1.000000"", ""p3_spin"": ""0.100000""}",,t
14,qubit,Qubit,Quantum Computing,,,,,,,,30.681600,success,,,"{""p2_amp"": ""10.000000"", ""p4_res"": ""2.000000"", ""p1_freq"": ""1.000000"", ""p3_spin"": ""0.100000""}",,t
15,hadamard_gate,Hadamard Gate,Quantum Computing,,,,,,,,30.681600,success,,,"{""p2_amp"": ""10.000000"", ""p4_res"": ""2.000000"", ""p1_freq"": ""1.000000"", ""p3_spin"": ""0.100000""}",,t
16,pauli_x_gate,Pauli X Gate,Quantum Computing,,,,,,,,30.681600,success,,,"{""p2_amp"": ""10.000000"", ""p4_res"": ""2.000000"", ""p1_freq"": ""1.000000"", ""p3_spin"": ""0.100000""}",,t
17,pauli_y_gate,Pauli Y Gate,Quantum Computing,,,,,,,,30.681600,success,,,"{""p2_amp"": ""10.000000"", ""p4_res"": ""2.000000"", ""p1_freq"": ""1.000000"", ""p3_spin"": ""0.100000""}",,t
18,pauli_z_gate,Pauli Z Gate,Quantum Computing,,,,,,,,30.681600,success,,,"{""p2_amp"": ""10.000000"", ""p4_res"": ""2.000000"", ""p1_freq"": ""1.000000"", ""p3_spin"": ""0.100000""}",,t
19,cnot_gate,Cnot Gate,Quantum Computing,,,,,,,,30.681600,success,,,"{""p2_amp"": ""10.000000"", ""p4_res"": ""2.000000"", ""p1_freq"": ""1.000000"", ""p3_spin"": ""0.100000""}",,t
20,toffoli_gate,Toffoli Gate,Quantum Computing,,,,,,,,30.681600,success,,,"{""p2_amp"": ""10.000000"", ""p4_res"": ""2.000000"", ""p1_freq"": ""1.000000"", ""p3_spin"": ""0.100000""}",,t
21,fredkin_gate,Fredkin Gate,Quantum Computing,,,,,,,,30.681600,success,,,"{""p2_amp"": ""10.000000"", ""p4_res"": ""2.000000"", ""p1_freq"": ""1.000000"", ""p3_spin"": ""0.100000""}",,t
22,swap_gate,Swap Gate,Quantum Computing,,,,,,,,30.681600,success,,,"{""p2_amp"": ""10.000000"", ""p4_res"": ""2.000000"", ""p1_freq"": ""1.000000"", ""p3_spin"": ""0.100000""}",,t
23,controlled_phase,Controlled Phase,Quantum Computing,,,,,,,,30.681600,success,,,"{""p2_amp"": ""10.000000"", ""p4_res"": ""2.000000"", ""p1_freq"": ""1.000000"", ""p3_spin"": ""0.100000""}",,t
24,quantum_fourier_transform,Quantum Fourier Transform,Quantum Computing,,,,,,,,30.681600,success,,,"{""p2_amp"": ""10.000000"", ""p4_res"": ""2.000000"", ""p1_freq"": ""1.000000"", ""p3_spin"": ""0.100000""}",,t
25,grover_oracle,Grover Oracle,Quantum Computing,,,,,,,,30.681600,success,,,"{""p2_amp"": ""10.000000"", ""p4_res"": ""2.000000"", ""p1_freq"": ""1.000000"", ""p3_spin"": ""0.100000""}",,t
26,shor_factoring,Shor Factoring,Quantum Computing,,,,,,,,30.681600,success,,,"{""p2_amp"": ""10.000000"", ""p4_res"": ""2.000000"", ""p1_freq"": ""1.000000"", ""p3_spin"": ""0.100000""}",,t
27,vqe_circuit,Vqe Circuit,Quantum Computing,,,,,,,,30.681600,success,,,"{""p2_amp"": ""10.000000"", ""p4_res"": ""2.000000"", ""p1_freq"": ""1.000000"", ""p3_spin"": ""0.100000""}",,t
28,qaoa_circuit,Qaoa Circuit,Quantum Computing,,,,,,,,30.681600,success,,,"{""p2_amp"": ""10.000000"", ""p4_res"": ""2.000000"", ""p1_freq"": ""1.000000"", ""p3_spin"": ""0.100000""}",,t
29,hyper_lattice_shard_29,Hyper Lattice Shard #29,Hyper-Dimensional Grid,,,,,,,77390523246093750000000000000000.000000,793.124912,success,,,"{""p2_amp"": ""10.000000"", ""p4_res"": ""2.000000"", ""p1_freq"": ""1.000000"", ""p3_spin"": ""0.100000""}",,t
30,hyper_lattice_shard_30,Hyper Lattice Shard #30,Hyper-Dimensional Grid,,,,,,,77390523246093750000000000000000.000000,793.124912,success,,,"{""p2_amp"": ""10.000000"", ""p4_res"": ""2.000000"", ""p1_freq"": ""1.000000"", ""p3_spin"": ""0.100000""}",,t
31,hyper_lattice_shard_31,Hyper Lattice Shard #31,Hyper-Dimensional Grid,,,,,,,77390523246093750000000000000000.000000,793.124912,success,,,"{""p2_amp"": ""10.000000"", ""p4_res"": ""2.000000"", ""p1_freq"": ""1.000000"", ""p3_spin"": ""0.100000""}",,t
32,hyper_lattice_shard_32,Hyper Lattice Shard #32,Hyper-Dimensional Grid,,,,,,,77390523246093750000000000000000.000000,793.124912,success,,,"{""p2_amp"": ""10.000000"", ""p4_res"": ""2.000000"", ""p1_freq"": ""1.000000"", ""p3_spin"": ""0.100000""}",,t
33,hyper_lattice_shard_33,Hyper Lattice Shard #33,Hyper-Dimensional Grid,,,,,,,77390523246093750000000000000000.000000,793.124912,success,,,"{""p2_amp"": ""10.000000"", ""p4_res"": ""2.000000"", ""p1_freq"": ""1.000000"", ""p3_spin"": ""0.100000""}",,t
34,hyper_lattice_shard_34,Hyper Lattice Shard #34,Hyper-Dimensional Grid,,,,,,,77390523246093750000000000000000.000000,793.124912,success,,,"{""p2_amp"": ""10.000000"", ""p4_res"": ""2.000000"", ""p1_freq"": ""1.000000"", ""p3_spin"": ""0.100000""}",,t
35,hyper_lattice_shard_35,Hyper Lattice Shard #35,Hyper-Dimensional Grid,,,,,,,77390523246093750000000000000000.000000,793.124912,success,,,"{""p2_amp"": ""10.000000"", ""p4_res"": ""2.000000"", ""p1_freq"": ""1.000000"", ""p3_spin"": ""0.100000""}",,t
36,hyper_lattice_shard_36,Hyper Lattice Shard #36,Hyper-Dimensional Grid,,,,,,,77390523246093750000000000000000.000000,793.124912,success,,,"{""p2_amp"": ""10.000000"", ""p4_res"": ""2.000000"", ""p1_freq"": ""1.000000"", ""p3_spin"": ""0.100000""}",,t
37,hyper_lattice_shard_37,Hyper Lattice Shard #37,Hyper-Dimensional Grid,,,,,,,77390523246093750000000000000000.000000,793.124912,success,,,"{""p2_amp"": ""10.000000"", ""p4_res"": ""2.000000"", ""p1_freq"": ""1.000000"", ""p3_spin"": ""0.100000""}",,t
38,hyper_lattice_shard_38,Hyper Lattice Shard #38,Hyper-Dimensional Grid,,,,,,,77390523246093750000000000000000.000000,793.124912,success,,,"{""p2_amp"": ""10.000000"", ""p4_res"": ""2.000000"", ""p1_freq"": ""1.000000"", ""p3_spin"": ""0.100000""}",,t
39,hyper_lattice_shard_39,Hyper Lattice Shard #39,Hyper-Dimensional Grid,,,,,,,77390523246093750000000000000000.000000,793.124912,success,,,"{""p2_amp"": ""10.000000"", ""p4_res"": ""2.000000"", ""p1_freq"": ""1.000000"", ""p3_spin"": ""0.100000""}",,t
40,hyper_lattice_shard_40,Hyper Lattice Shard #40,Hyper-Dimensional Grid,,,,,,,77390523246093750000000000000000.000000,793.124912,success,,,"{""p2_amp"": ""10.000000"", ""p4_res"": ""2.000000"", ""p1_freq"": ""1.000000"", ""p3_spin"": ""0.100000""}",,t
41,hyper_lattice_shard_41,Hyper Lattice Shard #41,Hyper-Dimensional Grid,,,,,,,77390523246093750000000000000000.000000,793.124912,success,,,"{""p2_amp"": ""10.000000"", ""p4_res"": ""2.000000"", ""p1_freq"": ""1.000000"", ""p3_spin"": ""0.100000""}",,t
42,hyper_lattice_shard_42,Hyper Lattice Shard #42,Hyper-Dimensional Grid,,,,,,,77390523246093750000000000000000.000000,793.124912,success,,,"{""p2_amp"": ""10.000000"", ""p4_res"": ""2.000000"", ""p1_freq"": ""1.000000"", ""p3_spin"": ""0.100000""}",,t
43,hyper_lattice_shard_43,Hyper Lattice Shard #43,Hyper-Dimensional Grid,,,,,,,77390523246093750000000000000000.000000,793.124912,success,,,"{""p2_amp"": ""10.000000"", ""p4_res"": ""2.000000"", ""p1_freq"": ""1.000000"", ""p3_spin"": ""0.100000""}",,t
44,hyper_lattice_shard_44,Hyper Lattice Shard #44,Hyper-Dimensional Grid,,,,,,,77390523246093750000000000000000.000000,793.124912,success,,,"{""p2_amp"": ""10.000000"", ""p4_res"": ""2.000000"", ""p1_freq"": ""1.000000"", ""p3_spin"": ""0.100000""}",,t
45,hyper_lattice_shard_45,Hyper Lattice Shard #45,Hyper-Dimensional Grid,,,,,,,77390523246093750000000000000000.000000,793.124912,success,,,"{""p2_amp"": ""10.000000"", ""p4_res"": ""2.000000"", ""p1_freq"": ""1.000000"", ""p3_spin"": ""0.100000""}",,t
46,hyper_lattice_shard_46,Hyper Lattice Shard #46,Hyper-Dimensional Grid,,,,,,,77390523246093750000000000000000.000000,793.124912,success,,,"{""p2_amp"": ""10.000000"", ""p4_res"": ""2.000000"", ""p1_freq"": ""1.000000"", ""p3_spin"": ""0.100000""}",,t
47,hyper_lattice_shard_47,Hyper Lattice Shard #47,Hyper-Dimensional Grid,,,,,,,77390523246093750000000000000000.000000,793.124912,success,,,"{""p2_amp"": ""10.000000"", ""p4_res"": ""2.000000"", ""p1_freq"": ""1.000000"", ""p3_spin"": ""0.100000""}",,t
48,hyper_lattice_shard_48,Hyper Lattice Shard #48,Hyper-Dimensional Grid,,,,,,,77390523246093750000000000000000.000000,793.124912,success,,,"{""p2_amp"": ""10.000000"", ""p4_res"": ""2.000000"", ""p1_freq"": ""1.000000"", ""p3_spin"": ""0.100000""}",,t
49,hyper_lattice_shard_49,Hyper Lattice Shard #49,Hyper-Dimensional Grid,,,,,,,77390523246093750000000000000000.000000,793.124912,success,,,"{""p2_amp"": ""10.000000"", ""p4_res"": ""2.000000"", ""p1_freq"": ""1.000000"", ""p3_spin"": ""0.100000""}",,t
50,hyper_lattice_shard_50,Hyper Lattice Shard #50,Hyper-Dimensional Grid,,,,,,,77390523246093750000000000000000.000000,793.124912,success,,,"{""p2_amp"": ""10.000000"", ""p4_res"": ""2.000000"", ""p1_freq"": ""1.000000"", ""p3_spin"": ""0.100000""}",,t
51,hyper_lattice_shard_51,Hyper Lattice Shard #51,Hyper-Dimensional Grid,,,,,,,77390523246093750000000000000000.000000,793.124912,success,,,"{""p2_amp"": ""10.000000"", ""p4_res"": ""2.000000"", ""p1_freq"": ""1.000000"", ""p3_spin"": ""0.100000""}",,t
52,hyper_lattice_shard_52,Hyper Lattice Shard #52,Hyper-Dimensional Grid,,,,,,,77390523246093750000000000000000.000000,793.124912,success,,,"{""p2_amp"": ""10.000000"", ""p4_res"": ""2.000000"", ""p1_freq"": ""1.000000"", ""p3_spin"": ""0.100000""}",,t
53,hyper_lattice_shard_53,Hyper Lattice Shard #53,Hyper-Dimensional Grid,,,,,,,77390523246093750000000000000000.000000,793.124912,success,,,"{""p2_amp"": ""10.000000"", ""p4_res"": ""2.000000"", ""p1_freq"": ""1.000000"", ""p3_spin"": ""0.100000""}",,t
54,hyper_lattice_shard_54,Hyper Lattice Shard #54,Hyper-Dimensional Grid,,,,,,,77390523246093750000000000000000.000000,793.124912,success,,,"{""p2_amp"": ""10.000000"", ""p4_res"": ""2.000000"", ""p1_freq"": ""1.000000"", ""p3_spin"": ""0.100000""}",,t
55,hyper_lattice_shard_55,Hyper Lattice Shard #55,Hyper-Dimensional Grid,,,,,,,77390523246093750000000000000000.000000,793.124912,success,,,"{""p2_amp"": ""10.000000"", ""p4_res"": ""2.000000"", ""p1_freq"": ""1.000000"", ""p3_spin"": ""0.100000""}",,t
56,hyper_lattice_shard_56,Hyper Lattice Shard #56,Hyper-Dimensional Grid,,,,,,,77390523246093750000000000000000.000000,793.124912,success,,,"{""p2_amp"": ""10.000000"", ""p4_res"": ""2.000000"", ""p1_freq"": ""1.000000"", ""p3_spin"": ""0.100000""}",,t
57,hyper_lattice_shard_57,Hyper Lattice Shard #57,Hyper-Dimensional Grid,,,,,,,77390523246093750000000000000000.000000,793.124912,success,,,"{""p2_amp"": ""10.000000"", ""p4_res"": ""2.000000"", ""p1_freq"": ""1.000000"", ""p3_spin"": ""0.100000""}",,t
58,hyper_lattice_shard_58,Hyper Lattice Shard #58,Hyper-Dimensional Grid,,,,,,,77390523246093750000000000000000.000000,793.124912,success,,,"{""p2_amp"": ""10.000000"", ""p4_res"": ""2.000000"", ""p1_freq"": ""1.000000"", ""p3_spin"": ""0.100000""}",,t
59,hyper_lattice_shard_59,Hyper Lattice Shard #59,Hyper-Dimensional Grid,,,,,,,77390523246093750000000000000000.000000,793.124912,success,,,"{""p2_amp"": ""10.000000"", ""p4_res"": ""2.000000"", ""p1_freq"": ""1.000000"", ""p3_spin"": ""0.100000""}",,t
60,hyper_lattice_shard_60,Hyper Lattice Shard #60,Hyper-Dimensional Grid,,,,,,,77390523246093750000000000000000.000000,793.124912,success,,,"{""p2_amp"": ""10.000000"", ""p4_res"": ""2.000000"", ""p1_freq"": ""1.000000"", ""p3_spin"": ""0.100000""}",,t
61,hyper_lattice_shard_61,Hyper Lattice Shard #61,Hyper-Dimensional Grid,,,,,,,77390523246093750000000000000000.000000,793.124912,success,,,"{""p2_amp"": ""10.000000"", ""p4_res"": ""2.000000"", ""p1_freq"": ""1.000000"", ""p3_spin"": ""0.100000""}",,t
62,hyper_lattice_shard_62,Hyper Lattice Shard #62,Hyper-Dimensional Grid,,,,,,,77390523246093750000000000000000.000000,793.124912,success,,,"{""p2_amp"": ""10.000000"", ""p4_res"": ""2.000000"", ""p1_freq"": ""1.000000"", ""p3_spin"": ""0.100000""}",,t
63,hyper_lattice_shard_63,Hyper Lattice Shard #63,Hyper-Dimensional Grid,,,,,,,77390523246093750000000000000000.000000,793.124912,success,,,"{""p2_amp"": ""10.000000"", ""p4_res"": ""2.000000"", ""p1_freq"": ""1.000000"", ""p3_spin"": ""0.100000""}",,t
64,hyper_lattice_shard_64,Hyper Lattice Shard #64,Hyper-Dimensional Grid,,,,,,,77390523246093750000000000000000.000000,793.124912,success,,,"{""p2_amp"": ""10.000000"", ""p4_res"": ""2.000000"", ""p1_freq"": ""1.000000"", ""p3_spin"": ""0.100000""}",,t
65,hyper_lattice_shard_65,Hyper Lattice Shard #65,Hyper-Dimensional Grid,,,,,,,77390523246093750000000000000000.000000,793.124912,success,,,"{""p2_amp"": ""10.000000"", ""p4_res"": ""2.000000"", ""p1_freq"": ""1.000000"", ""p3_spin"": ""0.100000""}",,t
66,hyper_lattice_shard_66,Hyper Lattice Shard #66,Hyper-Dimensional Grid,,,,,,,77390523246093750000000000000000.000000,793.124912,success,,,"{""p2_amp"": ""10.000000"", ""p4_res"": ""2.000000"", ""p1_freq"": ""1.000000"", ""p3_spin"": ""0.100000""}",,t
67,hyper_lattice_shard_67,Hyper Lattice Shard #67,Hyper-Dimensional Grid,,,,,,,77390523246093750000000000000000.000000,793.124912,success,,,"{""p2_amp"": ""10.000000"", ""p4_res"": ""2.000000"", ""p1_freq"": ""1.000000"", ""p3_spin"": ""0.100000""}",,t
68,hyper_lattice_shard_68,Hyper Lattice Shard #68,Hyper-Dimensional Grid,,,,,,,77390523246093750000000000000000.000000,793.124912,success,,,"{""p2_amp"": ""10.000000"", ""p4_res"": ""2.000000"", ""p1_freq"": ""1.000000"", ""p3_spin"": ""0.100000""}",,t
69,hyper_lattice_shard_69,Hyper Lattice Shard #69,Hyper-Dimensional Grid,,,,,,,77390523246093750000000000000000.000000,793.124912,success,,,"{""p2_amp"": ""10.000000"", ""p4_res"": ""2.000000"", ""p1_freq"": ""1.000000"", ""p3_spin"": ""0.100000""}",,t
70,hyper_lattice_shard_70,Hyper Lattice Shard #70,Hyper-Dimensional Grid,,,,,,,77390523246093750000000000000000.000000,793.124912,success,,,"{""p2_amp"": ""10.000000"", ""p4_res"": ""2.000000"", ""p1_freq"": ""1.000000"", ""p3_spin"": ""0.100000""}",,t
71,hyper_lattice_shard_71,Hyper Lattice Shard #71,Hyper-Dimensional Grid,,,,,,,77390523246093750000000000000000.000000,793.124912,success,,,"{""p2_amp"": ""10.000000"", ""p4_res"": ""2.000000"", ""p1_freq"": ""1.000000"", ""p3_spin"": ""0.100000""}",,t
72,hyper_lattice_shard_72,Hyper Lattice Shard #72,Hyper-Dimensional Grid,,,,,,,77390523246093750000000000000000.000000,793.124912,success,,,"{""p2_amp"": ""10.000000"", ""p4_res"": ""2.000000"", ""p1_freq"": ""1.000000"", ""p3_spin"": ""0.100000""}",,t
73,hyper_lattice_shard_73,Hyper Lattice Shard #73,Hyper-Dimensional Grid,,,,,,,77390523246093750000000000000000.000000,793.124912,success,,,"{""p2_amp"": ""10.000000"", ""p4_res"": ""2.000000"", ""p1_freq"": ""1.000000"", ""p3_spin"": ""0.100000""}",,t
74,hyper_lattice_shard_74,Hyper Lattice Shard #74,Hyper-Dimensional Grid,,,,,,,77390523246093750000000000000000.000000,793.124912,success,,,"{""p2_amp"": ""10.000000"", ""p4_res"": ""2.000000"", ""p1_freq"": ""1.000000"", ""p3_spin"": ""0.100000""}",,t
75,hyper_lattice_shard_75,Hyper Lattice Shard #75,Hyper-Dimensional Grid,,,,,,,77390523246093750000000000000000.000000,793.124912,success,,,"{""p2_amp"": ""10.000000"", ""p4_res"": ""2.000000"", ""p1_freq"": ""1.000000"", ""p3_spin"": ""0.100000""}",,t
76,hyper_lattice_shard_76,Hyper Lattice Shard #76,Hyper-Dimensional Grid,,,,,,,77390523246093750000000000000000.000000,793.124912,success,,,"{""p2_amp"": ""10.000000"", ""p4_res"": ""2.000000"", ""p1_freq"": ""1.000000"", ""p3_spin"": ""0.100000""}",,t
77,hyper_lattice_shard_77,Hyper Lattice Shard #77,Hyper-Dimensional Grid,,,,,,,77390523246093750000000000000000.000000,793.124912,success,,,"{""p2_amp"": ""10.000000"", ""p4_res"": ""2.000000"", ""p1_freq"": ""1.000000"", ""p3_spin"": ""0.100000""}",,t
78,hyper_lattice_shard_78,Hyper Lattice Shard #78,Hyper-Dimensional Grid,,,,,,,77390523246093750000000000000000.000000,793.124912,success,,,"{""p2_amp"": ""10.000000"", ""p4_res"": ""2.000000"", ""p1_freq"": ""1.000000"", ""p3_spin"": ""0.100000""}",,t
79,hyper_lattice_shard_79,Hyper Lattice Shard #79,Hyper-Dimensional Grid,,,,,,,77390523246093750000000000000000.000000,793.124912,success,,,"{""p2_amp"": ""10.000000"", ""p4_res"": ""2.000000"", ""p1_freq"": ""1.000000"", ""p3_spin"": ""0.100000""}",,t
80,hyper_lattice_shard_80,Hyper Lattice Shard #80,Hyper-Dimensional Grid,,,,,,,77390523246093750000000000000000.000000,793.124912,success,,,"{""p2_amp"": ""10.000000"", ""p4_res"": ""2.000000"", ""p1_freq"": ""1.000000"", ""p3_spin"": ""0.100000""}",,t
81,hyper_lattice_shard_81,Hyper Lattice Shard #81,Hyper-Dimensional Grid,,,,,,,77390523246093750000000000000000.000000,793.124912,success,,,"{""p2_amp"": ""10.000000"", ""p4_res"": ""2.000000"", ""p1_freq"": ""1.000000"", ""p3_spin"": ""0.100000""}",,t
82,hyper_lattice_shard_82,Hyper Lattice Shard #82,Hyper-Dimensional Grid,,,,,,,77390523246093750000000000000000.000000,793.124912,success,,,"{""p2_amp"": ""10.000000"", ""p4_res"": ""2.000000"", ""p1_freq"": ""1.000000"", ""p3_spin"": ""0.100000""}",,t
83,hyper_lattice_shard_83,Hyper Lattice Shard #83,Hyper-Dimensional Grid,,,,,,,77390523246093750000000000000000.000000,793.124912,success,,,"{""p2_amp"": ""10.000000"", ""p4_res"": ""2.000000"", ""p1_freq"": ""1.000000"", ""p3_spin"": ""0.100000""}",,t
84,hyper_lattice_shard_84,Hyper Lattice Shard #84,Hyper-Dimensional Grid,,,,,,,77390523246093750000000000000000.000000,793.124912,success,,,"{""p2_amp"": ""10.000000"", ""p4_res"": ""2.000000"", ""p1_freq"": ""1.000000"", ""p3_spin"": ""0.100000""}",,t
85,hyper_lattice_shard_85,Hyper Lattice Shard #85,Hyper-Dimensional Grid,,,,,,,77390523246093750000000000000000.000000,793.124912,success,,,"{""p2_amp"": ""10.000000"", ""p4_res"": ""2.000000"", ""p1_freq"": ""1.000000"", ""p3_spin"": ""0.100000""}",,t
86,hyper_lattice_shard_86,Hyper Lattice Shard #86,Hyper-Dimensional Grid,,,,,,,77390523246093750000000000000000.000000,793.124912,success,,,"{""p2_amp"": ""10.000000"", ""p4_res"": ""2.000000"", ""p1_freq"": ""1.000000"", ""p3_spin"": ""0.100000""}",,t
87,hyper_lattice_shard_87,Hyper Lattice Shard #87,Hyper-Dimensional Grid,,,,,,,77390523246093750000000000000000.000000,793.124912,success,,,"{""p2_amp"": ""10.000000"", ""p4_res"": ""2.000000"", ""p1_freq"": ""1.000000"", ""p3_spin"": ""0.100000""}",,t
88,hyper_lattice_shard_88,Hyper Lattice Shard #88,Hyper-Dimensional Grid,,,,,,,77390523246093750000000000000000.000000,793.124912,success,,,"{""p2_amp"": ""10.000000"", ""p4_res"": ""2.000000"", ""p1_freq"": ""1.000000"", ""p3_spin"": ""0.100000""}",,t
89,hyper_lattice_shard_89,Hyper Lattice Shard #89,Hyper-Dimensional Grid,,,,,,,77390523246093750000000000000000.000000,793.124912,success,,,"{""p2_amp"": ""10.000000"", ""p4_res"": ""2.000000"", ""p1_freq"": ""1.000000"", ""p3_spin"": ""0.100000""}",,t
90,hyper_lattice_shard_90,Hyper Lattice Shard #90,Hyper-Dimensional Grid,,,,,,,77390523246093750000000000000000.000000,793.124912,success,,,"{""p2_amp"": ""10.000000"", ""p4_res"": ""2.000000"", ""p1_freq"": ""1.000000"", ""p3_spin"": ""0.100000""}",,t
91,hyper_lattice_shard_91,Hyper Lattice Shard #91,Hyper-Dimensional Grid,,,,,,,77390523246093750000000000000000.000000,793.124912,success,,,"{""p2_amp"": ""10.000000"", ""p4_res"": ""2.000000"", ""p1_freq"": ""1.000000"", ""p3_spin"": ""0.100000""}",,t
92,hyper_lattice_shard_92,Hyper Lattice Shard #92,Hyper-Dimensional Grid,,,,,,,77390523246093750000000000000000.000000,793.124912,success,,,"{""p2_amp"": ""10.000000"", ""p4_res"": ""2.000000"", ""p1_freq"": ""1.000000"", ""p3_spin"": ""0.100000""}",,t
93,hyper_lattice_shard_93,Hyper Lattice Shard #93,Hyper-Dimensional Grid,,,,,,,77390523246093750000000000000000.000000,793.124912,success,,,"{""p2_amp"": ""10.000000"", ""p4_res"": ""2.000000"", ""p1_freq"": ""1.000000"", ""p3_spin"": ""0.100000""}",,t
94,hyper_lattice_shard_94,Hyper Lattice Shard #94,Hyper-Dimensional Grid,,,,,,,77390523246093750000000000000000.000000,793.124912,success,,,"{""p2_amp"": ""10.000000"", ""p4_res"": ""2.000000"", ""p1_freq"": ""1.000000"", ""p3_spin"": ""0.100000""}",,t
95,hyper_lattice_shard_95,Hyper Lattice Shard #95,Hyper-Dimensional Grid,,,,,,,77390523246093750000000000000000.000000,793.124912,success,,,"{""p2_amp"": ""10.000000"", ""p4_res"": ""2.000000"", ""p1_freq"": ""1.000000"", ""p3_spin"": ""0.100000""}",,t
96,hyper_lattice_shard_96,Hyper Lattice Shard #96,Hyper-Dimensional Grid,,,,,,,77390523246093750000000000000000.000000,793.124912,success,,,"{""p2_amp"": ""10.000000"", ""p4_res"": ""2.000000"", ""p1_freq"": ""1.000000"", ""p3_spin"": ""0.100000""}",,t
97,hyper_lattice_shard_97,Hyper Lattice Shard #97,Hyper-Dimensional Grid,,,,,,,77390523246093750000000000000000.000000,793.124912,success,,,"{""p2_amp"": ""10.000000"", ""p4_res"": ""2.000000"", ""p1_freq"": ""1.000000"", ""p3_spin"": ""0.100000""}",,t
98,hyper_lattice_shard_98,Hyper Lattice Shard #98,Hyper-Dimensional Grid,,,,,,,77390523246093750000000000000000.000000,793.124912,success,,,"{""p2_amp"": ""10.000000"", ""p4_res"": ""2.000000"", ""p1_freq"": ""1.000000"", ""p3_spin"": ""0.100000""}",,t
99,hyper_lattice_shard_99,Hyper Lattice Shard #99,Hyper-Dimensional Grid,,,,,,,77390523246093750000000000000000.000000,793.124912,success,,,"{""p2_amp"": ""10.000000"", ""p4_res"": ""2.000000"", ""p1_freq"": ""1.000000"", ""p3_spin"": ""0.100000""}",,t
100,hyper_lattice_shard_100,Hyper Lattice Shard #100,Hyper-Dimensional Grid,,,,,,,77390523246093750000000000000000.000000,793.124912,success,,,"{""p2_amp"": ""10.000000"", ""p4_res"": ""2.000000"", ""p1_freq"": ""1.000000"", ""p3_spin"": ""0.100000""}",,t
101,hyper_lattice_shard_101,Hyper Lattice Shard #101,Hyper-Dimensional Grid,,,,,,,77390523246093750000000000000000.000000,793.124912,success,,,"{""p2_amp"": ""10.000000"", ""p4_res"": ""2.000000"", ""p1_freq"": ""1.000000"", ""p3_spin"": ""0.100000""}",,t
102,hyper_lattice_shard_102,Hyper Lattice Shard #102,Hyper-Dimensional Grid,,,,,,,77390523246093750000000000000000.000000,793.124912,success,,,"{""p2_amp"": ""10.000000"", ""p4_res"": ""2.000000"", ""p1_freq"": ""1.000000"", ""p3_spin"": ""0.100000""}",,t
103,hyper_lattice_shard_103,Hyper Lattice Shard #103,Hyper-Dimensional Grid,,,,,,,77390523246093750000000000000000.000000,793.124912,success,,,"{""p2_amp"": ""10.000000"", ""p4_res"": ""2.000000"", ""p1_freq"": ""1.000000"", ""p3_spin"": ""0.100000""}",,t
104,hyper_lattice_shard_104,Hyper Lattice Shard #104,Hyper-Dimensional Grid,,,,,,,77390523246093750000000000000000.000000,793.124912,success,,,"{""p2_amp"": ""10.000000"", ""p4_res"": ""2.000000"", ""p1_freq"": ""1.000000"", ""p3_spin"": ""0.100000""}",,t
105,hyper_lattice_shard_105,Hyper Lattice Shard #105,Hyper-Dimensional Grid,,,,,,,77390523246093750000000000000000.000000,793.124912,success,,,"{""p2_amp"": ""10.000000"", ""p4_res"": ""2.000000"", ""p1_freq"": ""1.000000"", ""p3_spin"": ""0.100000""}",,t
106,hyper_lattice_shard_106,Hyper Lattice Shard #106,Hyper-Dimensional Grid,,,,,,,77390523246093750000000000000000.000000,793.124912,success,,,"{""p2_amp"": ""10.000000"", ""p4_res"": ""2.000000"", ""p1_freq"": ""1.000000"", ""p3_spin"": ""0.100000""}",,t
107,hyper_lattice_shard_107,Hyper Lattice Shard #107,Hyper-Dimensional Grid,,,,,,,77390523246093750000000000000000.000000,793.124912,success,,,"{""p2_amp"": ""10.000000"", ""p4_res"": ""2.000000"", ""p1_freq"": ""1.000000"", ""p3_spin"": ""0.100000""}",,t
108,hyper_lattice_shard_108,Hyper Lattice Shard #108,Hyper-Dimensional Grid,,,,,,,77390523246093750000000000000000.000000,793.124912,success,,,"{""p2_amp"": ""10.000000"", ""p4_res"": ""2.000000"", ""p1_freq"": ""1.000000"", ""p3_spin"": ""0.100000""}",,t
109,hyper_lattice_shard_109,Hyper Lattice Shard #109,Hyper-Dimensional Grid,,,,,,,77390523246093750000000000000000.000000,793.124912,success,,,"{""p2_amp"": ""10.000000"", ""p4_res"": ""2.000000"", ""p1_freq"": ""1.000000"", ""p3_spin"": ""0.100000""}",,t
110,hyper_lattice_shard_110,Hyper Lattice Shard #110,Hyper-Dimensional Grid,,,,,,,77390523246093750000000000000000.000000,793.124912,success,,,"{""p2_amp"": ""10.000000"", ""p4_res"": ""2.000000"", ""p1_freq"": ""1.000000"", ""p3_spin"": ""0.100000""}",,t
111,hyper_lattice_shard_111,Hyper Lattice Shard #111,Hyper-Dimensional Grid,,,,,,,77390523246093750000000000000000.000000,793.124912,success,,,"{""p2_amp"": ""10.000000"", ""p4_res"": ""2.000000"", ""p1_freq"": ""1.000000"", ""p3_spin"": ""0.100000""}",,t
112,hyper_lattice_shard_112,Hyper Lattice Shard #112,Hyper-Dimensional Grid,,,,,,,77390523246093750000000000000000.000000,793.124912,success,,,"{""p2_amp"": ""10.000000"", ""p4_res"": ""2.000000"", ""p1_freq"": ""1.000000"", ""p3_spin"": ""0.100000""}",,t
113,hyper_lattice_shard_113,Hyper Lattice Shard #113,Hyper-Dimensional Grid,,,,,,,77390523246093750000000000000000.000000,793.124912,success,,,"{""p2_amp"": ""10.000000"", ""p4_res"": ""2.000000"", ""p1_freq"": ""1.000000"", ""p3_spin"": ""0.100000""}",,t
114,hyper_lattice_shard_114,Hyper Lattice Shard #114,Hyper-Dimensional Grid,,,,,,,77390523246093750000000000000000.000000,793.124912,success,,,"{""p2_amp"": ""10.000000"", ""p4_res"": ""2.000000"", ""p1_freq"": ""1.000000"", ""p3_spin"": ""0.100000""}",,t
115,hyper_lattice_shard_115,Hyper Lattice Shard #115,Hyper-Dimensional Grid,,,,,,,77390523246093750000000000000000.000000,793.124912,success,,,"{""p2_amp"": ""10.000000"", ""p4_res"": ""2.000000"", ""p1_freq"": ""1.000000"", ""p3_spin"": ""0.100000""}",,t
116,hyper_lattice_shard_116,Hyper Lattice Shard #116,Hyper-Dimensional Grid,,,,,,,77390523246093750000000000000000.000000,793.124912,success,,,"{""p2_amp"": ""10.000000"", ""p4_res"": ""2.000000"", ""p1_freq"": ""1.000000"", ""p3_spin"": ""0.100000""}",,t
117,hyper_lattice_shard_117,Hyper Lattice Shard #117,Hyper-Dimensional Grid,,,,,,,77390523246093750000000000000000.000000,793.124912,success,,,"{""p2_amp"": ""10.000000"", ""p4_res"": ""2.000000"", ""p1_freq"": ""1.000000"", ""p3_spin"": ""0.100000""}",,t
118,hyper_lattice_shard_118,Hyper Lattice Shard #118,Hyper-Dimensional Grid,,,,,,,77390523246093750000000000000000.000000,793.124912,success,,,"{""p2_amp"": ""10.000000"", ""p4_res"": ""2.000000"", ""p1_freq"": ""1.000000"", ""p3_spin"": ""0.100000""}",,t
119,hyper_lattice_shard_119,Hyper Lattice Shard #119,Hyper-Dimensional Grid,,,,,,,77390523246093750000000000000000.000000,793.124912,success,,,"{""p2_amp"": ""10.000000"", ""p4_res"": ""2.000000"", ""p1_freq"": ""1.000000"", ""p3_spin"": ""0.100000""}",,t
120,hyper_lattice_shard_120,Hyper Lattice Shard #120,Hyper-Dimensional Grid,,,,,,,77390523246093750000000000000000.000000,793.124912,success,,,"{""p2_amp"": ""10.000000"", ""p4_res"": ""2.000000"", ""p1_freq"": ""1.000000"", ""p3_spin"": ""0.100000""}",,t
121,hyper_lattice_shard_121,Hyper Lattice Shard #121,Hyper-Dimensional Grid,,,,,,,77390523246093750000000000000000.000000,793.124912,success,,,"{""p2_amp"": ""10.000000"", ""p4_res"": ""2.000000"", ""p1_freq"": ""1.000000"", ""p3_spin"": ""0.100000""}",,t
122,hyper_lattice_shard_122,Hyper Lattice Shard #122,Hyper-Dimensional Grid,,,,,,,77390523246093750000000000000000.000000,793.124912,success,,,"{""p2_amp"": ""10.000000"", ""p4_res"": ""2.000000"", ""p1_freq"": ""1.000000"", ""p3_spin"": ""0.100000""}",,t
123,hyper_lattice_shard_123,Hyper Lattice Shard #123,Hyper-Dimensional Grid,,,,,,,77390523246093750000000000000000.000000,793.124912,success,,,"{""p2_amp"": ""10.000000"", ""p4_res"": ""2.000000"", ""p1_freq"": ""1.000000"", ""p3_spin"": ""0.100000""}",,t
124,hyper_lattice_shard_124,Hyper Lattice Shard #124,Hyper-Dimensional Grid,,,,,,,77390523246093750000000000000000.000000,793.124912,success,,,"{""p2_amp"": ""10.000000"", ""p4_res"": ""2.000000"", ""p1_freq"": ""1.000000"", ""p3_spin"": ""0.100000""}",,t
125,hyper_lattice_shard_125,Hyper Lattice Shard #125,Hyper-Dimensional Grid,,,,,,,77390523246093750000000000000000.000000,793.124912,success,,,"{""p2_amp"": ""10.000000"", ""p4_res"": ""2.000000"", ""p1_freq"": ""1.000000"", ""p3_spin"": ""0.100000""}",,t
126,hyper_lattice_shard_126,Hyper Lattice Shard #126,Hyper-Dimensional Grid,,,,,,,77390523246093750000000000000000.000000,793.124912,success,,,"{""p2_amp"": ""10.000000"", ""p4_res"": ""2.000000"", ""p1_freq"": ""1.000000"", ""p3_spin"": ""0.100000""}",,t
127,hyper_lattice_shard_127,Hyper Lattice Shard #127,Hyper-Dimensional Grid,,,,,,,77390523246093750000000000000000.000000,793.124912,success,,,"{""p2_amp"": ""10.000000"", ""p4_res"": ""2.000000"", ""p1_freq"": ""1.000000"", ""p3_spin"": ""0.100000""}",,t
128,hyper_lattice_shard_128,Hyper Lattice Shard #128,Hyper-Dimensional Grid,,,,,,,77390523246093750000000000000000.000000,793.124912,success,,,"{""p2_amp"": ""10.000000"", ""p4_res"": ""2.000000"", ""p1_freq"": ""1.000000"", ""p3_spin"": ""0.100000""}",,t
129,hyper_lattice_shard_129,Hyper Lattice Shard #129,Hyper-Dimensional Grid,,,,,,,77390523246093750000000000000000.000000,793.124912,success,,,"{""p2_amp"": ""10.000000"", ""p4_res"": ""2.000000"", ""p1_freq"": ""1.000000"", ""p3_spin"": ""0.100000""}",,t
130,hyper_lattice_shard_130,Hyper Lattice Shard #130,Hyper-Dimensional Grid,,,,,,,77390523246093750000000000000000.000000,793.124912,success,,,"{""p2_amp"": ""10.000000"", ""p4_res"": ""2.000000"", ""p1_freq"": ""1.000000"", ""p3_spin"": ""0.100000""}",,t
131,hyper_lattice_shard_131,Hyper Lattice Shard #131,Hyper-Dimensional Grid,,,,,,,77390523246093750000000000000000.000000,793.124912,success,,,"{""p2_amp"": ""10.000000"", ""p4_res"": ""2.000000"", ""p1_freq"": ""1.000000"", ""p3_spin"": ""0.100000""}",,t
132,hyper_lattice_shard_132,Hyper Lattice Shard #132,Hyper-Dimensional Grid,,,,,,,77390523246093750000000000000000.000000,793.124912,success,,,"{""p2_amp"": ""10.000000"", ""p4_res"": ""2.000000"", ""p1_freq"": ""1.000000"", ""p3_spin"": ""0.100000""}",,t
133,hyper_lattice_shard_133,Hyper Lattice Shard #133,Hyper-Dimensional Grid,,,,,,,77390523246093750000000000000000.000000,793.124912,success,,,"{""p2_amp"": ""10.000000"", ""p4_res"": ""2.000000"", ""p1_freq"": ""1.000000"", ""p3_spin"": ""0.100000""}",,t
134,hyper_lattice_shard_134,Hyper Lattice Shard #134,Hyper-Dimensional Grid,,,,,,,77390523246093750000000000000000.000000,793.124912,success,,,"{""p2_amp"": ""10.000000"", ""p4_res"": ""2.000000"", ""p1_freq"": ""1.000000"", ""p3_spin"": ""0.100000""}",,t
135,hyper_lattice_shard_135,Hyper Lattice Shard #135,Hyper-Dimensional Grid,,,,,,,77390523246093750000000000000000.000000,793.124912,success,,,"{""p2_amp"": ""10.000000"", ""p4_res"": ""2.000000"", ""p1_freq"": ""1.000000"", ""p3_spin"": ""0.100000""}",,t
136,hyper_lattice_shard_136,Hyper Lattice Shard #136,Hyper-Dimensional Grid,,,,,,,77390523246093750000000000000000.000000,793.124912,success,,,"{""p2_amp"": ""10.000000"", ""p4_res"": ""2.000000"", ""p1_freq"": ""1.000000"", ""p3_spin"": ""0.100000""}",,t
137,hyper_lattice_shard_137,Hyper Lattice Shard #137,Hyper-Dimensional Grid,,,,,,,77390523246093750000000000000000.000000,793.124912,success,,,"{""p2_amp"": ""10.000000"", ""p4_res"": ""2.000000"", ""p1_freq"": ""1.000000"", ""p3_spin"": ""0.100000""}",,t
138,hyper_lattice_shard_138,Hyper Lattice Shard #138,Hyper-Dimensional Grid,,,,,,,77390523246093750000000000000000.000000,793.124912,success,,,"{""p2_amp"": ""10.000000"", ""p4_res"": ""2.000000"", ""p1_freq"": ""1.000000"", ""p3_spin"": ""0.100000""}",,t
139,hyper_lattice_shard_139,Hyper Lattice Shard #139,Hyper-Dimensional Grid,,,,,,,77390523246093750000000000000000.000000,793.124912,success,,,"{""p2_amp"": ""10.000000"", ""p4_res"": ""2.000000"", ""p1_freq"": ""1.000000"", ""p3_spin"": ""0.100000""}",,t
140,hyper_lattice_shard_140,Hyper Lattice Shard #140,Hyper-Dimensional Grid,,,,,,,77390523246093750000000000000000.000000,793.124912,success,,,"{""p2_amp"": ""10.000000"", ""p4_res"": ""2.000000"", ""p1_freq"": ""1.000000"", ""p3_spin"": ""0.100000""}",,t
141,hyper_lattice_shard_141,Hyper Lattice Shard #141,Hyper-Dimensional Grid,,,,,,,77390523246093750000000000000000.000000,793.124912,success,,,"{""p2_amp"": ""10.000000"", ""p4_res"": ""2.000000"", ""p1_freq"": ""1.000000"", ""p3_spin"": ""0.100000""}",,t
142,hyper_lattice_shard_142,Hyper Lattice Shard #142,Hyper-Dimensional Grid,,,,,,,77390523246093750000000000000000.000000,793.124912,success,,,"{""p2_amp"": ""10.000000"", ""p4_res"": ""2.000000"", ""p1_freq"": ""1.000000"", ""p3_spin"": ""0.100000""}",,t
143,hyper_lattice_shard_143,Hyper Lattice Shard #143,Hyper-Dimensional Grid,,,,,,,77390523246093750000000000000000.000000,793.124912,success,,,"{""p2_amp"": ""10.000000"", ""p4_res"": ""2.000000"", ""p1_freq"": ""1.000000"", ""p3_spin"": ""0.100000""}",,t
144,hyper_lattice_shard_144,Hyper Lattice Shard #144,Hyper-Dimensional Grid,,,,,,,77390523246093750000000000000000.000000,793.124912,success,,,"{""p2_amp"": ""10.000000"", ""p4_res"": ""2.000000"", ""p1_freq"": ""1.000000"", ""p3_spin"": ""0.100000""}",,t
145,hyper_lattice_shard_145,Hyper Lattice Shard #145,Hyper-Dimensional Grid,,,,,,,77390523246093750000000000000000.000000,793.124912,success,,,"{""p2_amp"": ""10.000000"", ""p4_res"": ""2.000000"", ""p1_freq"": ""1.000000"", ""p3_spin"": ""0.100000""}",,t
146,hyper_lattice_shard_146,Hyper Lattice Shard #146,Hyper-Dimensional Grid,,,,,,,77390523246093750000000000000000.000000,793.124912,success,,,"{""p2_amp"": ""10.000000"", ""p4_res"": ""2.000000"", ""p1_freq"": ""1.000000"", ""p3_spin"": ""0.100000""}",,t
147,hyper_lattice_shard_147,Hyper Lattice Shard #147,Hyper-Dimensional Grid,,,,,,,77390523246093750000000000000000.000000,793.124912,success,,,"{""p2_amp"": ""10.000000"", ""p4_res"": ""2.000000"", ""p1_freq"": ""1.000000"", ""p3_spin"": ""0.100000""}",,t
148,hyper_lattice_shard_148,Hyper Lattice Shard #148,Hyper-Dimensional Grid,,,,,,,77390523246093750000000000000000.000000,793.124912,success,,,"{""p2_amp"": ""10.000000"", ""p4_res"": ""2.000000"", ""p1_freq"": ""1.000000"", ""p3_spin"": ""0.100000""}",,t
149,hyper_lattice_shard_149,Hyper Lattice Shard #149,Hyper-Dimensional Grid,,,,,,,77390523246093750000000000000000.000000,793.124912,success,,,"{""p2_amp"": ""10.000000"", ""p4_res"": ""2.000000"", ""p1_freq"": ""1.000000"", ""p3_spin"": ""0.100000""}",,t
150,hyper_lattice_shard_150,Hyper Lattice Shard #150,Hyper-Dimensional Grid,,,,,,,77390523246093750000000000000000.000000,793.124912,success,,,"{""p2_amp"": ""10.000000"", ""p4_res"": ""2.000000"", ""p1_freq"": ""1.000000"", ""p3_spin"": ""0.100000""}",,t
151,hyper_lattice_shard_151,Hyper Lattice Shard #151,Hyper-Dimensional Grid,,,,,,,77390523246093750000000000000000.000000,793.124912,success,,,"{""p2_amp"": ""10.000000"", ""p4_res"": ""2.000000"", ""p1_freq"": ""1.000000"", ""p3_spin"": ""0.100000""}",,t
152,hyper_lattice_shard_152,Hyper Lattice Shard #152,Hyper-Dimensional Grid,,,,,,,77390523246093750000000000000000.000000,793.124912,success,,,"{""p2_amp"": ""10.000000"", ""p4_res"": ""2.000000"", ""p1_freq"": ""1.000000"", ""p3_spin"": ""0.100000""}",,t
153,hyper_lattice_shard_153,Hyper Lattice Shard #153,Hyper-Dimensional Grid,,,,,,,77390523246093750000000000000000.000000,793.124912,success,,,"{""p2_amp"": ""10.000000"", ""p4_res"": ""2.000000"", ""p1_freq"": ""1.000000"", ""p3_spin"": ""0.100000""}",,t
154,hyper_lattice_shard_154,Hyper Lattice Shard #154,Hyper-Dimensional Grid,,,,,,,77390523246093750000000000000000.000000,793.124912,success,,,"{""p2_amp"": ""10.000000"", ""p4_res"": ""2.000000"", ""p1_freq"": ""1.000000"", ""p3_spin"": ""0.100000""}",,t
155,hyper_lattice_shard_155,Hyper Lattice Shard #155,Hyper-Dimensional Grid,,,,,,,77390523246093750000000000000000.000000,793.124912,success,,,"{""p2_amp"": ""10.000000"", ""p4_res"": ""2.000000"", ""p1_freq"": ""1.000000"", ""p3_spin"": ""0.100000""}",,t
156,hyper_lattice_shard_156,Hyper Lattice Shard #156,Hyper-Dimensional Grid,,,,,,,77390523246093750000000000000000.000000,793.124912,success,,,"{""p2_amp"": ""10.000000"", ""p4_res"": ""2.000000"", ""p1_freq"": ""1.000000"", ""p3_spin"": ""0.100000""}",,t
157,hyper_lattice_shard_157,Hyper Lattice Shard #157,Hyper-Dimensional Grid,,,,,,,77390523246093750000000000000000.000000,793.124912,success,,,"{""p2_amp"": ""10.000000"", ""p4_res"": ""2.000000"", ""p1_freq"": ""1.000000"", ""p3_spin"": ""0.100000""}",,t
158,hyper_lattice_shard_158,Hyper Lattice Shard #158,Hyper-Dimensional Grid,,,,,,,77390523246093750000000000000000.000000,793.124912,success,,,"{""p2_amp"": ""10.000000"", ""p4_res"": ""2.000000"", ""p1_freq"": ""1.000000"", ""p3_spin"": ""0.100000""}",,t
159,hyper_lattice_shard_159,Hyper Lattice Shard #159,Hyper-Dimensional Grid,,,,,,,77390523246093750000000000000000.000000,793.124912,success,,,"{""p2_amp"": ""10.000000"", ""p4_res"": ""2.000000"", ""p1_freq"": ""1.000000"", ""p3_spin"": ""0.100000""}",,t
160,hyper_lattice_shard_160,Hyper Lattice Shard #160,Hyper-Dimensional Grid,,,,,,,77390523246093750000000000000000.000000,793.124912,success,,,"{""p2_amp"": ""10.000000"", ""p4_res"": ""2.000000"", ""p1_freq"": ""1.000000"", ""p3_spin"": ""0.100000""}",,t
161,hyper_lattice_shard_161,Hyper Lattice Shard #161,Hyper-Dimensional Grid,,,,,,,77390523246093750000000000000000.000000,793.124912,success,,,"{""p2_amp"": ""10.000000"", ""p4_res"": ""2.000000"", ""p1_freq"": ""1.000000"", ""p3_spin"": ""0.100000""}",,t
162,hyper_lattice_shard_162,Hyper Lattice Shard #162,Hyper-Dimensional Grid,,,,,,,77390523246093750000000000000000.000000,793.124912,success,,,"{""p2_amp"": ""10.000000"", ""p4_res"": ""2.000000"", ""p1_freq"": ""1.000000"", ""p3_spin"": ""0.100000""}",,t
163,hyper_lattice_shard_163,Hyper Lattice Shard #163,Hyper-Dimensional Grid,,,,,,,77390523246093750000000000000000.000000,793.124912,success,,,"{""p2_amp"": ""10.000000"", ""p4_res"": ""2.000000"", ""p1_freq"": ""1.000000"", ""p3_spin"": ""0.100000""}",,t
164,hyper_lattice_shard_164,Hyper Lattice Shard #164,Hyper-Dimensional Grid,,,,,,,77390523246093750000000000000000.000000,793.124912,success,,,"{""p2_amp"": ""10.000000"", ""p4_res"": ""2.000000"", ""p1_freq"": ""1.000000"", ""p3_spin"": ""0.100000""}",,t
165,hyper_lattice_shard_165,Hyper Lattice Shard #165,Hyper-Dimensional Grid,,,,,,,77390523246093750000000000000000.000000,793.124912,success,,,"{""p2_amp"": ""10.000000"", ""p4_res"": ""2.000000"", ""p1_freq"": ""1.000000"", ""p3_spin"": ""0.100000""}",,t
166,hyper_lattice_shard_166,Hyper Lattice Shard #166,Hyper-Dimensional Grid,,,,,,,77390523246093750000000000000000.000000,793.124912,success,,,"{""p2_amp"": ""10.000000"", ""p4_res"": ""2.000000"", ""p1_freq"": ""1.000000"", ""p3_spin"": ""0.100000""}",,t
167,hyper_lattice_shard_167,Hyper Lattice Shard #167,Hyper-Dimensional Grid,,,,,,,77390523246093750000000000000000.000000,793.124912,success,,,"{""p2_amp"": ""10.000000"", ""p4_res"": ""2.000000"", ""p1_freq"": ""1.000000"", ""p3_spin"": ""0.100000""}",,t
168,hyper_lattice_shard_168,Hyper Lattice Shard #168,Hyper-Dimensional Grid,,,,,,,77390523246093750000000000000000.000000,793.124912,success,,,"{""p2_amp"": ""10.000000"", ""p4_res"": ""2.000000"", ""p1_freq"": ""1.000000"", ""p3_spin"": ""0.100000""}",,t
169,hyper_lattice_shard_169,Hyper Lattice Shard #169,Hyper-Dimensional Grid,,,,,,,77390523246093750000000000000000.000000,793.124912,success,,,"{""p2_amp"": ""10.000000"", ""p4_res"": ""2.000000"", ""p1_freq"": ""1.000000"", ""p3_spin"": ""0.100000""}",,t
170,hyper_lattice_shard_170,Hyper Lattice Shard #170,Hyper-Dimensional Grid,,,,,,,77390523246093750000000000000000.000000,793.124912,success,,,"{""p2_amp"": ""10.000000"", ""p4_res"": ""2.000000"", ""p1_freq"": ""1.000000"", ""p3_spin"": ""0.100000""}",,t
171,hyper_lattice_shard_171,Hyper Lattice Shard #171,Hyper-Dimensional Grid,,,,,,,77390523246093750000000000000000.000000,793.124912,success,,,"{""p2_amp"": ""10.000000"", ""p4_res"": ""2.000000"", ""p1_freq"": ""1.000000"", ""p3_spin"": ""0.100000""}",,t
172,hyper_lattice_shard_172,Hyper Lattice Shard #172,Hyper-Dimensional Grid,,,,,,,77390523246093750000000000000000.000000,793.124912,success,,,"{""p2_amp"": ""10.000000"", ""p4_res"": ""2.000000"", ""p1_freq"": ""1.000000"", ""p3_spin"": ""0.100000""}",,t
173,hyper_lattice_shard_173,Hyper Lattice Shard #173,Hyper-Dimensional Grid,,,,,,,77390523246093750000000000000000.000000,793.124912,success,,,"{""p2_amp"": ""10.000000"", ""p4_res"": ""2.000000"", ""p1_freq"": ""1.000000"", ""p3_spin"": ""0.100000""}",,t
174,hyper_lattice_shard_174,Hyper Lattice Shard #174,Hyper-Dimensional Grid,,,,,,,77390523246093750000000000000000.000000,793.124912,success,,,"{""p2_amp"": ""10.000000"", ""p4_res"": ""2.000000"", ""p1_freq"": ""1.000000"", ""p3_spin"": ""0.100000""}",,t
175,hyper_lattice_shard_175,Hyper Lattice Shard #175,Hyper-Dimensional Grid,,,,,,,77390523246093750000000000000000.000000,793.124912,success,,,"{""p2_amp"": ""10.000000"", ""p4_res"": ""2.000000"", ""p1_freq"": ""1.000000"", ""p3_spin"": ""0.100000""}",,t
176,hyper_lattice_shard_176,Hyper Lattice Shard #176,Hyper-Dimensional Grid,,,,,,,77390523246093750000000000000000.000000,793.124912,success,,,"{""p2_amp"": ""10.000000"", ""p4_res"": ""2.000000"", ""p1_freq"": ""1.000000"", ""p3_spin"": ""0.100000""}",,t
177,hyper_lattice_shard_177,Hyper Lattice Shard #177,Hyper-Dimensional Grid,,,,,,,77390523246093750000000000000000.000000,793.124912,success,,,"{""p2_amp"": ""10.000000"", ""p4_res"": ""2.000000"", ""p1_freq"": ""1.000000"", ""p3_spin"": ""0.100000""}",,t
178,hyper_lattice_shard_178,Hyper Lattice Shard #178,Hyper-Dimensional Grid,,,,,,,77390523246093750000000000000000.000000,793.124912,success,,,"{""p2_amp"": ""10.000000"", ""p4_res"": ""2.000000"", ""p1_freq"": ""1.000000"", ""p3_spin"": ""0.100000""}",,t
179,hyper_lattice_shard_179,Hyper Lattice Shard #179,Hyper-Dimensional Grid,,,,,,,77390523246093750000000000000000.000000,793.124912,success,,,"{""p2_amp"": ""10.000000"", ""p4_res"": ""2.000000"", ""p1_freq"": ""1.000000"", ""p3_spin"": ""0.100000""}",,t
180,hyper_lattice_shard_180,Hyper Lattice Shard #180,Hyper-Dimensional Grid,,,,,,,77390523246093750000000000000000.000000,793.124912,success,,,"{""p2_amp"": ""10.000000"", ""p4_res"": ""2.000000"", ""p1_freq"": ""1.000000"", ""p3_spin"": ""0.100000""}",,t
181,hyper_lattice_shard_181,Hyper Lattice Shard #181,Hyper-Dimensional Grid,,,,,,,77390523246093750000000000000000.000000,793.124912,success,,,"{""p2_amp"": ""10.000000"", ""p4_res"": ""2.000000"", ""p1_freq"": ""1.000000"", ""p3_spin"": ""0.100000""}",,t
182,hyper_lattice_shard_182,Hyper Lattice Shard #182,Hyper-Dimensional Grid,,,,,,,77390523246093750000000000000000.000000,793.124912,success,,,"{""p2_amp"": ""10.000000"", ""p4_res"": ""2.000000"", ""p1_freq"": ""1.000000"", ""p3_spin"": ""0.100000""}",,t
183,hyper_lattice_shard_183,Hyper Lattice Shard #183,Hyper-Dimensional Grid,,,,,,,77390523246093750000000000000000.000000,793.124912,success,,,"{""p2_amp"": ""10.000000"", ""p4_res"": ""2.000000"", ""p1_freq"": ""1.000000"", ""p3_spin"": ""0.100000""}",,t
184,hyper_lattice_shard_184,Hyper Lattice Shard #184,Hyper-Dimensional Grid,,,,,,,77390523246093750000000000000000.000000,793.124912,success,,,"{""p2_amp"": ""10.000000"", ""p4_res"": ""2.000000"", ""p1_freq"": ""1.000000"", ""p3_spin"": ""0.100000""}",,t
185,hyper_lattice_shard_185,Hyper Lattice Shard #185,Hyper-Dimensional Grid,,,,,,,77390523246093750000000000000000.000000,793.124912,success,,,"{""p2_amp"": ""10.000000"", ""p4_res"": ""2.000000"", ""p1_freq"": ""1.000000"", ""p3_spin"": ""0.100000""}",,t
186,hyper_lattice_shard_186,Hyper Lattice Shard #186,Hyper-Dimensional Grid,,,,,,,77390523246093750000000000000000.000000,793.124912,success,,,"{""p2_amp"": ""10.000000"", ""p4_res"": ""2.000000"", ""p1_freq"": ""1.000000"", ""p3_spin"": ""0.100000""}",,t
187,hyper_lattice_shard_187,Hyper Lattice Shard #187,Hyper-Dimensional Grid,,,,,,,77390523246093750000000000000000.000000,793.124912,success,,,"{""p2_amp"": ""10.000000"", ""p4_res"": ""2.000000"", ""p1_freq"": ""1.000000"", ""p3_spin"": ""0.100000""}",,t
188,hyper_lattice_shard_188,Hyper Lattice Shard #188,Hyper-Dimensional Grid,,,,,,,77390523246093750000000000000000.000000,793.124912,success,,,"{""p2_amp"": ""10.000000"", ""p4_res"": ""2.000000"", ""p1_freq"": ""1.000000"", ""p3_spin"": ""0.100000""}",,t
189,hyper_lattice_shard_189,Hyper Lattice Shard #189,Hyper-Dimensional Grid,,,,,,,77390523246093750000000000000000.000000,793.124912,success,,,"{""p2_amp"": ""10.000000"", ""p4_res"": ""2.000000"", ""p1_freq"": ""1.000000"", ""p3_spin"": ""0.100000""}",,t
190,hyper_lattice_shard_190,Hyper Lattice Shard #190,Hyper-Dimensional Grid,,,,,,,77390523246093750000000000000000.000000,793.124912,success,,,"{""p2_amp"": ""10.000000"", ""p4_res"": ""2.000000"", ""p1_freq"": ""1.000000"", ""p3_spin"": ""0.100000""}",,t
191,hyper_lattice_shard_191,Hyper Lattice Shard #191,Hyper-Dimensional Grid,,,,,,,77390523246093750000000000000000.000000,793.124912,success,,,"{""p2_amp"": ""10.000000"", ""p4_res"": ""2.000000"", ""p1_freq"": ""1.000000"", ""p3_spin"": ""0.100000""}",,t
192,hyper_lattice_shard_192,Hyper Lattice Shard #192,Hyper-Dimensional Grid,,,,,,,77390523246093750000000000000000.000000,793.124912,success,,,"{""p2_amp"": ""10.000000"", ""p4_res"": ""2.000000"", ""p1_freq"": ""1.000000"", ""p3_spin"": ""0.100000""}",,t
193,hyper_lattice_shard_193,Hyper Lattice Shard #193,Hyper-Dimensional Grid,,,,,,,77390523246093750000000000000000.000000,793.124912,success,,,"{""p2_amp"": ""10.000000"", ""p4_res"": ""2.000000"", ""p1_freq"": ""1.000000"", ""p3_spin"": ""0.100000""}",,t
194,hyper_lattice_shard_194,Hyper Lattice Shard #194,Hyper-Dimensional Grid,,,,,,,77390523246093750000000000000000.000000,793.124912,success,,,"{""p2_amp"": ""10.000000"", ""p4_res"": ""2.000000"", ""p1_freq"": ""1.000000"", ""p3_spin"": ""0.100000""}",,t
195,hyper_lattice_shard_195,Hyper Lattice Shard #195,Hyper-Dimensional Grid,,,,,,,77390523246093750000000000000000.000000,793.124912,success,,,"{""p2_amp"": ""10.000000"", ""p4_res"": ""2.000000"", ""p1_freq"": ""1.000000"", ""p3_spin"": ""0.100000""}",,t
196,hyper_lattice_shard_196,Hyper Lattice Shard #196,Hyper-Dimensional Grid,,,,,,,77390523246093750000000000000000.000000,793.124912,success,,,"{""p2_amp"": ""10.000000"", ""p4_res"": ""2.000000"", ""p1_freq"": ""1.000000"", ""p3_spin"": ""0.100000""}",,t
197,hyper_lattice_shard_197,Hyper Lattice Shard #197,Hyper-Dimensional Grid,,,,,,,77390523246093750000000000000000.000000,793.124912,success,,,"{""p2_amp"": ""10.000000"", ""p4_res"": ""2.000000"", ""p1_freq"": ""1.000000"", ""p3_spin"": ""0.100000""}",,t
198,hyper_lattice_shard_198,Hyper Lattice Shard #198,Hyper-Dimensional Grid,,,,,,,77390523246093750000000000000000.000000,793.124912,success,,,"{""p2_amp"": ""10.000000"", ""p4_res"": ""2.000000"", ""p1_freq"": ""1.000000"", ""p3_spin"": ""0.100000""}",,t
199,hyper_lattice_shard_199,Hyper Lattice Shard #199,Hyper-Dimensional Grid,,,,,,,77390523246093750000000000000000.000000,793.124912,success,,,"{""p2_amp"": ""10.000000"", ""p4_res"": ""2.000000"", ""p1_freq"": ""1.000000"", ""p3_spin"": ""0.100000""}",,t
200,hyper_lattice_shard_200,Hyper Lattice Shard #200,Hyper-Dimensional Grid,,,,,,,77390523246093750000000000000000.000000,793.124912,success,,,"{""p2_amp"": ""10.000000"", ""p4_res"": ""2.000000"", ""p1_freq"": ""1.000000"", ""p3_spin"": ""0.100000""}",,t
201,hyper_lattice_shard_201,Hyper Lattice Shard #201,Hyper-Dimensional Grid,,,,,,,77390523246093750000000000000000.000000,793.124912,success,,,"{""p2_amp"": ""10.000000"", ""p4_res"": ""2.000000"", ""p1_freq"": ""1.000000"", ""p3_spin"": ""0.100000""}",,t
202,hyper_lattice_shard_202,Hyper Lattice Shard #202,Hyper-Dimensional Grid,,,,,,,77390523246093750000000000000000.000000,793.124912,success,,,"{""p2_amp"": ""10.000000"", ""p4_res"": ""2.000000"", ""p1_freq"": ""1.000000"", ""p3_spin"": ""0.100000""}",,t
203,hyper_lattice_shard_203,Hyper Lattice Shard #203,Hyper-Dimensional Grid,,,,,,,77390523246093750000000000000000.000000,793.124912,success,,,"{""p2_amp"": ""10.000000"", ""p4_res"": ""2.000000"", ""p1_freq"": ""1.000000"", ""p3_spin"": ""0.100000""}",,t
204,hyper_lattice_shard_204,Hyper Lattice Shard #204,Hyper-Dimensional Grid,,,,,,,77390523246093750000000000000000.000000,793.124912,success,,,"{""p2_amp"": ""10.000000"", ""p4_res"": ""2.000000"", ""p1_freq"": ""1.000000"", ""p3_spin"": ""0.100000""}",,t
205,hyper_lattice_shard_205,Hyper Lattice Shard #205,Hyper-Dimensional Grid,,,,,,,77390523246093750000000000000000.000000,793.124912,success,,,"{""p2_amp"": ""10.000000"", ""p4_res"": ""2.000000"", ""p1_freq"": ""1.000000"", ""p3_spin"": ""0.100000""}",,t
206,hyper_lattice_shard_206,Hyper Lattice Shard #206,Hyper-Dimensional Grid,,,,,,,77390523246093750000000000000000.000000,793.124912,success,,,"{""p2_amp"": ""10.000000"", ""p4_res"": ""2.000000"", ""p1_freq"": ""1.000000"", ""p3_spin"": ""0.100000""}",,t
207,hyper_lattice_shard_207,Hyper Lattice Shard #207,Hyper-Dimensional Grid,,,,,,,77390523246093750000000000000000.000000,793.124912,success,,,"{""p2_amp"": ""10.000000"", ""p4_res"": ""2.000000"", ""p1_freq"": ""1.000000"", ""p3_spin"": ""0.100000""}",,t
208,hyper_lattice_shard_208,Hyper Lattice Shard #208,Hyper-Dimensional Grid,,,,,,,77390523246093750000000000000000.000000,793.124912,success,,,"{""p2_amp"": ""10.000000"", ""p4_res"": ""2.000000"", ""p1_freq"": ""1.000000"", ""p3_spin"": ""0.100000""}",,t
209,hyper_lattice_shard_209,Hyper Lattice Shard #209,Hyper-Dimensional Grid,,,,,,,77390523246093750000000000000000.000000,793.124912,success,,,"{""p2_amp"": ""10.000000"", ""p4_res"": ""2.000000"", ""p1_freq"": ""1.000000"", ""p3_spin"": ""0.100000""}",,t
210,hyper_lattice_shard_210,Hyper Lattice Shard #210,Hyper-Dimensional Grid,,,,,,,77390523246093750000000000000000.000000,793.124912,success,,,"{""p2_amp"": ""10.000000"", ""p4_res"": ""2.000000"", ""p1_freq"": ""1.000000"", ""p3_spin"": ""0.100000""}",,t
211,hyper_lattice_shard_211,Hyper Lattice Shard #211,Hyper-Dimensional Grid,,,,,,,77390523246093750000000000000000.000000,793.124912,success,,,"{""p2_amp"": ""10.000000"", ""p4_res"": ""2.000000"", ""p1_freq"": ""1.000000"", ""p3_spin"": ""0.100000""}",,t
212,hyper_lattice_shard_212,Hyper Lattice Shard #212,Hyper-Dimensional Grid,,,,,,,77390523246093750000000000000000.000000,793.124912,success,,,"{""p2_amp"": ""10.000000"", ""p4_res"": ""2.000000"", ""p1_freq"": ""1.000000"", ""p3_spin"": ""0.100000""}",,t
213,hyper_lattice_shard_213,Hyper Lattice Shard #213,Hyper-Dimensional Grid,,,,,,,77390523246093750000000000000000.000000,793.124912,success,,,"{""p2_amp"": ""10.000000"", ""p4_res"": ""2.000000"", ""p1_freq"": ""1.000000"", ""p3_spin"": ""0.100000""}",,t
214,hyper_lattice_shard_214,Hyper Lattice Shard #214,Hyper-Dimensional Grid,,,,,,,77390523246093750000000000000000.000000,793.124912,success,,,"{""p2_amp"": ""10.000000"", ""p4_res"": ""2.000000"", ""p1_freq"": ""1.000000"", ""p3_spin"": ""0.100000""}",,t
215,hyper_lattice_shard_215,Hyper Lattice Shard #215,Hyper-Dimensional Grid,,,,,,,77390523246093750000000000000000.000000,793.124912,success,,,"{""p2_amp"": ""10.000000"", ""p4_res"": ""2.000000"", ""p1_freq"": ""1.000000"", ""p3_spin"": ""0.100000""}",,t
216,hyper_lattice_shard_216,Hyper Lattice Shard #216,Hyper-Dimensional Grid,,,,,,,77390523246093750000000000000000.000000,793.124912,success,,,"{""p2_amp"": ""10.000000"", ""p4_res"": ""2.000000"", ""p1_freq"": ""1.000000"", ""p3_spin"": ""0.100000""}",,t
217,hyper_lattice_shard_217,Hyper Lattice Shard #217,Hyper-Dimensional Grid,,,,,,,77390523246093750000000000000000.000000,793.124912,success,,,"{""p2_amp"": ""10.000000"", ""p4_res"": ""2.000000"", ""p1_freq"": ""1.000000"", ""p3_spin"": ""0.100000""}",,t
218,hyper_lattice_shard_218,Hyper Lattice Shard #218,Hyper-Dimensional Grid,,,,,,,77390523246093750000000000000000.000000,793.124912,success,,,"{""p2_amp"": ""10.000000"", ""p4_res"": ""2.000000"", ""p1_freq"": ""1.000000"", ""p3_spin"": ""0.100000""}",,t
219,hyper_lattice_shard_219,Hyper Lattice Shard #219,Hyper-Dimensional Grid,,,,,,,77390523246093750000000000000000.000000,793.124912,success,,,"{""p2_amp"": ""10.000000"", ""p4_res"": ""2.000000"", ""p1_freq"": ""1.000000"", ""p3_spin"": ""0.100000""}",,t
220,hyper_lattice_shard_220,Hyper Lattice Shard #220,Hyper-Dimensional Grid,,,,,,,77390523246093750000000000000000.000000,793.124912,success,,,"{""p2_amp"": ""10.000000"", ""p4_res"": ""2.000000"", ""p1_freq"": ""1.000000"", ""p3_spin"": ""0.100000""}",,t
221,hyper_lattice_shard_221,Hyper Lattice Shard #221,Hyper-Dimensional Grid,,,,,,,77390523246093750000000000000000.000000,793.124912,success,,,"{""p2_amp"": ""10.000000"", ""p4_res"": ""2.000000"", ""p1_freq"": ""1.000000"", ""p3_spin"": ""0.100000""}",,t
222,hyper_lattice_shard_222,Hyper Lattice Shard #222,Hyper-Dimensional Grid,,,,,,,77390523246093750000000000000000.000000,793.124912,success,,,"{""p2_amp"": ""10.000000"", ""p4_res"": ""2.000000"", ""p1_freq"": ""1.000000"", ""p3_spin"": ""0.100000""}",,t
223,hyper_lattice_shard_223,Hyper Lattice Shard #223,Hyper-Dimensional Grid,,,,,,,77390523246093750000000000000000.000000,793.124912,success,,,"{""p2_amp"": ""10.000000"", ""p4_res"": ""2.000000"", ""p1_freq"": ""1.000000"", ""p3_spin"": ""0.100000""}",,t
224,hyper_lattice_shard_224,Hyper Lattice Shard #224,Hyper-Dimensional Grid,,,,,,,77390523246093750000000000000000.000000,793.124912,success,,,"{""p2_amp"": ""10.000000"", ""p4_res"": ""2.000000"", ""p1_freq"": ""1.000000"", ""p3_spin"": ""0.100000""}",,t
225,hyper_lattice_shard_225,Hyper Lattice Shard #225,Hyper-Dimensional Grid,,,,,,,77390523246093750000000000000000.000000,793.124912,success,,,"{""p2_amp"": ""10.000000"", ""p4_res"": ""2.000000"", ""p1_freq"": ""1.000000"", ""p3_spin"": ""0.100000""}",,t
226,hyper_lattice_shard_226,Hyper Lattice Shard #226,Hyper-Dimensional Grid,,,,,,,77390523246093750000000000000000.000000,793.124912,success,,,"{""p2_amp"": ""10.000000"", ""p4_res"": ""2.000000"", ""p1_freq"": ""1.000000"", ""p3_spin"": ""0.100000""}",,t
227,hyper_lattice_shard_227,Hyper Lattice Shard #227,Hyper-Dimensional Grid,,,,,,,77390523246093750000000000000000.000000,793.124912,success,,,"{""p2_amp"": ""10.000000"", ""p4_res"": ""2.000000"", ""p1_freq"": ""1.000000"", ""p3_spin"": ""0.100000""}",,t
228,hyper_lattice_shard_228,Hyper Lattice Shard #228,Hyper-Dimensional Grid,,,,,,,77390523246093750000000000000000.000000,793.124912,success,,,"{""p2_amp"": ""10.000000"", ""p4_res"": ""2.000000"", ""p1_freq"": ""1.000000"", ""p3_spin"": ""0.100000""}",,t
229,hyper_lattice_shard_229,Hyper Lattice Shard #229,Hyper-Dimensional Grid,,,,,,,77390523246093750000000000000000.000000,793.124912,success,,,"{""p2_amp"": ""10.000000"", ""p4_res"": ""2.000000"", ""p1_freq"": ""1.000000"", ""p3_spin"": ""0.100000""}",,t
230,hyper_lattice_shard_230,Hyper Lattice Shard #230,Hyper-Dimensional Grid,,,,,,,77390523246093750000000000000000.000000,793.124912,success,,,"{""p2_amp"": ""10.000000"", ""p4_res"": ""2.000000"", ""p1_freq"": ""1.000000"", ""p3_spin"": ""0.100000""}",,t
231,hyper_lattice_shard_231,Hyper Lattice Shard #231,Hyper-Dimensional Grid,,,,,,,77390523246093750000000000000000.000000,793.124912,success,,,"{""p2_amp"": ""10.000000"", ""p4_res"": ""2.000000"", ""p1_freq"": ""1.000000"", ""p3_spin"": ""0.100000""}",,t
232,hyper_lattice_shard_232,Hyper Lattice Shard #232,Hyper-Dimensional Grid,,,,,,,77390523246093750000000000000000.000000,793.124912,success,,,"{""p2_amp"": ""10.000000"", ""p4_res"": ""2.000000"", ""p1_freq"": ""1.000000"", ""p3_spin"": ""0.100000""}",,t
233,hyper_lattice_shard_233,Hyper Lattice Shard #233,Hyper-Dimensional Grid,,,,,,,77390523246093750000000000000000.000000,793.124912,success,,,"{""p2_amp"": ""10.000000"", ""p4_res"": ""2.000000"", ""p1_freq"": ""1.000000"", ""p3_spin"": ""0.100000""}",,t
234,hyper_lattice_shard_234,Hyper Lattice Shard #234,Hyper-Dimensional Grid,,,,,,,77390523246093750000000000000000.000000,793.124912,success,,,"{""p2_amp"": ""10.000000"", ""p4_res"": ""2.000000"", ""p1_freq"": ""1.000000"", ""p3_spin"": ""0.100000""}",,t
235,hyper_lattice_shard_235,Hyper Lattice Shard #235,Hyper-Dimensional Grid,,,,,,,77390523246093750000000000000000.000000,793.124912,success,,,"{""p2_amp"": ""10.000000"", ""p4_res"": ""2.000000"", ""p1_freq"": ""1.000000"", ""p3_spin"": ""0.100000""}",,t
236,hyper_lattice_shard_236,Hyper Lattice Shard #236,Hyper-Dimensional Grid,,,,,,,77390523246093750000000000000000.000000,793.124912,success,,,"{""p2_amp"": ""10.000000"", ""p4_res"": ""2.000000"", ""p1_freq"": ""1.000000"", ""p3_spin"": ""0.100000""}",,t
237,hyper_lattice_shard_237,Hyper Lattice Shard #237,Hyper-Dimensional Grid,,,,,,,77390523246093750000000000000000.000000,793.124912,success,,,"{""p2_amp"": ""10.000000"", ""p4_res"": ""2.000000"", ""p1_freq"": ""1.000000"", ""p3_spin"": ""0.100000""}",,t
238,hyper_lattice_shard_238,Hyper Lattice Shard #238,Hyper-Dimensional Grid,,,,,,,77390523246093750000000000000000.000000,793.124912,success,,,"{""p2_amp"": ""10.000000"", ""p4_res"": ""2.000000"", ""p1_freq"": ""1.000000"", ""p3_spin"": ""0.100000""}",,t
239,hyper_lattice_shard_239,Hyper Lattice Shard #239,Hyper-Dimensional Grid,,,,,,,77390523246093750000000000000000.000000,793.124912,success,,,"{""p2_amp"": ""10.000000"", ""p4_res"": ""2.000000"", ""p1_freq"": ""1.000000"", ""p3_spin"": ""0.100000""}",,t
240,hyper_lattice_shard_240,Hyper Lattice Shard #240,Hyper-Dimensional Grid,,,,,,,77390523246093750000000000000000.000000,793.124912,success,,,"{""p2_amp"": ""10.000000"", ""p4_res"": ""2.000000"", ""p1_freq"": ""1.000000"", ""p3_spin"": ""0.100000""}",,t
241,hyper_lattice_shard_241,Hyper Lattice Shard #241,Hyper-Dimensional Grid,,,,,,,77390523246093750000000000000000.000000,793.124912,success,,,"{""p2_amp"": ""10.000000"", ""p4_res"": ""2.000000"", ""p1_freq"": ""1.000000"", ""p3_spin"": ""0.100000""}",,t
242,hyper_lattice_shard_242,Hyper Lattice Shard #242,Hyper-Dimensional Grid,,,,,,,77390523246093750000000000000000.000000,793.124912,success,,,"{""p2_amp"": ""10.000000"", ""p4_res"": ""2.000000"", ""p1_freq"": ""1.000000"", ""p3_spin"": ""0.100000""}",,t
243,hyper_lattice_shard_243,Hyper Lattice Shard #243,Hyper-Dimensional Grid,,,,,,,77390523246093750000000000000000.000000,793.124912,success,,,"{""p2_amp"": ""10.000000"", ""p4_res"": ""2.000000"", ""p1_freq"": ""1.000000"", ""p3_spin"": ""0.100000""}",,t
244,hyper_lattice_shard_244,Hyper Lattice Shard #244,Hyper-Dimensional Grid,,,,,,,77390523246093750000000000000000.000000,793.124912,success,,,"{""p2_amp"": ""10.000000"", ""p4_res"": ""2.000000"", ""p1_freq"": ""1.000000"", ""p3_spin"": ""0.100000""}",,t
245,hyper_lattice_shard_245,Hyper Lattice Shard #245,Hyper-Dimensional Grid,,,,,,,77390523246093750000000000000000.000000,793.124912,success,,,"{""p2_amp"": ""10.000000"", ""p4_res"": ""2.000000"", ""p1_freq"": ""1.000000"", ""p3_spin"": ""0.100000""}",,t
246,hyper_lattice_shard_246,Hyper Lattice Shard #246,Hyper-Dimensional Grid,,,,,,,77390523246093750000000000000000.000000,793.124912,success,,,"{""p2_amp"": ""10.000000"", ""p4_res"": ""2.000000"", ""p1_freq"": ""1.000000"", ""p3_spin"": ""0.100000""}",,t
247,hyper_lattice_shard_247,Hyper Lattice Shard #247,Hyper-Dimensional Grid,,,,,,,77390523246093750000000000000000.000000,793.124912,success,,,"{""p2_amp"": ""10.000000"", ""p4_res"": ""2.000000"", ""p1_freq"": ""1.000000"", ""p3_spin"": ""0.100000""}",,t
248,hyper_lattice_shard_248,Hyper Lattice Shard #248,Hyper-Dimensional Grid,,,,,,,77390523246093750000000000000000.000000,793.124912,success,,,"{""p2_amp"": ""10.000000"", ""p4_res"": ""2.000000"", ""p1_freq"": ""1.000000"", ""p3_spin"": ""0.100000""}",,t
249,hyper_lattice_shard_249,Hyper Lattice Shard #249,Hyper-Dimensional Grid,,,,,,,77390523246093750000000000000000.000000,793.124912,success,,,"{""p2_amp"": ""10.000000"", ""p4_res"": ""2.000000"", ""p1_freq"": ""1.000000"", ""p3_spin"": ""0.100000""}",,t
250,hyper_lattice_shard_250,Hyper Lattice Shard #250,Hyper-Dimensional Grid,,,,,,,77390523246093750000000000000000.000000,793.124912,success,,,"{""p2_amp"": ""10.000000"", ""p4_res"": ""2.000000"", ""p1_freq"": ""1.000000"", ""p3_spin"": ""0.100000""}",,t
251,hyper_lattice_shard_251,Hyper Lattice Shard #251,Hyper-Dimensional Grid,,,,,,,77390523246093750000000000000000.000000,793.124912,success,,,"{""p2_amp"": ""10.000000"", ""p4_res"": ""2.000000"", ""p1_freq"": ""1.000000"", ""p3_spin"": ""0.100000""}",,t
252,hyper_lattice_shard_252,Hyper Lattice Shard #252,Hyper-Dimensional Grid,,,,,,,77390523246093750000000000000000.000000,793.124912,success,,,"{""p2_amp"": ""10.000000"", ""p4_res"": ""2.000000"", ""p1_freq"": ""1.000000"", ""p3_spin"": ""0.100000""}",,t
253,hyper_lattice_shard_253,Hyper Lattice Shard #253,Hyper-Dimensional Grid,,,,,,,77390523246093750000000000000000.000000,793.124912,success,,,"{""p2_amp"": ""10.000000"", ""p4_res"": ""2.000000"", ""p1_freq"": ""1.000000"", ""p3_spin"": ""0.100000""}",,t
254,hyper_lattice_shard_254,Hyper Lattice Shard #254,Hyper-Dimensional Grid,,,,,,,77390523246093750000000000000000.000000,793.124912,success,,,"{""p2_amp"": ""10.000000"", ""p4_res"": ""2.000000"", ""p1_freq"": ""1.000000"", ""p3_spin"": ""0.100000""}",,t
255,hyper_lattice_shard_255,Hyper Lattice Shard #255,Hyper-Dimensional Grid,,,,,,,77390523246093750000000000000000.000000,793.124912,success,,,"{""p2_amp"": ""10.000000"", ""p4_res"": ""2.000000"", ""p1_freq"": ""1.000000"", ""p3_spin"": ""0.100000""}",,t
256,hyper_lattice_shard_256,Hyper Lattice Shard #256,Hyper-Dimensional Grid,,,,,,,77390523246093750000000000000000.000000,793.124912,success,,,"{""p2_amp"": ""10.000000"", ""p4_res"": ""2.000000"", ""p1_freq"": ""1.000000"", ""p3_spin"": ""0.100000""}",,t
257,hyper_lattice_shard_257,Hyper Lattice Shard #257,Hyper-Dimensional Grid,,,,,,,77390523246093750000000000000000.000000,793.124912,success,,,"{""p2_amp"": ""10.000000"", ""p4_res"": ""2.000000"", ""p1_freq"": ""1.000000"", ""p3_spin"": ""0.100000""}",,t
258,hyper_lattice_shard_258,Hyper Lattice Shard #258,Hyper-Dimensional Grid,,,,,,,77390523246093750000000000000000.000000,793.124912,success,,,"{""p2_amp"": ""10.000000"", ""p4_res"": ""2.000000"", ""p1_freq"": ""1.000000"", ""p3_spin"": ""0.100000""}",,t
259,hyper_lattice_shard_259,Hyper Lattice Shard #259,Hyper-Dimensional Grid,,,,,,,77390523246093750000000000000000.000000,793.124912,success,,,"{""p2_amp"": ""10.000000"", ""p4_res"": ""2.000000"", ""p1_freq"": ""1.000000"", ""p3_spin"": ""0.100000""}",,t
260,hyper_lattice_shard_260,Hyper Lattice Shard #260,Hyper-Dimensional Grid,,,,,,,77390523246093750000000000000000.000000,793.124912,success,,,"{""p2_amp"": ""10.000000"", ""p4_res"": ""2.000000"", ""p1_freq"": ""1.000000"", ""p3_spin"": ""0.100000""}",,t
261,hyper_lattice_shard_261,Hyper Lattice Shard #261,Hyper-Dimensional Grid,,,,,,,77390523246093750000000000000000.000000,793.124912,success,,,"{""p2_amp"": ""10.000000"", ""p4_res"": ""2.000000"", ""p1_freq"": ""1.000000"", ""p3_spin"": ""0.100000""}",,t
262,hyper_lattice_shard_262,Hyper Lattice Shard #262,Hyper-Dimensional Grid,,,,,,,77390523246093750000000000000000.000000,793.124912,success,,,"{""p2_amp"": ""10.000000"", ""p4_res"": ""2.000000"", ""p1_freq"": ""1.000000"", ""p3_spin"": ""0.100000""}",,t
263,hyper_lattice_shard_263,Hyper Lattice Shard #263,Hyper-Dimensional Grid,,,,,,,77390523246093750000000000000000.000000,793.124912,success,,,"{""p2_amp"": ""10.000000"", ""p4_res"": ""2.000000"", ""p1_freq"": ""1.000000"", ""p3_spin"": ""0.100000""}",,t
264,hyper_lattice_shard_264,Hyper Lattice Shard #264,Hyper-Dimensional Grid,,,,,,,77390523246093750000000000000000.000000,793.124912,success,,,"{""p2_amp"": ""10.000000"", ""p4_res"": ""2.000000"", ""p1_freq"": ""1.000000"", ""p3_spin"": ""0.100000""}",,t
265,hyper_lattice_shard_265,Hyper Lattice Shard #265,Hyper-Dimensional Grid,,,,,,,77390523246093750000000000000000.000000,793.124912,success,,,"{""p2_amp"": ""10.000000"", ""p4_res"": ""2.000000"", ""p1_freq"": ""1.000000"", ""p3_spin"": ""0.100000""}",,t
266,hyper_lattice_shard_266,Hyper Lattice Shard #266,Hyper-Dimensional Grid,,,,,,,77390523246093750000000000000000.000000,793.124912,success,,,"{""p2_amp"": ""10.000000"", ""p4_res"": ""2.000000"", ""p1_freq"": ""1.000000"", ""p3_spin"": ""0.100000""}",,t
267,hyper_lattice_shard_267,Hyper Lattice Shard #267,Hyper-Dimensional Grid,,,,,,,77390523246093750000000000000000.000000,793.124912,success,,,"{""p2_amp"": ""10.000000"", ""p4_res"": ""2.000000"", ""p1_freq"": ""1.000000"", ""p3_spin"": ""0.100000""}",,t
268,hyper_lattice_shard_268,Hyper Lattice Shard #268,Hyper-Dimensional Grid,,,,,,,77390523246093750000000000000000.000000,793.124912,success,,,"{""p2_amp"": ""10.000000"", ""p4_res"": ""2.000000"", ""p1_freq"": ""1.000000"", ""p3_spin"": ""0.100000""}",,t
269,hyper_lattice_shard_269,Hyper Lattice Shard #269,Hyper-Dimensional Grid,,,,,,,77390523246093750000000000000000.000000,793.124912,success,,,"{""p2_amp"": ""10.000000"", ""p4_res"": ""2.000000"", ""p1_freq"": ""1.000000"", ""p3_spin"": ""0.100000""}",,t
270,hyper_lattice_shard_270,Hyper Lattice Shard #270,Hyper-Dimensional Grid,,,,,,,77390523246093750000000000000000.000000,793.124912,success,,,"{""p2_amp"": ""10.000000"", ""p4_res"": ""2.000000"", ""p1_freq"": ""1.000000"", ""p3_spin"": ""0.100000""}",,t
271,hyper_lattice_shard_271,Hyper Lattice Shard #271,Hyper-Dimensional Grid,,,,,,,77390523246093750000000000000000.000000,793.124912,success,,,"{""p2_amp"": ""10.000000"", ""p4_res"": ""2.000000"", ""p1_freq"": ""1.000000"", ""p3_spin"": ""0.100000""}",,t
272,hyper_lattice_shard_272,Hyper Lattice Shard #272,Hyper-Dimensional Grid,,,,,,,77390523246093750000000000000000.000000,793.124912,success,,,"{""p2_amp"": ""10.000000"", ""p4_res"": ""2.000000"", ""p1_freq"": ""1.000000"", ""p3_spin"": ""0.100000""}",,t
273,hyper_lattice_shard_273,Hyper Lattice Shard #273,Hyper-Dimensional Grid,,,,,,,77390523246093750000000000000000.000000,793.124912,success,,,"{""p2_amp"": ""10.000000"", ""p4_res"": ""2.000000"", ""p1_freq"": ""1.000000"", ""p3_spin"": ""0.100000""}",,t
274,hyper_lattice_shard_274,Hyper Lattice Shard #274,Hyper-Dimensional Grid,,,,,,,77390523246093750000000000000000.000000,793.124912,success,,,"{""p2_amp"": ""10.000000"", ""p4_res"": ""2.000000"", ""p1_freq"": ""1.000000"", ""p3_spin"": ""0.100000""}",,t
275,hyper_lattice_shard_275,Hyper Lattice Shard #275,Hyper-Dimensional Grid,,,,,,,77390523246093750000000000000000.000000,793.124912,success,,,"{""p2_amp"": ""10.000000"", ""p4_res"": ""2.000000"", ""p1_freq"": ""1.000000"", ""p3_spin"": ""0.100000""}",,t
276,hyper_lattice_shard_276,Hyper Lattice Shard #276,Hyper-Dimensional Grid,,,,,,,77390523246093750000000000000000.000000,793.124912,success,,,"{""p2_amp"": ""10.000000"", ""p4_res"": ""2.000000"", ""p1_freq"": ""1.000000"", ""p3_spin"": ""0.100000""}",,t
277,hyper_lattice_shard_277,Hyper Lattice Shard #277,Hyper-Dimensional Grid,,,,,,,77390523246093750000000000000000.000000,793.124912,success,,,"{""p2_amp"": ""10.000000"", ""p4_res"": ""2.000000"", ""p1_freq"": ""1.000000"", ""p3_spin"": ""0.100000""}",,t
278,hyper_lattice_shard_278,Hyper Lattice Shard #278,Hyper-Dimensional Grid,,,,,,,77390523246093750000000000000000.000000,793.124912,success,,,"{""p2_amp"": ""10.000000"", ""p4_res"": ""2.000000"", ""p1_freq"": ""1.000000"", ""p3_spin"": ""0.100000""}",,t
279,hyper_lattice_shard_279,Hyper Lattice Shard #279,Hyper-Dimensional Grid,,,,,,,77390523246093750000000000000000.000000,793.124912,success,,,"{""p2_amp"": ""10.000000"", ""p4_res"": ""2.000000"", ""p1_freq"": ""1.000000"", ""p3_spin"": ""0.100000""}",,t
280,hyper_lattice_shard_280,Hyper Lattice Shard #280,Hyper-Dimensional Grid,,,,,,,77390523246093750000000000000000.000000,793.124912,success,,,"{""p2_amp"": ""10.000000"", ""p4_res"": ""2.000000"", ""p1_freq"": ""1.000000"", ""p3_spin"": ""0.100000""}",,t
281,hyper_lattice_shard_281,Hyper Lattice Shard #281,Hyper-Dimensional Grid,,,,,,,77390523246093750000000000000000.000000,793.124912,success,,,"{""p2_amp"": ""10.000000"", ""p4_res"": ""2.000000"", ""p1_freq"": ""1.000000"", ""p3_spin"": ""0.100000""}",,t
282,hyper_lattice_shard_282,Hyper Lattice Shard #282,Hyper-Dimensional Grid,,,,,,,77390523246093750000000000000000.000000,793.124912,success,,,"{""p2_amp"": ""10.000000"", ""p4_res"": ""2.000000"", ""p1_freq"": ""1.000000"", ""p3_spin"": ""0.100000""}",,t
283,hyper_lattice_shard_283,Hyper Lattice Shard #283,Hyper-Dimensional Grid,,,,,,,77390523246093750000000000000000.000000,793.124912,success,,,"{""p2_amp"": ""10.000000"", ""p4_res"": ""2.000000"", ""p1_freq"": ""1.000000"", ""p3_spin"": ""0.100000""}",,t
284,hyper_lattice_shard_284,Hyper Lattice Shard #284,Hyper-Dimensional Grid,,,,,,,77390523246093750000000000000000.000000,793.124912,success,,,"{""p2_amp"": ""10.000000"", ""p4_res"": ""2.000000"", ""p1_freq"": ""1.000000"", ""p3_spin"": ""0.100000""}",,t
285,hyper_lattice_shard_285,Hyper Lattice Shard #285,Hyper-Dimensional Grid,,,,,,,77390523246093750000000000000000.000000,793.124912,success,,,"{""p2_amp"": ""10.000000"", ""p4_res"": ""2.000000"", ""p1_freq"": ""1.000000"", ""p3_spin"": ""0.100000""}",,t
286,hyper_lattice_shard_286,Hyper Lattice Shard #286,Hyper-Dimensional Grid,,,,,,,77390523246093750000000000000000.000000,793.124912,success,,,"{""p2_amp"": ""10.000000"", ""p4_res"": ""2.000000"", ""p1_freq"": ""1.000000"", ""p3_spin"": ""0.100000""}",,t
287,hyper_lattice_shard_287,Hyper Lattice Shard #287,Hyper-Dimensional Grid,,,,,,,77390523246093750000000000000000.000000,793.124912,success,,,"{""p2_amp"": ""10.000000"", ""p4_res"": ""2.000000"", ""p1_freq"": ""1.000000"", ""p3_spin"": ""0.100000""}",,t
288,hyper_lattice_shard_288,Hyper Lattice Shard #288,Hyper-Dimensional Grid,,,,,,,77390523246093750000000000000000.000000,793.124912,success,,,"{""p2_amp"": ""10.000000"", ""p4_res"": ""2.000000"", ""p1_freq"": ""1.000000"", ""p3_spin"": ""0.100000""}",,t
289,hyper_lattice_shard_289,Hyper Lattice Shard #289,Hyper-Dimensional Grid,,,,,,,77390523246093750000000000000000.000000,793.124912,success,,,"{""p2_amp"": ""10.000000"", ""p4_res"": ""2.000000"", ""p1_freq"": ""1.000000"", ""p3_spin"": ""0.100000""}",,t
290,hyper_lattice_shard_290,Hyper Lattice Shard #290,Hyper-Dimensional Grid,,,,,,,77390523246093750000000000000000.000000,793.124912,success,,,"{""p2_amp"": ""10.000000"", ""p4_res"": ""2.000000"", ""p1_freq"": ""1.000000"", ""p3_spin"": ""0.100000""}",,t
291,hyper_lattice_shard_291,Hyper Lattice Shard #291,Hyper-Dimensional Grid,,,,,,,77390523246093750000000000000000.000000,793.124912,success,,,"{""p2_amp"": ""10.000000"", ""p4_res"": ""2.000000"", ""p1_freq"": ""1.000000"", ""p3_spin"": ""0.100000""}",,t
292,hyper_lattice_shard_292,Hyper Lattice Shard #292,Hyper-Dimensional Grid,,,,,,,77390523246093750000000000000000.000000,793.124912,success,,,"{""p2_amp"": ""10.000000"", ""p4_res"": ""2.000000"", ""p1_freq"": ""1.000000"", ""p3_spin"": ""0.100000""}",,t
293,hyper_lattice_shard_293,Hyper Lattice Shard #293,Hyper-Dimensional Grid,,,,,,,77390523246093750000000000000000.000000,793.124912,success,,,"{""p2_amp"": ""10.000000"", ""p4_res"": ""2.000000"", ""p1_freq"": ""1.000000"", ""p3_spin"": ""0.100000""}",,t
294,hyper_lattice_shard_294,Hyper Lattice Shard #294,Hyper-Dimensional Grid,,,,,,,77390523246093750000000000000000.000000,793.124912,success,,,"{""p2_amp"": ""10.000000"", ""p4_res"": ""2.000000"", ""p1_freq"": ""1.000000"", ""p3_spin"": ""0.100000""}",,t
295,hyper_lattice_shard_295,Hyper Lattice Shard #295,Hyper-Dimensional Grid,,,,,,,77390523246093750000000000000000.000000,793.124912,success,,,"{""p2_amp"": ""10.000000"", ""p4_res"": ""2.000000"", ""p1_freq"": ""1.000000"", ""p3_spin"": ""0.100000""}",,t
296,hyper_lattice_shard_296,Hyper Lattice Shard #296,Hyper-Dimensional Grid,,,,,,,77390523246093750000000000000000.000000,793.124912,success,,,"{""p2_amp"": ""10.000000"", ""p4_res"": ""2.000000"", ""p1_freq"": ""1.000000"", ""p3_spin"": ""0.100000""}",,t
297,hyper_lattice_shard_297,Hyper Lattice Shard #297,Hyper-Dimensional Grid,,,,,,,77390523246093750000000000000000.000000,793.124912,success,,,"{""p2_amp"": ""10.000000"", ""p4_res"": ""2.000000"", ""p1_freq"": ""1.000000"", ""p3_spin"": ""0.100000""}",,t
298,hyper_lattice_shard_298,Hyper Lattice Shard #298,Hyper-Dimensional Grid,,,,,,,77390523246093750000000000000000.000000,793.124912,success,,,"{""p2_amp"": ""10.000000"", ""p4_res"": ""2.000000"", ""p1_freq"": ""1.000000"", ""p3_spin"": ""0.100000""}",,t
299,hyper_lattice_shard_299,Hyper Lattice Shard #299,Hyper-Dimensional Grid,,,,,,,77390523246093750000000000000000.000000,793.124912,success,,,"{""p2_amp"": ""10.000000"", ""p4_res"": ""2.000000"", ""p1_freq"": ""1.000000"", ""p3_spin"": ""0.100000""}",,t
300,hyper_lattice_shard_300,Hyper Lattice Shard #300,Hyper-Dimensional Grid,,,,,,,77390523246093750000000000000000.000000,793.124912,success,,,"{""p2_amp"": ""10.000000"", ""p4_res"": ""2.000000"", ""p1_freq"": ""1.000000"", ""p3_spin"": ""0.100000""}",,t
301,hyper_lattice_shard_301,Hyper Lattice Shard #301,Hyper-Dimensional Grid,,,,,,,77390523246093750000000000000000.000000,793.124912,success,,,"{""p2_amp"": ""10.000000"", ""p4_res"": ""2.000000"", ""p1_freq"": ""1.000000"", ""p3_spin"": ""0.100000""}",,t
302,hyper_lattice_shard_302,Hyper Lattice Shard #302,Hyper-Dimensional Grid,,,,,,,77390523246093750000000000000000.000000,793.124912,success,,,"{""p2_amp"": ""10.000000"", ""p4_res"": ""2.000000"", ""p1_freq"": ""1.000000"", ""p3_spin"": ""0.100000""}",,t
303,hyper_lattice_shard_303,Hyper Lattice Shard #303,Hyper-Dimensional Grid,,,,,,,77390523246093750000000000000000.000000,793.124912,success,,,"{""p2_amp"": ""10.000000"", ""p4_res"": ""2.000000"", ""p1_freq"": ""1.000000"", ""p3_spin"": ""0.100000""}",,t
304,hyper_lattice_shard_304,Hyper Lattice Shard #304,Hyper-Dimensional Grid,,,,,,,77390523246093750000000000000000.000000,793.124912,success,,,"{""p2_amp"": ""10.000000"", ""p4_res"": ""2.000000"", ""p1_freq"": ""1.000000"", ""p3_spin"": ""0.100000""}",,t
305,hyper_lattice_shard_305,Hyper Lattice Shard #305,Hyper-Dimensional Grid,,,,,,,77390523246093750000000000000000.000000,793.124912,success,,,"{""p2_amp"": ""10.000000"", ""p4_res"": ""2.000000"", ""p1_freq"": ""1.000000"", ""p3_spin"": ""0.100000""}",,t
306,hyper_lattice_shard_306,Hyper Lattice Shard #306,Hyper-Dimensional Grid,,,,,,,77390523246093750000000000000000.000000,793.124912,success,,,"{""p2_amp"": ""10.000000"", ""p4_res"": ""2.000000"", ""p1_freq"": ""1.000000"", ""p3_spin"": ""0.100000""}",,t
307,hyper_lattice_shard_307,Hyper Lattice Shard #307,Hyper-Dimensional Grid,,,,,,,77390523246093750000000000000000.000000,793.124912,success,,,"{""p2_amp"": ""10.000000"", ""p4_res"": ""2.000000"", ""p1_freq"": ""1.000000"", ""p3_spin"": ""0.100000""}",,t
308,hyper_lattice_shard_308,Hyper Lattice Shard #308,Hyper-Dimensional Grid,,,,,,,77390523246093750000000000000000.000000,793.124912,success,,,"{""p2_amp"": ""10.000000"", ""p4_res"": ""2.000000"", ""p1_freq"": ""1.000000"", ""p3_spin"": ""0.100000""}",,t
309,hyper_lattice_shard_309,Hyper Lattice Shard #309,Hyper-Dimensional Grid,,,,,,,77390523246093750000000000000000.000000,793.124912,success,,,"{""p2_amp"": ""10.000000"", ""p4_res"": ""2.000000"", ""p1_freq"": ""1.000000"", ""p3_spin"": ""0.100000""}",,t
310,hyper_lattice_shard_310,Hyper Lattice Shard #310,Hyper-Dimensional Grid,,,,,,,77390523246093750000000000000000.000000,793.124912,success,,,"{""p2_amp"": ""10.000000"", ""p4_res"": ""2.000000"", ""p1_freq"": ""1.000000"", ""p3_spin"": ""0.100000""}",,t
311,hyper_lattice_shard_311,Hyper Lattice Shard #311,Hyper-Dimensional Grid,,,,,,,77390523246093750000000000000000.000000,793.124912,success,,,"{""p2_amp"": ""10.000000"", ""p4_res"": ""2.000000"", ""p1_freq"": ""1.000000"", ""p3_spin"": ""0.100000""}",,t
312,hyper_lattice_shard_312,Hyper Lattice Shard #312,Hyper-Dimensional Grid,,,,,,,77390523246093750000000000000000.000000,793.124912,success,,,"{""p2_amp"": ""10.000000"", ""p4_res"": ""2.000000"", ""p1_freq"": ""1.000000"", ""p3_spin"": ""0.100000""}",,t
313,hyper_lattice_shard_313,Hyper Lattice Shard #313,Hyper-Dimensional Grid,,,,,,,77390523246093750000000000000000.000000,793.124912,success,,,"{""p2_amp"": ""10.000000"", ""p4_res"": ""2.000000"", ""p1_freq"": ""1.000000"", ""p3_spin"": ""0.100000""}",,t
314,hyper_lattice_shard_314,Hyper Lattice Shard #314,Hyper-Dimensional Grid,,,,,,,77390523246093750000000000000000.000000,793.124912,success,,,"{""p2_amp"": ""10.000000"", ""p4_res"": ""2.000000"", ""p1_freq"": ""1.000000"", ""p3_spin"": ""0.100000""}",,t
315,hyper_lattice_shard_315,Hyper Lattice Shard #315,Hyper-Dimensional Grid,,,,,,,77390523246093750000000000000000.000000,793.124912,success,,,"{""p2_amp"": ""10.000000"", ""p4_res"": ""2.000000"", ""p1_freq"": ""1.000000"", ""p3_spin"": ""0.100000""}",,t
316,hyper_lattice_shard_316,Hyper Lattice Shard #316,Hyper-Dimensional Grid,,,,,,,77390523246093750000000000000000.000000,793.124912,success,,,"{""p2_amp"": ""10.000000"", ""p4_res"": ""2.000000"", ""p1_freq"": ""1.000000"", ""p3_spin"": ""0.100000""}",,t
317,hyper_lattice_shard_317,Hyper Lattice Shard #317,Hyper-Dimensional Grid,,,,,,,77390523246093750000000000000000.000000,793.124912,success,,,"{""p2_amp"": ""10.000000"", ""p4_res"": ""2.000000"", ""p1_freq"": ""1.000000"", ""p3_spin"": ""0.100000""}",,t
318,hyper_lattice_shard_318,Hyper Lattice Shard #318,Hyper-Dimensional Grid,,,,,,,77390523246093750000000000000000.000000,793.124912,success,,,"{""p2_amp"": ""10.000000"", ""p4_res"": ""2.000000"", ""p1_freq"": ""1.000000"", ""p3_spin"": ""0.100000""}",,t
319,hyper_lattice_shard_319,Hyper Lattice Shard #319,Hyper-Dimensional Grid,,,,,,,77390523246093750000000000000000.000000,793.124912,success,,,"{""p2_amp"": ""10.000000"", ""p4_res"": ""2.000000"", ""p1_freq"": ""1.000000"", ""p3_spin"": ""0.100000""}",,t
320,hyper_lattice_shard_320,Hyper Lattice Shard #320,Hyper-Dimensional Grid,,,,,,,77390523246093750000000000000000.000000,793.124912,success,,,"{""p2_amp"": ""10.000000"", ""p4_res"": ""2.000000"", ""p1_freq"": ""1.000000"", ""p3_spin"": ""0.100000""}",,t
321,hyper_lattice_shard_321,Hyper Lattice Shard #321,Hyper-Dimensional Grid,,,,,,,77390523246093750000000000000000.000000,793.124912,success,,,"{""p2_amp"": ""10.000000"", ""p4_res"": ""2.000000"", ""p1_freq"": ""1.000000"", ""p3_spin"": ""0.100000""}",,t
322,hyper_lattice_shard_322,Hyper Lattice Shard #322,Hyper-Dimensional Grid,,,,,,,77390523246093750000000000000000.000000,793.124912,success,,,"{""p2_amp"": ""10.000000"", ""p4_res"": ""2.000000"", ""p1_freq"": ""1.000000"", ""p3_spin"": ""0.100000""}",,t
323,hyper_lattice_shard_323,Hyper Lattice Shard #323,Hyper-Dimensional Grid,,,,,,,77390523246093750000000000000000.000000,793.124912,success,,,"{""p2_amp"": ""10.000000"", ""p4_res"": ""2.000000"", ""p1_freq"": ""1.000000"", ""p3_spin"": ""0.100000""}",,t
324,hyper_lattice_shard_324,Hyper Lattice Shard #324,Hyper-Dimensional Grid,,,,,,,77390523246093750000000000000000.000000,793.124912,success,,,"{""p2_amp"": ""10.000000"", ""p4_res"": ""2.000000"", ""p1_freq"": ""1.000000"", ""p3_spin"": ""0.100000""}",,t
325,hyper_lattice_shard_325,Hyper Lattice Shard #325,Hyper-Dimensional Grid,,,,,,,77390523246093750000000000000000.000000,793.124912,success,,,"{""p2_amp"": ""10.000000"", ""p4_res"": ""2.000000"", ""p1_freq"": ""1.000000"", ""p3_spin"": ""0.100000""}",,t
326,hyper_lattice_shard_326,Hyper Lattice Shard #326,Hyper-Dimensional Grid,,,,,,,77390523246093750000000000000000.000000,793.124912,success,,,"{""p2_amp"": ""10.000000"", ""p4_res"": ""2.000000"", ""p1_freq"": ""1.000000"", ""p3_spin"": ""0.100000""}",,t
327,hyper_lattice_shard_327,Hyper Lattice Shard #327,Hyper-Dimensional Grid,,,,,,,77390523246093750000000000000000.000000,793.124912,success,,,"{""p2_amp"": ""10.000000"", ""p4_res"": ""2.000000"", ""p1_freq"": ""1.000000"", ""p3_spin"": ""0.100000""}",,t
328,hyper_lattice_shard_328,Hyper Lattice Shard #328,Hyper-Dimensional Grid,,,,,,,77390523246093750000000000000000.000000,793.124912,success,,,"{""p2_amp"": ""10.000000"", ""p4_res"": ""2.000000"", ""p1_freq"": ""1.000000"", ""p3_spin"": ""0.100000""}",,t
329,hyper_lattice_shard_329,Hyper Lattice Shard #329,Hyper-Dimensional Grid,,,,,,,77390523246093750000000000000000.000000,793.124912,success,,,"{""p2_amp"": ""10.000000"", ""p4_res"": ""2.000000"", ""p1_freq"": ""1.000000"", ""p3_spin"": ""0.100000""}",,t
330,hyper_lattice_shard_330,Hyper Lattice Shard #330,Hyper-Dimensional Grid,,,,,,,77390523246093750000000000000000.000000,793.124912,success,,,"{""p2_amp"": ""10.000000"", ""p4_res"": ""2.000000"", ""p1_freq"": ""1.000000"", ""p3_spin"": ""0.100000""}",,t
331,hyper_lattice_shard_331,Hyper Lattice Shard #331,Hyper-Dimensional Grid,,,,,,,77390523246093750000000000000000.000000,793.124912,success,,,"{""p2_amp"": ""10.000000"", ""p4_res"": ""2.000000"", ""p1_freq"": ""1.000000"", ""p3_spin"": ""0.100000""}",,t
332,hyper_lattice_shard_332,Hyper Lattice Shard #332,Hyper-Dimensional Grid,,,,,,,77390523246093750000000000000000.000000,793.124912,success,,,"{""p2_amp"": ""10.000000"", ""p4_res"": ""2.000000"", ""p1_freq"": ""1.000000"", ""p3_spin"": ""0.100000""}",,t
333,hyper_lattice_shard_333,Hyper Lattice Shard #333,Hyper-Dimensional Grid,,,,,,,77390523246093750000000000000000.000000,793.124912,success,,,"{""p2_amp"": ""10.000000"", ""p4_res"": ""2.000000"", ""p1_freq"": ""1.000000"", ""p3_spin"": ""0.100000""}",,t
334,hyper_lattice_shard_334,Hyper Lattice Shard #334,Hyper-Dimensional Grid,,,,,,,77390523246093750000000000000000.000000,793.124912,success,,,"{""p2_amp"": ""10.000000"", ""p4_res"": ""2.000000"", ""p1_freq"": ""1.000000"", ""p3_spin"": ""0.100000""}",,t
335,hyper_lattice_shard_335,Hyper Lattice Shard #335,Hyper-Dimensional Grid,,,,,,,77390523246093750000000000000000.000000,793.124912,success,,,"{""p2_amp"": ""10.000000"", ""p4_res"": ""2.000000"", ""p1_freq"": ""1.000000"", ""p3_spin"": ""0.100000""}",,t
336,hyper_lattice_shard_336,Hyper Lattice Shard #336,Hyper-Dimensional Grid,,,,,,,77390523246093750000000000000000.000000,793.124912,success,,,"{""p2_amp"": ""10.000000"", ""p4_res"": ""2.000000"", ""p1_freq"": ""1.000000"", ""p3_spin"": ""0.100000""}",,t
337,hyper_lattice_shard_337,Hyper Lattice Shard #337,Hyper-Dimensional Grid,,,,,,,77390523246093750000000000000000.000000,793.124912,success,,,"{""p2_amp"": ""10.000000"", ""p4_res"": ""2.000000"", ""p1_freq"": ""1.000000"", ""p3_spin"": ""0.100000""}",,t
338,hyper_lattice_shard_338,Hyper Lattice Shard #338,Hyper-Dimensional Grid,,,,,,,77390523246093750000000000000000.000000,793.124912,success,,,"{""p2_amp"": ""10.000000"", ""p4_res"": ""2.000000"", ""p1_freq"": ""1.000000"", ""p3_spin"": ""0.100000""}",,t
339,hyper_lattice_shard_339,Hyper Lattice Shard #339,Hyper-Dimensional Grid,,,,,,,77390523246093750000000000000000.000000,793.124912,success,,,"{""p2_amp"": ""10.000000"", ""p4_res"": ""2.000000"", ""p1_freq"": ""1.000000"", ""p3_spin"": ""0.100000""}",,t
340,hyper_lattice_shard_340,Hyper Lattice Shard #340,Hyper-Dimensional Grid,,,,,,,77390523246093750000000000000000.000000,793.124912,success,,,"{""p2_amp"": ""10.000000"", ""p4_res"": ""2.000000"", ""p1_freq"": ""1.000000"", ""p3_spin"": ""0.100000""}",,t
341,hyper_lattice_shard_341,Hyper Lattice Shard #341,Hyper-Dimensional Grid,,,,,,,77390523246093750000000000000000.000000,793.124912,success,,,"{""p2_amp"": ""10.000000"", ""p4_res"": ""2.000000"", ""p1_freq"": ""1.000000"", ""p3_spin"": ""0.100000""}",,t
342,hyper_lattice_shard_342,Hyper Lattice Shard #342,Hyper-Dimensional Grid,,,,,,,77390523246093750000000000000000.000000,793.124912,success,,,"{""p2_amp"": ""10.000000"", ""p4_res"": ""2.000000"", ""p1_freq"": ""1.000000"", ""p3_spin"": ""0.100000""}",,t
343,hyper_lattice_shard_343,Hyper Lattice Shard #343,Hyper-Dimensional Grid,,,,,,,77390523246093750000000000000000.000000,793.124912,success,,,"{""p2_amp"": ""10.000000"", ""p4_res"": ""2.000000"", ""p1_freq"": ""1.000000"", ""p3_spin"": ""0.100000""}",,t
344,hyper_lattice_shard_344,Hyper Lattice Shard #344,Hyper-Dimensional Grid,,,,,,,77390523246093750000000000000000.000000,793.124912,success,,,"{""p2_amp"": ""10.000000"", ""p4_res"": ""2.000000"", ""p1_freq"": ""1.000000"", ""p3_spin"": ""0.100000""}",,t
345,hyper_lattice_shard_345,Hyper Lattice Shard #345,Hyper-Dimensional Grid,,,,,,,77390523246093750000000000000000.000000,793.124912,success,,,"{""p2_amp"": ""10.000000"", ""p4_res"": ""2.000000"", ""p1_freq"": ""1.000000"", ""p3_spin"": ""0.100000""}",,t
346,hyper_lattice_shard_346,Hyper Lattice Shard #346,Hyper-Dimensional Grid,,,,,,,77390523246093750000000000000000.000000,793.124912,success,,,"{""p2_amp"": ""10.000000"", ""p4_res"": ""2.000000"", ""p1_freq"": ""1.000000"", ""p3_spin"": ""0.100000""}",,t
347,hyper_lattice_shard_347,Hyper Lattice Shard #347,Hyper-Dimensional Grid,,,,,,,77390523246093750000000000000000.000000,793.124912,success,,,"{""p2_amp"": ""10.000000"", ""p4_res"": ""2.000000"", ""p1_freq"": ""1.000000"", ""p3_spin"": ""0.100000""}",,t
348,hyper_lattice_shard_348,Hyper Lattice Shard #348,Hyper-Dimensional Grid,,,,,,,77390523246093750000000000000000.000000,793.124912,success,,,"{""p2_amp"": ""10.000000"", ""p4_res"": ""2.000000"", ""p1_freq"": ""1.000000"", ""p3_spin"": ""0.100000""}",,t
349,hyper_lattice_shard_349,Hyper Lattice Shard #349,Hyper-Dimensional Grid,,,,,,,77390523246093750000000000000000.000000,793.124912,success,,,"{""p2_amp"": ""10.000000"", ""p4_res"": ""2.000000"", ""p1_freq"": ""1.000000"", ""p3_spin"": ""0.100000""}",,t
350,hyper_lattice_shard_350,Hyper Lattice Shard #350,Hyper-Dimensional Grid,,,,,,,77390523246093750000000000000000.000000,793.124912,success,,,"{""p2_amp"": ""10.000000"", ""p4_res"": ""2.000000"", ""p1_freq"": ""1.000000"", ""p3_spin"": ""0.100000""}",,t
351,hyper_lattice_shard_351,Hyper Lattice Shard #351,Hyper-Dimensional Grid,,,,,,,77390523246093750000000000000000.000000,793.124912,success,,,"{""p2_amp"": ""10.000000"", ""p4_res"": ""2.000000"", ""p1_freq"": ""1.000000"", ""p3_spin"": ""0.100000""}",,t
352,hyper_lattice_shard_352,Hyper Lattice Shard #352,Hyper-Dimensional Grid,,,,,,,77390523246093750000000000000000.000000,793.124912,success,,,"{""p2_amp"": ""10.000000"", ""p4_res"": ""2.000000"", ""p1_freq"": ""1.000000"", ""p3_spin"": ""0.100000""}",,t
353,hyper_lattice_shard_353,Hyper Lattice Shard #353,Hyper-Dimensional Grid,,,,,,,77390523246093750000000000000000.000000,793.124912,success,,,"{""p2_amp"": ""10.000000"", ""p4_res"": ""2.000000"", ""p1_freq"": ""1.000000"", ""p3_spin"": ""0.100000""}",,t
354,hyper_lattice_shard_354,Hyper Lattice Shard #354,Hyper-Dimensional Grid,,,,,,,77390523246093750000000000000000.000000,793.124912,success,,,"{""p2_amp"": ""10.000000"", ""p4_res"": ""2.000000"", ""p1_freq"": ""1.000000"", ""p3_spin"": ""0.100000""}",,t
355,hyper_lattice_shard_355,Hyper Lattice Shard #355,Hyper-Dimensional Grid,,,,,,,77390523246093750000000000000000.000000,793.124912,success,,,"{""p2_amp"": ""10.000000"", ""p4_res"": ""2.000000"", ""p1_freq"": ""1.000000"", ""p3_spin"": ""0.100000""}",,t
356,hyper_lattice_shard_356,Hyper Lattice Shard #356,Hyper-Dimensional Grid,,,,,,,77390523246093750000000000000000.000000,793.124912,success,,,"{""p2_amp"": ""10.000000"", ""p4_res"": ""2.000000"", ""p1_freq"": ""1.000000"", ""p3_spin"": ""0.100000""}",,t
357,hyper_lattice_shard_357,Hyper Lattice Shard #357,Hyper-Dimensional Grid,,,,,,,77390523246093750000000000000000.000000,793.124912,success,,,"{""p2_amp"": ""10.000000"", ""p4_res"": ""2.000000"", ""p1_freq"": ""1.000000"", ""p3_spin"": ""0.100000""}",,t
358,hyper_lattice_shard_358,Hyper Lattice Shard #358,Hyper-Dimensional Grid,,,,,,,77390523246093750000000000000000.000000,793.124912,success,,,"{""p2_amp"": ""10.000000"", ""p4_res"": ""2.000000"", ""p1_freq"": ""1.000000"", ""p3_spin"": ""0.100000""}",,t
359,hyper_lattice_shard_359,Hyper Lattice Shard #359,Hyper-Dimensional Grid,,,,,,,77390523246093750000000000000000.000000,793.124912,success,,,"{""p2_amp"": ""10.000000"", ""p4_res"": ""2.000000"", ""p1_freq"": ""1.000000"", ""p3_spin"": ""0.100000""}",,t
360,hyper_lattice_shard_360,Hyper Lattice Shard #360,Hyper-Dimensional Grid,,,,,,,77390523246093750000000000000000.000000,793.124912,success,,,"{""p2_amp"": ""10.000000"", ""p4_res"": ""2.000000"", ""p1_freq"": ""1.000000"", ""p3_spin"": ""0.100000""}",,t
361,hyper_lattice_shard_361,Hyper Lattice Shard #361,Hyper-Dimensional Grid,,,,,,,77390523246093750000000000000000.000000,793.124912,success,,,"{""p2_amp"": ""10.000000"", ""p4_res"": ""2.000000"", ""p1_freq"": ""1.000000"", ""p3_spin"": ""0.100000""}",,t
362,hyper_lattice_shard_362,Hyper Lattice Shard #362,Hyper-Dimensional Grid,,,,,,,77390523246093750000000000000000.000000,793.124912,success,,,"{""p2_amp"": ""10.000000"", ""p4_res"": ""2.000000"", ""p1_freq"": ""1.000000"", ""p3_spin"": ""0.100000""}",,t
363,hyper_lattice_shard_363,Hyper Lattice Shard #363,Hyper-Dimensional Grid,,,,,,,77390523246093750000000000000000.000000,793.124912,success,,,"{""p2_amp"": ""10.000000"", ""p4_res"": ""2.000000"", ""p1_freq"": ""1.000000"", ""p3_spin"": ""0.100000""}",,t
364,hyper_lattice_shard_364,Hyper Lattice Shard #364,Hyper-Dimensional Grid,,,,,,,77390523246093750000000000000000.000000,793.124912,success,,,"{""p2_amp"": ""10.000000"", ""p4_res"": ""2.000000"", ""p1_freq"": ""1.000000"", ""p3_spin"": ""0.100000""}",,t
365,hyper_lattice_shard_365,Hyper Lattice Shard #365,Hyper-Dimensional Grid,,,,,,,77390523246093750000000000000000.000000,793.124912,success,,,"{""p2_amp"": ""10.000000"", ""p4_res"": ""2.000000"", ""p1_freq"": ""1.000000"", ""p3_spin"": ""0.100000""}",,t
366,hyper_lattice_shard_366,Hyper Lattice Shard #366,Hyper-Dimensional Grid,,,,,,,77390523246093750000000000000000.000000,793.124912,success,,,"{""p2_amp"": ""10.000000"", ""p4_res"": ""2.000000"", ""p1_freq"": ""1.000000"", ""p3_spin"": ""0.100000""}",,t
367,hyper_lattice_shard_367,Hyper Lattice Shard #367,Hyper-Dimensional Grid,,,,,,,77390523246093750000000000000000.000000,793.124912,success,,,"{""p2_amp"": ""10.000000"", ""p4_res"": ""2.000000"", ""p1_freq"": ""1.000000"", ""p3_spin"": ""0.100000""}",,t
368,hyper_lattice_shard_368,Hyper Lattice Shard #368,Hyper-Dimensional Grid,,,,,,,77390523246093750000000000000000.000000,793.124912,success,,,"{""p2_amp"": ""10.000000"", ""p4_res"": ""2.000000"", ""p1_freq"": ""1.000000"", ""p3_spin"": ""0.100000""}",,t
369,hyper_lattice_shard_369,Hyper Lattice Shard #369,Hyper-Dimensional Grid,,,,,,,77390523246093750000000000000000.000000,793.124912,success,,,"{""p2_amp"": ""10.000000"", ""p4_res"": ""2.000000"", ""p1_freq"": ""1.000000"", ""p3_spin"": ""0.100000""}",,t
370,hyper_lattice_shard_370,Hyper Lattice Shard #370,Hyper-Dimensional Grid,,,,,,,77390523246093750000000000000000.000000,793.124912,success,,,"{""p2_amp"": ""10.000000"", ""p4_res"": ""2.000000"", ""p1_freq"": ""1.000000"", ""p3_spin"": ""0.100000""}",,t
371,hyper_lattice_shard_371,Hyper Lattice Shard #371,Hyper-Dimensional Grid,,,,,,,77390523246093750000000000000000.000000,793.124912,success,,,"{""p2_amp"": ""10.000000"", ""p4_res"": ""2.000000"", ""p1_freq"": ""1.000000"", ""p3_spin"": ""0.100000""}",,t
372,hyper_lattice_shard_372,Hyper Lattice Shard #372,Hyper-Dimensional Grid,,,,,,,77390523246093750000000000000000.000000,793.124912,success,,,"{""p2_amp"": ""10.000000"", ""p4_res"": ""2.000000"", ""p1_freq"": ""1.000000"", ""p3_spin"": ""0.100000""}",,t
373,hyper_lattice_shard_373,Hyper Lattice Shard #373,Hyper-Dimensional Grid,,,,,,,77390523246093750000000000000000.000000,793.124912,success,,,"{""p2_amp"": ""10.000000"", ""p4_res"": ""2.000000"", ""p1_freq"": ""1.000000"", ""p3_spin"": ""0.100000""}",,t
374,hyper_lattice_shard_374,Hyper Lattice Shard #374,Hyper-Dimensional Grid,,,,,,,77390523246093750000000000000000.000000,793.124912,success,,,"{""p2_amp"": ""10.000000"", ""p4_res"": ""2.000000"", ""p1_freq"": ""1.000000"", ""p3_spin"": ""0.100000""}",,t
375,hyper_lattice_shard_375,Hyper Lattice Shard #375,Hyper-Dimensional Grid,,,,,,,77390523246093750000000000000000.000000,793.124912,success,,,"{""p2_amp"": ""10.000000"", ""p4_res"": ""2.000000"", ""p1_freq"": ""1.000000"", ""p3_spin"": ""0.100000""}",,t
376,hyper_lattice_shard_376,Hyper Lattice Shard #376,Hyper-Dimensional Grid,,,,,,,77390523246093750000000000000000.000000,793.124912,success,,,"{""p2_amp"": ""10.000000"", ""p4_res"": ""2.000000"", ""p1_freq"": ""1.000000"", ""p3_spin"": ""0.100000""}",,t
377,hyper_lattice_shard_377,Hyper Lattice Shard #377,Hyper-Dimensional Grid,,,,,,,77390523246093750000000000000000.000000,793.124912,success,,,"{""p2_amp"": ""10.000000"", ""p4_res"": ""2.000000"", ""p1_freq"": ""1.000000"", ""p3_spin"": ""0.100000""}",,t
378,hyper_lattice_shard_378,Hyper Lattice Shard #378,Hyper-Dimensional Grid,,,,,,,77390523246093750000000000000000.000000,793.124912,success,,,"{""p2_amp"": ""10.000000"", ""p4_res"": ""2.000000"", ""p1_freq"": ""1.000000"", ""p3_spin"": ""0.100000""}",,t
379,hyper_lattice_shard_379,Hyper Lattice Shard #379,Hyper-Dimensional Grid,,,,,,,77390523246093750000000000000000.000000,793.124912,success,,,"{""p2_amp"": ""10.000000"", ""p4_res"": ""2.000000"", ""p1_freq"": ""1.000000"", ""p3_spin"": ""0.100000""}",,t
380,hyper_lattice_shard_380,Hyper Lattice Shard #380,Hyper-Dimensional Grid,,,,,,,77390523246093750000000000000000.000000,793.124912,success,,,"{""p2_amp"": ""10.000000"", ""p4_res"": ""2.000000"", ""p1_freq"": ""1.000000"", ""p3_spin"": ""0.100000""}",,t
381,hyper_lattice_shard_381,Hyper Lattice Shard #381,Hyper-Dimensional Grid,,,,,,,77390523246093750000000000000000.000000,793.124912,success,,,"{""p2_amp"": ""10.000000"", ""p4_res"": ""2.000000"", ""p1_freq"": ""1.000000"", ""p3_spin"": ""0.100000""}",,t
382,hyper_lattice_shard_382,Hyper Lattice Shard #382,Hyper-Dimensional Grid,,,,,,,77390523246093750000000000000000.000000,793.124912,success,,,"{""p2_amp"": ""10.000000"", ""p4_res"": ""2.000000"", ""p1_freq"": ""1.000000"", ""p3_spin"": ""0.100000""}",,t
383,hyper_lattice_shard_383,Hyper Lattice Shard #383,Hyper-Dimensional Grid,,,,,,,77390523246093750000000000000000.000000,793.124912,success,,,"{""p2_amp"": ""10.000000"", ""p4_res"": ""2.000000"", ""p1_freq"": ""1.000000"", ""p3_spin"": ""0.100000""}",,t
384,hyper_lattice_shard_384,Hyper Lattice Shard #384,Hyper-Dimensional Grid,,,,,,,77390523246093750000000000000000.000000,793.124912,success,,,"{""p2_amp"": ""10.000000"", ""p4_res"": ""2.000000"", ""p1_freq"": ""1.000000"", ""p3_spin"": ""0.100000""}",,t
385,hyper_lattice_shard_385,Hyper Lattice Shard #385,Hyper-Dimensional Grid,,,,,,,77390523246093750000000000000000.000000,793.124912,success,,,"{""p2_amp"": ""10.000000"", ""p4_res"": ""2.000000"", ""p1_freq"": ""1.000000"", ""p3_spin"": ""0.100000""}",,t
386,hyper_lattice_shard_386,Hyper Lattice Shard #386,Hyper-Dimensional Grid,,,,,,,77390523246093750000000000000000.000000,793.124912,success,,,"{""p2_amp"": ""10.000000"", ""p4_res"": ""2.000000"", ""p1_freq"": ""1.000000"", ""p3_spin"": ""0.100000""}",,t
387,hyper_lattice_shard_387,Hyper Lattice Shard #387,Hyper-Dimensional Grid,,,,,,,77390523246093750000000000000000.000000,793.124912,success,,,"{""p2_amp"": ""10.000000"", ""p4_res"": ""2.000000"", ""p1_freq"": ""1.000000"", ""p3_spin"": ""0.100000""}",,t
388,hyper_lattice_shard_388,Hyper Lattice Shard #388,Hyper-Dimensional Grid,,,,,,,77390523246093750000000000000000.000000,793.124912,success,,,"{""p2_amp"": ""10.000000"", ""p4_res"": ""2.000000"", ""p1_freq"": ""1.000000"", ""p3_spin"": ""0.100000""}",,t
389,hyper_lattice_shard_389,Hyper Lattice Shard #389,Hyper-Dimensional Grid,,,,,,,77390523246093750000000000000000.000000,793.124912,success,,,"{""p2_amp"": ""10.000000"", ""p4_res"": ""2.000000"", ""p1_freq"": ""1.000000"", ""p3_spin"": ""0.100000""}",,t
390,hyper_lattice_shard_390,Hyper Lattice Shard #390,Hyper-Dimensional Grid,,,,,,,77390523246093750000000000000000.000000,793.124912,success,,,"{""p2_amp"": ""10.000000"", ""p4_res"": ""2.000000"", ""p1_freq"": ""1.000000"", ""p3_spin"": ""0.100000""}",,t
391,hyper_lattice_shard_391,Hyper Lattice Shard #391,Hyper-Dimensional Grid,,,,,,,77390523246093750000000000000000.000000,793.124912,success,,,"{""p2_amp"": ""10.000000"", ""p4_res"": ""2.000000"", ""p1_freq"": ""1.000000"", ""p3_spin"": ""0.100000""}",,t
392,hyper_lattice_shard_392,Hyper Lattice Shard #392,Hyper-Dimensional Grid,,,,,,,77390523246093750000000000000000.000000,793.124912,success,,,"{""p2_amp"": ""10.000000"", ""p4_res"": ""2.000000"", ""p1_freq"": ""1.000000"", ""p3_spin"": ""0.100000""}",,t
393,hyper_lattice_shard_393,Hyper Lattice Shard #393,Hyper-Dimensional Grid,,,,,,,77390523246093750000000000000000.000000,793.124912,success,,,"{""p2_amp"": ""10.000000"", ""p4_res"": ""2.000000"", ""p1_freq"": ""1.000000"", ""p3_spin"": ""0.100000""}",,t
394,hyper_lattice_shard_394,Hyper Lattice Shard #394,Hyper-Dimensional Grid,,,,,,,77390523246093750000000000000000.000000,793.124912,success,,,"{""p2_amp"": ""10.000000"", ""p4_res"": ""2.000000"", ""p1_freq"": ""1.000000"", ""p3_spin"": ""0.100000""}",,t
395,hyper_lattice_shard_395,Hyper Lattice Shard #395,Hyper-Dimensional Grid,,,,,,,77390523246093750000000000000000.000000,793.124912,success,,,"{""p2_amp"": ""10.000000"", ""p4_res"": ""2.000000"", ""p1_freq"": ""1.000000"", ""p3_spin"": ""0.100000""}",,t
396,hyper_lattice_shard_396,Hyper Lattice Shard #396,Hyper-Dimensional Grid,,,,,,,77390523246093750000000000000000.000000,793.124912,success,,,"{""p2_amp"": ""10.000000"", ""p4_res"": ""2.000000"", ""p1_freq"": ""1.000000"", ""p3_spin"": ""0.100000""}",,t
397,hyper_lattice_shard_397,Hyper Lattice Shard #397,Hyper-Dimensional Grid,,,,,,,77390523246093750000000000000000.000000,793.124912,success,,,"{""p2_amp"": ""10.000000"", ""p4_res"": ""2.000000"", ""p1_freq"": ""1.000000"", ""p3_spin"": ""0.100000""}",,t
398,hyper_lattice_shard_398,Hyper Lattice Shard #398,Hyper-Dimensional Grid,,,,,,,77390523246093750000000000000000.000000,793.124912,success,,,"{""p2_amp"": ""10.000000"", ""p4_res"": ""2.000000"", ""p1_freq"": ""1.000000"", ""p3_spin"": ""0.100000""}",,t
399,hyper_lattice_shard_399,Hyper Lattice Shard #399,Hyper-Dimensional Grid,,,,,,,77390523246093750000000000000000.000000,793.124912,success,,,"{""p2_amp"": ""10.000000"", ""p4_res"": ""2.000000"", ""p1_freq"": ""1.000000"", ""p3_spin"": ""0.100000""}",,t
400,hyper_lattice_shard_400,Hyper Lattice Shard #400,Hyper-Dimensional Grid,,,,,,,77390523246093750000000000000000.000000,793.124912,success,,,"{""p2_amp"": ""10.000000"", ""p4_res"": ""2.000000"", ""p1_freq"": ""1.000000"", ""p3_spin"": ""0.100000""}",,t
401,hyper_lattice_shard_401,Hyper Lattice Shard #401,Hyper-Dimensional Grid,,,,,,,77390523246093750000000000000000.000000,793.124912,success,,,"{""p2_amp"": ""10.000000"", ""p4_res"": ""2.000000"", ""p1_freq"": ""1.000000"", ""p3_spin"": ""0.100000""}",,t
402,hyper_lattice_shard_402,Hyper Lattice Shard #402,Hyper-Dimensional Grid,,,,,,,77390523246093750000000000000000.000000,793.124912,success,,,"{""p2_amp"": ""10.000000"", ""p4_res"": ""2.000000"", ""p1_freq"": ""1.000000"", ""p3_spin"": ""0.100000""}",,t
403,hyper_lattice_shard_403,Hyper Lattice Shard #403,Hyper-Dimensional Grid,,,,,,,77390523246093750000000000000000.000000,793.124912,success,,,"{""p2_amp"": ""10.000000"", ""p4_res"": ""2.000000"", ""p1_freq"": ""1.000000"", ""p3_spin"": ""0.100000""}",,t
404,hyper_lattice_shard_404,Hyper Lattice Shard #404,Hyper-Dimensional Grid,,,,,,,77390523246093750000000000000000.000000,793.124912,success,,,"{""p2_amp"": ""10.000000"", ""p4_res"": ""2.000000"", ""p1_freq"": ""1.000000"", ""p3_spin"": ""0.100000""}",,t
405,hyper_lattice_shard_405,Hyper Lattice Shard #405,Hyper-Dimensional Grid,,,,,,,77390523246093750000000000000000.000000,793.124912,success,,,"{""p2_amp"": ""10.000000"", ""p4_res"": ""2.000000"", ""p1_freq"": ""1.000000"", ""p3_spin"": ""0.100000""}",,t
406,hyper_lattice_shard_406,Hyper Lattice Shard #406,Hyper-Dimensional Grid,,,,,,,77390523246093750000000000000000.000000,793.124912,success,,,"{""p2_amp"": ""10.000000"", ""p4_res"": ""2.000000"", ""p1_freq"": ""1.000000"", ""p3_spin"": ""0.100000""}",,t
407,hyper_lattice_shard_407,Hyper Lattice Shard #407,Hyper-Dimensional Grid,,,,,,,77390523246093750000000000000000.000000,793.124912,success,,,"{""p2_amp"": ""10.000000"", ""p4_res"": ""2.000000"", ""p1_freq"": ""1.000000"", ""p3_spin"": ""0.100000""}",,t
408,hyper_lattice_shard_408,Hyper Lattice Shard #408,Hyper-Dimensional Grid,,,,,,,77390523246093750000000000000000.000000,793.124912,success,,,"{""p2_amp"": ""10.000000"", ""p4_res"": ""2.000000"", ""p1_freq"": ""1.000000"", ""p3_spin"": ""0.100000""}",,t
409,hyper_lattice_shard_409,Hyper Lattice Shard #409,Hyper-Dimensional Grid,,,,,,,77390523246093750000000000000000.000000,793.124912,success,,,"{""p2_amp"": ""10.000000"", ""p4_res"": ""2.000000"", ""p1_freq"": ""1.000000"", ""p3_spin"": ""0.100000""}",,t
410,hyper_lattice_shard_410,Hyper Lattice Shard #410,Hyper-Dimensional Grid,,,,,,,77390523246093750000000000000000.000000,793.124912,success,,,"{""p2_amp"": ""10.000000"", ""p4_res"": ""2.000000"", ""p1_freq"": ""1.000000"", ""p3_spin"": ""0.100000""}",,t
411,hyper_lattice_shard_411,Hyper Lattice Shard #411,Hyper-Dimensional Grid,,,,,,,77390523246093750000000000000000.000000,793.124912,success,,,"{""p2_amp"": ""10.000000"", ""p4_res"": ""2.000000"", ""p1_freq"": ""1.000000"", ""p3_spin"": ""0.100000""}",,t
412,hyper_lattice_shard_412,Hyper Lattice Shard #412,Hyper-Dimensional Grid,,,,,,,77390523246093750000000000000000.000000,793.124912,success,,,"{""p2_amp"": ""10.000000"", ""p4_res"": ""2.000000"", ""p1_freq"": ""1.000000"", ""p3_spin"": ""0.100000""}",,t
413,hyper_lattice_shard_413,Hyper Lattice Shard #413,Hyper-Dimensional Grid,,,,,,,77390523246093750000000000000000.000000,793.124912,success,,,"{""p2_amp"": ""10.000000"", ""p4_res"": ""2.000000"", ""p1_freq"": ""1.000000"", ""p3_spin"": ""0.100000""}",,t
414,hyper_lattice_shard_414,Hyper Lattice Shard #414,Hyper-Dimensional Grid,,,,,,,77390523246093750000000000000000.000000,793.124912,success,,,"{""p2_amp"": ""10.000000"", ""p4_res"": ""2.000000"", ""p1_freq"": ""1.000000"", ""p3_spin"": ""0.100000""}",,t
415,hyper_lattice_shard_415,Hyper Lattice Shard #415,Hyper-Dimensional Grid,,,,,,,77390523246093750000000000000000.000000,793.124912,success,,,"{""p2_amp"": ""10.000000"", ""p4_res"": ""2.000000"", ""p1_freq"": ""1.000000"", ""p3_spin"": ""0.100000""}",,t
416,hyper_lattice_shard_416,Hyper Lattice Shard #416,Hyper-Dimensional Grid,,,,,,,77390523246093750000000000000000.000000,793.124912,success,,,"{""p2_amp"": ""10.000000"", ""p4_res"": ""2.000000"", ""p1_freq"": ""1.000000"", ""p3_spin"": ""0.100000""}",,t
417,hyper_lattice_shard_417,Hyper Lattice Shard #417,Hyper-Dimensional Grid,,,,,,,77390523246093750000000000000000.000000,793.124912,success,,,"{""p2_amp"": ""10.000000"", ""p4_res"": ""2.000000"", ""p1_freq"": ""1.000000"", ""p3_spin"": ""0.100000""}",,t
418,hyper_lattice_shard_418,Hyper Lattice Shard #418,Hyper-Dimensional Grid,,,,,,,77390523246093750000000000000000.000000,793.124912,success,,,"{""p2_amp"": ""10.000000"", ""p4_res"": ""2.000000"", ""p1_freq"": ""1.000000"", ""p3_spin"": ""0.100000""}",,t
419,hyper_lattice_shard_419,Hyper Lattice Shard #419,Hyper-Dimensional Grid,,,,,,,77390523246093750000000000000000.000000,793.124912,success,,,"{""p2_amp"": ""10.000000"", ""p4_res"": ""2.000000"", ""p1_freq"": ""1.000000"", ""p3_spin"": ""0.100000""}",,t
420,hyper_lattice_shard_420,Hyper Lattice Shard #420,Hyper-Dimensional Grid,,,,,,,77390523246093750000000000000000.000000,793.124912,success,,,"{""p2_amp"": ""10.000000"", ""p4_res"": ""2.000000"", ""p1_freq"": ""1.000000"", ""p3_spin"": ""0.100000""}",,t
421,hyper_lattice_shard_421,Hyper Lattice Shard #421,Hyper-Dimensional Grid,,,,,,,77390523246093750000000000000000.000000,793.124912,success,,,"{""p2_amp"": ""10.000000"", ""p4_res"": ""2.000000"", ""p1_freq"": ""1.000000"", ""p3_spin"": ""0.100000""}",,t
422,hyper_lattice_shard_422,Hyper Lattice Shard #422,Hyper-Dimensional Grid,,,,,,,77390523246093750000000000000000.000000,793.124912,success,,,"{""p2_amp"": ""10.000000"", ""p4_res"": ""2.000000"", ""p1_freq"": ""1.000000"", ""p3_spin"": ""0.100000""}",,t
423,hyper_lattice_shard_423,Hyper Lattice Shard #423,Hyper-Dimensional Grid,,,,,,,77390523246093750000000000000000.000000,793.124912,success,,,"{""p2_amp"": ""10.000000"", ""p4_res"": ""2.000000"", ""p1_freq"": ""1.000000"", ""p3_spin"": ""0.100000""}",,t
424,hyper_lattice_shard_424,Hyper Lattice Shard #424,Hyper-Dimensional Grid,,,,,,,77390523246093750000000000000000.000000,793.124912,success,,,"{""p2_amp"": ""10.000000"", ""p4_res"": ""2.000000"", ""p1_freq"": ""1.000000"", ""p3_spin"": ""0.100000""}",,t
425,hyper_lattice_shard_425,Hyper Lattice Shard #425,Hyper-Dimensional Grid,,,,,,,77390523246093750000000000000000.000000,793.124912,success,,,"{""p2_amp"": ""10.000000"", ""p4_res"": ""2.000000"", ""p1_freq"": ""1.000000"", ""p3_spin"": ""0.100000""}",,t
426,hyper_lattice_shard_426,Hyper Lattice Shard #426,Hyper-Dimensional Grid,,,,,,,77390523246093750000000000000000.000000,793.124912,success,,,"{""p2_amp"": ""10.000000"", ""p4_res"": ""2.000000"", ""p1_freq"": ""1.000000"", ""p3_spin"": ""0.100000""}",,t
427,hyper_lattice_shard_427,Hyper Lattice Shard #427,Hyper-Dimensional Grid,,,,,,,77390523246093750000000000000000.000000,793.124912,success,,,"{""p2_amp"": ""10.000000"", ""p4_res"": ""2.000000"", ""p1_freq"": ""1.000000"", ""p3_spin"": ""0.100000""}",,t
428,hyper_lattice_shard_428,Hyper Lattice Shard #428,Hyper-Dimensional Grid,,,,,,,77390523246093750000000000000000.000000,793.124912,success,,,"{""p2_amp"": ""10.000000"", ""p4_res"": ""2.000000"", ""p1_freq"": ""1.000000"", ""p3_spin"": ""0.100000""}",,t
429,hyper_lattice_shard_429,Hyper Lattice Shard #429,Hyper-Dimensional Grid,,,,,,,77390523246093750000000000000000.000000,793.124912,success,,,"{""p2_amp"": ""10.000000"", ""p4_res"": ""2.000000"", ""p1_freq"": ""1.000000"", ""p3_spin"": ""0.100000""}",,t
430,hyper_lattice_shard_430,Hyper Lattice Shard #430,Hyper-Dimensional Grid,,,,,,,77390523246093750000000000000000.000000,793.124912,success,,,"{""p2_amp"": ""10.000000"", ""p4_res"": ""2.000000"", ""p1_freq"": ""1.000000"", ""p3_spin"": ""0.100000""}",,t
431,hyper_lattice_shard_431,Hyper Lattice Shard #431,Hyper-Dimensional Grid,,,,,,,77390523246093750000000000000000.000000,793.124912,success,,,"{""p2_amp"": ""10.000000"", ""p4_res"": ""2.000000"", ""p1_freq"": ""1.000000"", ""p3_spin"": ""0.100000""}",,t
432,hyper_lattice_shard_432,Hyper Lattice Shard #432,Hyper-Dimensional Grid,,,,,,,77390523246093750000000000000000.000000,793.124912,success,,,"{""p2_amp"": ""10.000000"", ""p4_res"": ""2.000000"", ""p1_freq"": ""1.000000"", ""p3_spin"": ""0.100000""}",,t
433,hyper_lattice_shard_433,Hyper Lattice Shard #433,Hyper-Dimensional Grid,,,,,,,77390523246093750000000000000000.000000,793.124912,success,,,"{""p2_amp"": ""10.000000"", ""p4_res"": ""2.000000"", ""p1_freq"": ""1.000000"", ""p3_spin"": ""0.100000""}",,t
434,hyper_lattice_shard_434,Hyper Lattice Shard #434,Hyper-Dimensional Grid,,,,,,,77390523246093750000000000000000.000000,793.124912,success,,,"{""p2_amp"": ""10.000000"", ""p4_res"": ""2.000000"", ""p1_freq"": ""1.000000"", ""p3_spin"": ""0.100000""}",,t
435,hyper_lattice_shard_435,Hyper Lattice Shard #435,Hyper-Dimensional Grid,,,,,,,77390523246093750000000000000000.000000,793.124912,success,,,"{""p2_amp"": ""10.000000"", ""p4_res"": ""2.000000"", ""p1_freq"": ""1.000000"", ""p3_spin"": ""0.100000""}",,t
436,hyper_lattice_shard_436,Hyper Lattice Shard #436,Hyper-Dimensional Grid,,,,,,,77390523246093750000000000000000.000000,793.124912,success,,,"{""p2_amp"": ""10.000000"", ""p4_res"": ""2.000000"", ""p1_freq"": ""1.000000"", ""p3_spin"": ""0.100000""}",,t
437,hyper_lattice_shard_437,Hyper Lattice Shard #437,Hyper-Dimensional Grid,,,,,,,77390523246093750000000000000000.000000,793.124912,success,,,"{""p2_amp"": ""10.000000"", ""p4_res"": ""2.000000"", ""p1_freq"": ""1.000000"", ""p3_spin"": ""0.100000""}",,t
438,hyper_lattice_shard_438,Hyper Lattice Shard #438,Hyper-Dimensional Grid,,,,,,,77390523246093750000000000000000.000000,793.124912,success,,,"{""p2_amp"": ""10.000000"", ""p4_res"": ""2.000000"", ""p1_freq"": ""1.000000"", ""p3_spin"": ""0.100000""}",,t
439,hyper_lattice_shard_439,Hyper Lattice Shard #439,Hyper-Dimensional Grid,,,,,,,77390523246093750000000000000000.000000,793.124912,success,,,"{""p2_amp"": ""10.000000"", ""p4_res"": ""2.000000"", ""p1_freq"": ""1.000000"", ""p3_spin"": ""0.100000""}",,t
440,hyper_lattice_shard_440,Hyper Lattice Shard #440,Hyper-Dimensional Grid,,,,,,,77390523246093750000000000000000.000000,793.124912,success,,,"{""p2_amp"": ""10.000000"", ""p4_res"": ""2.000000"", ""p1_freq"": ""1.000000"", ""p3_spin"": ""0.100000""}",,t
441,hyper_lattice_shard_441,Hyper Lattice Shard #441,Hyper-Dimensional Grid,,,,,,,77390523246093750000000000000000.000000,793.124912,success,,,"{""p2_amp"": ""10.000000"", ""p4_res"": ""2.000000"", ""p1_freq"": ""1.000000"", ""p3_spin"": ""0.100000""}",,t
442,hyper_lattice_shard_442,Hyper Lattice Shard #442,Hyper-Dimensional Grid,,,,,,,77390523246093750000000000000000.000000,793.124912,success,,,"{""p2_amp"": ""10.000000"", ""p4_res"": ""2.000000"", ""p1_freq"": ""1.000000"", ""p3_spin"": ""0.100000""}",,t
443,hyper_lattice_shard_443,Hyper Lattice Shard #443,Hyper-Dimensional Grid,,,,,,,77390523246093750000000000000000.000000,793.124912,success,,,"{""p2_amp"": ""10.000000"", ""p4_res"": ""2.000000"", ""p1_freq"": ""1.000000"", ""p3_spin"": ""0.100000""}",,t
444,hyper_lattice_shard_444,Hyper Lattice Shard #444,Hyper-Dimensional Grid,,,,,,,77390523246093750000000000000000.000000,793.124912,success,,,"{""p2_amp"": ""10.000000"", ""p4_res"": ""2.000000"", ""p1_freq"": ""1.000000"", ""p3_spin"": ""0.100000""}",,t
445,hyper_lattice_shard_445,Hyper Lattice Shard #445,Hyper-Dimensional Grid,,,,,,,77390523246093750000000000000000.000000,793.124912,success,,,"{""p2_amp"": ""10.000000"", ""p4_res"": ""2.000000"", ""p1_freq"": ""1.000000"", ""p3_spin"": ""0.100000""}",,t
446,hyper_lattice_shard_446,Hyper Lattice Shard #446,Hyper-Dimensional Grid,,,,,,,77390523246093750000000000000000.000000,793.124912,success,,,"{""p2_amp"": ""10.000000"", ""p4_res"": ""2.000000"", ""p1_freq"": ""1.000000"", ""p3_spin"": ""0.100000""}",,t
447,hyper_lattice_shard_447,Hyper Lattice Shard #447,Hyper-Dimensional Grid,,,,,,,77390523246093750000000000000000.000000,793.124912,success,,,"{""p2_amp"": ""10.000000"", ""p4_res"": ""2.000000"", ""p1_freq"": ""1.000000"", ""p3_spin"": ""0.100000""}",,t
448,hyper_lattice_shard_448,Hyper Lattice Shard #448,Hyper-Dimensional Grid,,,,,,,77390523246093750000000000000000.000000,793.124912,success,,,"{""p2_amp"": ""10.000000"", ""p4_res"": ""2.000000"", ""p1_freq"": ""1.000000"", ""p3_spin"": ""0.100000""}",,t
449,hyper_lattice_shard_449,Hyper Lattice Shard #449,Hyper-Dimensional Grid,,,,,,,77390523246093750000000000000000.000000,793.124912,success,,,"{""p2_amp"": ""10.000000"", ""p4_res"": ""2.000000"", ""p1_freq"": ""1.000000"", ""p3_spin"": ""0.100000""}",,t
450,hyper_lattice_shard_450,Hyper Lattice Shard #450,Hyper-Dimensional Grid,,,,,,,77390523246093750000000000000000.000000,793.124912,success,,,"{""p2_amp"": ""10.000000"", ""p4_res"": ""2.000000"", ""p1_freq"": ""1.000000"", ""p3_spin"": ""0.100000""}",,t
451,hyper_lattice_shard_451,Hyper Lattice Shard #451,Hyper-Dimensional Grid,,,,,,,77390523246093750000000000000000.000000,793.124912,success,,,"{""p2_amp"": ""10.000000"", ""p4_res"": ""2.000000"", ""p1_freq"": ""1.000000"", ""p3_spin"": ""0.100000""}",,t
452,hyper_lattice_shard_452,Hyper Lattice Shard #452,Hyper-Dimensional Grid,,,,,,,77390523246093750000000000000000.000000,793.124912,success,,,"{""p2_amp"": ""10.000000"", ""p4_res"": ""2.000000"", ""p1_freq"": ""1.000000"", ""p3_spin"": ""0.100000""}",,t
453,hyper_lattice_shard_453,Hyper Lattice Shard #453,Hyper-Dimensional Grid,,,,,,,77390523246093750000000000000000.000000,793.124912,success,,,"{""p2_amp"": ""10.000000"", ""p4_res"": ""2.000000"", ""p1_freq"": ""1.000000"", ""p3_spin"": ""0.100000""}",,t
454,hyper_lattice_shard_454,Hyper Lattice Shard #454,Hyper-Dimensional Grid,,,,,,,77390523246093750000000000000000.000000,793.124912,success,,,"{""p2_amp"": ""10.000000"", ""p4_res"": ""2.000000"", ""p1_freq"": ""1.000000"", ""p3_spin"": ""0.100000""}",,t
455,hyper_lattice_shard_455,Hyper Lattice Shard #455,Hyper-Dimensional Grid,,,,,,,77390523246093750000000000000000.000000,793.124912,success,,,"{""p2_amp"": ""10.000000"", ""p4_res"": ""2.000000"", ""p1_freq"": ""1.000000"", ""p3_spin"": ""0.100000""}",,t
456,hyper_lattice_shard_456,Hyper Lattice Shard #456,Hyper-Dimensional Grid,,,,,,,77390523246093750000000000000000.000000,793.124912,success,,,"{""p2_amp"": ""10.000000"", ""p4_res"": ""2.000000"", ""p1_freq"": ""1.000000"", ""p3_spin"": ""0.100000""}",,t
457,hyper_lattice_shard_457,Hyper Lattice Shard #457,Hyper-Dimensional Grid,,,,,,,77390523246093750000000000000000.000000,793.124912,success,,,"{""p2_amp"": ""10.000000"", ""p4_res"": ""2.000000"", ""p1_freq"": ""1.000000"", ""p3_spin"": ""0.100000""}",,t
458,hyper_lattice_shard_458,Hyper Lattice Shard #458,Hyper-Dimensional Grid,,,,,,,77390523246093750000000000000000.000000,793.124912,success,,,"{""p2_amp"": ""10.000000"", ""p4_res"": ""2.000000"", ""p1_freq"": ""1.000000"", ""p3_spin"": ""0.100000""}",,t
459,hyper_lattice_shard_459,Hyper Lattice Shard #459,Hyper-Dimensional Grid,,,,,,,77390523246093750000000000000000.000000,793.124912,success,,,"{""p2_amp"": ""10.000000"", ""p4_res"": ""2.000000"", ""p1_freq"": ""1.000000"", ""p3_spin"": ""0.100000""}",,t
460,hyper_lattice_shard_460,Hyper Lattice Shard #460,Hyper-Dimensional Grid,,,,,,,77390523246093750000000000000000.000000,793.124912,success,,,"{""p2_amp"": ""10.000000"", ""p4_res"": ""2.000000"", ""p1_freq"": ""1.000000"", ""p3_spin"": ""0.100000""}",,t
461,hyper_lattice_shard_461,Hyper Lattice Shard #461,Hyper-Dimensional Grid,,,,,,,77390523246093750000000000000000.000000,793.124912,success,,,"{""p2_amp"": ""10.000000"", ""p4_res"": ""2.000000"", ""p1_freq"": ""1.000000"", ""p3_spin"": ""0.100000""}",,t
462,hyper_lattice_shard_462,Hyper Lattice Shard #462,Hyper-Dimensional Grid,,,,,,,77390523246093750000000000000000.000000,793.124912,success,,,"{""p2_amp"": ""10.000000"", ""p4_res"": ""2.000000"", ""p1_freq"": ""1.000000"", ""p3_spin"": ""0.100000""}",,t
463,hyper_lattice_shard_463,Hyper Lattice Shard #463,Hyper-Dimensional Grid,,,,,,,77390523246093750000000000000000.000000,793.124912,success,,,"{""p2_amp"": ""10.000000"", ""p4_res"": ""2.000000"", ""p1_freq"": ""1.000000"", ""p3_spin"": ""0.100000""}",,t
464,hyper_lattice_shard_464,Hyper Lattice Shard #464,Hyper-Dimensional Grid,,,,,,,77390523246093750000000000000000.000000,793.124912,success,,,"{""p2_amp"": ""10.000000"", ""p4_res"": ""2.000000"", ""p1_freq"": ""1.000000"", ""p3_spin"": ""0.100000""}",,t
465,hyper_lattice_shard_465,Hyper Lattice Shard #465,Hyper-Dimensional Grid,,,,,,,77390523246093750000000000000000.000000,793.124912,success,,,"{""p2_amp"": ""10.000000"", ""p4_res"": ""2.000000"", ""p1_freq"": ""1.000000"", ""p3_spin"": ""0.100000""}",,t
466,hyper_lattice_shard_466,Hyper Lattice Shard #466,Hyper-Dimensional Grid,,,,,,,77390523246093750000000000000000.000000,793.124912,success,,,"{""p2_amp"": ""10.000000"", ""p4_res"": ""2.000000"", ""p1_freq"": ""1.000000"", ""p3_spin"": ""0.100000""}",,t
467,hyper_lattice_shard_467,Hyper Lattice Shard #467,Hyper-Dimensional Grid,,,,,,,77390523246093750000000000000000.000000,793.124912,success,,,"{""p2_amp"": ""10.000000"", ""p4_res"": ""2.000000"", ""p1_freq"": ""1.000000"", ""p3_spin"": ""0.100000""}",,t
468,hyper_lattice_shard_468,Hyper Lattice Shard #468,Hyper-Dimensional Grid,,,,,,,77390523246093750000000000000000.000000,793.124912,success,,,"{""p2_amp"": ""10.000000"", ""p4_res"": ""2.000000"", ""p1_freq"": ""1.000000"", ""p3_spin"": ""0.100000""}",,t
469,hyper_lattice_shard_469,Hyper Lattice Shard #469,Hyper-Dimensional Grid,,,,,,,77390523246093750000000000000000.000000,793.124912,success,,,"{""p2_amp"": ""10.000000"", ""p4_res"": ""2.000000"", ""p1_freq"": ""1.000000"", ""p3_spin"": ""0.100000""}",,t
470,hyper_lattice_shard_470,Hyper Lattice Shard #470,Hyper-Dimensional Grid,,,,,,,77390523246093750000000000000000.000000,793.124912,success,,,"{""p2_amp"": ""10.000000"", ""p4_res"": ""2.000000"", ""p1_freq"": ""1.000000"", ""p3_spin"": ""0.100000""}",,t
471,hyper_lattice_shard_471,Hyper Lattice Shard #471,Hyper-Dimensional Grid,,,,,,,77390523246093750000000000000000.000000,793.124912,success,,,"{""p2_amp"": ""10.000000"", ""p4_res"": ""2.000000"", ""p1_freq"": ""1.000000"", ""p3_spin"": ""0.100000""}",,t
472,hyper_lattice_shard_472,Hyper Lattice Shard #472,Hyper-Dimensional Grid,,,,,,,77390523246093750000000000000000.000000,793.124912,success,,,"{""p2_amp"": ""10.000000"", ""p4_res"": ""2.000000"", ""p1_freq"": ""1.000000"", ""p3_spin"": ""0.100000""}",,t
473,hyper_lattice_shard_473,Hyper Lattice Shard #473,Hyper-Dimensional Grid,,,,,,,77390523246093750000000000000000.000000,793.124912,success,,,"{""p2_amp"": ""10.000000"", ""p4_res"": ""2.000000"", ""p1_freq"": ""1.000000"", ""p3_spin"": ""0.100000""}",,t
474,hyper_lattice_shard_474,Hyper Lattice Shard #474,Hyper-Dimensional Grid,,,,,,,77390523246093750000000000000000.000000,793.124912,success,,,"{""p2_amp"": ""10.000000"", ""p4_res"": ""2.000000"", ""p1_freq"": ""1.000000"", ""p3_spin"": ""0.100000""}",,t
475,hyper_lattice_shard_475,Hyper Lattice Shard #475,Hyper-Dimensional Grid,,,,,,,77390523246093750000000000000000.000000,793.124912,success,,,"{""p2_amp"": ""10.000000"", ""p4_res"": ""2.000000"", ""p1_freq"": ""1.000000"", ""p3_spin"": ""0.100000""}",,t
476,hyper_lattice_shard_476,Hyper Lattice Shard #476,Hyper-Dimensional Grid,,,,,,,77390523246093750000000000000000.000000,793.124912,success,,,"{""p2_amp"": ""10.000000"", ""p4_res"": ""2.000000"", ""p1_freq"": ""1.000000"", ""p3_spin"": ""0.100000""}",,t
477,hyper_lattice_shard_477,Hyper Lattice Shard #477,Hyper-Dimensional Grid,,,,,,,77390523246093750000000000000000.000000,793.124912,success,,,"{""p2_amp"": ""10.000000"", ""p4_res"": ""2.000000"", ""p1_freq"": ""1.000000"", ""p3_spin"": ""0.100000""}",,t
478,hyper_lattice_shard_478,Hyper Lattice Shard #478,Hyper-Dimensional Grid,,,,,,,77390523246093750000000000000000.000000,793.124912,success,,,"{""p2_amp"": ""10.000000"", ""p4_res"": ""2.000000"", ""p1_freq"": ""1.000000"", ""p3_spin"": ""0.100000""}",,t
479,hyper_lattice_shard_479,Hyper Lattice Shard #479,Hyper-Dimensional Grid,,,,,,,77390523246093750000000000000000.000000,793.124912,success,,,"{""p2_amp"": ""10.000000"", ""p4_res"": ""2.000000"", ""p1_freq"": ""1.000000"", ""p3_spin"": ""0.100000""}",,t
480,hyper_lattice_shard_480,Hyper Lattice Shard #480,Hyper-Dimensional Grid,,,,,,,77390523246093750000000000000000.000000,793.124912,success,,,"{""p2_amp"": ""10.000000"", ""p4_res"": ""2.000000"", ""p1_freq"": ""1.000000"", ""p3_spin"": ""0.100000""}",,t
481,hyper_lattice_shard_481,Hyper Lattice Shard #481,Hyper-Dimensional Grid,,,,,,,77390523246093750000000000000000.000000,793.124912,success,,,"{""p2_amp"": ""10.000000"", ""p4_res"": ""2.000000"", ""p1_freq"": ""1.000000"", ""p3_spin"": ""0.100000""}",,t
482,hyper_lattice_shard_482,Hyper Lattice Shard #482,Hyper-Dimensional Grid,,,,,,,77390523246093750000000000000000.000000,793.124912,success,,,"{""p2_amp"": ""10.000000"", ""p4_res"": ""2.000000"", ""p1_freq"": ""1.000000"", ""p3_spin"": ""0.100000""}",,t
483,hyper_lattice_shard_483,Hyper Lattice Shard #483,Hyper-Dimensional Grid,,,,,,,77390523246093750000000000000000.000000,793.124912,success,,,"{""p2_amp"": ""10.000000"", ""p4_res"": ""2.000000"", ""p1_freq"": ""1.000000"", ""p3_spin"": ""0.100000""}",,t
484,hyper_lattice_shard_484,Hyper Lattice Shard #484,Hyper-Dimensional Grid,,,,,,,77390523246093750000000000000000.000000,793.124912,success,,,"{""p2_amp"": ""10.000000"", ""p4_res"": ""2.000000"", ""p1_freq"": ""1.000000"", ""p3_spin"": ""0.100000""}",,t
485,hyper_lattice_shard_485,Hyper Lattice Shard #485,Hyper-Dimensional Grid,,,,,,,77390523246093750000000000000000.000000,793.124912,success,,,"{""p2_amp"": ""10.000000"", ""p4_res"": ""2.000000"", ""p1_freq"": ""1.000000"", ""p3_spin"": ""0.100000""}",,t
486,hyper_lattice_shard_486,Hyper Lattice Shard #486,Hyper-Dimensional Grid,,,,,,,77390523246093750000000000000000.000000,793.124912,success,,,"{""p2_amp"": ""10.000000"", ""p4_res"": ""2.000000"", ""p1_freq"": ""1.000000"", ""p3_spin"": ""0.100000""}",,t
487,hyper_lattice_shard_487,Hyper Lattice Shard #487,Hyper-Dimensional Grid,,,,,,,77390523246093750000000000000000.000000,793.124912,success,,,"{""p2_amp"": ""10.000000"", ""p4_res"": ""2.000000"", ""p1_freq"": ""1.000000"", ""p3_spin"": ""0.100000""}",,t
488,hyper_lattice_shard_488,Hyper Lattice Shard #488,Hyper-Dimensional Grid,,,,,,,77390523246093750000000000000000.000000,793.124912,success,,,"{""p2_amp"": ""10.000000"", ""p4_res"": ""2.000000"", ""p1_freq"": ""1.000000"", ""p3_spin"": ""0.100000""}",,t
489,hyper_lattice_shard_489,Hyper Lattice Shard #489,Hyper-Dimensional Grid,,,,,,,77390523246093750000000000000000.000000,793.124912,success,,,"{""p2_amp"": ""10.000000"", ""p4_res"": ""2.000000"", ""p1_freq"": ""1.000000"", ""p3_spin"": ""0.100000""}",,t
490,hyper_lattice_shard_490,Hyper Lattice Shard #490,Hyper-Dimensional Grid,,,,,,,77390523246093750000000000000000.000000,793.124912,success,,,"{""p2_amp"": ""10.000000"", ""p4_res"": ""2.000000"", ""p1_freq"": ""1.000000"", ""p3_spin"": ""0.100000""}",,t
491,hyper_lattice_shard_491,Hyper Lattice Shard #491,Hyper-Dimensional Grid,,,,,,,77390523246093750000000000000000.000000,793.124912,success,,,"{""p2_amp"": ""10.000000"", ""p4_res"": ""2.000000"", ""p1_freq"": ""1.000000"", ""p3_spin"": ""0.100000""}",,t
492,hyper_lattice_shard_492,Hyper Lattice Shard #492,Hyper-Dimensional Grid,,,,,,,77390523246093750000000000000000.000000,793.124912,success,,,"{""p2_amp"": ""10.000000"", ""p4_res"": ""2.000000"", ""p1_freq"": ""1.000000"", ""p3_spin"": ""0.100000""}",,t
493,hyper_lattice_shard_493,Hyper Lattice Shard #493,Hyper-Dimensional Grid,,,,,,,77390523246093750000000000000000.000000,793.124912,success,,,"{""p2_amp"": ""10.000000"", ""p4_res"": ""2.000000"", ""p1_freq"": ""1.000000"", ""p3_spin"": ""0.100000""}",,t
494,hyper_lattice_shard_494,Hyper Lattice Shard #494,Hyper-Dimensional Grid,,,,,,,77390523246093750000000000000000.000000,793.124912,success,,,"{""p2_amp"": ""10.000000"", ""p4_res"": ""2.000000"", ""p1_freq"": ""1.000000"", ""p3_spin"": ""0.100000""}",,t
495,hyper_lattice_shard_495,Hyper Lattice Shard #495,Hyper-Dimensional Grid,,,,,,,77390523246093750000000000000000.000000,793.124912,success,,,"{""p2_amp"": ""10.000000"", ""p4_res"": ""2.000000"", ""p1_freq"": ""1.000000"", ""p3_spin"": ""0.100000""}",,t
496,hyper_lattice_shard_496,Hyper Lattice Shard #496,Hyper-Dimensional Grid,,,,,,,77390523246093750000000000000000.000000,793.124912,success,,,"{""p2_amp"": ""10.000000"", ""p4_res"": ""2.000000"", ""p1_freq"": ""1.000000"", ""p3_spin"": ""0.100000""}",,t
497,hyper_lattice_shard_497,Hyper Lattice Shard #497,Hyper-Dimensional Grid,,,,,,,77390523246093750000000000000000.000000,793.124912,success,,,"{""p2_amp"": ""10.000000"", ""p4_res"": ""2.000000"", ""p1_freq"": ""1.000000"", ""p3_spin"": ""0.100000""}",,t
498,hyper_lattice_shard_498,Hyper Lattice Shard #498,Hyper-Dimensional Grid,,,,,,,77390523246093750000000000000000.000000,793.124912,success,,,"{""p2_amp"": ""10.000000"", ""p4_res"": ""2.000000"", ""p1_freq"": ""1.000000"", ""p3_spin"": ""0.100000""}",,t
499,hyper_lattice_shard_499,Hyper Lattice Shard #499,Hyper-Dimensional Grid,,,,,,,77390523246093750000000000000000.000000,793.124912,success,,,"{""p2_amp"": ""10.000000"", ""p4_res"": ""2.000000"", ""p1_freq"": ""1.000000"", ""p3_spin"": ""0.100000""}",,t
500,hyper_lattice_shard_500,Hyper Lattice Shard #500,Hyper-Dimensional Grid,,,,,,,77390523246093750000000000000000.000000,793.124912,success,,,"{""p2_amp"": ""10.000000"", ""p4_res"": ""2.000000"", ""p1_freq"": ""1.000000"", ""p3_spin"": ""0.100000""}",,t
501,hyper_lattice_shard_501,Hyper Lattice Shard #501,Hyper-Dimensional Grid,,,,,,,77390523246093750000000000000000.000000,793.124912,success,,,"{""p2_amp"": ""10.000000"", ""p4_res"": ""2.000000"", ""p1_freq"": ""1.000000"", ""p3_spin"": ""0.100000""}",,t
502,hyper_lattice_shard_502,Hyper Lattice Shard #502,Hyper-Dimensional Grid,,,,,,,77390523246093750000000000000000.000000,793.124912,success,,,"{""p2_amp"": ""10.000000"", ""p4_res"": ""2.000000"", ""p1_freq"": ""1.000000"", ""p3_spin"": ""0.100000""}",,t
503,hyper_lattice_shard_503,Hyper Lattice Shard #503,Hyper-Dimensional Grid,,,,,,,77390523246093750000000000000000.000000,793.124912,success,,,"{""p2_amp"": ""10.000000"", ""p4_res"": ""2.000000"", ""p1_freq"": ""1.000000"", ""p3_spin"": ""0.100000""}",,t
504,hyper_lattice_shard_504,Hyper Lattice Shard #504,Hyper-Dimensional Grid,,,,,,,77390523246093750000000000000000.000000,793.124912,success,,,"{""p2_amp"": ""10.000000"", ""p4_res"": ""2.000000"", ""p1_freq"": ""1.000000"", ""p3_spin"": ""0.100000""}",,t
505,hyper_lattice_shard_505,Hyper Lattice Shard #505,Hyper-Dimensional Grid,,,,,,,77390523246093750000000000000000.000000,793.124912,success,,,"{""p2_amp"": ""10.000000"", ""p4_res"": ""2.000000"", ""p1_freq"": ""1.000000"", ""p3_spin"": ""0.100000""}",,t
506,hyper_lattice_shard_506,Hyper Lattice Shard #506,Hyper-Dimensional Grid,,,,,,,77390523246093750000000000000000.000000,793.124912,success,,,"{""p2_amp"": ""10.000000"", ""p4_res"": ""2.000000"", ""p1_freq"": ""1.000000"", ""p3_spin"": ""0.100000""}",,t
507,hyper_lattice_shard_507,Hyper Lattice Shard #507,Hyper-Dimensional Grid,,,,,,,77390523246093750000000000000000.000000,793.124912,success,,,"{""p2_amp"": ""10.000000"", ""p4_res"": ""2.000000"", ""p1_freq"": ""1.000000"", ""p3_spin"": ""0.100000""}",,t
508,hyper_lattice_shard_508,Hyper Lattice Shard #508,Hyper-Dimensional Grid,,,,,,,77390523246093750000000000000000.000000,793.124912,success,,,"{""p2_amp"": ""10.000000"", ""p4_res"": ""2.000000"", ""p1_freq"": ""1.000000"", ""p3_spin"": ""0.100000""}",,t
509,hyper_lattice_shard_509,Hyper Lattice Shard #509,Hyper-Dimensional Grid,,,,,,,77390523246093750000000000000000.000000,793.124912,success,,,"{""p2_amp"": ""10.000000"", ""p4_res"": ""2.000000"", ""p1_freq"": ""1.000000"", ""p3_spin"": ""0.100000""}",,t
510,hyper_lattice_shard_510,Hyper Lattice Shard #510,Hyper-Dimensional Grid,,,,,,,77390523246093750000000000000000.000000,793.124912,success,,,"{""p2_amp"": ""10.000000"", ""p4_res"": ""2.000000"", ""p1_freq"": ""1.000000"", ""p3_spin"": ""0.100000""}",,t
511,hyper_lattice_shard_511,Hyper Lattice Shard #511,Hyper-Dimensional Grid,,,,,,,77390523246093750000000000000000.000000,793.124912,success,,,"{""p2_amp"": ""10.000000"", ""p4_res"": ""2.000000"", ""p1_freq"": ""1.000000"", ""p3_spin"": ""0.100000""}",,t
512,hyper_lattice_shard_512,Hyper Lattice Shard #512,Hyper-Dimensional Grid,,,,,,,77390523246093750000000000000000.000000,793.124912,success,,,"{""p2_amp"": ""10.000000"", ""p4_res"": ""2.000000"", ""p1_freq"": ""1.000000"", ""p3_spin"": ""0.100000""}",,t
513,hyper_lattice_shard_513,Hyper Lattice Shard #513,Hyper-Dimensional Grid,,,,,,,77390523246093750000000000000000.000000,793.124912,success,,,"{""p2_amp"": ""10.000000"", ""p4_res"": ""2.000000"", ""p1_freq"": ""1.000000"", ""p3_spin"": ""0.100000""}",,t
514,hyper_lattice_shard_514,Hyper Lattice Shard #514,Hyper-Dimensional Grid,,,,,,,77390523246093750000000000000000.000000,793.124912,success,,,"{""p2_amp"": ""10.000000"", ""p4_res"": ""2.000000"", ""p1_freq"": ""1.000000"", ""p3_spin"": ""0.100000""}",,t
515,hyper_lattice_shard_515,Hyper Lattice Shard #515,Hyper-Dimensional Grid,,,,,,,77390523246093750000000000000000.000000,793.124912,success,,,"{""p2_amp"": ""10.000000"", ""p4_res"": ""2.000000"", ""p1_freq"": ""1.000000"", ""p3_spin"": ""0.100000""}",,t
516,hyper_lattice_shard_516,Hyper Lattice Shard #516,Hyper-Dimensional Grid,,,,,,,77390523246093750000000000000000.000000,793.124912,success,,,"{""p2_amp"": ""10.000000"", ""p4_res"": ""2.000000"", ""p1_freq"": ""1.000000"", ""p3_spin"": ""0.100000""}",,t
517,hyper_lattice_shard_517,Hyper Lattice Shard #517,Hyper-Dimensional Grid,,,,,,,77390523246093750000000000000000.000000,793.124912,success,,,"{""p2_amp"": ""10.000000"", ""p4_res"": ""2.000000"", ""p1_freq"": ""1.000000"", ""p3_spin"": ""0.100000""}",,t
518,hyper_lattice_shard_518,Hyper Lattice Shard #518,Hyper-Dimensional Grid,,,,,,,77390523246093750000000000000000.000000,793.124912,success,,,"{""p2_amp"": ""10.000000"", ""p4_res"": ""2.000000"", ""p1_freq"": ""1.000000"", ""p3_spin"": ""0.100000""}",,t
519,hyper_lattice_shard_519,Hyper Lattice Shard #519,Hyper-Dimensional Grid,,,,,,,77390523246093750000000000000000.000000,793.124912,success,,,"{""p2_amp"": ""10.000000"", ""p4_res"": ""2.000000"", ""p1_freq"": ""1.000000"", ""p3_spin"": ""0.100000""}",,t
520,hyper_lattice_shard_520,Hyper Lattice Shard #520,Hyper-Dimensional Grid,,,,,,,77390523246093750000000000000000.000000,793.124912,success,,,"{""p2_amp"": ""10.000000"", ""p4_res"": ""2.000000"", ""p1_freq"": ""1.000000"", ""p3_spin"": ""0.100000""}",,t
521,hyper_lattice_shard_521,Hyper Lattice Shard #521,Hyper-Dimensional Grid,,,,,,,77390523246093750000000000000000.000000,793.124912,success,,,"{""p2_amp"": ""10.000000"", ""p4_res"": ""2.000000"", ""p1_freq"": ""1.000000"", ""p3_spin"": ""0.100000""}",,t
522,hyper_lattice_shard_522,Hyper Lattice Shard #522,Hyper-Dimensional Grid,,,,,,,77390523246093750000000000000000.000000,793.124912,success,,,"{""p2_amp"": ""10.000000"", ""p4_res"": ""2.000000"", ""p1_freq"": ""1.000000"", ""p3_spin"": ""0.100000""}",,t
523,hyper_lattice_shard_523,Hyper Lattice Shard #523,Hyper-Dimensional Grid,,,,,,,77390523246093750000000000000000.000000,793.124912,success,,,"{""p2_amp"": ""10.000000"", ""p4_res"": ""2.000000"", ""p1_freq"": ""1.000000"", ""p3_spin"": ""0.100000""}",,t
524,hyper_lattice_shard_524,Hyper Lattice Shard #524,Hyper-Dimensional Grid,,,,,,,77390523246093750000000000000000.000000,793.124912,success,,,"{""p2_amp"": ""10.000000"", ""p4_res"": ""2.000000"", ""p1_freq"": ""1.000000"", ""p3_spin"": ""0.100000""}",,t
525,hyper_lattice_shard_525,Hyper Lattice Shard #525,Hyper-Dimensional Grid,,,,,,,77390523246093750000000000000000.000000,793.124912,success,,,"{""p2_amp"": ""10.000000"", ""p4_res"": ""2.000000"", ""p1_freq"": ""1.000000"", ""p3_spin"": ""0.100000""}",,t
526,hyper_lattice_shard_526,Hyper Lattice Shard #526,Hyper-Dimensional Grid,,,,,,,77390523246093750000000000000000.000000,793.124912,success,,,"{""p2_amp"": ""10.000000"", ""p4_res"": ""2.000000"", ""p1_freq"": ""1.000000"", ""p3_spin"": ""0.100000""}",,t
527,hyper_lattice_shard_527,Hyper Lattice Shard #527,Hyper-Dimensional Grid,,,,,,,77390523246093750000000000000000.000000,793.124912,success,,,"{""p2_amp"": ""10.000000"", ""p4_res"": ""2.000000"", ""p1_freq"": ""1.000000"", ""p3_spin"": ""0.100000""}",,t
528,hyper_lattice_shard_528,Hyper Lattice Shard #528,Hyper-Dimensional Grid,,,,,,,77390523246093750000000000000000.000000,793.124912,success,,,"{""p2_amp"": ""10.000000"", ""p4_res"": ""2.000000"", ""p1_freq"": ""1.000000"", ""p3_spin"": ""0.100000""}",,t
529,hyper_lattice_shard_529,Hyper Lattice Shard #529,Hyper-Dimensional Grid,,,,,,,77390523246093750000000000000000.000000,793.124912,success,,,"{""p2_amp"": ""10.000000"", ""p4_res"": ""2.000000"", ""p1_freq"": ""1.000000"", ""p3_spin"": ""0.100000""}",,t
530,hyper_lattice_shard_530,Hyper Lattice Shard #530,Hyper-Dimensional Grid,,,,,,,77390523246093750000000000000000.000000,793.124912,success,,,"{""p2_amp"": ""10.000000"", ""p4_res"": ""2.000000"", ""p1_freq"": ""1.000000"", ""p3_spin"": ""0.100000""}",,t
531,hyper_lattice_shard_531,Hyper Lattice Shard #531,Hyper-Dimensional Grid,,,,,,,77390523246093750000000000000000.000000,793.124912,success,,,"{""p2_amp"": ""10.000000"", ""p4_res"": ""2.000000"", ""p1_freq"": ""1.000000"", ""p3_spin"": ""0.100000""}",,t
532,hyper_lattice_shard_532,Hyper Lattice Shard #532,Hyper-Dimensional Grid,,,,,,,77390523246093750000000000000000.000000,793.124912,success,,,"{""p2_amp"": ""10.000000"", ""p4_res"": ""2.000000"", ""p1_freq"": ""1.000000"", ""p3_spin"": ""0.100000""}",,t
533,hyper_lattice_shard_533,Hyper Lattice Shard #533,Hyper-Dimensional Grid,,,,,,,77390523246093750000000000000000.000000,793.124912,success,,,"{""p2_amp"": ""10.000000"", ""p4_res"": ""2.000000"", ""p1_freq"": ""1.000000"", ""p3_spin"": ""0.100000""}",,t
534,hyper_lattice_shard_534,Hyper Lattice Shard #534,Hyper-Dimensional Grid,,,,,,,77390523246093750000000000000000.000000,793.124912,success,,,"{""p2_amp"": ""10.000000"", ""p4_res"": ""2.000000"", ""p1_freq"": ""1.000000"", ""p3_spin"": ""0.100000""}",,t
535,hyper_lattice_shard_535,Hyper Lattice Shard #535,Hyper-Dimensional Grid,,,,,,,77390523246093750000000000000000.000000,793.124912,success,,,"{""p2_amp"": ""10.000000"", ""p4_res"": ""2.000000"", ""p1_freq"": ""1.000000"", ""p3_spin"": ""0.100000""}",,t
536,hyper_lattice_shard_536,Hyper Lattice Shard #536,Hyper-Dimensional Grid,,,,,,,77390523246093750000000000000000.000000,793.124912,success,,,"{""p2_amp"": ""10.000000"", ""p4_res"": ""2.000000"", ""p1_freq"": ""1.000000"", ""p3_spin"": ""0.100000""}",,t
537,hyper_lattice_shard_537,Hyper Lattice Shard #537,Hyper-Dimensional Grid,,,,,,,77390523246093750000000000000000.000000,793.124912,success,,,"{""p2_amp"": ""10.000000"", ""p4_res"": ""2.000000"", ""p1_freq"": ""1.000000"", ""p3_spin"": ""0.100000""}",,t
538,hyper_lattice_shard_538,Hyper Lattice Shard #538,Hyper-Dimensional Grid,,,,,,,77390523246093750000000000000000.000000,793.124912,success,,,"{""p2_amp"": ""10.000000"", ""p4_res"": ""2.000000"", ""p1_freq"": ""1.000000"", ""p3_spin"": ""0.100000""}",,t
539,hyper_lattice_shard_539,Hyper Lattice Shard #539,Hyper-Dimensional Grid,,,,,,,77390523246093750000000000000000.000000,793.124912,success,,,"{""p2_amp"": ""10.000000"", ""p4_res"": ""2.000000"", ""p1_freq"": ""1.000000"", ""p3_spin"": ""0.100000""}",,t
540,hyper_lattice_shard_540,Hyper Lattice Shard #540,Hyper-Dimensional Grid,,,,,,,77390523246093750000000000000000.000000,793.124912,success,,,"{""p2_amp"": ""10.000000"", ""p4_res"": ""2.000000"", ""p1_freq"": ""1.000000"", ""p3_spin"": ""0.100000""}",,t
541,hyper_lattice_shard_541,Hyper Lattice Shard #541,Hyper-Dimensional Grid,,,,,,,77390523246093750000000000000000.000000,793.124912,success,,,"{""p2_amp"": ""10.000000"", ""p4_res"": ""2.000000"", ""p1_freq"": ""1.000000"", ""p3_spin"": ""0.100000""}",,t
542,hyper_lattice_shard_542,Hyper Lattice Shard #542,Hyper-Dimensional Grid,,,,,,,77390523246093750000000000000000.000000,793.124912,success,,,"{""p2_amp"": ""10.000000"", ""p4_res"": ""2.000000"", ""p1_freq"": ""1.000000"", ""p3_spin"": ""0.100000""}",,t
543,hyper_lattice_shard_543,Hyper Lattice Shard #543,Hyper-Dimensional Grid,,,,,,,77390523246093750000000000000000.000000,793.124912,success,,,"{""p2_amp"": ""10.000000"", ""p4_res"": ""2.000000"", ""p1_freq"": ""1.000000"", ""p3_spin"": ""0.100000""}",,t
544,hyper_lattice_shard_544,Hyper Lattice Shard #544,Hyper-Dimensional Grid,,,,,,,77390523246093750000000000000000.000000,793.124912,success,,,"{""p2_amp"": ""10.000000"", ""p4_res"": ""2.000000"", ""p1_freq"": ""1.000000"", ""p3_spin"": ""0.100000""}",,t
545,hyper_lattice_shard_545,Hyper Lattice Shard #545,Hyper-Dimensional Grid,,,,,,,77390523246093750000000000000000.000000,793.124912,success,,,"{""p2_amp"": ""10.000000"", ""p4_res"": ""2.000000"", ""p1_freq"": ""1.000000"", ""p3_spin"": ""0.100000""}",,t
546,hyper_lattice_shard_546,Hyper Lattice Shard #546,Hyper-Dimensional Grid,,,,,,,77390523246093750000000000000000.000000,793.124912,success,,,"{""p2_amp"": ""10.000000"", ""p4_res"": ""2.000000"", ""p1_freq"": ""1.000000"", ""p3_spin"": ""0.100000""}",,t
547,hyper_lattice_shard_547,Hyper Lattice Shard #547,Hyper-Dimensional Grid,,,,,,,77390523246093750000000000000000.000000,793.124912,success,,,"{""p2_amp"": ""10.000000"", ""p4_res"": ""2.000000"", ""p1_freq"": ""1.000000"", ""p3_spin"": ""0.100000""}",,t
548,hyper_lattice_shard_548,Hyper Lattice Shard #548,Hyper-Dimensional Grid,,,,,,,77390523246093750000000000000000.000000,793.124912,success,,,"{""p2_amp"": ""10.000000"", ""p4_res"": ""2.000000"", ""p1_freq"": ""1.000000"", ""p3_spin"": ""0.100000""}",,t
549,hyper_lattice_shard_549,Hyper Lattice Shard #549,Hyper-Dimensional Grid,,,,,,,77390523246093750000000000000000.000000,793.124912,success,,,"{""p2_amp"": ""10.000000"", ""p4_res"": ""2.000000"", ""p1_freq"": ""1.000000"", ""p3_spin"": ""0.100000""}",,t
550,hyper_lattice_shard_550,Hyper Lattice Shard #550,Hyper-Dimensional Grid,,,,,,,77390523246093750000000000000000.000000,793.124912,success,,,"{""p2_amp"": ""10.000000"", ""p4_res"": ""2.000000"", ""p1_freq"": ""1.000000"", ""p3_spin"": ""0.100000""}",,t
551,hyper_lattice_shard_551,Hyper Lattice Shard #551,Hyper-Dimensional Grid,,,,,,,77390523246093750000000000000000.000000,793.124912,success,,,"{""p2_amp"": ""10.000000"", ""p4_res"": ""2.000000"", ""p1_freq"": ""1.000000"", ""p3_spin"": ""0.100000""}",,t
552,hyper_lattice_shard_552,Hyper Lattice Shard #552,Hyper-Dimensional Grid,,,,,,,77390523246093750000000000000000.000000,793.124912,success,,,"{""p2_amp"": ""10.000000"", ""p4_res"": ""2.000000"", ""p1_freq"": ""1.000000"", ""p3_spin"": ""0.100000""}",,t
553,hyper_lattice_shard_553,Hyper Lattice Shard #553,Hyper-Dimensional Grid,,,,,,,77390523246093750000000000000000.000000,793.124912,success,,,"{""p2_amp"": ""10.000000"", ""p4_res"": ""2.000000"", ""p1_freq"": ""1.000000"", ""p3_spin"": ""0.100000""}",,t
554,hyper_lattice_shard_554,Hyper Lattice Shard #554,Hyper-Dimensional Grid,,,,,,,77390523246093750000000000000000.000000,793.124912,success,,,"{""p2_amp"": ""10.000000"", ""p4_res"": ""2.000000"", ""p1_freq"": ""1.000000"", ""p3_spin"": ""0.100000""}",,t
555,hyper_lattice_shard_555,Hyper Lattice Shard #555,Hyper-Dimensional Grid,,,,,,,77390523246093750000000000000000.000000,793.124912,success,,,"{""p2_amp"": ""10.000000"", ""p4_res"": ""2.000000"", ""p1_freq"": ""1.000000"", ""p3_spin"": ""0.100000""}",,t
556,hyper_lattice_shard_556,Hyper Lattice Shard #556,Hyper-Dimensional Grid,,,,,,,77390523246093750000000000000000.000000,793.124912,success,,,"{""p2_amp"": ""10.000000"", ""p4_res"": ""2.000000"", ""p1_freq"": ""1.000000"", ""p3_spin"": ""0.100000""}",,t
557,hyper_lattice_shard_557,Hyper Lattice Shard #557,Hyper-Dimensional Grid,,,,,,,77390523246093750000000000000000.000000,793.124912,success,,,"{""p2_amp"": ""10.000000"", ""p4_res"": ""2.000000"", ""p1_freq"": ""1.000000"", ""p3_spin"": ""0.100000""}",,t
558,hyper_lattice_shard_558,Hyper Lattice Shard #558,Hyper-Dimensional Grid,,,,,,,77390523246093750000000000000000.000000,793.124912,success,,,"{""p2_amp"": ""10.000000"", ""p4_res"": ""2.000000"", ""p1_freq"": ""1.000000"", ""p3_spin"": ""0.100000""}",,t
559,hyper_lattice_shard_559,Hyper Lattice Shard #559,Hyper-Dimensional Grid,,,,,,,77390523246093750000000000000000.000000,793.124912,success,,,"{""p2_amp"": ""10.000000"", ""p4_res"": ""2.000000"", ""p1_freq"": ""1.000000"", ""p3_spin"": ""0.100000""}",,t
560,hyper_lattice_shard_560,Hyper Lattice Shard #560,Hyper-Dimensional Grid,,,,,,,77390523246093750000000000000000.000000,793.124912,success,,,"{""p2_amp"": ""10.000000"", ""p4_res"": ""2.000000"", ""p1_freq"": ""1.000000"", ""p3_spin"": ""0.100000""}",,t
561,hyper_lattice_shard_561,Hyper Lattice Shard #561,Hyper-Dimensional Grid,,,,,,,77390523246093750000000000000000.000000,793.124912,success,,,"{""p2_amp"": ""10.000000"", ""p4_res"": ""2.000000"", ""p1_freq"": ""1.000000"", ""p3_spin"": ""0.100000""}",,t
562,hyper_lattice_shard_562,Hyper Lattice Shard #562,Hyper-Dimensional Grid,,,,,,,77390523246093750000000000000000.000000,793.124912,success,,,"{""p2_amp"": ""10.000000"", ""p4_res"": ""2.000000"", ""p1_freq"": ""1.000000"", ""p3_spin"": ""0.100000""}",,t
563,hyper_lattice_shard_563,Hyper Lattice Shard #563,Hyper-Dimensional Grid,,,,,,,77390523246093750000000000000000.000000,793.124912,success,,,"{""p2_amp"": ""10.000000"", ""p4_res"": ""2.000000"", ""p1_freq"": ""1.000000"", ""p3_spin"": ""0.100000""}",,t
564,hyper_lattice_shard_564,Hyper Lattice Shard #564,Hyper-Dimensional Grid,,,,,,,77390523246093750000000000000000.000000,793.124912,success,,,"{""p2_amp"": ""10.000000"", ""p4_res"": ""2.000000"", ""p1_freq"": ""1.000000"", ""p3_spin"": ""0.100000""}",,t
565,hyper_lattice_shard_565,Hyper Lattice Shard #565,Hyper-Dimensional Grid,,,,,,,77390523246093750000000000000000.000000,793.124912,success,,,"{""p2_amp"": ""10.000000"", ""p4_res"": ""2.000000"", ""p1_freq"": ""1.000000"", ""p3_spin"": ""0.100000""}",,t
566,hyper_lattice_shard_566,Hyper Lattice Shard #566,Hyper-Dimensional Grid,,,,,,,77390523246093750000000000000000.000000,793.124912,success,,,"{""p2_amp"": ""10.000000"", ""p4_res"": ""2.000000"", ""p1_freq"": ""1.000000"", ""p3_spin"": ""0.100000""}",,t
567,hyper_lattice_shard_567,Hyper Lattice Shard #567,Hyper-Dimensional Grid,,,,,,,77390523246093750000000000000000.000000,793.124912,success,,,"{""p2_amp"": ""10.000000"", ""p4_res"": ""2.000000"", ""p1_freq"": ""1.000000"", ""p3_spin"": ""0.100000""}",,t
568,hyper_lattice_shard_568,Hyper Lattice Shard #568,Hyper-Dimensional Grid,,,,,,,77390523246093750000000000000000.000000,793.124912,success,,,"{""p2_amp"": ""10.000000"", ""p4_res"": ""2.000000"", ""p1_freq"": ""1.000000"", ""p3_spin"": ""0.100000""}",,t
569,hyper_lattice_shard_569,Hyper Lattice Shard #569,Hyper-Dimensional Grid,,,,,,,77390523246093750000000000000000.000000,793.124912,success,,,"{""p2_amp"": ""10.000000"", ""p4_res"": ""2.000000"", ""p1_freq"": ""1.000000"", ""p3_spin"": ""0.100000""}",,t
570,hyper_lattice_shard_570,Hyper Lattice Shard #570,Hyper-Dimensional Grid,,,,,,,77390523246093750000000000000000.000000,793.124912,success,,,"{""p2_amp"": ""10.000000"", ""p4_res"": ""2.000000"", ""p1_freq"": ""1.000000"", ""p3_spin"": ""0.100000""}",,t
571,hyper_lattice_shard_571,Hyper Lattice Shard #571,Hyper-Dimensional Grid,,,,,,,77390523246093750000000000000000.000000,793.124912,success,,,"{""p2_amp"": ""10.000000"", ""p4_res"": ""2.000000"", ""p1_freq"": ""1.000000"", ""p3_spin"": ""0.100000""}",,t
572,hyper_lattice_shard_572,Hyper Lattice Shard #572,Hyper-Dimensional Grid,,,,,,,77390523246093750000000000000000.000000,793.124912,success,,,"{""p2_amp"": ""10.000000"", ""p4_res"": ""2.000000"", ""p1_freq"": ""1.000000"", ""p3_spin"": ""0.100000""}",,t
573,hyper_lattice_shard_573,Hyper Lattice Shard #573,Hyper-Dimensional Grid,,,,,,,77390523246093750000000000000000.000000,793.124912,success,,,"{""p2_amp"": ""10.000000"", ""p4_res"": ""2.000000"", ""p1_freq"": ""1.000000"", ""p3_spin"": ""0.100000""}",,t
574,hyper_lattice_shard_574,Hyper Lattice Shard #574,Hyper-Dimensional Grid,,,,,,,77390523246093750000000000000000.000000,793.124912,success,,,"{""p2_amp"": ""10.000000"", ""p4_res"": ""2.000000"", ""p1_freq"": ""1.000000"", ""p3_spin"": ""0.100000""}",,t
575,hyper_lattice_shard_575,Hyper Lattice Shard #575,Hyper-Dimensional Grid,,,,,,,77390523246093750000000000000000.000000,793.124912,success,,,"{""p2_amp"": ""10.000000"", ""p4_res"": ""2.000000"", ""p1_freq"": ""1.000000"", ""p3_spin"": ""0.100000""}",,t
576,hyper_lattice_shard_576,Hyper Lattice Shard #576,Hyper-Dimensional Grid,,,,,,,77390523246093750000000000000000.000000,793.124912,success,,,"{""p2_amp"": ""10.000000"", ""p4_res"": ""2.000000"", ""p1_freq"": ""1.000000"", ""p3_spin"": ""0.100000""}",,t
577,hyper_lattice_shard_577,Hyper Lattice Shard #577,Hyper-Dimensional Grid,,,,,,,77390523246093750000000000000000.000000,793.124912,success,,,"{""p2_amp"": ""10.000000"", ""p4_res"": ""2.000000"", ""p1_freq"": ""1.000000"", ""p3_spin"": ""0.100000""}",,t
578,hyper_lattice_shard_578,Hyper Lattice Shard #578,Hyper-Dimensional Grid,,,,,,,77390523246093750000000000000000.000000,793.124912,success,,,"{""p2_amp"": ""10.000000"", ""p4_res"": ""2.000000"", ""p1_freq"": ""1.000000"", ""p3_spin"": ""0.100000""}",,t
579,hyper_lattice_shard_579,Hyper Lattice Shard #579,Hyper-Dimensional Grid,,,,,,,77390523246093750000000000000000.000000,793.124912,success,,,"{""p2_amp"": ""10.000000"", ""p4_res"": ""2.000000"", ""p1_freq"": ""1.000000"", ""p3_spin"": ""0.100000""}",,t
580,hyper_lattice_shard_580,Hyper Lattice Shard #580,Hyper-Dimensional Grid,,,,,,,77390523246093750000000000000000.000000,793.124912,success,,,"{""p2_amp"": ""10.000000"", ""p4_res"": ""2.000000"", ""p1_freq"": ""1.000000"", ""p3_spin"": ""0.100000""}",,t
581,hyper_lattice_shard_581,Hyper Lattice Shard #581,Hyper-Dimensional Grid,,,,,,,77390523246093750000000000000000.000000,793.124912,success,,,"{""p2_amp"": ""10.000000"", ""p4_res"": ""2.000000"", ""p1_freq"": ""1.000000"", ""p3_spin"": ""0.100000""}",,t
582,hyper_lattice_shard_582,Hyper Lattice Shard #582,Hyper-Dimensional Grid,,,,,,,77390523246093750000000000000000.000000,793.124912,success,,,"{""p2_amp"": ""10.000000"", ""p4_res"": ""2.000000"", ""p1_freq"": ""1.000000"", ""p3_spin"": ""0.100000""}",,t
583,hyper_lattice_shard_583,Hyper Lattice Shard #583,Hyper-Dimensional Grid,,,,,,,77390523246093750000000000000000.000000,793.124912,success,,,"{""p2_amp"": ""10.000000"", ""p4_res"": ""2.000000"", ""p1_freq"": ""1.000000"", ""p3_spin"": ""0.100000""}",,t
584,hyper_lattice_shard_584,Hyper Lattice Shard #584,Hyper-Dimensional Grid,,,,,,,77390523246093750000000000000000.000000,793.124912,success,,,"{""p2_amp"": ""10.000000"", ""p4_res"": ""2.000000"", ""p1_freq"": ""1.000000"", ""p3_spin"": ""0.100000""}",,t
585,hyper_lattice_shard_585,Hyper Lattice Shard #585,Hyper-Dimensional Grid,,,,,,,77390523246093750000000000000000.000000,793.124912,success,,,"{""p2_amp"": ""10.000000"", ""p4_res"": ""2.000000"", ""p1_freq"": ""1.000000"", ""p3_spin"": ""0.100000""}",,t
586,hyper_lattice_shard_586,Hyper Lattice Shard #586,Hyper-Dimensional Grid,,,,,,,77390523246093750000000000000000.000000,793.124912,success,,,"{""p2_amp"": ""10.000000"", ""p4_res"": ""2.000000"", ""p1_freq"": ""1.000000"", ""p3_spin"": ""0.100000""}",,t
587,hyper_lattice_shard_587,Hyper Lattice Shard #587,Hyper-Dimensional Grid,,,,,,,77390523246093750000000000000000.000000,793.124912,success,,,"{""p2_amp"": ""10.000000"", ""p4_res"": ""2.000000"", ""p1_freq"": ""1.000000"", ""p3_spin"": ""0.100000""}",,t
588,hyper_lattice_shard_588,Hyper Lattice Shard #588,Hyper-Dimensional Grid,,,,,,,77390523246093750000000000000000.000000,793.124912,success,,,"{""p2_amp"": ""10.000000"", ""p4_res"": ""2.000000"", ""p1_freq"": ""1.000000"", ""p3_spin"": ""0.100000""}",,t
589,hyper_lattice_shard_589,Hyper Lattice Shard #589,Hyper-Dimensional Grid,,,,,,,77390523246093750000000000000000.000000,793.124912,success,,,"{""p2_amp"": ""10.000000"", ""p4_res"": ""2.000000"", ""p1_freq"": ""1.000000"", ""p3_spin"": ""0.100000""}",,t
590,hyper_lattice_shard_590,Hyper Lattice Shard #590,Hyper-Dimensional Grid,,,,,,,77390523246093750000000000000000.000000,793.124912,success,,,"{""p2_amp"": ""10.000000"", ""p4_res"": ""2.000000"", ""p1_freq"": ""1.000000"", ""p3_spin"": ""0.100000""}",,t
591,hyper_lattice_shard_591,Hyper Lattice Shard #591,Hyper-Dimensional Grid,,,,,,,77390523246093750000000000000000.000000,793.124912,success,,,"{""p2_amp"": ""10.000000"", ""p4_res"": ""2.000000"", ""p1_freq"": ""1.000000"", ""p3_spin"": ""0.100000""}",,t
592,hyper_lattice_shard_592,Hyper Lattice Shard #592,Hyper-Dimensional Grid,,,,,,,77390523246093750000000000000000.000000,793.124912,success,,,"{""p2_amp"": ""10.000000"", ""p4_res"": ""2.000000"", ""p1_freq"": ""1.000000"", ""p3_spin"": ""0.100000""}",,t
593,hyper_lattice_shard_593,Hyper Lattice Shard #593,Hyper-Dimensional Grid,,,,,,,77390523246093750000000000000000.000000,793.124912,success,,,"{""p2_amp"": ""10.000000"", ""p4_res"": ""2.000000"", ""p1_freq"": ""1.000000"", ""p3_spin"": ""0.100000""}",,t
594,hyper_lattice_shard_594,Hyper Lattice Shard #594,Hyper-Dimensional Grid,,,,,,,77390523246093750000000000000000.000000,793.124912,success,,,"{""p2_amp"": ""10.000000"", ""p4_res"": ""2.000000"", ""p1_freq"": ""1.000000"", ""p3_spin"": ""0.100000""}",,t
595,hyper_lattice_shard_595,Hyper Lattice Shard #595,Hyper-Dimensional Grid,,,,,,,77390523246093750000000000000000.000000,793.124912,success,,,"{""p2_amp"": ""10.000000"", ""p4_res"": ""2.000000"", ""p1_freq"": ""1.000000"", ""p3_spin"": ""0.100000""}",,t
596,hyper_lattice_shard_596,Hyper Lattice Shard #596,Hyper-Dimensional Grid,,,,,,,77390523246093750000000000000000.000000,793.124912,success,,,"{""p2_amp"": ""10.000000"", ""p4_res"": ""2.000000"", ""p1_freq"": ""1.000000"", ""p3_spin"": ""0.100000""}",,t
597,hyper_lattice_shard_597,Hyper Lattice Shard #597,Hyper-Dimensional Grid,,,,,,,77390523246093750000000000000000.000000,793.124912,success,,,"{""p2_amp"": ""10.000000"", ""p4_res"": ""2.000000"", ""p1_freq"": ""1.000000"", ""p3_spin"": ""0.100000""}",,t
598,hyper_lattice_shard_598,Hyper Lattice Shard #598,Hyper-Dimensional Grid,,,,,,,77390523246093750000000000000000.000000,793.124912,success,,,"{""p2_amp"": ""10.000000"", ""p4_res"": ""2.000000"", ""p1_freq"": ""1.000000"", ""p3_spin"": ""0.100000""}",,t
599,hyper_lattice_shard_599,Hyper Lattice Shard #599,Hyper-Dimensional Grid,,,,,,,77390523246093750000000000000000.000000,793.124912,success,,,"{""p2_amp"": ""10.000000"", ""p4_res"": ""2.000000"", ""p1_freq"": ""1.000000"", ""p3_spin"": ""0.100000""}",,t
600,hyper_lattice_shard_600,Hyper Lattice Shard #600,Hyper-Dimensional Grid,,,,,,,77390523246093750000000000000000.000000,793.124912,success,,,"{""p2_amp"": ""10.000000"", ""p4_res"": ""2.000000"", ""p1_freq"": ""1.000000"", ""p3_spin"": ""0.100000""}",,t
601,hyper_lattice_shard_601,Hyper Lattice Shard #601,Hyper-Dimensional Grid,,,,,,,77390523246093750000000000000000.000000,793.124912,success,,,"{""p2_amp"": ""10.000000"", ""p4_res"": ""2.000000"", ""p1_freq"": ""1.000000"", ""p3_spin"": ""0.100000""}",,t
602,hyper_lattice_shard_602,Hyper Lattice Shard #602,Hyper-Dimensional Grid,,,,,,,77390523246093750000000000000000.000000,793.124912,success,,,"{""p2_amp"": ""10.000000"", ""p4_res"": ""2.000000"", ""p1_freq"": ""1.000000"", ""p3_spin"": ""0.100000""}",,t
603,hyper_lattice_shard_603,Hyper Lattice Shard #603,Hyper-Dimensional Grid,,,,,,,77390523246093750000000000000000.000000,793.124912,success,,,"{""p2_amp"": ""10.000000"", ""p4_res"": ""2.000000"", ""p1_freq"": ""1.000000"", ""p3_spin"": ""0.100000""}",,t
604,hyper_lattice_shard_604,Hyper Lattice Shard #604,Hyper-Dimensional Grid,,,,,,,77390523246093750000000000000000.000000,793.124912,success,,,"{""p2_amp"": ""10.000000"", ""p4_res"": ""2.000000"", ""p1_freq"": ""1.000000"", ""p3_spin"": ""0.100000""}",,t
605,hyper_lattice_shard_605,Hyper Lattice Shard #605,Hyper-Dimensional Grid,,,,,,,77390523246093750000000000000000.000000,793.124912,success,,,"{""p2_amp"": ""10.000000"", ""p4_res"": ""2.000000"", ""p1_freq"": ""1.000000"", ""p3_spin"": ""0.100000""}",,t
606,hyper_lattice_shard_606,Hyper Lattice Shard #606,Hyper-Dimensional Grid,,,,,,,77390523246093750000000000000000.000000,793.124912,success,,,"{""p2_amp"": ""10.000000"", ""p4_res"": ""2.000000"", ""p1_freq"": ""1.000000"", ""p3_spin"": ""0.100000""}",,t
607,hyper_lattice_shard_607,Hyper Lattice Shard #607,Hyper-Dimensional Grid,,,,,,,77390523246093750000000000000000.000000,793.124912,success,,,"{""p2_amp"": ""10.000000"", ""p4_res"": ""2.000000"", ""p1_freq"": ""1.000000"", ""p3_spin"": ""0.100000""}",,t
608,hyper_lattice_shard_608,Hyper Lattice Shard #608,Hyper-Dimensional Grid,,,,,,,77390523246093750000000000000000.000000,793.124912,success,,,"{""p2_amp"": ""10.000000"", ""p4_res"": ""2.000000"", ""p1_freq"": ""1.000000"", ""p3_spin"": ""0.100000""}",,t
609,hyper_lattice_shard_609,Hyper Lattice Shard #609,Hyper-Dimensional Grid,,,,,,,77390523246093750000000000000000.000000,793.124912,success,,,"{""p2_amp"": ""10.000000"", ""p4_res"": ""2.000000"", ""p1_freq"": ""1.000000"", ""p3_spin"": ""0.100000""}",,t
610,hyper_lattice_shard_610,Hyper Lattice Shard #610,Hyper-Dimensional Grid,,,,,,,77390523246093750000000000000000.000000,793.124912,success,,,"{""p2_amp"": ""10.000000"", ""p4_res"": ""2.000000"", ""p1_freq"": ""1.000000"", ""p3_spin"": ""0.100000""}",,t
611,hyper_lattice_shard_611,Hyper Lattice Shard #611,Hyper-Dimensional Grid,,,,,,,77390523246093750000000000000000.000000,793.124912,success,,,"{""p2_amp"": ""10.000000"", ""p4_res"": ""2.000000"", ""p1_freq"": ""1.000000"", ""p3_spin"": ""0.100000""}",,t
612,hyper_lattice_shard_612,Hyper Lattice Shard #612,Hyper-Dimensional Grid,,,,,,,77390523246093750000000000000000.000000,793.124912,success,,,"{""p2_amp"": ""10.000000"", ""p4_res"": ""2.000000"", ""p1_freq"": ""1.000000"", ""p3_spin"": ""0.100000""}",,t
613,hyper_lattice_shard_613,Hyper Lattice Shard #613,Hyper-Dimensional Grid,,,,,,,77390523246093750000000000000000.000000,793.124912,success,,,"{""p2_amp"": ""10.000000"", ""p4_res"": ""2.000000"", ""p1_freq"": ""1.000000"", ""p3_spin"": ""0.100000""}",,t
614,hyper_lattice_shard_614,Hyper Lattice Shard #614,Hyper-Dimensional Grid,,,,,,,77390523246093750000000000000000.000000,793.124912,success,,,"{""p2_amp"": ""10.000000"", ""p4_res"": ""2.000000"", ""p1_freq"": ""1.000000"", ""p3_spin"": ""0.100000""}",,t
615,hyper_lattice_shard_615,Hyper Lattice Shard #615,Hyper-Dimensional Grid,,,,,,,77390523246093750000000000000000.000000,793.124912,success,,,"{""p2_amp"": ""10.000000"", ""p4_res"": ""2.000000"", ""p1_freq"": ""1.000000"", ""p3_spin"": ""0.100000""}",,t
616,hyper_lattice_shard_616,Hyper Lattice Shard #616,Hyper-Dimensional Grid,,,,,,,77390523246093750000000000000000.000000,793.124912,success,,,"{""p2_amp"": ""10.000000"", ""p4_res"": ""2.000000"", ""p1_freq"": ""1.000000"", ""p3_spin"": ""0.100000""}",,t
617,hyper_lattice_shard_617,Hyper Lattice Shard #617,Hyper-Dimensional Grid,,,,,,,77390523246093750000000000000000.000000,793.124912,success,,,"{""p2_amp"": ""10.000000"", ""p4_res"": ""2.000000"", ""p1_freq"": ""1.000000"", ""p3_spin"": ""0.100000""}",,t
618,hyper_lattice_shard_618,Hyper Lattice Shard #618,Hyper-Dimensional Grid,,,,,,,77390523246093750000000000000000.000000,793.124912,success,,,"{""p2_amp"": ""10.000000"", ""p4_res"": ""2.000000"", ""p1_freq"": ""1.000000"", ""p3_spin"": ""0.100000""}",,t
619,hyper_lattice_shard_619,Hyper Lattice Shard #619,Hyper-Dimensional Grid,,,,,,,77390523246093750000000000000000.000000,793.124912,success,,,"{""p2_amp"": ""10.000000"", ""p4_res"": ""2.000000"", ""p1_freq"": ""1.000000"", ""p3_spin"": ""0.100000""}",,t
620,hyper_lattice_shard_620,Hyper Lattice Shard #620,Hyper-Dimensional Grid,,,,,,,77390523246093750000000000000000.000000,793.124912,success,,,"{""p2_amp"": ""10.000000"", ""p4_res"": ""2.000000"", ""p1_freq"": ""1.000000"", ""p3_spin"": ""0.100000""}",,t
621,hyper_lattice_shard_621,Hyper Lattice Shard #621,Hyper-Dimensional Grid,,,,,,,77390523246093750000000000000000.000000,793.124912,success,,,"{""p2_amp"": ""10.000000"", ""p4_res"": ""2.000000"", ""p1_freq"": ""1.000000"", ""p3_spin"": ""0.100000""}",,t
622,hyper_lattice_shard_622,Hyper Lattice Shard #622,Hyper-Dimensional Grid,,,,,,,77390523246093750000000000000000.000000,793.124912,success,,,"{""p2_amp"": ""10.000000"", ""p4_res"": ""2.000000"", ""p1_freq"": ""1.000000"", ""p3_spin"": ""0.100000""}",,t
623,hyper_lattice_shard_623,Hyper Lattice Shard #623,Hyper-Dimensional Grid,,,,,,,77390523246093750000000000000000.000000,793.124912,success,,,"{""p2_amp"": ""10.000000"", ""p4_res"": ""2.000000"", ""p1_freq"": ""1.000000"", ""p3_spin"": ""0.100000""}",,t
624,hyper_lattice_shard_624,Hyper Lattice Shard #624,Hyper-Dimensional Grid,,,,,,,77390523246093750000000000000000.000000,793.124912,success,,,"{""p2_amp"": ""10.000000"", ""p4_res"": ""2.000000"", ""p1_freq"": ""1.000000"", ""p3_spin"": ""0.100000""}",,t
625,hyper_lattice_shard_625,Hyper Lattice Shard #625,Hyper-Dimensional Grid,,,,,,,77390523246093750000000000000000.000000,793.124912,success,,,"{""p2_amp"": ""10.000000"", ""p4_res"": ""2.000000"", ""p1_freq"": ""1.000000"", ""p3_spin"": ""0.100000""}",,t
626,hyper_lattice_shard_626,Hyper Lattice Shard #626,Hyper-Dimensional Grid,,,,,,,77390523246093750000000000000000.000000,793.124912,success,,,"{""p2_amp"": ""10.000000"", ""p4_res"": ""2.000000"", ""p1_freq"": ""1.000000"", ""p3_spin"": ""0.100000""}",,t
627,hyper_lattice_shard_627,Hyper Lattice Shard #627,Hyper-Dimensional Grid,,,,,,,77390523246093750000000000000000.000000,793.124912,success,,,"{""p2_amp"": ""10.000000"", ""p4_res"": ""2.000000"", ""p1_freq"": ""1.000000"", ""p3_spin"": ""0.100000""}",,t
628,hyper_lattice_shard_628,Hyper Lattice Shard #628,Hyper-Dimensional Grid,,,,,,,77390523246093750000000000000000.000000,793.124912,success,,,"{""p2_amp"": ""10.000000"", ""p4_res"": ""2.000000"", ""p1_freq"": ""1.000000"", ""p3_spin"": ""0.100000""}",,t
629,hyper_lattice_shard_629,Hyper Lattice Shard #629,Hyper-Dimensional Grid,,,,,,,77390523246093750000000000000000.000000,793.124912,success,,,"{""p2_amp"": ""10.000000"", ""p4_res"": ""2.000000"", ""p1_freq"": ""1.000000"", ""p3_spin"": ""0.100000""}",,t
630,hyper_lattice_shard_630,Hyper Lattice Shard #630,Hyper-Dimensional Grid,,,,,,,77390523246093750000000000000000.000000,793.124912,success,,,"{""p2_amp"": ""10.000000"", ""p4_res"": ""2.000000"", ""p1_freq"": ""1.000000"", ""p3_spin"": ""0.100000""}",,t
631,hyper_lattice_shard_631,Hyper Lattice Shard #631,Hyper-Dimensional Grid,,,,,,,77390523246093750000000000000000.000000,793.124912,success,,,"{""p2_amp"": ""10.000000"", ""p4_res"": ""2.000000"", ""p1_freq"": ""1.000000"", ""p3_spin"": ""0.100000""}",,t
632,hyper_lattice_shard_632,Hyper Lattice Shard #632,Hyper-Dimensional Grid,,,,,,,77390523246093750000000000000000.000000,793.124912,success,,,"{""p2_amp"": ""10.000000"", ""p4_res"": ""2.000000"", ""p1_freq"": ""1.000000"", ""p3_spin"": ""0.100000""}",,t
633,hyper_lattice_shard_633,Hyper Lattice Shard #633,Hyper-Dimensional Grid,,,,,,,77390523246093750000000000000000.000000,793.124912,success,,,"{""p2_amp"": ""10.000000"", ""p4_res"": ""2.000000"", ""p1_freq"": ""1.000000"", ""p3_spin"": ""0.100000""}",,t
634,hyper_lattice_shard_634,Hyper Lattice Shard #634,Hyper-Dimensional Grid,,,,,,,77390523246093750000000000000000.000000,793.124912,success,,,"{""p2_amp"": ""10.000000"", ""p4_res"": ""2.000000"", ""p1_freq"": ""1.000000"", ""p3_spin"": ""0.100000""}",,t
635,hyper_lattice_shard_635,Hyper Lattice Shard #635,Hyper-Dimensional Grid,,,,,,,77390523246093750000000000000000.000000,793.124912,success,,,"{""p2_amp"": ""10.000000"", ""p4_res"": ""2.000000"", ""p1_freq"": ""1.000000"", ""p3_spin"": ""0.100000""}",,t
636,hyper_lattice_shard_636,Hyper Lattice Shard #636,Hyper-Dimensional Grid,,,,,,,77390523246093750000000000000000.000000,793.124912,success,,,"{""p2_amp"": ""10.000000"", ""p4_res"": ""2.000000"", ""p1_freq"": ""1.000000"", ""p3_spin"": ""0.100000""}",,t
637,hyper_lattice_shard_637,Hyper Lattice Shard #637,Hyper-Dimensional Grid,,,,,,,77390523246093750000000000000000.000000,793.124912,success,,,"{""p2_amp"": ""10.000000"", ""p4_res"": ""2.000000"", ""p1_freq"": ""1.000000"", ""p3_spin"": ""0.100000""}",,t
638,hyper_lattice_shard_638,Hyper Lattice Shard #638,Hyper-Dimensional Grid,,,,,,,77390523246093750000000000000000.000000,793.124912,success,,,"{""p2_amp"": ""10.000000"", ""p4_res"": ""2.000000"", ""p1_freq"": ""1.000000"", ""p3_spin"": ""0.100000""}",,t
639,hyper_lattice_shard_639,Hyper Lattice Shard #639,Hyper-Dimensional Grid,,,,,,,77390523246093750000000000000000.000000,793.124912,success,,,"{""p2_amp"": ""10.000000"", ""p4_res"": ""2.000000"", ""p1_freq"": ""1.000000"", ""p3_spin"": ""0.100000""}",,t
640,hyper_lattice_shard_640,Hyper Lattice Shard #640,Hyper-Dimensional Grid,,,,,,,77390523246093750000000000000000.000000,793.124912,success,,,"{""p2_amp"": ""10.000000"", ""p4_res"": ""2.000000"", ""p1_freq"": ""1.000000"", ""p3_spin"": ""0.100000""}",,t
641,hyper_lattice_shard_641,Hyper Lattice Shard #641,Hyper-Dimensional Grid,,,,,,,77390523246093750000000000000000.000000,793.124912,success,,,"{""p2_amp"": ""10.000000"", ""p4_res"": ""2.000000"", ""p1_freq"": ""1.000000"", ""p3_spin"": ""0.100000""}",,t
642,hyper_lattice_shard_642,Hyper Lattice Shard #642,Hyper-Dimensional Grid,,,,,,,77390523246093750000000000000000.000000,793.124912,success,,,"{""p2_amp"": ""10.000000"", ""p4_res"": ""2.000000"", ""p1_freq"": ""1.000000"", ""p3_spin"": ""0.100000""}",,t
643,hyper_lattice_shard_643,Hyper Lattice Shard #643,Hyper-Dimensional Grid,,,,,,,77390523246093750000000000000000.000000,793.124912,success,,,"{""p2_amp"": ""10.000000"", ""p4_res"": ""2.000000"", ""p1_freq"": ""1.000000"", ""p3_spin"": ""0.100000""}",,t
644,hyper_lattice_shard_644,Hyper Lattice Shard #644,Hyper-Dimensional Grid,,,,,,,77390523246093750000000000000000.000000,793.124912,success,,,"{""p2_amp"": ""10.000000"", ""p4_res"": ""2.000000"", ""p1_freq"": ""1.000000"", ""p3_spin"": ""0.100000""}",,t
645,hyper_lattice_shard_645,Hyper Lattice Shard #645,Hyper-Dimensional Grid,,,,,,,77390523246093750000000000000000.000000,793.124912,success,,,"{""p2_amp"": ""10.000000"", ""p4_res"": ""2.000000"", ""p1_freq"": ""1.000000"", ""p3_spin"": ""0.100000""}",,t
646,hyper_lattice_shard_646,Hyper Lattice Shard #646,Hyper-Dimensional Grid,,,,,,,77390523246093750000000000000000.000000,793.124912,success,,,"{""p2_amp"": ""10.000000"", ""p4_res"": ""2.000000"", ""p1_freq"": ""1.000000"", ""p3_spin"": ""0.100000""}",,t
647,hyper_lattice_shard_647,Hyper Lattice Shard #647,Hyper-Dimensional Grid,,,,,,,77390523246093750000000000000000.000000,793.124912,success,,,"{""p2_amp"": ""10.000000"", ""p4_res"": ""2.000000"", ""p1_freq"": ""1.000000"", ""p3_spin"": ""0.100000""}",,t
648,hyper_lattice_shard_648,Hyper Lattice Shard #648,Hyper-Dimensional Grid,,,,,,,77390523246093750000000000000000.000000,793.124912,success,,,"{""p2_amp"": ""10.000000"", ""p4_res"": ""2.000000"", ""p1_freq"": ""1.000000"", ""p3_spin"": ""0.100000""}",,t
649,hyper_lattice_shard_649,Hyper Lattice Shard #649,Hyper-Dimensional Grid,,,,,,,77390523246093750000000000000000.000000,793.124912,success,,,"{""p2_amp"": ""10.000000"", ""p4_res"": ""2.000000"", ""p1_freq"": ""1.000000"", ""p3_spin"": ""0.100000""}",,t
650,hyper_lattice_shard_650,Hyper Lattice Shard #650,Hyper-Dimensional Grid,,,,,,,77390523246093750000000000000000.000000,793.124912,success,,,"{""p2_amp"": ""10.000000"", ""p4_res"": ""2.000000"", ""p1_freq"": ""1.000000"", ""p3_spin"": ""0.100000""}",,t
651,hyper_lattice_shard_651,Hyper Lattice Shard #651,Hyper-Dimensional Grid,,,,,,,77390523246093750000000000000000.000000,793.124912,success,,,"{""p2_amp"": ""10.000000"", ""p4_res"": ""2.000000"", ""p1_freq"": ""1.000000"", ""p3_spin"": ""0.100000""}",,t
652,hyper_lattice_shard_652,Hyper Lattice Shard #652,Hyper-Dimensional Grid,,,,,,,77390523246093750000000000000000.000000,793.124912,success,,,"{""p2_amp"": ""10.000000"", ""p4_res"": ""2.000000"", ""p1_freq"": ""1.000000"", ""p3_spin"": ""0.100000""}",,t
653,hyper_lattice_shard_653,Hyper Lattice Shard #653,Hyper-Dimensional Grid,,,,,,,77390523246093750000000000000000.000000,793.124912,success,,,"{""p2_amp"": ""10.000000"", ""p4_res"": ""2.000000"", ""p1_freq"": ""1.000000"", ""p3_spin"": ""0.100000""}",,t
654,hyper_lattice_shard_654,Hyper Lattice Shard #654,Hyper-Dimensional Grid,,,,,,,77390523246093750000000000000000.000000,793.124912,success,,,"{""p2_amp"": ""10.000000"", ""p4_res"": ""2.000000"", ""p1_freq"": ""1.000000"", ""p3_spin"": ""0.100000""}",,t
655,hyper_lattice_shard_655,Hyper Lattice Shard #655,Hyper-Dimensional Grid,,,,,,,77390523246093750000000000000000.000000,793.124912,success,,,"{""p2_amp"": ""10.000000"", ""p4_res"": ""2.000000"", ""p1_freq"": ""1.000000"", ""p3_spin"": ""0.100000""}",,t
656,hyper_lattice_shard_656,Hyper Lattice Shard #656,Hyper-Dimensional Grid,,,,,,,77390523246093750000000000000000.000000,793.124912,success,,,"{""p2_amp"": ""10.000000"", ""p4_res"": ""2.000000"", ""p1_freq"": ""1.000000"", ""p3_spin"": ""0.100000""}",,t
657,hyper_lattice_shard_657,Hyper Lattice Shard #657,Hyper-Dimensional Grid,,,,,,,77390523246093750000000000000000.000000,793.124912,success,,,"{""p2_amp"": ""10.000000"", ""p4_res"": ""2.000000"", ""p1_freq"": ""1.000000"", ""p3_spin"": ""0.100000""}",,t
658,hyper_lattice_shard_658,Hyper Lattice Shard #658,Hyper-Dimensional Grid,,,,,,,77390523246093750000000000000000.000000,793.124912,success,,,"{""p2_amp"": ""10.000000"", ""p4_res"": ""2.000000"", ""p1_freq"": ""1.000000"", ""p3_spin"": ""0.100000""}",,t
659,hyper_lattice_shard_659,Hyper Lattice Shard #659,Hyper-Dimensional Grid,,,,,,,77390523246093750000000000000000.000000,793.124912,success,,,"{""p2_amp"": ""10.000000"", ""p4_res"": ""2.000000"", ""p1_freq"": ""1.000000"", ""p3_spin"": ""0.100000""}",,t
660,hyper_lattice_shard_660,Hyper Lattice Shard #660,Hyper-Dimensional Grid,,,,,,,77390523246093750000000000000000.000000,793.124912,success,,,"{""p2_amp"": ""10.000000"", ""p4_res"": ""2.000000"", ""p1_freq"": ""1.000000"", ""p3_spin"": ""0.100000""}",,t
661,hyper_lattice_shard_661,Hyper Lattice Shard #661,Hyper-Dimensional Grid,,,,,,,77390523246093750000000000000000.000000,793.124912,success,,,"{""p2_amp"": ""10.000000"", ""p4_res"": ""2.000000"", ""p1_freq"": ""1.000000"", ""p3_spin"": ""0.100000""}",,t
662,hyper_lattice_shard_662,Hyper Lattice Shard #662,Hyper-Dimensional Grid,,,,,,,77390523246093750000000000000000.000000,793.124912,success,,,"{""p2_amp"": ""10.000000"", ""p4_res"": ""2.000000"", ""p1_freq"": ""1.000000"", ""p3_spin"": ""0.100000""}",,t
663,hyper_lattice_shard_663,Hyper Lattice Shard #663,Hyper-Dimensional Grid,,,,,,,77390523246093750000000000000000.000000,793.124912,success,,,"{""p2_amp"": ""10.000000"", ""p4_res"": ""2.000000"", ""p1_freq"": ""1.000000"", ""p3_spin"": ""0.100000""}",,t
664,hyper_lattice_shard_664,Hyper Lattice Shard #664,Hyper-Dimensional Grid,,,,,,,77390523246093750000000000000000.000000,793.124912,success,,,"{""p2_amp"": ""10.000000"", ""p4_res"": ""2.000000"", ""p1_freq"": ""1.000000"", ""p3_spin"": ""0.100000""}",,t
665,hyper_lattice_shard_665,Hyper Lattice Shard #665,Hyper-Dimensional Grid,,,,,,,77390523246093750000000000000000.000000,793.124912,success,,,"{""p2_amp"": ""10.000000"", ""p4_res"": ""2.000000"", ""p1_freq"": ""1.000000"", ""p3_spin"": ""0.100000""}",,t
666,hyper_lattice_shard_666,Hyper Lattice Shard #666,Hyper-Dimensional Grid,,,,,,,77390523246093750000000000000000.000000,793.124912,success,,,"{""p2_amp"": ""10.000000"", ""p4_res"": ""2.000000"", ""p1_freq"": ""1.000000"", ""p3_spin"": ""0.100000""}",,t
667,hyper_lattice_shard_667,Hyper Lattice Shard #667,Hyper-Dimensional Grid,,,,,,,77390523246093750000000000000000.000000,793.124912,success,,,"{""p2_amp"": ""10.000000"", ""p4_res"": ""2.000000"", ""p1_freq"": ""1.000000"", ""p3_spin"": ""0.100000""}",,t
668,hyper_lattice_shard_668,Hyper Lattice Shard #668,Hyper-Dimensional Grid,,,,,,,77390523246093750000000000000000.000000,793.124912,success,,,"{""p2_amp"": ""10.000000"", ""p4_res"": ""2.000000"", ""p1_freq"": ""1.000000"", ""p3_spin"": ""0.100000""}",,t
669,hyper_lattice_shard_669,Hyper Lattice Shard #669,Hyper-Dimensional Grid,,,,,,,77390523246093750000000000000000.000000,793.124912,success,,,"{""p2_amp"": ""10.000000"", ""p4_res"": ""2.000000"", ""p1_freq"": ""1.000000"", ""p3_spin"": ""0.100000""}",,t
670,hyper_lattice_shard_670,Hyper Lattice Shard #670,Hyper-Dimensional Grid,,,,,,,77390523246093750000000000000000.000000,793.124912,success,,,"{""p2_amp"": ""10.000000"", ""p4_res"": ""2.000000"", ""p1_freq"": ""1.000000"", ""p3_spin"": ""0.100000""}",,t
671,hyper_lattice_shard_671,Hyper Lattice Shard #671,Hyper-Dimensional Grid,,,,,,,77390523246093750000000000000000.000000,793.124912,success,,,"{""p2_amp"": ""10.000000"", ""p4_res"": ""2.000000"", ""p1_freq"": ""1.000000"", ""p3_spin"": ""0.100000""}",,t
672,hyper_lattice_shard_672,Hyper Lattice Shard #672,Hyper-Dimensional Grid,,,,,,,77390523246093750000000000000000.000000,793.124912,success,,,"{""p2_amp"": ""10.000000"", ""p4_res"": ""2.000000"", ""p1_freq"": ""1.000000"", ""p3_spin"": ""0.100000""}",,t
673,hyper_lattice_shard_673,Hyper Lattice Shard #673,Hyper-Dimensional Grid,,,,,,,77390523246093750000000000000000.000000,793.124912,success,,,"{""p2_amp"": ""10.000000"", ""p4_res"": ""2.000000"", ""p1_freq"": ""1.000000"", ""p3_spin"": ""0.100000""}",,t
674,hyper_lattice_shard_674,Hyper Lattice Shard #674,Hyper-Dimensional Grid,,,,,,,77390523246093750000000000000000.000000,793.124912,success,,,"{""p2_amp"": ""10.000000"", ""p4_res"": ""2.000000"", ""p1_freq"": ""1.000000"", ""p3_spin"": ""0.100000""}",,t
675,hyper_lattice_shard_675,Hyper Lattice Shard #675,Hyper-Dimensional Grid,,,,,,,77390523246093750000000000000000.000000,793.124912,success,,,"{""p2_amp"": ""10.000000"", ""p4_res"": ""2.000000"", ""p1_freq"": ""1.000000"", ""p3_spin"": ""0.100000""}",,t
676,hyper_lattice_shard_676,Hyper Lattice Shard #676,Hyper-Dimensional Grid,,,,,,,77390523246093750000000000000000.000000,793.124912,success,,,"{""p2_amp"": ""10.000000"", ""p4_res"": ""2.000000"", ""p1_freq"": ""1.000000"", ""p3_spin"": ""0.100000""}",,t
677,hyper_lattice_shard_677,Hyper Lattice Shard #677,Hyper-Dimensional Grid,,,,,,,77390523246093750000000000000000.000000,793.124912,success,,,"{""p2_amp"": ""10.000000"", ""p4_res"": ""2.000000"", ""p1_freq"": ""1.000000"", ""p3_spin"": ""0.100000""}",,t
678,hyper_lattice_shard_678,Hyper Lattice Shard #678,Hyper-Dimensional Grid,,,,,,,77390523246093750000000000000000.000000,793.124912,success,,,"{""p2_amp"": ""10.000000"", ""p4_res"": ""2.000000"", ""p1_freq"": ""1.000000"", ""p3_spin"": ""0.100000""}",,t
679,hyper_lattice_shard_679,Hyper Lattice Shard #679,Hyper-Dimensional Grid,,,,,,,77390523246093750000000000000000.000000,793.124912,success,,,"{""p2_amp"": ""10.000000"", ""p4_res"": ""2.000000"", ""p1_freq"": ""1.000000"", ""p3_spin"": ""0.100000""}",,t
680,hyper_lattice_shard_680,Hyper Lattice Shard #680,Hyper-Dimensional Grid,,,,,,,77390523246093750000000000000000.000000,793.124912,success,,,"{""p2_amp"": ""10.000000"", ""p4_res"": ""2.000000"", ""p1_freq"": ""1.000000"", ""p3_spin"": ""0.100000""}",,t
681,hyper_lattice_shard_681,Hyper Lattice Shard #681,Hyper-Dimensional Grid,,,,,,,77390523246093750000000000000000.000000,793.124912,success,,,"{""p2_amp"": ""10.000000"", ""p4_res"": ""2.000000"", ""p1_freq"": ""1.000000"", ""p3_spin"": ""0.100000""}",,t
682,hyper_lattice_shard_682,Hyper Lattice Shard #682,Hyper-Dimensional Grid,,,,,,,77390523246093750000000000000000.000000,793.124912,success,,,"{""p2_amp"": ""10.000000"", ""p4_res"": ""2.000000"", ""p1_freq"": ""1.000000"", ""p3_spin"": ""0.100000""}",,t
683,hyper_lattice_shard_683,Hyper Lattice Shard #683,Hyper-Dimensional Grid,,,,,,,77390523246093750000000000000000.000000,793.124912,success,,,"{""p2_amp"": ""10.000000"", ""p4_res"": ""2.000000"", ""p1_freq"": ""1.000000"", ""p3_spin"": ""0.100000""}",,t
684,hyper_lattice_shard_684,Hyper Lattice Shard #684,Hyper-Dimensional Grid,,,,,,,77390523246093750000000000000000.000000,793.124912,success,,,"{""p2_amp"": ""10.000000"", ""p4_res"": ""2.000000"", ""p1_freq"": ""1.000000"", ""p3_spin"": ""0.100000""}",,t
685,hyper_lattice_shard_685,Hyper Lattice Shard #685,Hyper-Dimensional Grid,,,,,,,77390523246093750000000000000000.000000,793.124912,success,,,"{""p2_amp"": ""10.000000"", ""p4_res"": ""2.000000"", ""p1_freq"": ""1.000000"", ""p3_spin"": ""0.100000""}",,t
686,hyper_lattice_shard_686,Hyper Lattice Shard #686,Hyper-Dimensional Grid,,,,,,,77390523246093750000000000000000.000000,793.124912,success,,,"{""p2_amp"": ""10.000000"", ""p4_res"": ""2.000000"", ""p1_freq"": ""1.000000"", ""p3_spin"": ""0.100000""}",,t
687,hyper_lattice_shard_687,Hyper Lattice Shard #687,Hyper-Dimensional Grid,,,,,,,77390523246093750000000000000000.000000,793.124912,success,,,"{""p2_amp"": ""10.000000"", ""p4_res"": ""2.000000"", ""p1_freq"": ""1.000000"", ""p3_spin"": ""0.100000""}",,t
688,hyper_lattice_shard_688,Hyper Lattice Shard #688,Hyper-Dimensional Grid,,,,,,,77390523246093750000000000000000.000000,793.124912,success,,,"{""p2_amp"": ""10.000000"", ""p4_res"": ""2.000000"", ""p1_freq"": ""1.000000"", ""p3_spin"": ""0.100000""}",,t
689,hyper_lattice_shard_689,Hyper Lattice Shard #689,Hyper-Dimensional Grid,,,,,,,77390523246093750000000000000000.000000,793.124912,success,,,"{""p2_amp"": ""10.000000"", ""p4_res"": ""2.000000"", ""p1_freq"": ""1.000000"", ""p3_spin"": ""0.100000""}",,t
690,hyper_lattice_shard_690,Hyper Lattice Shard #690,Hyper-Dimensional Grid,,,,,,,77390523246093750000000000000000.000000,793.124912,success,,,"{""p2_amp"": ""10.000000"", ""p4_res"": ""2.000000"", ""p1_freq"": ""1.000000"", ""p3_spin"": ""0.100000""}",,t
691,hyper_lattice_shard_691,Hyper Lattice Shard #691,Hyper-Dimensional Grid,,,,,,,77390523246093750000000000000000.000000,793.124912,success,,,"{""p2_amp"": ""10.000000"", ""p4_res"": ""2.000000"", ""p1_freq"": ""1.000000"", ""p3_spin"": ""0.100000""}",,t
692,hyper_lattice_shard_692,Hyper Lattice Shard #692,Hyper-Dimensional Grid,,,,,,,77390523246093750000000000000000.000000,793.124912,success,,,"{""p2_amp"": ""10.000000"", ""p4_res"": ""2.000000"", ""p1_freq"": ""1.000000"", ""p3_spin"": ""0.100000""}",,t
693,hyper_lattice_shard_693,Hyper Lattice Shard #693,Hyper-Dimensional Grid,,,,,,,77390523246093750000000000000000.000000,793.124912,success,,,"{""p2_amp"": ""10.000000"", ""p4_res"": ""2.000000"", ""p1_freq"": ""1.000000"", ""p3_spin"": ""0.100000""}",,t
694,hyper_lattice_shard_694,Hyper Lattice Shard #694,Hyper-Dimensional Grid,,,,,,,77390523246093750000000000000000.000000,793.124912,success,,,"{""p2_amp"": ""10.000000"", ""p4_res"": ""2.000000"", ""p1_freq"": ""1.000000"", ""p3_spin"": ""0.100000""}",,t
695,hyper_lattice_shard_695,Hyper Lattice Shard #695,Hyper-Dimensional Grid,,,,,,,77390523246093750000000000000000.000000,793.124912,success,,,"{""p2_amp"": ""10.000000"", ""p4_res"": ""2.000000"", ""p1_freq"": ""1.000000"", ""p3_spin"": ""0.100000""}",,t
696,hyper_lattice_shard_696,Hyper Lattice Shard #696,Hyper-Dimensional Grid,,,,,,,77390523246093750000000000000000.000000,793.124912,success,,,"{""p2_amp"": ""10.000000"", ""p4_res"": ""2.000000"", ""p1_freq"": ""1.000000"", ""p3_spin"": ""0.100000""}",,t
697,hyper_lattice_shard_697,Hyper Lattice Shard #697,Hyper-Dimensional Grid,,,,,,,77390523246093750000000000000000.000000,793.124912,success,,,"{""p2_amp"": ""10.000000"", ""p4_res"": ""2.000000"", ""p1_freq"": ""1.000000"", ""p3_spin"": ""0.100000""}",,t
698,hyper_lattice_shard_698,Hyper Lattice Shard #698,Hyper-Dimensional Grid,,,,,,,77390523246093750000000000000000.000000,793.124912,success,,,"{""p2_amp"": ""10.000000"", ""p4_res"": ""2.000000"", ""p1_freq"": ""1.000000"", ""p3_spin"": ""0.100000""}",,t
699,hyper_lattice_shard_699,Hyper Lattice Shard #699,Hyper-Dimensional Grid,,,,,,,77390523246093750000000000000000.000000,793.124912,success,,,"{""p2_amp"": ""10.000000"", ""p4_res"": ""2.000000"", ""p1_freq"": ""1.000000"", ""p3_spin"": ""0.100000""}",,t
700,hyper_lattice_shard_700,Hyper Lattice Shard #700,Hyper-Dimensional Grid,,,,,,,77390523246093750000000000000000.000000,793.124912,success,,,"{""p2_amp"": ""10.000000"", ""p4_res"": ""2.000000"", ""p1_freq"": ""1.000000"", ""p3_spin"": ""0.100000""}",,t
701,hyper_lattice_shard_701,Hyper Lattice Shard #701,Hyper-Dimensional Grid,,,,,,,77390523246093750000000000000000.000000,793.124912,success,,,"{""p2_amp"": ""10.000000"", ""p4_res"": ""2.000000"", ""p1_freq"": ""1.000000"", ""p3_spin"": ""0.100000""}",,t
702,hyper_lattice_shard_702,Hyper Lattice Shard #702,Hyper-Dimensional Grid,,,,,,,77390523246093750000000000000000.000000,793.124912,success,,,"{""p2_amp"": ""10.000000"", ""p4_res"": ""2.000000"", ""p1_freq"": ""1.000000"", ""p3_spin"": ""0.100000""}",,t
703,hyper_lattice_shard_703,Hyper Lattice Shard #703,Hyper-Dimensional Grid,,,,,,,77390523246093750000000000000000.000000,793.124912,success,,,"{""p2_amp"": ""10.000000"", ""p4_res"": ""2.000000"", ""p1_freq"": ""1.000000"", ""p3_spin"": ""0.100000""}",,t
704,hyper_lattice_shard_704,Hyper Lattice Shard #704,Hyper-Dimensional Grid,,,,,,,77390523246093750000000000000000.000000,793.124912,success,,,"{""p2_amp"": ""10.000000"", ""p4_res"": ""2.000000"", ""p1_freq"": ""1.000000"", ""p3_spin"": ""0.100000""}",,t
705,hyper_lattice_shard_705,Hyper Lattice Shard #705,Hyper-Dimensional Grid,,,,,,,77390523246093750000000000000000.000000,793.124912,success,,,"{""p2_amp"": ""10.000000"", ""p4_res"": ""2.000000"", ""p1_freq"": ""1.000000"", ""p3_spin"": ""0.100000""}",,t
706,hyper_lattice_shard_706,Hyper Lattice Shard #706,Hyper-Dimensional Grid,,,,,,,77390523246093750000000000000000.000000,793.124912,success,,,"{""p2_amp"": ""10.000000"", ""p4_res"": ""2.000000"", ""p1_freq"": ""1.000000"", ""p3_spin"": ""0.100000""}",,t
707,hyper_lattice_shard_707,Hyper Lattice Shard #707,Hyper-Dimensional Grid,,,,,,,77390523246093750000000000000000.000000,793.124912,success,,,"{""p2_amp"": ""10.000000"", ""p4_res"": ""2.000000"", ""p1_freq"": ""1.000000"", ""p3_spin"": ""0.100000""}",,t
708,hyper_lattice_shard_708,Hyper Lattice Shard #708,Hyper-Dimensional Grid,,,,,,,77390523246093750000000000000000.000000,793.124912,success,,,"{""p2_amp"": ""10.000000"", ""p4_res"": ""2.000000"", ""p1_freq"": ""1.000000"", ""p3_spin"": ""0.100000""}",,t
709,hyper_lattice_shard_709,Hyper Lattice Shard #709,Hyper-Dimensional Grid,,,,,,,77390523246093750000000000000000.000000,793.124912,success,,,"{""p2_amp"": ""10.000000"", ""p4_res"": ""2.000000"", ""p1_freq"": ""1.000000"", ""p3_spin"": ""0.100000""}",,t
710,hyper_lattice_shard_710,Hyper Lattice Shard #710,Hyper-Dimensional Grid,,,,,,,77390523246093750000000000000000.000000,793.124912,success,,,"{""p2_amp"": ""10.000000"", ""p4_res"": ""2.000000"", ""p1_freq"": ""1.000000"", ""p3_spin"": ""0.100000""}",,t
711,hyper_lattice_shard_711,Hyper Lattice Shard #711,Hyper-Dimensional Grid,,,,,,,77390523246093750000000000000000.000000,793.124912,success,,,"{""p2_amp"": ""10.000000"", ""p4_res"": ""2.000000"", ""p1_freq"": ""1.000000"", ""p3_spin"": ""0.100000""}",,t
712,hyper_lattice_shard_712,Hyper Lattice Shard #712,Hyper-Dimensional Grid,,,,,,,77390523246093750000000000000000.000000,793.124912,success,,,"{""p2_amp"": ""10.000000"", ""p4_res"": ""2.000000"", ""p1_freq"": ""1.000000"", ""p3_spin"": ""0.100000""}",,t
713,hyper_lattice_shard_713,Hyper Lattice Shard #713,Hyper-Dimensional Grid,,,,,,,77390523246093750000000000000000.000000,793.124912,success,,,"{""p2_amp"": ""10.000000"", ""p4_res"": ""2.000000"", ""p1_freq"": ""1.000000"", ""p3_spin"": ""0.100000""}",,t
714,hyper_lattice_shard_714,Hyper Lattice Shard #714,Hyper-Dimensional Grid,,,,,,,77390523246093750000000000000000.000000,793.124912,success,,,"{""p2_amp"": ""10.000000"", ""p4_res"": ""2.000000"", ""p1_freq"": ""1.000000"", ""p3_spin"": ""0.100000""}",,t
715,hyper_lattice_shard_715,Hyper Lattice Shard #715,Hyper-Dimensional Grid,,,,,,,77390523246093750000000000000000.000000,793.124912,success,,,"{""p2_amp"": ""10.000000"", ""p4_res"": ""2.000000"", ""p1_freq"": ""1.000000"", ""p3_spin"": ""0.100000""}",,t
716,hyper_lattice_shard_716,Hyper Lattice Shard #716,Hyper-Dimensional Grid,,,,,,,77390523246093750000000000000000.000000,793.124912,success,,,"{""p2_amp"": ""10.000000"", ""p4_res"": ""2.000000"", ""p1_freq"": ""1.000000"", ""p3_spin"": ""0.100000""}",,t
717,hyper_lattice_shard_717,Hyper Lattice Shard #717,Hyper-Dimensional Grid,,,,,,,77390523246093750000000000000000.000000,793.124912,success,,,"{""p2_amp"": ""10.000000"", ""p4_res"": ""2.000000"", ""p1_freq"": ""1.000000"", ""p3_spin"": ""0.100000""}",,t
718,hyper_lattice_shard_718,Hyper Lattice Shard #718,Hyper-Dimensional Grid,,,,,,,77390523246093750000000000000000.000000,793.124912,success,,,"{""p2_amp"": ""10.000000"", ""p4_res"": ""2.000000"", ""p1_freq"": ""1.000000"", ""p3_spin"": ""0.100000""}",,t
719,hyper_lattice_shard_719,Hyper Lattice Shard #719,Hyper-Dimensional Grid,,,,,,,77390523246093750000000000000000.000000,793.124912,success,,,"{""p2_amp"": ""10.000000"", ""p4_res"": ""2.000000"", ""p1_freq"": ""1.000000"", ""p3_spin"": ""0.100000""}",,t
720,hyper_lattice_shard_720,Hyper Lattice Shard #720,Hyper-Dimensional Grid,,,,,,,77390523246093750000000000000000.000000,793.124912,success,,,"{""p2_amp"": ""10.000000"", ""p4_res"": ""2.000000"", ""p1_freq"": ""1.000000"", ""p3_spin"": ""0.100000""}",,t
721,hyper_lattice_shard_721,Hyper Lattice Shard #721,Hyper-Dimensional Grid,,,,,,,77390523246093750000000000000000.000000,793.124912,success,,,"{""p2_amp"": ""10.000000"", ""p4_res"": ""2.000000"", ""p1_freq"": ""1.000000"", ""p3_spin"": ""0.100000""}",,t
722,hyper_lattice_shard_722,Hyper Lattice Shard #722,Hyper-Dimensional Grid,,,,,,,77390523246093750000000000000000.000000,793.124912,success,,,"{""p2_amp"": ""10.000000"", ""p4_res"": ""2.000000"", ""p1_freq"": ""1.000000"", ""p3_spin"": ""0.100000""}",,t
723,hyper_lattice_shard_723,Hyper Lattice Shard #723,Hyper-Dimensional Grid,,,,,,,77390523246093750000000000000000.000000,793.124912,success,,,"{""p2_amp"": ""10.000000"", ""p4_res"": ""2.000000"", ""p1_freq"": ""1.000000"", ""p3_spin"": ""0.100000""}",,t
724,hyper_lattice_shard_724,Hyper Lattice Shard #724,Hyper-Dimensional Grid,,,,,,,77390523246093750000000000000000.000000,793.124912,success,,,"{""p2_amp"": ""10.000000"", ""p4_res"": ""2.000000"", ""p1_freq"": ""1.000000"", ""p3_spin"": ""0.100000""}",,t
725,hyper_lattice_shard_725,Hyper Lattice Shard #725,Hyper-Dimensional Grid,,,,,,,77390523246093750000000000000000.000000,793.124912,success,,,"{""p2_amp"": ""10.000000"", ""p4_res"": ""2.000000"", ""p1_freq"": ""1.000000"", ""p3_spin"": ""0.100000""}",,t
726,hyper_lattice_shard_726,Hyper Lattice Shard #726,Hyper-Dimensional Grid,,,,,,,77390523246093750000000000000000.000000,793.124912,success,,,"{""p2_amp"": ""10.000000"", ""p4_res"": ""2.000000"", ""p1_freq"": ""1.000000"", ""p3_spin"": ""0.100000""}",,t
727,hyper_lattice_shard_727,Hyper Lattice Shard #727,Hyper-Dimensional Grid,,,,,,,77390523246093750000000000000000.000000,793.124912,success,,,"{""p2_amp"": ""10.000000"", ""p4_res"": ""2.000000"", ""p1_freq"": ""1.000000"", ""p3_spin"": ""0.100000""}",,t
728,hyper_lattice_shard_728,Hyper Lattice Shard #728,Hyper-Dimensional Grid,,,,,,,77390523246093750000000000000000.000000,793.124912,success,,,"{""p2_amp"": ""10.000000"", ""p4_res"": ""2.000000"", ""p1_freq"": ""1.000000"", ""p3_spin"": ""0.100000""}",,t
729,hyper_lattice_shard_729,Hyper Lattice Shard #729,Hyper-Dimensional Grid,,,,,,,77390523246093750000000000000000.000000,793.124912,success,,,"{""p2_amp"": ""10.000000"", ""p4_res"": ""2.000000"", ""p1_freq"": ""1.000000"", ""p3_spin"": ""0.100000""}",,t
730,hyper_lattice_shard_730,Hyper Lattice Shard #730,Hyper-Dimensional Grid,,,,,,,77390523246093750000000000000000.000000,793.124912,success,,,"{""p2_amp"": ""10.000000"", ""p4_res"": ""2.000000"", ""p1_freq"": ""1.000000"", ""p3_spin"": ""0.100000""}",,t
731,hyper_lattice_shard_731,Hyper Lattice Shard #731,Hyper-Dimensional Grid,,,,,,,77390523246093750000000000000000.000000,793.124912,success,,,"{""p2_amp"": ""10.000000"", ""p4_res"": ""2.000000"", ""p1_freq"": ""1.000000"", ""p3_spin"": ""0.100000""}",,t
732,hyper_lattice_shard_732,Hyper Lattice Shard #732,Hyper-Dimensional Grid,,,,,,,77390523246093750000000000000000.000000,793.124912,success,,,"{""p2_amp"": ""10.000000"", ""p4_res"": ""2.000000"", ""p1_freq"": ""1.000000"", ""p3_spin"": ""0.100000""}",,t
733,hyper_lattice_shard_733,Hyper Lattice Shard #733,Hyper-Dimensional Grid,,,,,,,77390523246093750000000000000000.000000,793.124912,success,,,"{""p2_amp"": ""10.000000"", ""p4_res"": ""2.000000"", ""p1_freq"": ""1.000000"", ""p3_spin"": ""0.100000""}",,t
734,hyper_lattice_shard_734,Hyper Lattice Shard #734,Hyper-Dimensional Grid,,,,,,,77390523246093750000000000000000.000000,793.124912,success,,,"{""p2_amp"": ""10.000000"", ""p4_res"": ""2.000000"", ""p1_freq"": ""1.000000"", ""p3_spin"": ""0.100000""}",,t
735,hyper_lattice_shard_735,Hyper Lattice Shard #735,Hyper-Dimensional Grid,,,,,,,77390523246093750000000000000000.000000,793.124912,success,,,"{""p2_amp"": ""10.000000"", ""p4_res"": ""2.000000"", ""p1_freq"": ""1.000000"", ""p3_spin"": ""0.100000""}",,t
736,hyper_lattice_shard_736,Hyper Lattice Shard #736,Hyper-Dimensional Grid,,,,,,,77390523246093750000000000000000.000000,793.124912,success,,,"{""p2_amp"": ""10.000000"", ""p4_res"": ""2.000000"", ""p1_freq"": ""1.000000"", ""p3_spin"": ""0.100000""}",,t
737,hyper_lattice_shard_737,Hyper Lattice Shard #737,Hyper-Dimensional Grid,,,,,,,77390523246093750000000000000000.000000,793.124912,success,,,"{""p2_amp"": ""10.000000"", ""p4_res"": ""2.000000"", ""p1_freq"": ""1.000000"", ""p3_spin"": ""0.100000""}",,t
738,hyper_lattice_shard_738,Hyper Lattice Shard #738,Hyper-Dimensional Grid,,,,,,,77390523246093750000000000000000.000000,793.124912,success,,,"{""p2_amp"": ""10.000000"", ""p4_res"": ""2.000000"", ""p1_freq"": ""1.000000"", ""p3_spin"": ""0.100000""}",,t
739,hyper_lattice_shard_739,Hyper Lattice Shard #739,Hyper-Dimensional Grid,,,,,,,77390523246093750000000000000000.000000,793.124912,success,,,"{""p2_amp"": ""10.000000"", ""p4_res"": ""2.000000"", ""p1_freq"": ""1.000000"", ""p3_spin"": ""0.100000""}",,t
740,hyper_lattice_shard_740,Hyper Lattice Shard #740,Hyper-Dimensional Grid,,,,,,,77390523246093750000000000000000.000000,793.124912,success,,,"{""p2_amp"": ""10.000000"", ""p4_res"": ""2.000000"", ""p1_freq"": ""1.000000"", ""p3_spin"": ""0.100000""}",,t
741,hyper_lattice_shard_741,Hyper Lattice Shard #741,Hyper-Dimensional Grid,,,,,,,77390523246093750000000000000000.000000,793.124912,success,,,"{""p2_amp"": ""10.000000"", ""p4_res"": ""2.000000"", ""p1_freq"": ""1.000000"", ""p3_spin"": ""0.100000""}",,t
742,hyper_lattice_shard_742,Hyper Lattice Shard #742,Hyper-Dimensional Grid,,,,,,,77390523246093750000000000000000.000000,793.124912,success,,,"{""p2_amp"": ""10.000000"", ""p4_res"": ""2.000000"", ""p1_freq"": ""1.000000"", ""p3_spin"": ""0.100000""}",,t
743,hyper_lattice_shard_743,Hyper Lattice Shard #743,Hyper-Dimensional Grid,,,,,,,77390523246093750000000000000000.000000,793.124912,success,,,"{""p2_amp"": ""10.000000"", ""p4_res"": ""2.000000"", ""p1_freq"": ""1.000000"", ""p3_spin"": ""0.100000""}",,t
744,hyper_lattice_shard_744,Hyper Lattice Shard #744,Hyper-Dimensional Grid,,,,,,,77390523246093750000000000000000.000000,793.124912,success,,,"{""p2_amp"": ""10.000000"", ""p4_res"": ""2.000000"", ""p1_freq"": ""1.000000"", ""p3_spin"": ""0.100000""}",,t
745,hyper_lattice_shard_745,Hyper Lattice Shard #745,Hyper-Dimensional Grid,,,,,,,77390523246093750000000000000000.000000,793.124912,success,,,"{""p2_amp"": ""10.000000"", ""p4_res"": ""2.000000"", ""p1_freq"": ""1.000000"", ""p3_spin"": ""0.100000""}",,t
746,hyper_lattice_shard_746,Hyper Lattice Shard #746,Hyper-Dimensional Grid,,,,,,,77390523246093750000000000000000.000000,793.124912,success,,,"{""p2_amp"": ""10.000000"", ""p4_res"": ""2.000000"", ""p1_freq"": ""1.000000"", ""p3_spin"": ""0.100000""}",,t
747,hyper_lattice_shard_747,Hyper Lattice Shard #747,Hyper-Dimensional Grid,,,,,,,77390523246093750000000000000000.000000,793.124912,success,,,"{""p2_amp"": ""10.000000"", ""p4_res"": ""2.000000"", ""p1_freq"": ""1.000000"", ""p3_spin"": ""0.100000""}",,t
748,hyper_lattice_shard_748,Hyper Lattice Shard #748,Hyper-Dimensional Grid,,,,,,,77390523246093750000000000000000.000000,793.124912,success,,,"{""p2_amp"": ""10.000000"", ""p4_res"": ""2.000000"", ""p1_freq"": ""1.000000"", ""p3_spin"": ""0.100000""}",,t
749,hyper_lattice_shard_749,Hyper Lattice Shard #749,Hyper-Dimensional Grid,,,,,,,77390523246093750000000000000000.000000,793.124912,success,,,"{""p2_amp"": ""10.000000"", ""p4_res"": ""2.000000"", ""p1_freq"": ""1.000000"", ""p3_spin"": ""0.100000""}",,t
750,hyper_lattice_shard_750,Hyper Lattice Shard #750,Hyper-Dimensional Grid,,,,,,,77390523246093750000000000000000.000000,793.124912,success,,,"{""p2_amp"": ""10.000000"", ""p4_res"": ""2.000000"", ""p1_freq"": ""1.000000"", ""p3_spin"": ""0.100000""}",,t
751,hyper_lattice_shard_751,Hyper Lattice Shard #751,Hyper-Dimensional Grid,,,,,,,77390523246093750000000000000000.000000,793.124912,success,,,"{""p2_amp"": ""10.000000"", ""p4_res"": ""2.000000"", ""p1_freq"": ""1.000000"", ""p3_spin"": ""0.100000""}",,t
752,hyper_lattice_shard_752,Hyper Lattice Shard #752,Hyper-Dimensional Grid,,,,,,,77390523246093750000000000000000.000000,793.124912,success,,,"{""p2_amp"": ""10.000000"", ""p4_res"": ""2.000000"", ""p1_freq"": ""1.000000"", ""p3_spin"": ""0.100000""}",,t
753,hyper_lattice_shard_753,Hyper Lattice Shard #753,Hyper-Dimensional Grid,,,,,,,77390523246093750000000000000000.000000,793.124912,success,,,"{""p2_amp"": ""10.000000"", ""p4_res"": ""2.000000"", ""p1_freq"": ""1.000000"", ""p3_spin"": ""0.100000""}",,t
754,hyper_lattice_shard_754,Hyper Lattice Shard #754,Hyper-Dimensional Grid,,,,,,,77390523246093750000000000000000.000000,793.124912,success,,,"{""p2_amp"": ""10.000000"", ""p4_res"": ""2.000000"", ""p1_freq"": ""1.000000"", ""p3_spin"": ""0.100000""}",,t
755,hyper_lattice_shard_755,Hyper Lattice Shard #755,Hyper-Dimensional Grid,,,,,,,77390523246093750000000000000000.000000,793.124912,success,,,"{""p2_amp"": ""10.000000"", ""p4_res"": ""2.000000"", ""p1_freq"": ""1.000000"", ""p3_spin"": ""0.100000""}",,t
756,hyper_lattice_shard_756,Hyper Lattice Shard #756,Hyper-Dimensional Grid,,,,,,,77390523246093750000000000000000.000000,793.124912,success,,,"{""p2_amp"": ""10.000000"", ""p4_res"": ""2.000000"", ""p1_freq"": ""1.000000"", ""p3_spin"": ""0.100000""}",,t
757,hyper_lattice_shard_757,Hyper Lattice Shard #757,Hyper-Dimensional Grid,,,,,,,77390523246093750000000000000000.000000,793.124912,success,,,"{""p2_amp"": ""10.000000"", ""p4_res"": ""2.000000"", ""p1_freq"": ""1.000000"", ""p3_spin"": ""0.100000""}",,t
758,hyper_lattice_shard_758,Hyper Lattice Shard #758,Hyper-Dimensional Grid,,,,,,,77390523246093750000000000000000.000000,793.124912,success,,,"{""p2_amp"": ""10.000000"", ""p4_res"": ""2.000000"", ""p1_freq"": ""1.000000"", ""p3_spin"": ""0.100000""}",,t
759,hyper_lattice_shard_759,Hyper Lattice Shard #759,Hyper-Dimensional Grid,,,,,,,77390523246093750000000000000000.000000,793.124912,success,,,"{""p2_amp"": ""10.000000"", ""p4_res"": ""2.000000"", ""p1_freq"": ""1.000000"", ""p3_spin"": ""0.100000""}",,t
760,hyper_lattice_shard_760,Hyper Lattice Shard #760,Hyper-Dimensional Grid,,,,,,,77390523246093750000000000000000.000000,793.124912,success,,,"{""p2_amp"": ""10.000000"", ""p4_res"": ""2.000000"", ""p1_freq"": ""1.000000"", ""p3_spin"": ""0.100000""}",,t
761,hyper_lattice_shard_761,Hyper Lattice Shard #761,Hyper-Dimensional Grid,,,,,,,77390523246093750000000000000000.000000,793.124912,success,,,"{""p2_amp"": ""10.000000"", ""p4_res"": ""2.000000"", ""p1_freq"": ""1.000000"", ""p3_spin"": ""0.100000""}",,t
762,hyper_lattice_shard_762,Hyper Lattice Shard #762,Hyper-Dimensional Grid,,,,,,,77390523246093750000000000000000.000000,793.124912,success,,,"{""p2_amp"": ""10.000000"", ""p4_res"": ""2.000000"", ""p1_freq"": ""1.000000"", ""p3_spin"": ""0.100000""}",,t
763,hyper_lattice_shard_763,Hyper Lattice Shard #763,Hyper-Dimensional Grid,,,,,,,77390523246093750000000000000000.000000,793.124912,success,,,"{""p2_amp"": ""10.000000"", ""p4_res"": ""2.000000"", ""p1_freq"": ""1.000000"", ""p3_spin"": ""0.100000""}",,t
764,hyper_lattice_shard_764,Hyper Lattice Shard #764,Hyper-Dimensional Grid,,,,,,,77390523246093750000000000000000.000000,793.124912,success,,,"{""p2_amp"": ""10.000000"", ""p4_res"": ""2.000000"", ""p1_freq"": ""1.000000"", ""p3_spin"": ""0.100000""}",,t
765,hyper_lattice_shard_765,Hyper Lattice Shard #765,Hyper-Dimensional Grid,,,,,,,77390523246093750000000000000000.000000,793.124912,success,,,"{""p2_amp"": ""10.000000"", ""p4_res"": ""2.000000"", ""p1_freq"": ""1.000000"", ""p3_spin"": ""0.100000""}",,t
766,hyper_lattice_shard_766,Hyper Lattice Shard #766,Hyper-Dimensional Grid,,,,,,,77390523246093750000000000000000.000000,793.124912,success,,,"{""p2_amp"": ""10.000000"", ""p4_res"": ""2.000000"", ""p1_freq"": ""1.000000"", ""p3_spin"": ""0.100000""}",,t
767,hyper_lattice_shard_767,Hyper Lattice Shard #767,Hyper-Dimensional Grid,,,,,,,77390523246093750000000000000000.000000,793.124912,success,,,"{""p2_amp"": ""10.000000"", ""p4_res"": ""2.000000"", ""p1_freq"": ""1.000000"", ""p3_spin"": ""0.100000""}",,t
768,hyper_lattice_shard_768,Hyper Lattice Shard #768,Hyper-Dimensional Grid,,,,,,,77390523246093750000000000000000.000000,793.124912,success,,,"{""p2_amp"": ""10.000000"", ""p4_res"": ""2.000000"", ""p1_freq"": ""1.000000"", ""p3_spin"": ""0.100000""}",,t
769,hyper_lattice_shard_769,Hyper Lattice Shard #769,Hyper-Dimensional Grid,,,,,,,77390523246093750000000000000000.000000,793.124912,success,,,"{""p2_amp"": ""10.000000"", ""p4_res"": ""2.000000"", ""p1_freq"": ""1.000000"", ""p3_spin"": ""0.100000""}",,t
770,hyper_lattice_shard_770,Hyper Lattice Shard #770,Hyper-Dimensional Grid,,,,,,,77390523246093750000000000000000.000000,793.124912,success,,,"{""p2_amp"": ""10.000000"", ""p4_res"": ""2.000000"", ""p1_freq"": ""1.000000"", ""p3_spin"": ""0.100000""}",,t
771,hyper_lattice_shard_771,Hyper Lattice Shard #771,Hyper-Dimensional Grid,,,,,,,77390523246093750000000000000000.000000,793.124912,success,,,"{""p2_amp"": ""10.000000"", ""p4_res"": ""2.000000"", ""p1_freq"": ""1.000000"", ""p3_spin"": ""0.100000""}",,t
772,hyper_lattice_shard_772,Hyper Lattice Shard #772,Hyper-Dimensional Grid,,,,,,,77390523246093750000000000000000.000000,793.124912,success,,,"{""p2_amp"": ""10.000000"", ""p4_res"": ""2.000000"", ""p1_freq"": ""1.000000"", ""p3_spin"": ""0.100000""}",,t
773,hyper_lattice_shard_773,Hyper Lattice Shard #773,Hyper-Dimensional Grid,,,,,,,77390523246093750000000000000000.000000,793.124912,success,,,"{""p2_amp"": ""10.000000"", ""p4_res"": ""2.000000"", ""p1_freq"": ""1.000000"", ""p3_spin"": ""0.100000""}",,t
774,hyper_lattice_shard_774,Hyper Lattice Shard #774,Hyper-Dimensional Grid,,,,,,,77390523246093750000000000000000.000000,793.124912,success,,,"{""p2_amp"": ""10.000000"", ""p4_res"": ""2.000000"", ""p1_freq"": ""1.000000"", ""p3_spin"": ""0.100000""}",,t
775,hyper_lattice_shard_775,Hyper Lattice Shard #775,Hyper-Dimensional Grid,,,,,,,77390523246093750000000000000000.000000,793.124912,success,,,"{""p2_amp"": ""10.000000"", ""p4_res"": ""2.000000"", ""p1_freq"": ""1.000000"", ""p3_spin"": ""0.100000""}",,t
776,hyper_lattice_shard_776,Hyper Lattice Shard #776,Hyper-Dimensional Grid,,,,,,,77390523246093750000000000000000.000000,793.124912,success,,,"{""p2_amp"": ""10.000000"", ""p4_res"": ""2.000000"", ""p1_freq"": ""1.000000"", ""p3_spin"": ""0.100000""}",,t
777,hyper_lattice_shard_777,Hyper Lattice Shard #777,Hyper-Dimensional Grid,,,,,,,77390523246093750000000000000000.000000,793.124912,success,,,"{""p2_amp"": ""10.000000"", ""p4_res"": ""2.000000"", ""p1_freq"": ""1.000000"", ""p3_spin"": ""0.100000""}",,t
778,hyper_lattice_shard_778,Hyper Lattice Shard #778,Hyper-Dimensional Grid,,,,,,,77390523246093750000000000000000.000000,793.124912,success,,,"{""p2_amp"": ""10.000000"", ""p4_res"": ""2.000000"", ""p1_freq"": ""1.000000"", ""p3_spin"": ""0.100000""}",,t
779,hyper_lattice_shard_779,Hyper Lattice Shard #779,Hyper-Dimensional Grid,,,,,,,77390523246093750000000000000000.000000,793.124912,success,,,"{""p2_amp"": ""10.000000"", ""p4_res"": ""2.000000"", ""p1_freq"": ""1.000000"", ""p3_spin"": ""0.100000""}",,t
780,hyper_lattice_shard_780,Hyper Lattice Shard #780,Hyper-Dimensional Grid,,,,,,,77390523246093750000000000000000.000000,793.124912,success,,,"{""p2_amp"": ""10.000000"", ""p4_res"": ""2.000000"", ""p1_freq"": ""1.000000"", ""p3_spin"": ""0.100000""}",,t
781,hyper_lattice_shard_781,Hyper Lattice Shard #781,Hyper-Dimensional Grid,,,,,,,77390523246093750000000000000000.000000,793.124912,success,,,"{""p2_amp"": ""10.000000"", ""p4_res"": ""2.000000"", ""p1_freq"": ""1.000000"", ""p3_spin"": ""0.100000""}",,t
782,hyper_lattice_shard_782,Hyper Lattice Shard #782,Hyper-Dimensional Grid,,,,,,,77390523246093750000000000000000.000000,793.124912,success,,,"{""p2_amp"": ""10.000000"", ""p4_res"": ""2.000000"", ""p1_freq"": ""1.000000"", ""p3_spin"": ""0.100000""}",,t
783,hyper_lattice_shard_783,Hyper Lattice Shard #783,Hyper-Dimensional Grid,,,,,,,77390523246093750000000000000000.000000,793.124912,success,,,"{""p2_amp"": ""10.000000"", ""p4_res"": ""2.000000"", ""p1_freq"": ""1.000000"", ""p3_spin"": ""0.100000""}",,t
784,hyper_lattice_shard_784,Hyper Lattice Shard #784,Hyper-Dimensional Grid,,,,,,,77390523246093750000000000000000.000000,793.124912,success,,,"{""p2_amp"": ""10.000000"", ""p4_res"": ""2.000000"", ""p1_freq"": ""1.000000"", ""p3_spin"": ""0.100000""}",,t
785,hyper_lattice_shard_785,Hyper Lattice Shard #785,Hyper-Dimensional Grid,,,,,,,77390523246093750000000000000000.000000,793.124912,success,,,"{""p2_amp"": ""10.000000"", ""p4_res"": ""2.000000"", ""p1_freq"": ""1.000000"", ""p3_spin"": ""0.100000""}",,t
786,hyper_lattice_shard_786,Hyper Lattice Shard #786,Hyper-Dimensional Grid,,,,,,,77390523246093750000000000000000.000000,793.124912,success,,,"{""p2_amp"": ""10.000000"", ""p4_res"": ""2.000000"", ""p1_freq"": ""1.000000"", ""p3_spin"": ""0.100000""}",,t
787,hyper_lattice_shard_787,Hyper Lattice Shard #787,Hyper-Dimensional Grid,,,,,,,77390523246093750000000000000000.000000,793.124912,success,,,"{""p2_amp"": ""10.000000"", ""p4_res"": ""2.000000"", ""p1_freq"": ""1.000000"", ""p3_spin"": ""0.100000""}",,t
788,hyper_lattice_shard_788,Hyper Lattice Shard #788,Hyper-Dimensional Grid,,,,,,,77390523246093750000000000000000.000000,793.124912,success,,,"{""p2_amp"": ""10.000000"", ""p4_res"": ""2.000000"", ""p1_freq"": ""1.000000"", ""p3_spin"": ""0.100000""}",,t
789,hyper_lattice_shard_789,Hyper Lattice Shard #789,Hyper-Dimensional Grid,,,,,,,77390523246093750000000000000000.000000,793.124912,success,,,"{""p2_amp"": ""10.000000"", ""p4_res"": ""2.000000"", ""p1_freq"": ""1.000000"", ""p3_spin"": ""0.100000""}",,t
790,hyper_lattice_shard_790,Hyper Lattice Shard #790,Hyper-Dimensional Grid,,,,,,,77390523246093750000000000000000.000000,793.124912,success,,,"{""p2_amp"": ""10.000000"", ""p4_res"": ""2.000000"", ""p1_freq"": ""1.000000"", ""p3_spin"": ""0.100000""}",,t
791,hyper_lattice_shard_791,Hyper Lattice Shard #791,Hyper-Dimensional Grid,,,,,,,77390523246093750000000000000000.000000,793.124912,success,,,"{""p2_amp"": ""10.000000"", ""p4_res"": ""2.000000"", ""p1_freq"": ""1.000000"", ""p3_spin"": ""0.100000""}",,t
792,hyper_lattice_shard_792,Hyper Lattice Shard #792,Hyper-Dimensional Grid,,,,,,,77390523246093750000000000000000.000000,793.124912,success,,,"{""p2_amp"": ""10.000000"", ""p4_res"": ""2.000000"", ""p1_freq"": ""1.000000"", ""p3_spin"": ""0.100000""}",,t
793,hyper_lattice_shard_793,Hyper Lattice Shard #793,Hyper-Dimensional Grid,,,,,,,77390523246093750000000000000000.000000,793.124912,success,,,"{""p2_amp"": ""10.000000"", ""p4_res"": ""2.000000"", ""p1_freq"": ""1.000000"", ""p3_spin"": ""0.100000""}",,t
794,hyper_lattice_shard_794,Hyper Lattice Shard #794,Hyper-Dimensional Grid,,,,,,,77390523246093750000000000000000.000000,793.124912,success,,,"{""p2_amp"": ""10.000000"", ""p4_res"": ""2.000000"", ""p1_freq"": ""1.000000"", ""p3_spin"": ""0.100000""}",,t
795,hyper_lattice_shard_795,Hyper Lattice Shard #795,Hyper-Dimensional Grid,,,,,,,77390523246093750000000000000000.000000,793.124912,success,,,"{""p2_amp"": ""10.000000"", ""p4_res"": ""2.000000"", ""p1_freq"": ""1.000000"", ""p3_spin"": ""0.100000""}",,t
796,hyper_lattice_shard_796,Hyper Lattice Shard #796,Hyper-Dimensional Grid,,,,,,,77390523246093750000000000000000.000000,793.124912,success,,,"{""p2_amp"": ""10.000000"", ""p4_res"": ""2.000000"", ""p1_freq"": ""1.000000"", ""p3_spin"": ""0.100000""}",,t
797,hyper_lattice_shard_797,Hyper Lattice Shard #797,Hyper-Dimensional Grid,,,,,,,77390523246093750000000000000000.000000,793.124912,success,,,"{""p2_amp"": ""10.000000"", ""p4_res"": ""2.000000"", ""p1_freq"": ""1.000000"", ""p3_spin"": ""0.100000""}",,t
798,hyper_lattice_shard_798,Hyper Lattice Shard #798,Hyper-Dimensional Grid,,,,,,,77390523246093750000000000000000.000000,793.124912,success,,,"{""p2_amp"": ""10.000000"", ""p4_res"": ""2.000000"", ""p1_freq"": ""1.000000"", ""p3_spin"": ""0.100000""}",,t
799,hyper_lattice_shard_799,Hyper Lattice Shard #799,Hyper-Dimensional Grid,,,,,,,77390523246093750000000000000000.000000,793.124912,success,,,"{""p2_amp"": ""10.000000"", ""p4_res"": ""2.000000"", ""p1_freq"": ""1.000000"", ""p3_spin"": ""0.100000""}",,t
800,hyper_lattice_shard_800,Hyper Lattice Shard #800,Hyper-Dimensional Grid,,,,,,,77390523246093750000000000000000.000000,793.124912,success,,,"{""p2_amp"": ""10.000000"", ""p4_res"": ""2.000000"", ""p1_freq"": ""1.000000"", ""p3_spin"": ""0.100000""}",,t
801,hyper_lattice_shard_801,Hyper Lattice Shard #801,Hyper-Dimensional Grid,,,,,,,77390523246093750000000000000000.000000,793.124912,success,,,"{""p2_amp"": ""10.000000"", ""p4_res"": ""2.000000"", ""p1_freq"": ""1.000000"", ""p3_spin"": ""0.100000""}",,t
802,hyper_lattice_shard_802,Hyper Lattice Shard #802,Hyper-Dimensional Grid,,,,,,,77390523246093750000000000000000.000000,793.124912,success,,,"{""p2_amp"": ""10.000000"", ""p4_res"": ""2.000000"", ""p1_freq"": ""1.000000"", ""p3_spin"": ""0.100000""}",,t
803,hyper_lattice_shard_803,Hyper Lattice Shard #803,Hyper-Dimensional Grid,,,,,,,77390523246093750000000000000000.000000,793.124912,success,,,"{""p2_amp"": ""10.000000"", ""p4_res"": ""2.000000"", ""p1_freq"": ""1.000000"", ""p3_spin"": ""0.100000""}",,t
804,hyper_lattice_shard_804,Hyper Lattice Shard #804,Hyper-Dimensional Grid,,,,,,,77390523246093750000000000000000.000000,793.124912,success,,,"{""p2_amp"": ""10.000000"", ""p4_res"": ""2.000000"", ""p1_freq"": ""1.000000"", ""p3_spin"": ""0.100000""}",,t
805,hyper_lattice_shard_805,Hyper Lattice Shard #805,Hyper-Dimensional Grid,,,,,,,77390523246093750000000000000000.000000,793.124912,success,,,"{""p2_amp"": ""10.000000"", ""p4_res"": ""2.000000"", ""p1_freq"": ""1.000000"", ""p3_spin"": ""0.100000""}",,t
806,hyper_lattice_shard_806,Hyper Lattice Shard #806,Hyper-Dimensional Grid,,,,,,,77390523246093750000000000000000.000000,793.124912,success,,,"{""p2_amp"": ""10.000000"", ""p4_res"": ""2.000000"", ""p1_freq"": ""1.000000"", ""p3_spin"": ""0.100000""}",,t
807,hyper_lattice_shard_807,Hyper Lattice Shard #807,Hyper-Dimensional Grid,,,,,,,77390523246093750000000000000000.000000,793.124912,success,,,"{""p2_amp"": ""10.000000"", ""p4_res"": ""2.000000"", ""p1_freq"": ""1.000000"", ""p3_spin"": ""0.100000""}",,t
808,hyper_lattice_shard_808,Hyper Lattice Shard #808,Hyper-Dimensional Grid,,,,,,,77390523246093750000000000000000.000000,793.124912,success,,,"{""p2_amp"": ""10.000000"", ""p4_res"": ""2.000000"", ""p1_freq"": ""1.000000"", ""p3_spin"": ""0.100000""}",,t
809,hyper_lattice_shard_809,Hyper Lattice Shard #809,Hyper-Dimensional Grid,,,,,,,77390523246093750000000000000000.000000,793.124912,success,,,"{""p2_amp"": ""10.000000"", ""p4_res"": ""2.000000"", ""p1_freq"": ""1.000000"", ""p3_spin"": ""0.100000""}",,t
810,hyper_lattice_shard_810,Hyper Lattice Shard #810,Hyper-Dimensional Grid,,,,,,,77390523246093750000000000000000.000000,793.124912,success,,,"{""p2_amp"": ""10.000000"", ""p4_res"": ""2.000000"", ""p1_freq"": ""1.000000"", ""p3_spin"": ""0.100000""}",,t
811,hyper_lattice_shard_811,Hyper Lattice Shard #811,Hyper-Dimensional Grid,,,,,,,77390523246093750000000000000000.000000,793.124912,success,,,"{""p2_amp"": ""10.000000"", ""p4_res"": ""2.000000"", ""p1_freq"": ""1.000000"", ""p3_spin"": ""0.100000""}",,t
812,hyper_lattice_shard_812,Hyper Lattice Shard #812,Hyper-Dimensional Grid,,,,,,,77390523246093750000000000000000.000000,793.124912,success,,,"{""p2_amp"": ""10.000000"", ""p4_res"": ""2.000000"", ""p1_freq"": ""1.000000"", ""p3_spin"": ""0.100000""}",,t
813,hyper_lattice_shard_813,Hyper Lattice Shard #813,Hyper-Dimensional Grid,,,,,,,77390523246093750000000000000000.000000,793.124912,success,,,"{""p2_amp"": ""10.000000"", ""p4_res"": ""2.000000"", ""p1_freq"": ""1.000000"", ""p3_spin"": ""0.100000""}",,t
814,hyper_lattice_shard_814,Hyper Lattice Shard #814,Hyper-Dimensional Grid,,,,,,,77390523246093750000000000000000.000000,793.124912,success,,,"{""p2_amp"": ""10.000000"", ""p4_res"": ""2.000000"", ""p1_freq"": ""1.000000"", ""p3_spin"": ""0.100000""}",,t
815,hyper_lattice_shard_815,Hyper Lattice Shard #815,Hyper-Dimensional Grid,,,,,,,77390523246093750000000000000000.000000,793.124912,success,,,"{""p2_amp"": ""10.000000"", ""p4_res"": ""2.000000"", ""p1_freq"": ""1.000000"", ""p3_spin"": ""0.100000""}",,t
816,hyper_lattice_shard_816,Hyper Lattice Shard #816,Hyper-Dimensional Grid,,,,,,,77390523246093750000000000000000.000000,793.124912,success,,,"{""p2_amp"": ""10.000000"", ""p4_res"": ""2.000000"", ""p1_freq"": ""1.000000"", ""p3_spin"": ""0.100000""}",,t
817,hyper_lattice_shard_817,Hyper Lattice Shard #817,Hyper-Dimensional Grid,,,,,,,77390523246093750000000000000000.000000,793.124912,success,,,"{""p2_amp"": ""10.000000"", ""p4_res"": ""2.000000"", ""p1_freq"": ""1.000000"", ""p3_spin"": ""0.100000""}",,t
818,hyper_lattice_shard_818,Hyper Lattice Shard #818,Hyper-Dimensional Grid,,,,,,,77390523246093750000000000000000.000000,793.124912,success,,,"{""p2_amp"": ""10.000000"", ""p4_res"": ""2.000000"", ""p1_freq"": ""1.000000"", ""p3_spin"": ""0.100000""}",,t
819,hyper_lattice_shard_819,Hyper Lattice Shard #819,Hyper-Dimensional Grid,,,,,,,77390523246093750000000000000000.000000,793.124912,success,,,"{""p2_amp"": ""10.000000"", ""p4_res"": ""2.000000"", ""p1_freq"": ""1.000000"", ""p3_spin"": ""0.100000""}",,t
820,hyper_lattice_shard_820,Hyper Lattice Shard #820,Hyper-Dimensional Grid,,,,,,,77390523246093750000000000000000.000000,793.124912,success,,,"{""p2_amp"": ""10.000000"", ""p4_res"": ""2.000000"", ""p1_freq"": ""1.000000"", ""p3_spin"": ""0.100000""}",,t
821,hyper_lattice_shard_821,Hyper Lattice Shard #821,Hyper-Dimensional Grid,,,,,,,77390523246093750000000000000000.000000,793.124912,success,,,"{""p2_amp"": ""10.000000"", ""p4_res"": ""2.000000"", ""p1_freq"": ""1.000000"", ""p3_spin"": ""0.100000""}",,t
822,hyper_lattice_shard_822,Hyper Lattice Shard #822,Hyper-Dimensional Grid,,,,,,,77390523246093750000000000000000.000000,793.124912,success,,,"{""p2_amp"": ""10.000000"", ""p4_res"": ""2.000000"", ""p1_freq"": ""1.000000"", ""p3_spin"": ""0.100000""}",,t
823,hyper_lattice_shard_823,Hyper Lattice Shard #823,Hyper-Dimensional Grid,,,,,,,77390523246093750000000000000000.000000,793.124912,success,,,"{""p2_amp"": ""10.000000"", ""p4_res"": ""2.000000"", ""p1_freq"": ""1.000000"", ""p3_spin"": ""0.100000""}",,t
824,hyper_lattice_shard_824,Hyper Lattice Shard #824,Hyper-Dimensional Grid,,,,,,,77390523246093750000000000000000.000000,793.124912,success,,,"{""p2_amp"": ""10.000000"", ""p4_res"": ""2.000000"", ""p1_freq"": ""1.000000"", ""p3_spin"": ""0.100000""}",,t
825,hyper_lattice_shard_825,Hyper Lattice Shard #825,Hyper-Dimensional Grid,,,,,,,77390523246093750000000000000000.000000,793.124912,success,,,"{""p2_amp"": ""10.000000"", ""p4_res"": ""2.000000"", ""p1_freq"": ""1.000000"", ""p3_spin"": ""0.100000""}",,t
826,hyper_lattice_shard_826,Hyper Lattice Shard #826,Hyper-Dimensional Grid,,,,,,,77390523246093750000000000000000.000000,793.124912,success,,,"{""p2_amp"": ""10.000000"", ""p4_res"": ""2.000000"", ""p1_freq"": ""1.000000"", ""p3_spin"": ""0.100000""}",,t
827,hyper_lattice_shard_827,Hyper Lattice Shard #827,Hyper-Dimensional Grid,,,,,,,77390523246093750000000000000000.000000,793.124912,success,,,"{""p2_amp"": ""10.000000"", ""p4_res"": ""2.000000"", ""p1_freq"": ""1.000000"", ""p3_spin"": ""0.100000""}",,t
828,hyper_lattice_shard_828,Hyper Lattice Shard #828,Hyper-Dimensional Grid,,,,,,,77390523246093750000000000000000.000000,793.124912,success,,,"{""p2_amp"": ""10.000000"", ""p4_res"": ""2.000000"", ""p1_freq"": ""1.000000"", ""p3_spin"": ""0.100000""}",,t
829,hyper_lattice_shard_829,Hyper Lattice Shard #829,Hyper-Dimensional Grid,,,,,,,77390523246093750000000000000000.000000,793.124912,success,,,"{""p2_amp"": ""10.000000"", ""p4_res"": ""2.000000"", ""p1_freq"": ""1.000000"", ""p3_spin"": ""0.100000""}",,t
830,hyper_lattice_shard_830,Hyper Lattice Shard #830,Hyper-Dimensional Grid,,,,,,,77390523246093750000000000000000.000000,793.124912,success,,,"{""p2_amp"": ""10.000000"", ""p4_res"": ""2.000000"", ""p1_freq"": ""1.000000"", ""p3_spin"": ""0.100000""}",,t
831,hyper_lattice_shard_831,Hyper Lattice Shard #831,Hyper-Dimensional Grid,,,,,,,77390523246093750000000000000000.000000,793.124912,success,,,"{""p2_amp"": ""10.000000"", ""p4_res"": ""2.000000"", ""p1_freq"": ""1.000000"", ""p3_spin"": ""0.100000""}",,t
832,hyper_lattice_shard_832,Hyper Lattice Shard #832,Hyper-Dimensional Grid,,,,,,,77390523246093750000000000000000.000000,793.124912,success,,,"{""p2_amp"": ""10.000000"", ""p4_res"": ""2.000000"", ""p1_freq"": ""1.000000"", ""p3_spin"": ""0.100000""}",,t
833,hyper_lattice_shard_833,Hyper Lattice Shard #833,Hyper-Dimensional Grid,,,,,,,77390523246093750000000000000000.000000,793.124912,success,,,"{""p2_amp"": ""10.000000"", ""p4_res"": ""2.000000"", ""p1_freq"": ""1.000000"", ""p3_spin"": ""0.100000""}",,t
834,hyper_lattice_shard_834,Hyper Lattice Shard #834,Hyper-Dimensional Grid,,,,,,,77390523246093750000000000000000.000000,793.124912,success,,,"{""p2_amp"": ""10.000000"", ""p4_res"": ""2.000000"", ""p1_freq"": ""1.000000"", ""p3_spin"": ""0.100000""}",,t
835,hyper_lattice_shard_835,Hyper Lattice Shard #835,Hyper-Dimensional Grid,,,,,,,77390523246093750000000000000000.000000,793.124912,success,,,"{""p2_amp"": ""10.000000"", ""p4_res"": ""2.000000"", ""p1_freq"": ""1.000000"", ""p3_spin"": ""0.100000""}",,t
836,hyper_lattice_shard_836,Hyper Lattice Shard #836,Hyper-Dimensional Grid,,,,,,,77390523246093750000000000000000.000000,793.124912,success,,,"{""p2_amp"": ""10.000000"", ""p4_res"": ""2.000000"", ""p1_freq"": ""1.000000"", ""p3_spin"": ""0.100000""}",,t
837,hyper_lattice_shard_837,Hyper Lattice Shard #837,Hyper-Dimensional Grid,,,,,,,77390523246093750000000000000000.000000,793.124912,success,,,"{""p2_amp"": ""10.000000"", ""p4_res"": ""2.000000"", ""p1_freq"": ""1.000000"", ""p3_spin"": ""0.100000""}",,t
838,hyper_lattice_shard_838,Hyper Lattice Shard #838,Hyper-Dimensional Grid,,,,,,,77390523246093750000000000000000.000000,793.124912,success,,,"{""p2_amp"": ""10.000000"", ""p4_res"": ""2.000000"", ""p1_freq"": ""1.000000"", ""p3_spin"": ""0.100000""}",,t
839,hyper_lattice_shard_839,Hyper Lattice Shard #839,Hyper-Dimensional Grid,,,,,,,77390523246093750000000000000000.000000,793.124912,success,,,"{""p2_amp"": ""10.000000"", ""p4_res"": ""2.000000"", ""p1_freq"": ""1.000000"", ""p3_spin"": ""0.100000""}",,t
840,hyper_lattice_shard_840,Hyper Lattice Shard #840,Hyper-Dimensional Grid,,,,,,,77390523246093750000000000000000.000000,793.124912,success,,,"{""p2_amp"": ""10.000000"", ""p4_res"": ""2.000000"", ""p1_freq"": ""1.000000"", ""p3_spin"": ""0.100000""}",,t
841,hyper_lattice_shard_841,Hyper Lattice Shard #841,Hyper-Dimensional Grid,,,,,,,77390523246093750000000000000000.000000,793.124912,success,,,"{""p2_amp"": ""10.000000"", ""p4_res"": ""2.000000"", ""p1_freq"": ""1.000000"", ""p3_spin"": ""0.100000""}",,t
842,hyper_lattice_shard_842,Hyper Lattice Shard #842,Hyper-Dimensional Grid,,,,,,,77390523246093750000000000000000.000000,793.124912,success,,,"{""p2_amp"": ""10.000000"", ""p4_res"": ""2.000000"", ""p1_freq"": ""1.000000"", ""p3_spin"": ""0.100000""}",,t
843,hyper_lattice_shard_843,Hyper Lattice Shard #843,Hyper-Dimensional Grid,,,,,,,77390523246093750000000000000000.000000,793.124912,success,,,"{""p2_amp"": ""10.000000"", ""p4_res"": ""2.000000"", ""p1_freq"": ""1.000000"", ""p3_spin"": ""0.100000""}",,t
844,hyper_lattice_shard_844,Hyper Lattice Shard #844,Hyper-Dimensional Grid,,,,,,,77390523246093750000000000000000.000000,793.124912,success,,,"{""p2_amp"": ""10.000000"", ""p4_res"": ""2.000000"", ""p1_freq"": ""1.000000"", ""p3_spin"": ""0.100000""}",,t
845,hyper_lattice_shard_845,Hyper Lattice Shard #845,Hyper-Dimensional Grid,,,,,,,77390523246093750000000000000000.000000,793.124912,success,,,"{""p2_amp"": ""10.000000"", ""p4_res"": ""2.000000"", ""p1_freq"": ""1.000000"", ""p3_spin"": ""0.100000""}",,t
846,hyper_lattice_shard_846,Hyper Lattice Shard #846,Hyper-Dimensional Grid,,,,,,,77390523246093750000000000000000.000000,793.124912,success,,,"{""p2_amp"": ""10.000000"", ""p4_res"": ""2.000000"", ""p1_freq"": ""1.000000"", ""p3_spin"": ""0.100000""}",,t
847,hyper_lattice_shard_847,Hyper Lattice Shard #847,Hyper-Dimensional Grid,,,,,,,77390523246093750000000000000000.000000,793.124912,success,,,"{""p2_amp"": ""10.000000"", ""p4_res"": ""2.000000"", ""p1_freq"": ""1.000000"", ""p3_spin"": ""0.100000""}",,t
848,hyper_lattice_shard_848,Hyper Lattice Shard #848,Hyper-Dimensional Grid,,,,,,,77390523246093750000000000000000.000000,793.124912,success,,,"{""p2_amp"": ""10.000000"", ""p4_res"": ""2.000000"", ""p1_freq"": ""1.000000"", ""p3_spin"": ""0.100000""}",,t
849,hyper_lattice_shard_849,Hyper Lattice Shard #849,Hyper-Dimensional Grid,,,,,,,77390523246093750000000000000000.000000,793.124912,success,,,"{""p2_amp"": ""10.000000"", ""p4_res"": ""2.000000"", ""p1_freq"": ""1.000000"", ""p3_spin"": ""0.100000""}",,t
850,hyper_lattice_shard_850,Hyper Lattice Shard #850,Hyper-Dimensional Grid,,,,,,,77390523246093750000000000000000.000000,793.124912,success,,,"{""p2_amp"": ""10.000000"", ""p4_res"": ""2.000000"", ""p1_freq"": ""1.000000"", ""p3_spin"": ""0.100000""}",,t
851,hyper_lattice_shard_851,Hyper Lattice Shard #851,Hyper-Dimensional Grid,,,,,,,77390523246093750000000000000000.000000,793.124912,success,,,"{""p2_amp"": ""10.000000"", ""p4_res"": ""2.000000"", ""p1_freq"": ""1.000000"", ""p3_spin"": ""0.100000""}",,t
852,hyper_lattice_shard_852,Hyper Lattice Shard #852,Hyper-Dimensional Grid,,,,,,,77390523246093750000000000000000.000000,793.124912,success,,,"{""p2_amp"": ""10.000000"", ""p4_res"": ""2.000000"", ""p1_freq"": ""1.000000"", ""p3_spin"": ""0.100000""}",,t
853,hyper_lattice_shard_853,Hyper Lattice Shard #853,Hyper-Dimensional Grid,,,,,,,77390523246093750000000000000000.000000,793.124912,success,,,"{""p2_amp"": ""10.000000"", ""p4_res"": ""2.000000"", ""p1_freq"": ""1.000000"", ""p3_spin"": ""0.100000""}",,t
854,hyper_lattice_shard_854,Hyper Lattice Shard #854,Hyper-Dimensional Grid,,,,,,,77390523246093750000000000000000.000000,793.124912,success,,,"{""p2_amp"": ""10.000000"", ""p4_res"": ""2.000000"", ""p1_freq"": ""1.000000"", ""p3_spin"": ""0.100000""}",,t
855,hyper_lattice_shard_855,Hyper Lattice Shard #855,Hyper-Dimensional Grid,,,,,,,77390523246093750000000000000000.000000,793.124912,success,,,"{""p2_amp"": ""10.000000"", ""p4_res"": ""2.000000"", ""p1_freq"": ""1.000000"", ""p3_spin"": ""0.100000""}",,t
856,hyper_lattice_shard_856,Hyper Lattice Shard #856,Hyper-Dimensional Grid,,,,,,,77390523246093750000000000000000.000000,793.124912,success,,,"{""p2_amp"": ""10.000000"", ""p4_res"": ""2.000000"", ""p1_freq"": ""1.000000"", ""p3_spin"": ""0.100000""}",,t
857,hyper_lattice_shard_857,Hyper Lattice Shard #857,Hyper-Dimensional Grid,,,,,,,77390523246093750000000000000000.000000,793.124912,success,,,"{""p2_amp"": ""10.000000"", ""p4_res"": ""2.000000"", ""p1_freq"": ""1.000000"", ""p3_spin"": ""0.100000""}",,t
858,hyper_lattice_shard_858,Hyper Lattice Shard #858,Hyper-Dimensional Grid,,,,,,,77390523246093750000000000000000.000000,793.124912,success,,,"{""p2_amp"": ""10.000000"", ""p4_res"": ""2.000000"", ""p1_freq"": ""1.000000"", ""p3_spin"": ""0.100000""}",,t
859,hyper_lattice_shard_859,Hyper Lattice Shard #859,Hyper-Dimensional Grid,,,,,,,77390523246093750000000000000000.000000,793.124912,success,,,"{""p2_amp"": ""10.000000"", ""p4_res"": ""2.000000"", ""p1_freq"": ""1.000000"", ""p3_spin"": ""0.100000""}",,t
860,hyper_lattice_shard_860,Hyper Lattice Shard #860,Hyper-Dimensional Grid,,,,,,,77390523246093750000000000000000.000000,793.124912,success,,,"{""p2_amp"": ""10.000000"", ""p4_res"": ""2.000000"", ""p1_freq"": ""1.000000"", ""p3_spin"": ""0.100000""}",,t
861,hyper_lattice_shard_861,Hyper Lattice Shard #861,Hyper-Dimensional Grid,,,,,,,77390523246093750000000000000000.000000,793.124912,success,,,"{""p2_amp"": ""10.000000"", ""p4_res"": ""2.000000"", ""p1_freq"": ""1.000000"", ""p3_spin"": ""0.100000""}",,t
862,hyper_lattice_shard_862,Hyper Lattice Shard #862,Hyper-Dimensional Grid,,,,,,,77390523246093750000000000000000.000000,793.124912,success,,,"{""p2_amp"": ""10.000000"", ""p4_res"": ""2.000000"", ""p1_freq"": ""1.000000"", ""p3_spin"": ""0.100000""}",,t
863,hyper_lattice_shard_863,Hyper Lattice Shard #863,Hyper-Dimensional Grid,,,,,,,77390523246093750000000000000000.000000,793.124912,success,,,"{""p2_amp"": ""10.000000"", ""p4_res"": ""2.000000"", ""p1_freq"": ""1.000000"", ""p3_spin"": ""0.100000""}",,t
864,hyper_lattice_shard_864,Hyper Lattice Shard #864,Hyper-Dimensional Grid,,,,,,,77390523246093750000000000000000.000000,793.124912,success,,,"{""p2_amp"": ""10.000000"", ""p4_res"": ""2.000000"", ""p1_freq"": ""1.000000"", ""p3_spin"": ""0.100000""}",,t
865,hyper_lattice_shard_865,Hyper Lattice Shard #865,Hyper-Dimensional Grid,,,,,,,77390523246093750000000000000000.000000,793.124912,success,,,"{""p2_amp"": ""10.000000"", ""p4_res"": ""2.000000"", ""p1_freq"": ""1.000000"", ""p3_spin"": ""0.100000""}",,t
866,hyper_lattice_shard_866,Hyper Lattice Shard #866,Hyper-Dimensional Grid,,,,,,,77390523246093750000000000000000.000000,793.124912,success,,,"{""p2_amp"": ""10.000000"", ""p4_res"": ""2.000000"", ""p1_freq"": ""1.000000"", ""p3_spin"": ""0.100000""}",,t
867,hyper_lattice_shard_867,Hyper Lattice Shard #867,Hyper-Dimensional Grid,,,,,,,77390523246093750000000000000000.000000,793.124912,success,,,"{""p2_amp"": ""10.000000"", ""p4_res"": ""2.000000"", ""p1_freq"": ""1.000000"", ""p3_spin"": ""0.100000""}",,t
868,hyper_lattice_shard_868,Hyper Lattice Shard #868,Hyper-Dimensional Grid,,,,,,,77390523246093750000000000000000.000000,793.124912,success,,,"{""p2_amp"": ""10.000000"", ""p4_res"": ""2.000000"", ""p1_freq"": ""1.000000"", ""p3_spin"": ""0.100000""}",,t
869,hyper_lattice_shard_869,Hyper Lattice Shard #869,Hyper-Dimensional Grid,,,,,,,77390523246093750000000000000000.000000,793.124912,success,,,"{""p2_amp"": ""10.000000"", ""p4_res"": ""2.000000"", ""p1_freq"": ""1.000000"", ""p3_spin"": ""0.100000""}",,t
870,hyper_lattice_shard_870,Hyper Lattice Shard #870,Hyper-Dimensional Grid,,,,,,,77390523246093750000000000000000.000000,793.124912,success,,,"{""p2_amp"": ""10.000000"", ""p4_res"": ""2.000000"", ""p1_freq"": ""1.000000"", ""p3_spin"": ""0.100000""}",,t
871,hyper_lattice_shard_871,Hyper Lattice Shard #871,Hyper-Dimensional Grid,,,,,,,77390523246093750000000000000000.000000,793.124912,success,,,"{""p2_amp"": ""10.000000"", ""p4_res"": ""2.000000"", ""p1_freq"": ""1.000000"", ""p3_spin"": ""0.100000""}",,t
872,hyper_lattice_shard_872,Hyper Lattice Shard #872,Hyper-Dimensional Grid,,,,,,,77390523246093750000000000000000.000000,793.124912,success,,,"{""p2_amp"": ""10.000000"", ""p4_res"": ""2.000000"", ""p1_freq"": ""1.000000"", ""p3_spin"": ""0.100000""}",,t
873,hyper_lattice_shard_873,Hyper Lattice Shard #873,Hyper-Dimensional Grid,,,,,,,77390523246093750000000000000000.000000,793.124912,success,,,"{""p2_amp"": ""10.000000"", ""p4_res"": ""2.000000"", ""p1_freq"": ""1.000000"", ""p3_spin"": ""0.100000""}",,t
874,hyper_lattice_shard_874,Hyper Lattice Shard #874,Hyper-Dimensional Grid,,,,,,,77390523246093750000000000000000.000000,793.124912,success,,,"{""p2_amp"": ""10.000000"", ""p4_res"": ""2.000000"", ""p1_freq"": ""1.000000"", ""p3_spin"": ""0.100000""}",,t
875,hyper_lattice_shard_875,Hyper Lattice Shard #875,Hyper-Dimensional Grid,,,,,,,77390523246093750000000000000000.000000,793.124912,success,,,"{""p2_amp"": ""10.000000"", ""p4_res"": ""2.000000"", ""p1_freq"": ""1.000000"", ""p3_spin"": ""0.100000""}",,t
876,hyper_lattice_shard_876,Hyper Lattice Shard #876,Hyper-Dimensional Grid,,,,,,,77390523246093750000000000000000.000000,793.124912,success,,,"{""p2_amp"": ""10.000000"", ""p4_res"": ""2.000000"", ""p1_freq"": ""1.000000"", ""p3_spin"": ""0.100000""}",,t
877,hyper_lattice_shard_877,Hyper Lattice Shard #877,Hyper-Dimensional Grid,,,,,,,77390523246093750000000000000000.000000,793.124912,success,,,"{""p2_amp"": ""10.000000"", ""p4_res"": ""2.000000"", ""p1_freq"": ""1.000000"", ""p3_spin"": ""0.100000""}",,t
878,hyper_lattice_shard_878,Hyper Lattice Shard #878,Hyper-Dimensional Grid,,,,,,,77390523246093750000000000000000.000000,793.124912,success,,,"{""p2_amp"": ""10.000000"", ""p4_res"": ""2.000000"", ""p1_freq"": ""1.000000"", ""p3_spin"": ""0.100000""}",,t
879,hyper_lattice_shard_879,Hyper Lattice Shard #879,Hyper-Dimensional Grid,,,,,,,77390523246093750000000000000000.000000,793.124912,success,,,"{""p2_amp"": ""10.000000"", ""p4_res"": ""2.000000"", ""p1_freq"": ""1.000000"", ""p3_spin"": ""0.100000""}",,t
880,hyper_lattice_shard_880,Hyper Lattice Shard #880,Hyper-Dimensional Grid,,,,,,,77390523246093750000000000000000.000000,793.124912,success,,,"{""p2_amp"": ""10.000000"", ""p4_res"": ""2.000000"", ""p1_freq"": ""1.000000"", ""p3_spin"": ""0.100000""}",,t
881,hyper_lattice_shard_881,Hyper Lattice Shard #881,Hyper-Dimensional Grid,,,,,,,77390523246093750000000000000000.000000,793.124912,success,,,"{""p2_amp"": ""10.000000"", ""p4_res"": ""2.000000"", ""p1_freq"": ""1.000000"", ""p3_spin"": ""0.100000""}",,t
882,hyper_lattice_shard_882,Hyper Lattice Shard #882,Hyper-Dimensional Grid,,,,,,,77390523246093750000000000000000.000000,793.124912,success,,,"{""p2_amp"": ""10.000000"", ""p4_res"": ""2.000000"", ""p1_freq"": ""1.000000"", ""p3_spin"": ""0.100000""}",,t
883,hyper_lattice_shard_883,Hyper Lattice Shard #883,Hyper-Dimensional Grid,,,,,,,77390523246093750000000000000000.000000,793.124912,success,,,"{""p2_amp"": ""10.000000"", ""p4_res"": ""2.000000"", ""p1_freq"": ""1.000000"", ""p3_spin"": ""0.100000""}",,t
884,hyper_lattice_shard_884,Hyper Lattice Shard #884,Hyper-Dimensional Grid,,,,,,,77390523246093750000000000000000.000000,793.124912,success,,,"{""p2_amp"": ""10.000000"", ""p4_res"": ""2.000000"", ""p1_freq"": ""1.000000"", ""p3_spin"": ""0.100000""}",,t
885,hyper_lattice_shard_885,Hyper Lattice Shard #885,Hyper-Dimensional Grid,,,,,,,77390523246093750000000000000000.000000,793.124912,success,,,"{""p2_amp"": ""10.000000"", ""p4_res"": ""2.000000"", ""p1_freq"": ""1.000000"", ""p3_spin"": ""0.100000""}",,t
886,hyper_lattice_shard_886,Hyper Lattice Shard #886,Hyper-Dimensional Grid,,,,,,,77390523246093750000000000000000.000000,793.124912,success,,,"{""p2_amp"": ""10.000000"", ""p4_res"": ""2.000000"", ""p1_freq"": ""1.000000"", ""p3_spin"": ""0.100000""}",,t
887,hyper_lattice_shard_887,Hyper Lattice Shard #887,Hyper-Dimensional Grid,,,,,,,77390523246093750000000000000000.000000,793.124912,success,,,"{""p2_amp"": ""10.000000"", ""p4_res"": ""2.000000"", ""p1_freq"": ""1.000000"", ""p3_spin"": ""0.100000""}",,t
888,hyper_lattice_shard_888,Hyper Lattice Shard #888,Hyper-Dimensional Grid,,,,,,,77390523246093750000000000000000.000000,793.124912,success,,,"{""p2_amp"": ""10.000000"", ""p4_res"": ""2.000000"", ""p1_freq"": ""1.000000"", ""p3_spin"": ""0.100000""}",,t
889,hyper_lattice_shard_889,Hyper Lattice Shard #889,Hyper-Dimensional Grid,,,,,,,77390523246093750000000000000000.000000,793.124912,success,,,"{""p2_amp"": ""10.000000"", ""p4_res"": ""2.000000"", ""p1_freq"": ""1.000000"", ""p3_spin"": ""0.100000""}",,t
890,hyper_lattice_shard_890,Hyper Lattice Shard #890,Hyper-Dimensional Grid,,,,,,,77390523246093750000000000000000.000000,793.124912,success,,,"{""p2_amp"": ""10.000000"", ""p4_res"": ""2.000000"", ""p1_freq"": ""1.000000"", ""p3_spin"": ""0.100000""}",,t
891,hyper_lattice_shard_891,Hyper Lattice Shard #891,Hyper-Dimensional Grid,,,,,,,77390523246093750000000000000000.000000,793.124912,success,,,"{""p2_amp"": ""10.000000"", ""p4_res"": ""2.000000"", ""p1_freq"": ""1.000000"", ""p3_spin"": ""0.100000""}",,t
892,hyper_lattice_shard_892,Hyper Lattice Shard #892,Hyper-Dimensional Grid,,,,,,,77390523246093750000000000000000.000000,793.124912,success,,,"{""p2_amp"": ""10.000000"", ""p4_res"": ""2.000000"", ""p1_freq"": ""1.000000"", ""p3_spin"": ""0.100000""}",,t
893,hyper_lattice_shard_893,Hyper Lattice Shard #893,Hyper-Dimensional Grid,,,,,,,77390523246093750000000000000000.000000,793.124912,success,,,"{""p2_amp"": ""10.000000"", ""p4_res"": ""2.000000"", ""p1_freq"": ""1.000000"", ""p3_spin"": ""0.100000""}",,t
894,hyper_lattice_shard_894,Hyper Lattice Shard #894,Hyper-Dimensional Grid,,,,,,,77390523246093750000000000000000.000000,793.124912,success,,,"{""p2_amp"": ""10.000000"", ""p4_res"": ""2.000000"", ""p1_freq"": ""1.000000"", ""p3_spin"": ""0.100000""}",,t
895,hyper_lattice_shard_895,Hyper Lattice Shard #895,Hyper-Dimensional Grid,,,,,,,77390523246093750000000000000000.000000,793.124912,success,,,"{""p2_amp"": ""10.000000"", ""p4_res"": ""2.000000"", ""p1_freq"": ""1.000000"", ""p3_spin"": ""0.100000""}",,t
896,hyper_lattice_shard_896,Hyper Lattice Shard #896,Hyper-Dimensional Grid,,,,,,,77390523246093750000000000000000.000000,793.124912,success,,,"{""p2_amp"": ""10.000000"", ""p4_res"": ""2.000000"", ""p1_freq"": ""1.000000"", ""p3_spin"": ""0.100000""}",,t
897,hyper_lattice_shard_897,Hyper Lattice Shard #897,Hyper-Dimensional Grid,,,,,,,77390523246093750000000000000000.000000,793.124912,success,,,"{""p2_amp"": ""10.000000"", ""p4_res"": ""2.000000"", ""p1_freq"": ""1.000000"", ""p3_spin"": ""0.100000""}",,t
898,hyper_lattice_shard_898,Hyper Lattice Shard #898,Hyper-Dimensional Grid,,,,,,,77390523246093750000000000000000.000000,793.124912,success,,,"{""p2_amp"": ""10.000000"", ""p4_res"": ""2.000000"", ""p1_freq"": ""1.000000"", ""p3_spin"": ""0.100000""}",,t
899,hyper_lattice_shard_899,Hyper Lattice Shard #899,Hyper-Dimensional Grid,,,,,,,77390523246093750000000000000000.000000,793.124912,success,,,"{""p2_amp"": ""10.000000"", ""p4_res"": ""2.000000"", ""p1_freq"": ""1.000000"", ""p3_spin"": ""0.100000""}",,t
900,hyper_lattice_shard_900,Hyper Lattice Shard #900,Hyper-Dimensional Grid,,,,,,,77390523246093750000000000000000.000000,793.124912,success,,,"{""p2_amp"": ""10.000000"", ""p4_res"": ""2.000000"", ""p1_freq"": ""1.000000"", ""p3_spin"": ""0.100000""}",,t
901,hyper_lattice_shard_901,Hyper Lattice Shard #901,Hyper-Dimensional Grid,,,,,,,77390523246093750000000000000000.000000,793.124912,success,,,"{""p2_amp"": ""10.000000"", ""p4_res"": ""2.000000"", ""p1_freq"": ""1.000000"", ""p3_spin"": ""0.100000""}",,t
902,hyper_lattice_shard_902,Hyper Lattice Shard #902,Hyper-Dimensional Grid,,,,,,,77390523246093750000000000000000.000000,793.124912,success,,,"{""p2_amp"": ""10.000000"", ""p4_res"": ""2.000000"", ""p1_freq"": ""1.000000"", ""p3_spin"": ""0.100000""}",,t
903,hyper_lattice_shard_903,Hyper Lattice Shard #903,Hyper-Dimensional Grid,,,,,,,77390523246093750000000000000000.000000,793.124912,success,,,"{""p2_amp"": ""10.000000"", ""p4_res"": ""2.000000"", ""p1_freq"": ""1.000000"", ""p3_spin"": ""0.100000""}",,t
904,hyper_lattice_shard_904,Hyper Lattice Shard #904,Hyper-Dimensional Grid,,,,,,,77390523246093750000000000000000.000000,793.124912,success,,,"{""p2_amp"": ""10.000000"", ""p4_res"": ""2.000000"", ""p1_freq"": ""1.000000"", ""p3_spin"": ""0.100000""}",,t
905,hyper_lattice_shard_905,Hyper Lattice Shard #905,Hyper-Dimensional Grid,,,,,,,77390523246093750000000000000000.000000,793.124912,success,,,"{""p2_amp"": ""10.000000"", ""p4_res"": ""2.000000"", ""p1_freq"": ""1.000000"", ""p3_spin"": ""0.100000""}",,t
906,hyper_lattice_shard_906,Hyper Lattice Shard #906,Hyper-Dimensional Grid,,,,,,,77390523246093750000000000000000.000000,793.124912,success,,,"{""p2_amp"": ""10.000000"", ""p4_res"": ""2.000000"", ""p1_freq"": ""1.000000"", ""p3_spin"": ""0.100000""}",,t
907,hyper_lattice_shard_907,Hyper Lattice Shard #907,Hyper-Dimensional Grid,,,,,,,77390523246093750000000000000000.000000,793.124912,success,,,"{""p2_amp"": ""10.000000"", ""p4_res"": ""2.000000"", ""p1_freq"": ""1.000000"", ""p3_spin"": ""0.100000""}",,t
908,hyper_lattice_shard_908,Hyper Lattice Shard #908,Hyper-Dimensional Grid,,,,,,,77390523246093750000000000000000.000000,793.124912,success,,,"{""p2_amp"": ""10.000000"", ""p4_res"": ""2.000000"", ""p1_freq"": ""1.000000"", ""p3_spin"": ""0.100000""}",,t
909,hyper_lattice_shard_909,Hyper Lattice Shard #909,Hyper-Dimensional Grid,,,,,,,77390523246093750000000000000000.000000,793.124912,success,,,"{""p2_amp"": ""10.000000"", ""p4_res"": ""2.000000"", ""p1_freq"": ""1.000000"", ""p3_spin"": ""0.100000""}",,t
910,hyper_lattice_shard_910,Hyper Lattice Shard #910,Hyper-Dimensional Grid,,,,,,,77390523246093750000000000000000.000000,793.124912,success,,,"{""p2_amp"": ""10.000000"", ""p4_res"": ""2.000000"", ""p1_freq"": ""1.000000"", ""p3_spin"": ""0.100000""}",,t
911,hyper_lattice_shard_911,Hyper Lattice Shard #911,Hyper-Dimensional Grid,,,,,,,77390523246093750000000000000000.000000,793.124912,success,,,"{""p2_amp"": ""10.000000"", ""p4_res"": ""2.000000"", ""p1_freq"": ""1.000000"", ""p3_spin"": ""0.100000""}",,t
912,hyper_lattice_shard_912,Hyper Lattice Shard #912,Hyper-Dimensional Grid,,,,,,,77390523246093750000000000000000.000000,793.124912,success,,,"{""p2_amp"": ""10.000000"", ""p4_res"": ""2.000000"", ""p1_freq"": ""1.000000"", ""p3_spin"": ""0.100000""}",,t
913,hyper_lattice_shard_913,Hyper Lattice Shard #913,Hyper-Dimensional Grid,,,,,,,77390523246093750000000000000000.000000,793.124912,success,,,"{""p2_amp"": ""10.000000"", ""p4_res"": ""2.000000"", ""p1_freq"": ""1.000000"", ""p3_spin"": ""0.100000""}",,t
914,hyper_lattice_shard_914,Hyper Lattice Shard #914,Hyper-Dimensional Grid,,,,,,,77390523246093750000000000000000.000000,793.124912,success,,,"{""p2_amp"": ""10.000000"", ""p4_res"": ""2.000000"", ""p1_freq"": ""1.000000"", ""p3_spin"": ""0.100000""}",,t
915,hyper_lattice_shard_915,Hyper Lattice Shard #915,Hyper-Dimensional Grid,,,,,,,77390523246093750000000000000000.000000,793.124912,success,,,"{""p2_amp"": ""10.000000"", ""p4_res"": ""2.000000"", ""p1_freq"": ""1.000000"", ""p3_spin"": ""0.100000""}",,t
916,hyper_lattice_shard_916,Hyper Lattice Shard #916,Hyper-Dimensional Grid,,,,,,,77390523246093750000000000000000.000000,793.124912,success,,,"{""p2_amp"": ""10.000000"", ""p4_res"": ""2.000000"", ""p1_freq"": ""1.000000"", ""p3_spin"": ""0.100000""}",,t
917,hyper_lattice_shard_917,Hyper Lattice Shard #917,Hyper-Dimensional Grid,,,,,,,77390523246093750000000000000000.000000,793.124912,success,,,"{""p2_amp"": ""10.000000"", ""p4_res"": ""2.000000"", ""p1_freq"": ""1.000000"", ""p3_spin"": ""0.100000""}",,t
918,hyper_lattice_shard_918,Hyper Lattice Shard #918,Hyper-Dimensional Grid,,,,,,,77390523246093750000000000000000.000000,793.124912,success,,,"{""p2_amp"": ""10.000000"", ""p4_res"": ""2.000000"", ""p1_freq"": ""1.000000"", ""p3_spin"": ""0.100000""}",,t
919,hyper_lattice_shard_919,Hyper Lattice Shard #919,Hyper-Dimensional Grid,,,,,,,77390523246093750000000000000000.000000,793.124912,success,,,"{""p2_amp"": ""10.000000"", ""p4_res"": ""2.000000"", ""p1_freq"": ""1.000000"", ""p3_spin"": ""0.100000""}",,t
920,hyper_lattice_shard_920,Hyper Lattice Shard #920,Hyper-Dimensional Grid,,,,,,,77390523246093750000000000000000.000000,793.124912,success,,,"{""p2_amp"": ""10.000000"", ""p4_res"": ""2.000000"", ""p1_freq"": ""1.000000"", ""p3_spin"": ""0.100000""}",,t
921,hyper_lattice_shard_921,Hyper Lattice Shard #921,Hyper-Dimensional Grid,,,,,,,77390523246093750000000000000000.000000,793.124912,success,,,"{""p2_amp"": ""10.000000"", ""p4_res"": ""2.000000"", ""p1_freq"": ""1.000000"", ""p3_spin"": ""0.100000""}",,t
922,hyper_lattice_shard_922,Hyper Lattice Shard #922,Hyper-Dimensional Grid,,,,,,,77390523246093750000000000000000.000000,793.124912,success,,,"{""p2_amp"": ""10.000000"", ""p4_res"": ""2.000000"", ""p1_freq"": ""1.000000"", ""p3_spin"": ""0.100000""}",,t
923,hyper_lattice_shard_923,Hyper Lattice Shard #923,Hyper-Dimensional Grid,,,,,,,77390523246093750000000000000000.000000,793.124912,success,,,"{""p2_amp"": ""10.000000"", ""p4_res"": ""2.000000"", ""p1_freq"": ""1.000000"", ""p3_spin"": ""0.100000""}",,t
924,hyper_lattice_shard_924,Hyper Lattice Shard #924,Hyper-Dimensional Grid,,,,,,,77390523246093750000000000000000.000000,793.124912,success,,,"{""p2_amp"": ""10.000000"", ""p4_res"": ""2.000000"", ""p1_freq"": ""1.000000"", ""p3_spin"": ""0.100000""}",,t
925,hyper_lattice_shard_925,Hyper Lattice Shard #925,Hyper-Dimensional Grid,,,,,,,77390523246093750000000000000000.000000,793.124912,success,,,"{""p2_amp"": ""10.000000"", ""p4_res"": ""2.000000"", ""p1_freq"": ""1.000000"", ""p3_spin"": ""0.100000""}",,t
926,hyper_lattice_shard_926,Hyper Lattice Shard #926,Hyper-Dimensional Grid,,,,,,,77390523246093750000000000000000.000000,793.124912,success,,,"{""p2_amp"": ""10.000000"", ""p4_res"": ""2.000000"", ""p1_freq"": ""1.000000"", ""p3_spin"": ""0.100000""}",,t
927,hyper_lattice_shard_927,Hyper Lattice Shard #927,Hyper-Dimensional Grid,,,,,,,77390523246093750000000000000000.000000,793.124912,success,,,"{""p2_amp"": ""10.000000"", ""p4_res"": ""2.000000"", ""p1_freq"": ""1.000000"", ""p3_spin"": ""0.100000""}",,t
928,hyper_lattice_shard_928,Hyper Lattice Shard #928,Hyper-Dimensional Grid,,,,,,,77390523246093750000000000000000.000000,793.124912,success,,,"{""p2_amp"": ""10.000000"", ""p4_res"": ""2.000000"", ""p1_freq"": ""1.000000"", ""p3_spin"": ""0.100000""}",,t
929,hyper_lattice_shard_929,Hyper Lattice Shard #929,Hyper-Dimensional Grid,,,,,,,77390523246093750000000000000000.000000,793.124912,success,,,"{""p2_amp"": ""10.000000"", ""p4_res"": ""2.000000"", ""p1_freq"": ""1.000000"", ""p3_spin"": ""0.100000""}",,t
930,hyper_lattice_shard_930,Hyper Lattice Shard #930,Hyper-Dimensional Grid,,,,,,,77390523246093750000000000000000.000000,793.124912,success,,,"{""p2_amp"": ""10.000000"", ""p4_res"": ""2.000000"", ""p1_freq"": ""1.000000"", ""p3_spin"": ""0.100000""}",,t
931,hyper_lattice_shard_931,Hyper Lattice Shard #931,Hyper-Dimensional Grid,,,,,,,77390523246093750000000000000000.000000,793.124912,success,,,"{""p2_amp"": ""10.000000"", ""p4_res"": ""2.000000"", ""p1_freq"": ""1.000000"", ""p3_spin"": ""0.100000""}",,t
932,hyper_lattice_shard_932,Hyper Lattice Shard #932,Hyper-Dimensional Grid,,,,,,,77390523246093750000000000000000.000000,793.124912,success,,,"{""p2_amp"": ""10.000000"", ""p4_res"": ""2.000000"", ""p1_freq"": ""1.000000"", ""p3_spin"": ""0.100000""}",,t
933,hyper_lattice_shard_933,Hyper Lattice Shard #933,Hyper-Dimensional Grid,,,,,,,77390523246093750000000000000000.000000,793.124912,success,,,"{""p2_amp"": ""10.000000"", ""p4_res"": ""2.000000"", ""p1_freq"": ""1.000000"", ""p3_spin"": ""0.100000""}",,t
934,hyper_lattice_shard_934,Hyper Lattice Shard #934,Hyper-Dimensional Grid,,,,,,,77390523246093750000000000000000.000000,793.124912,success,,,"{""p2_amp"": ""10.000000"", ""p4_res"": ""2.000000"", ""p1_freq"": ""1.000000"", ""p3_spin"": ""0.100000""}",,t
935,hyper_lattice_shard_935,Hyper Lattice Shard #935,Hyper-Dimensional Grid,,,,,,,77390523246093750000000000000000.000000,793.124912,success,,,"{""p2_amp"": ""10.000000"", ""p4_res"": ""2.000000"", ""p1_freq"": ""1.000000"", ""p3_spin"": ""0.100000""}",,t
936,hyper_lattice_shard_936,Hyper Lattice Shard #936,Hyper-Dimensional Grid,,,,,,,77390523246093750000000000000000.000000,793.124912,success,,,"{""p2_amp"": ""10.000000"", ""p4_res"": ""2.000000"", ""p1_freq"": ""1.000000"", ""p3_spin"": ""0.100000""}",,t
937,hyper_lattice_shard_937,Hyper Lattice Shard #937,Hyper-Dimensional Grid,,,,,,,77390523246093750000000000000000.000000,793.124912,success,,,"{""p2_amp"": ""10.000000"", ""p4_res"": ""2.000000"", ""p1_freq"": ""1.000000"", ""p3_spin"": ""0.100000""}",,t
938,hyper_lattice_shard_938,Hyper Lattice Shard #938,Hyper-Dimensional Grid,,,,,,,77390523246093750000000000000000.000000,793.124912,success,,,"{""p2_amp"": ""10.000000"", ""p4_res"": ""2.000000"", ""p1_freq"": ""1.000000"", ""p3_spin"": ""0.100000""}",,t
939,hyper_lattice_shard_939,Hyper Lattice Shard #939,Hyper-Dimensional Grid,,,,,,,77390523246093750000000000000000.000000,793.124912,success,,,"{""p2_amp"": ""10.000000"", ""p4_res"": ""2.000000"", ""p1_freq"": ""1.000000"", ""p3_spin"": ""0.100000""}",,t
940,hyper_lattice_shard_940,Hyper Lattice Shard #940,Hyper-Dimensional Grid,,,,,,,77390523246093750000000000000000.000000,793.124912,success,,,"{""p2_amp"": ""10.000000"", ""p4_res"": ""2.000000"", ""p1_freq"": ""1.000000"", ""p3_spin"": ""0.100000""}",,t
941,hyper_lattice_shard_941,Hyper Lattice Shard #941,Hyper-Dimensional Grid,,,,,,,77390523246093750000000000000000.000000,793.124912,success,,,"{""p2_amp"": ""10.000000"", ""p4_res"": ""2.000000"", ""p1_freq"": ""1.000000"", ""p3_spin"": ""0.100000""}",,t
942,hyper_lattice_shard_942,Hyper Lattice Shard #942,Hyper-Dimensional Grid,,,,,,,77390523246093750000000000000000.000000,793.124912,success,,,"{""p2_amp"": ""10.000000"", ""p4_res"": ""2.000000"", ""p1_freq"": ""1.000000"", ""p3_spin"": ""0.100000""}",,t
943,hyper_lattice_shard_943,Hyper Lattice Shard #943,Hyper-Dimensional Grid,,,,,,,77390523246093750000000000000000.000000,793.124912,success,,,"{""p2_amp"": ""10.000000"", ""p4_res"": ""2.000000"", ""p1_freq"": ""1.000000"", ""p3_spin"": ""0.100000""}",,t
944,hyper_lattice_shard_944,Hyper Lattice Shard #944,Hyper-Dimensional Grid,,,,,,,77390523246093750000000000000000.000000,793.124912,success,,,"{""p2_amp"": ""10.000000"", ""p4_res"": ""2.000000"", ""p1_freq"": ""1.000000"", ""p3_spin"": ""0.100000""}",,t
945,hyper_lattice_shard_945,Hyper Lattice Shard #945,Hyper-Dimensional Grid,,,,,,,77390523246093750000000000000000.000000,793.124912,success,,,"{""p2_amp"": ""10.000000"", ""p4_res"": ""2.000000"", ""p1_freq"": ""1.000000"", ""p3_spin"": ""0.100000""}",,t
946,hyper_lattice_shard_946,Hyper Lattice Shard #946,Hyper-Dimensional Grid,,,,,,,77390523246093750000000000000000.000000,793.124912,success,,,"{""p2_amp"": ""10.000000"", ""p4_res"": ""2.000000"", ""p1_freq"": ""1.000000"", ""p3_spin"": ""0.100000""}",,t
947,hyper_lattice_shard_947,Hyper Lattice Shard #947,Hyper-Dimensional Grid,,,,,,,77390523246093750000000000000000.000000,793.124912,success,,,"{""p2_amp"": ""10.000000"", ""p4_res"": ""2.000000"", ""p1_freq"": ""1.000000"", ""p3_spin"": ""0.100000""}",,t
948,hyper_lattice_shard_948,Hyper Lattice Shard #948,Hyper-Dimensional Grid,,,,,,,77390523246093750000000000000000.000000,793.124912,success,,,"{""p2_amp"": ""10.000000"", ""p4_res"": ""2.000000"", ""p1_freq"": ""1.000000"", ""p3_spin"": ""0.100000""}",,t
949,hyper_lattice_shard_949,Hyper Lattice Shard #949,Hyper-Dimensional Grid,,,,,,,77390523246093750000000000000000.000000,793.124912,success,,,"{""p2_amp"": ""10.000000"", ""p4_res"": ""2.000000"", ""p1_freq"": ""1.000000"", ""p3_spin"": ""0.100000""}",,t
950,hyper_lattice_shard_950,Hyper Lattice Shard #950,Hyper-Dimensional Grid,,,,,,,77390523246093750000000000000000.000000,793.124912,success,,,"{""p2_amp"": ""10.000000"", ""p4_res"": ""2.000000"", ""p1_freq"": ""1.000000"", ""p3_spin"": ""0.100000""}",,t
951,hyper_lattice_shard_951,Hyper Lattice Shard #951,Hyper-Dimensional Grid,,,,,,,77390523246093750000000000000000.000000,793.124912,success,,,"{""p2_amp"": ""10.000000"", ""p4_res"": ""2.000000"", ""p1_freq"": ""1.000000"", ""p3_spin"": ""0.100000""}",,t
952,hyper_lattice_shard_952,Hyper Lattice Shard #952,Hyper-Dimensional Grid,,,,,,,77390523246093750000000000000000.000000,793.124912,success,,,"{""p2_amp"": ""10.000000"", ""p4_res"": ""2.000000"", ""p1_freq"": ""1.000000"", ""p3_spin"": ""0.100000""}",,t
953,hyper_lattice_shard_953,Hyper Lattice Shard #953,Hyper-Dimensional Grid,,,,,,,77390523246093750000000000000000.000000,793.124912,success,,,"{""p2_amp"": ""10.000000"", ""p4_res"": ""2.000000"", ""p1_freq"": ""1.000000"", ""p3_spin"": ""0.100000""}",,t
954,hyper_lattice_shard_954,Hyper Lattice Shard #954,Hyper-Dimensional Grid,,,,,,,77390523246093750000000000000000.000000,793.124912,success,,,"{""p2_amp"": ""10.000000"", ""p4_res"": ""2.000000"", ""p1_freq"": ""1.000000"", ""p3_spin"": ""0.100000""}",,t
955,hyper_lattice_shard_955,Hyper Lattice Shard #955,Hyper-Dimensional Grid,,,,,,,77390523246093750000000000000000.000000,793.124912,success,,,"{""p2_amp"": ""10.000000"", ""p4_res"": ""2.000000"", ""p1_freq"": ""1.000000"", ""p3_spin"": ""0.100000""}",,t
956,hyper_lattice_shard_956,Hyper Lattice Shard #956,Hyper-Dimensional Grid,,,,,,,77390523246093750000000000000000.000000,793.124912,success,,,"{""p2_amp"": ""10.000000"", ""p4_res"": ""2.000000"", ""p1_freq"": ""1.000000"", ""p3_spin"": ""0.100000""}",,t
957,hyper_lattice_shard_957,Hyper Lattice Shard #957,Hyper-Dimensional Grid,,,,,,,77390523246093750000000000000000.000000,793.124912,success,,,"{""p2_amp"": ""10.000000"", ""p4_res"": ""2.000000"", ""p1_freq"": ""1.000000"", ""p3_spin"": ""0.100000""}",,t
958,hyper_lattice_shard_958,Hyper Lattice Shard #958,Hyper-Dimensional Grid,,,,,,,77390523246093750000000000000000.000000,793.124912,success,,,"{""p2_amp"": ""10.000000"", ""p4_res"": ""2.000000"", ""p1_freq"": ""1.000000"", ""p3_spin"": ""0.100000""}",,t
959,hyper_lattice_shard_959,Hyper Lattice Shard #959,Hyper-Dimensional Grid,,,,,,,77390523246093750000000000000000.000000,793.124912,success,,,"{""p2_amp"": ""10.000000"", ""p4_res"": ""2.000000"", ""p1_freq"": ""1.000000"", ""p3_spin"": ""0.100000""}",,t
960,hyper_lattice_shard_960,Hyper Lattice Shard #960,Hyper-Dimensional Grid,,,,,,,77390523246093750000000000000000.000000,793.124912,success,,,"{""p2_amp"": ""10.000000"", ""p4_res"": ""2.000000"", ""p1_freq"": ""1.000000"", ""p3_spin"": ""0.100000""}",,t
961,hyper_lattice_shard_961,Hyper Lattice Shard #961,Hyper-Dimensional Grid,,,,,,,77390523246093750000000000000000.000000,793.124912,success,,,"{""p2_amp"": ""10.000000"", ""p4_res"": ""2.000000"", ""p1_freq"": ""1.000000"", ""p3_spin"": ""0.100000""}",,t
962,hyper_lattice_shard_962,Hyper Lattice Shard #962,Hyper-Dimensional Grid,,,,,,,77390523246093750000000000000000.000000,793.124912,success,,,"{""p2_amp"": ""10.000000"", ""p4_res"": ""2.000000"", ""p1_freq"": ""1.000000"", ""p3_spin"": ""0.100000""}",,t
963,hyper_lattice_shard_963,Hyper Lattice Shard #963,Hyper-Dimensional Grid,,,,,,,77390523246093750000000000000000.000000,793.124912,success,,,"{""p2_amp"": ""10.000000"", ""p4_res"": ""2.000000"", ""p1_freq"": ""1.000000"", ""p3_spin"": ""0.100000""}",,t
964,hyper_lattice_shard_964,Hyper Lattice Shard #964,Hyper-Dimensional Grid,,,,,,,77390523246093750000000000000000.000000,793.124912,success,,,"{""p2_amp"": ""10.000000"", ""p4_res"": ""2.000000"", ""p1_freq"": ""1.000000"", ""p3_spin"": ""0.100000""}",,t
965,hyper_lattice_shard_965,Hyper Lattice Shard #965,Hyper-Dimensional Grid,,,,,,,77390523246093750000000000000000.000000,793.124912,success,,,"{""p2_amp"": ""10.000000"", ""p4_res"": ""2.000000"", ""p1_freq"": ""1.000000"", ""p3_spin"": ""0.100000""}",,t
966,hyper_lattice_shard_966,Hyper Lattice Shard #966,Hyper-Dimensional Grid,,,,,,,77390523246093750000000000000000.000000,793.124912,success,,,"{""p2_amp"": ""10.000000"", ""p4_res"": ""2.000000"", ""p1_freq"": ""1.000000"", ""p3_spin"": ""0.100000""}",,t
967,hyper_lattice_shard_967,Hyper Lattice Shard #967,Hyper-Dimensional Grid,,,,,,,77390523246093750000000000000000.000000,793.124912,success,,,"{""p2_amp"": ""10.000000"", ""p4_res"": ""2.000000"", ""p1_freq"": ""1.000000"", ""p3_spin"": ""0.100000""}",,t
968,hyper_lattice_shard_968,Hyper Lattice Shard #968,Hyper-Dimensional Grid,,,,,,,77390523246093750000000000000000.000000,793.124912,success,,,"{""p2_amp"": ""10.000000"", ""p4_res"": ""2.000000"", ""p1_freq"": ""1.000000"", ""p3_spin"": ""0.100000""}",,t
969,hyper_lattice_shard_969,Hyper Lattice Shard #969,Hyper-Dimensional Grid,,,,,,,77390523246093750000000000000000.000000,793.124912,success,,,"{""p2_amp"": ""10.000000"", ""p4_res"": ""2.000000"", ""p1_freq"": ""1.000000"", ""p3_spin"": ""0.100000""}",,t
970,hyper_lattice_shard_970,Hyper Lattice Shard #970,Hyper-Dimensional Grid,,,,,,,77390523246093750000000000000000.000000,793.124912,success,,,"{""p2_amp"": ""10.000000"", ""p4_res"": ""2.000000"", ""p1_freq"": ""1.000000"", ""p3_spin"": ""0.100000""}",,t
971,hyper_lattice_shard_971,Hyper Lattice Shard #971,Hyper-Dimensional Grid,,,,,,,77390523246093750000000000000000.000000,793.124912,success,,,"{""p2_amp"": ""10.000000"", ""p4_res"": ""2.000000"", ""p1_freq"": ""1.000000"", ""p3_spin"": ""0.100000""}",,t
972,hyper_lattice_shard_972,Hyper Lattice Shard #972,Hyper-Dimensional Grid,,,,,,,77390523246093750000000000000000.000000,793.124912,success,,,"{""p2_amp"": ""10.000000"", ""p4_res"": ""2.000000"", ""p1_freq"": ""1.000000"", ""p3_spin"": ""0.100000""}",,t
973,hyper_lattice_shard_973,Hyper Lattice Shard #973,Hyper-Dimensional Grid,,,,,,,77390523246093750000000000000000.000000,793.124912,success,,,"{""p2_amp"": ""10.000000"", ""p4_res"": ""2.000000"", ""p1_freq"": ""1.000000"", ""p3_spin"": ""0.100000""}",,t
974,hyper_lattice_shard_974,Hyper Lattice Shard #974,Hyper-Dimensional Grid,,,,,,,77390523246093750000000000000000.000000,793.124912,success,,,"{""p2_amp"": ""10.000000"", ""p4_res"": ""2.000000"", ""p1_freq"": ""1.000000"", ""p3_spin"": ""0.100000""}",,t
975,hyper_lattice_shard_975,Hyper Lattice Shard #975,Hyper-Dimensional Grid,,,,,,,77390523246093750000000000000000.000000,793.124912,success,,,"{""p2_amp"": ""10.000000"", ""p4_res"": ""2.000000"", ""p1_freq"": ""1.000000"", ""p3_spin"": ""0.100000""}",,t
976,hyper_lattice_shard_976,Hyper Lattice Shard #976,Hyper-Dimensional Grid,,,,,,,77390523246093750000000000000000.000000,793.124912,success,,,"{""p2_amp"": ""10.000000"", ""p4_res"": ""2.000000"", ""p1_freq"": ""1.000000"", ""p3_spin"": ""0.100000""}",,t
977,hyper_lattice_shard_977,Hyper Lattice Shard #977,Hyper-Dimensional Grid,,,,,,,77390523246093750000000000000000.000000,793.124912,success,,,"{""p2_amp"": ""10.000000"", ""p4_res"": ""2.000000"", ""p1_freq"": ""1.000000"", ""p3_spin"": ""0.100000""}",,t
978,hyper_lattice_shard_978,Hyper Lattice Shard #978,Hyper-Dimensional Grid,,,,,,,77390523246093750000000000000000.000000,793.124912,success,,,"{""p2_amp"": ""10.000000"", ""p4_res"": ""2.000000"", ""p1_freq"": ""1.000000"", ""p3_spin"": ""0.100000""}",,t
979,hyper_lattice_shard_979,Hyper Lattice Shard #979,Hyper-Dimensional Grid,,,,,,,77390523246093750000000000000000.000000,793.124912,success,,,"{""p2_amp"": ""10.000000"", ""p4_res"": ""2.000000"", ""p1_freq"": ""1.000000"", ""p3_spin"": ""0.100000""}",,t
980,hyper_lattice_shard_980,Hyper Lattice Shard #980,Hyper-Dimensional Grid,,,,,,,77390523246093750000000000000000.000000,793.124912,success,,,"{""p2_amp"": ""10.000000"", ""p4_res"": ""2.000000"", ""p1_freq"": ""1.000000"", ""p3_spin"": ""0.100000""}",,t
981,hyper_lattice_shard_981,Hyper Lattice Shard #981,Hyper-Dimensional Grid,,,,,,,77390523246093750000000000000000.000000,793.124912,success,,,"{""p2_amp"": ""10.000000"", ""p4_res"": ""2.000000"", ""p1_freq"": ""1.000000"", ""p3_spin"": ""0.100000""}",,t
982,hyper_lattice_shard_982,Hyper Lattice Shard #982,Hyper-Dimensional Grid,,,,,,,77390523246093750000000000000000.000000,793.124912,success,,,"{""p2_amp"": ""10.000000"", ""p4_res"": ""2.000000"", ""p1_freq"": ""1.000000"", ""p3_spin"": ""0.100000""}",,t
983,hyper_lattice_shard_983,Hyper Lattice Shard #983,Hyper-Dimensional Grid,,,,,,,77390523246093750000000000000000.000000,793.124912,success,,,"{""p2_amp"": ""10.000000"", ""p4_res"": ""2.000000"", ""p1_freq"": ""1.000000"", ""p3_spin"": ""0.100000""}",,t
984,hyper_lattice_shard_984,Hyper Lattice Shard #984,Hyper-Dimensional Grid,,,,,,,77390523246093750000000000000000.000000,793.124912,success,,,"{""p2_amp"": ""10.000000"", ""p4_res"": ""2.000000"", ""p1_freq"": ""1.000000"", ""p3_spin"": ""0.100000""}",,t
985,hyper_lattice_shard_985,Hyper Lattice Shard #985,Hyper-Dimensional Grid,,,,,,,77390523246093750000000000000000.000000,793.124912,success,,,"{""p2_amp"": ""10.000000"", ""p4_res"": ""2.000000"", ""p1_freq"": ""1.000000"", ""p3_spin"": ""0.100000""}",,t
986,hyper_lattice_shard_986,Hyper Lattice Shard #986,Hyper-Dimensional Grid,,,,,,,77390523246093750000000000000000.000000,793.124912,success,,,"{""p2_amp"": ""10.000000"", ""p4_res"": ""2.000000"", ""p1_freq"": ""1.000000"", ""p3_spin"": ""0.100000""}",,t
987,hyper_lattice_shard_987,Hyper Lattice Shard #987,Hyper-Dimensional Grid,,,,,,,77390523246093750000000000000000.000000,793.124912,success,,,"{""p2_amp"": ""10.000000"", ""p4_res"": ""2.000000"", ""p1_freq"": ""1.000000"", ""p3_spin"": ""0.100000""}",,t
988,hyper_lattice_shard_988,Hyper Lattice Shard #988,Hyper-Dimensional Grid,,,,,,,77390523246093750000000000000000.000000,793.124912,success,,,"{""p2_amp"": ""10.000000"", ""p4_res"": ""2.000000"", ""p1_freq"": ""1.000000"", ""p3_spin"": ""0.100000""}",,t
989,hyper_lattice_shard_989,Hyper Lattice Shard #989,Hyper-Dimensional Grid,,,,,,,77390523246093750000000000000000.000000,793.124912,success,,,"{""p2_amp"": ""10.000000"", ""p4_res"": ""2.000000"", ""p1_freq"": ""1.000000"", ""p3_spin"": ""0.100000""}",,t
990,hyper_lattice_shard_990,Hyper Lattice Shard #990,Hyper-Dimensional Grid,,,,,,,77390523246093750000000000000000.000000,793.124912,success,,,"{""p2_amp"": ""10.000000"", ""p4_res"": ""2.000000"", ""p1_freq"": ""1.000000"", ""p3_spin"": ""0.100000""}",,t
991,hyper_lattice_shard_991,Hyper Lattice Shard #991,Hyper-Dimensional Grid,,,,,,,77390523246093750000000000000000.000000,793.124912,success,,,"{""p2_amp"": ""10.000000"", ""p4_res"": ""2.000000"", ""p1_freq"": ""1.000000"", ""p3_spin"": ""0.100000""}",,t
992,hyper_lattice_shard_992,Hyper Lattice Shard #992,Hyper-Dimensional Grid,,,,,,,77390523246093750000000000000000.000000,793.124912,success,,,"{""p2_amp"": ""10.000000"", ""p4_res"": ""2.000000"", ""p1_freq"": ""1.000000"", ""p3_spin"": ""0.100000""}",,t
993,hyper_lattice_shard_993,Hyper Lattice Shard #993,Hyper-Dimensional Grid,,,,,,,77390523246093750000000000000000.000000,793.124912,success,,,"{""p2_amp"": ""10.000000"", ""p4_res"": ""2.000000"", ""p1_freq"": ""1.000000"", ""p3_spin"": ""0.100000""}",,t
994,hyper_lattice_shard_994,Hyper Lattice Shard #994,Hyper-Dimensional Grid,,,,,,,77390523246093750000000000000000.000000,793.124912,success,,,"{""p2_amp"": ""10.000000"", ""p4_res"": ""2.000000"", ""p1_freq"": ""1.000000"", ""p3_spin"": ""0.100000""}",,t
995,hyper_lattice_shard_995,Hyper Lattice Shard #995,Hyper-Dimensional Grid,,,,,,,77390523246093750000000000000000.000000,793.124912,success,,,"{""p2_amp"": ""10.000000"", ""p4_res"": ""2.000000"", ""p1_freq"": ""1.000000"", ""p3_spin"": ""0.100000""}",,t
996,hyper_lattice_shard_996,Hyper Lattice Shard #996,Hyper-Dimensional Grid,,,,,,,77390523246093750000000000000000.000000,793.124912,success,,,"{""p2_amp"": ""10.000000"", ""p4_res"": ""2.000000"", ""p1_freq"": ""1.000000"", ""p3_spin"": ""0.100000""}",,t
997,hyper_lattice_shard_997,Hyper Lattice Shard #997,Hyper-Dimensional Grid,,,,,,,77390523246093750000000000000000.000000,793.124912,success,,,"{""p2_amp"": ""10.000000"", ""p4_res"": ""2.000000"", ""p1_freq"": ""1.000000"", ""p3_spin"": ""0.100000""}",,t
998,hyper_lattice_shard_998,Hyper Lattice Shard #998,Hyper-Dimensional Grid,,,,,,,77390523246093750000000000000000.000000,793.124912,success,,,"{""p2_amp"": ""10.000000"", ""p4_res"": ""2.000000"", ""p1_freq"": ""1.000000"", ""p3_spin"": ""0.100000""}",,t
999,hyper_lattice_shard_999,Hyper Lattice Shard #999,Hyper-Dimensional Grid,,,,,,,77390523246093750000000000000000.000000,793.124912,success,,,"{""p2_amp"": ""10.000000"", ""p4_res"": ""2.000000"", ""p1_freq"": ""1.000000"", ""p3_spin"": ""0.100000""}",,t
1000,hyper_lattice_shard_1000,Hyper Lattice Shard #1000,Hyper-Dimensional Grid,,,,,,,77390523246093750000000000000000.000000,793.124912,success,,,"{""p2_amp"": ""10.000000"", ""p4_res"": ""2.000000"", ""p1_freq"": ""1.000000"", ""p3_spin"": ""0.100000""}",,t
1001,hyper_lattice_shard_1001,Hyper Lattice Shard #1001,Hyper-Dimensional Grid,,,,,,,77390523246093750000000000000000.000000,793.124912,success,,,"{""p2_amp"": ""10.000000"", ""p4_res"": ""2.000000"", ""p1_freq"": ""1.000000"", ""p3_spin"": ""0.100000""}",,t
1002,hyper_lattice_shard_1002,Hyper Lattice Shard #1002,Hyper-Dimensional Grid,,,,,,,77390523246093750000000000000000.000000,793.124912,success,,,"{""p2_amp"": ""10.000000"", ""p4_res"": ""2.000000"", ""p1_freq"": ""1.000000"", ""p3_spin"": ""0.100000""}",,t
1003,hyper_lattice_shard_1003,Hyper Lattice Shard #1003,Hyper-Dimensional Grid,,,,,,,77390523246093750000000000000000.000000,793.124912,success,,,"{""p2_amp"": ""10.000000"", ""p4_res"": ""2.000000"", ""p1_freq"": ""1.000000"", ""p3_spin"": ""0.100000""}",,t
1004,hyper_lattice_shard_1004,Hyper Lattice Shard #1004,Hyper-Dimensional Grid,,,,,,,77390523246093750000000000000000.000000,793.124912,success,,,"{""p2_amp"": ""10.000000"", ""p4_res"": ""2.000000"", ""p1_freq"": ""1.000000"", ""p3_spin"": ""0.100000""}",,t
1005,hyper_lattice_shard_1005,Hyper Lattice Shard #1005,Hyper-Dimensional Grid,,,,,,,77390523246093750000000000000000.000000,793.124912,success,,,"{""p2_amp"": ""10.000000"", ""p4_res"": ""2.000000"", ""p1_freq"": ""1.000000"", ""p3_spin"": ""0.100000""}",,t
1006,hyper_lattice_shard_1006,Hyper Lattice Shard #1006,Hyper-Dimensional Grid,,,,,,,77390523246093750000000000000000.000000,793.124912,success,,,"{""p2_amp"": ""10.000000"", ""p4_res"": ""2.000000"", ""p1_freq"": ""1.000000"", ""p3_spin"": ""0.100000""}",,t
1007,hyper_lattice_shard_1007,Hyper Lattice Shard #1007,Hyper-Dimensional Grid,,,,,,,77390523246093750000000000000000.000000,793.124912,success,,,"{""p2_amp"": ""10.000000"", ""p4_res"": ""2.000000"", ""p1_freq"": ""1.000000"", ""p3_spin"": ""0.100000""}",,t
1008,hyper_lattice_shard_1008,Hyper Lattice Shard #1008,Hyper-Dimensional Grid,,,,,,,77390523246093750000000000000000.000000,793.124912,success,,,"{""p2_amp"": ""10.000000"", ""p4_res"": ""2.000000"", ""p1_freq"": ""1.000000"", ""p3_spin"": ""0.100000""}",,t
1009,hyper_lattice_shard_1009,Hyper Lattice Shard #1009,Hyper-Dimensional Grid,,,,,,,77390523246093750000000000000000.000000,793.124912,success,,,"{""p2_amp"": ""10.000000"", ""p4_res"": ""2.000000"", ""p1_freq"": ""1.000000"", ""p3_spin"": ""0.100000""}",,t
1010,hyper_lattice_shard_1010,Hyper Lattice Shard #1010,Hyper-Dimensional Grid,,,,,,,77390523246093750000000000000000.000000,793.124912,success,,,"{""p2_amp"": ""10.000000"", ""p4_res"": ""2.000000"", ""p1_freq"": ""1.000000"", ""p3_spin"": ""0.100000""}",,t
1011,hyper_lattice_shard_1011,Hyper Lattice Shard #1011,Hyper-Dimensional Grid,,,,,,,77390523246093750000000000000000.000000,793.124912,success,,,"{""p2_amp"": ""10.000000"", ""p4_res"": ""2.000000"", ""p1_freq"": ""1.000000"", ""p3_spin"": ""0.100000""}",,t
1012,hyper_lattice_shard_1012,Hyper Lattice Shard #1012,Hyper-Dimensional Grid,,,,,,,77390523246093750000000000000000.000000,793.124912,success,,,"{""p2_amp"": ""10.000000"", ""p4_res"": ""2.000000"", ""p1_freq"": ""1.000000"", ""p3_spin"": ""0.100000""}",,t
1013,hyper_lattice_shard_1013,Hyper Lattice Shard #1013,Hyper-Dimensional Grid,,,,,,,77390523246093750000000000000000.000000,793.124912,success,,,"{""p2_amp"": ""10.000000"", ""p4_res"": ""2.000000"", ""p1_freq"": ""1.000000"", ""p3_spin"": ""0.100000""}",,t
1014,hyper_lattice_shard_1014,Hyper Lattice Shard #1014,Hyper-Dimensional Grid,,,,,,,77390523246093750000000000000000.000000,793.124912,success,,,"{""p2_amp"": ""10.000000"", ""p4_res"": ""2.000000"", ""p1_freq"": ""1.000000"", ""p3_spin"": ""0.100000""}",,t
1015,hyper_lattice_shard_1015,Hyper Lattice Shard #1015,Hyper-Dimensional Grid,,,,,,,77390523246093750000000000000000.000000,793.124912,success,,,"{""p2_amp"": ""10.000000"", ""p4_res"": ""2.000000"", ""p1_freq"": ""1.000000"", ""p3_spin"": ""0.100000""}",,t
1016,hyper_lattice_shard_1016,Hyper Lattice Shard #1016,Hyper-Dimensional Grid,,,,,,,77390523246093750000000000000000.000000,793.124912,success,,,"{""p2_amp"": ""10.000000"", ""p4_res"": ""2.000000"", ""p1_freq"": ""1.000000"", ""p3_spin"": ""0.100000""}",,t
1017,hyper_lattice_shard_1017,Hyper Lattice Shard #1017,Hyper-Dimensional Grid,,,,,,,77390523246093750000000000000000.000000,793.124912,success,,,"{""p2_amp"": ""10.000000"", ""p4_res"": ""2.000000"", ""p1_freq"": ""1.000000"", ""p3_spin"": ""0.100000""}",,t
1018,hyper_lattice_shard_1018,Hyper Lattice Shard #1018,Hyper-Dimensional Grid,,,,,,,77390523246093750000000000000000.000000,793.124912,success,,,"{""p2_amp"": ""10.000000"", ""p4_res"": ""2.000000"", ""p1_freq"": ""1.000000"", ""p3_spin"": ""0.100000""}",,t
1019,hyper_lattice_shard_1019,Hyper Lattice Shard #1019,Hyper-Dimensional Grid,,,,,,,77390523246093750000000000000000.000000,793.124912,success,,,"{""p2_amp"": ""10.000000"", ""p4_res"": ""2.000000"", ""p1_freq"": ""1.000000"", ""p3_spin"": ""0.100000""}",,t
1020,hyper_lattice_shard_1020,Hyper Lattice Shard #1020,Hyper-Dimensional Grid,,,,,,,77390523246093750000000000000000.000000,793.124912,success,,,"{""p2_amp"": ""10.000000"", ""p4_res"": ""2.000000"", ""p1_freq"": ""1.000000"", ""p3_spin"": ""0.100000""}",,t
1021,hyper_lattice_shard_1021,Hyper Lattice Shard #1021,Hyper-Dimensional Grid,,,,,,,77390523246093750000000000000000.000000,793.124912,success,,,"{""p2_amp"": ""10.000000"", ""p4_res"": ""2.000000"", ""p1_freq"": ""1.000000"", ""p3_spin"": ""0.100000""}",,t
1022,hyper_lattice_shard_1022,Hyper Lattice Shard #1022,Hyper-Dimensional Grid,,,,,,,77390523246093750000000000000000.000000,793.124912,success,,,"{""p2_amp"": ""10.000000"", ""p4_res"": ""2.000000"", ""p1_freq"": ""1.000000"", ""p3_spin"": ""0.100000""}",,t
1023,hyper_lattice_shard_1023,Hyper Lattice Shard #1023,Hyper-Dimensional Grid,,,,,,,77390523246093750000000000000000.000000,793.124912,success,,,"{""p2_amp"": ""10.000000"", ""p4_res"": ""2.000000"", ""p1_freq"": ""1.000000"", ""p3_spin"": ""0.100000""}",,t
1024,hyper_lattice_shard_1024,Hyper Lattice Shard #1024,Hyper-Dimensional Grid,,,,,,,77390523246093750000000000000000.000000,793.124912,success,,,"{""p2_amp"": ""10.000000"", ""p4_res"": ""2.000000"", ""p1_freq"": ""1.000000"", ""p3_spin"": ""0.100000""}",,t
1025,hyper_lattice_shard_1025,Hyper Lattice Shard #1025,Hyper-Dimensional Grid,,,,,,,77390523246093750000000000000000.000000,793.124912,success,,,"{""p2_amp"": ""10.000000"", ""p4_res"": ""2.000000"", ""p1_freq"": ""1.000000"", ""p3_spin"": ""0.100000""}",,t
1026,hyper_lattice_shard_1026,Hyper Lattice Shard #1026,Hyper-Dimensional Grid,,,,,,,77390523246093750000000000000000.000000,793.124912,success,,,"{""p2_amp"": ""10.000000"", ""p4_res"": ""2.000000"", ""p1_freq"": ""1.000000"", ""p3_spin"": ""0.100000""}",,t
1027,hyper_lattice_shard_1027,Hyper Lattice Shard #1027,Hyper-Dimensional Grid,,,,,,,77390523246093750000000000000000.000000,793.124912,success,,,"{""p2_amp"": ""10.000000"", ""p4_res"": ""2.000000"", ""p1_freq"": ""1.000000"", ""p3_spin"": ""0.100000""}",,t
1028,hyper_lattice_shard_1028,Hyper Lattice Shard #1028,Hyper-Dimensional Grid,,,,,,,77390523246093750000000000000000.000000,793.124912,success,,,"{""p2_amp"": ""10.000000"", ""p4_res"": ""2.000000"", ""p1_freq"": ""1.000000"", ""p3_spin"": ""0.100000""}",,t
1029,hyper_lattice_shard_1029,Hyper Lattice Shard #1029,Hyper-Dimensional Grid,,,,,,,77390523246093750000000000000000.000000,793.124912,success,,,"{""p2_amp"": ""10.000000"", ""p4_res"": ""2.000000"", ""p1_freq"": ""1.000000"", ""p3_spin"": ""0.100000""}",,t
1030,hyper_lattice_shard_1030,Hyper Lattice Shard #1030,Hyper-Dimensional Grid,,,,,,,77390523246093750000000000000000.000000,793.124912,success,,,"{""p2_amp"": ""10.000000"", ""p4_res"": ""2.000000"", ""p1_freq"": ""1.000000"", ""p3_spin"": ""0.100000""}",,t
1031,hyper_lattice_shard_1031,Hyper Lattice Shard #1031,Hyper-Dimensional Grid,,,,,,,77390523246093750000000000000000.000000,793.124912,success,,,"{""p2_amp"": ""10.000000"", ""p4_res"": ""2.000000"", ""p1_freq"": ""1.000000"", ""p3_spin"": ""0.100000""}",,t
1032,hyper_lattice_shard_1032,Hyper Lattice Shard #1032,Hyper-Dimensional Grid,,,,,,,77390523246093750000000000000000.000000,793.124912,success,,,"{""p2_amp"": ""10.000000"", ""p4_res"": ""2.000000"", ""p1_freq"": ""1.000000"", ""p3_spin"": ""0.100000""}",,t
1033,hyper_lattice_shard_1033,Hyper Lattice Shard #1033,Hyper-Dimensional Grid,,,,,,,77390523246093750000000000000000.000000,793.124912,success,,,"{""p2_amp"": ""10.000000"", ""p4_res"": ""2.000000"", ""p1_freq"": ""1.000000"", ""p3_spin"": ""0.100000""}",,t
1034,hyper_lattice_shard_1034,Hyper Lattice Shard #1034,Hyper-Dimensional Grid,,,,,,,77390523246093750000000000000000.000000,793.124912,success,,,"{""p2_amp"": ""10.000000"", ""p4_res"": ""2.000000"", ""p1_freq"": ""1.000000"", ""p3_spin"": ""0.100000""}",,t
1035,hyper_lattice_shard_1035,Hyper Lattice Shard #1035,Hyper-Dimensional Grid,,,,,,,77390523246093750000000000000000.000000,793.124912,success,,,"{""p2_amp"": ""10.000000"", ""p4_res"": ""2.000000"", ""p1_freq"": ""1.000000"", ""p3_spin"": ""0.100000""}",,t
1036,hyper_lattice_shard_1036,Hyper Lattice Shard #1036,Hyper-Dimensional Grid,,,,,,,77390523246093750000000000000000.000000,793.124912,success,,,"{""p2_amp"": ""10.000000"", ""p4_res"": ""2.000000"", ""p1_freq"": ""1.000000"", ""p3_spin"": ""0.100000""}",,t
1037,hyper_lattice_shard_1037,Hyper Lattice Shard #1037,Hyper-Dimensional Grid,,,,,,,77390523246093750000000000000000.000000,793.124912,success,,,"{""p2_amp"": ""10.000000"", ""p4_res"": ""2.000000"", ""p1_freq"": ""1.000000"", ""p3_spin"": ""0.100000""}",,t
1038,hyper_lattice_shard_1038,Hyper Lattice Shard #1038,Hyper-Dimensional Grid,,,,,,,77390523246093750000000000000000.000000,793.124912,success,,,"{""p2_amp"": ""10.000000"", ""p4_res"": ""2.000000"", ""p1_freq"": ""1.000000"", ""p3_spin"": ""0.100000""}",,t
1039,hyper_lattice_shard_1039,Hyper Lattice Shard #1039,Hyper-Dimensional Grid,,,,,,,77390523246093750000000000000000.000000,793.124912,success,,,"{""p2_amp"": ""10.000000"", ""p4_res"": ""2.000000"", ""p1_freq"": ""1.000000"", ""p3_spin"": ""0.100000""}",,t
1040,hyper_lattice_shard_1040,Hyper Lattice Shard #1040,Hyper-Dimensional Grid,,,,,,,77390523246093750000000000000000.000000,793.124912,success,,,"{""p2_amp"": ""10.000000"", ""p4_res"": ""2.000000"", ""p1_freq"": ""1.000000"", ""p3_spin"": ""0.100000""}",,t
1041,hyper_lattice_shard_1041,Hyper Lattice Shard #1041,Hyper-Dimensional Grid,,,,,,,77390523246093750000000000000000.000000,793.124912,success,,,"{""p2_amp"": ""10.000000"", ""p4_res"": ""2.000000"", ""p1_freq"": ""1.000000"", ""p3_spin"": ""0.100000""}",,t
1042,hyper_lattice_shard_1042,Hyper Lattice Shard #1042,Hyper-Dimensional Grid,,,,,,,77390523246093750000000000000000.000000,793.124912,success,,,"{""p2_amp"": ""10.000000"", ""p4_res"": ""2.000000"", ""p1_freq"": ""1.000000"", ""p3_spin"": ""0.100000""}",,t
1043,hyper_lattice_shard_1043,Hyper Lattice Shard #1043,Hyper-Dimensional Grid,,,,,,,77390523246093750000000000000000.000000,793.124912,success,,,"{""p2_amp"": ""10.000000"", ""p4_res"": ""2.000000"", ""p1_freq"": ""1.000000"", ""p3_spin"": ""0.100000""}",,t
1044,hyper_lattice_shard_1044,Hyper Lattice Shard #1044,Hyper-Dimensional Grid,,,,,,,77390523246093750000000000000000.000000,793.124912,success,,,"{""p2_amp"": ""10.000000"", ""p4_res"": ""2.000000"", ""p1_freq"": ""1.000000"", ""p3_spin"": ""0.100000""}",,t
1045,hyper_lattice_shard_1045,Hyper Lattice Shard #1045,Hyper-Dimensional Grid,,,,,,,77390523246093750000000000000000.000000,793.124912,success,,,"{""p2_amp"": ""10.000000"", ""p4_res"": ""2.000000"", ""p1_freq"": ""1.000000"", ""p3_spin"": ""0.100000""}",,t
1046,hyper_lattice_shard_1046,Hyper Lattice Shard #1046,Hyper-Dimensional Grid,,,,,,,77390523246093750000000000000000.000000,793.124912,success,,,"{""p2_amp"": ""10.000000"", ""p4_res"": ""2.000000"", ""p1_freq"": ""1.000000"", ""p3_spin"": ""0.100000""}",,t
1047,hyper_lattice_shard_1047,Hyper Lattice Shard #1047,Hyper-Dimensional Grid,,,,,,,77390523246093750000000000000000.000000,793.124912,success,,,"{""p2_amp"": ""10.000000"", ""p4_res"": ""2.000000"", ""p1_freq"": ""1.000000"", ""p3_spin"": ""0.100000""}",,t
1048,hyper_lattice_shard_1048,Hyper Lattice Shard #1048,Hyper-Dimensional Grid,,,,,,,77390523246093750000000000000000.000000,793.124912,success,,,"{""p2_amp"": ""10.000000"", ""p4_res"": ""2.000000"", ""p1_freq"": ""1.000000"", ""p3_spin"": ""0.100000""}",,t
1049,hyper_lattice_shard_1049,Hyper Lattice Shard #1049,Hyper-Dimensional Grid,,,,,,,77390523246093750000000000000000.000000,793.124912,success,,,"{""p2_amp"": ""10.000000"", ""p4_res"": ""2.000000"", ""p1_freq"": ""1.000000"", ""p3_spin"": ""0.100000""}",,t
1050,hyper_lattice_shard_1050,Hyper Lattice Shard #1050,Hyper-Dimensional Grid,,,,,,,77390523246093750000000000000000.000000,793.124912,success,,,"{""p2_amp"": ""10.000000"", ""p4_res"": ""2.000000"", ""p1_freq"": ""1.000000"", ""p3_spin"": ""0.100000""}",,t
1051,hyper_lattice_shard_1051,Hyper Lattice Shard #1051,Hyper-Dimensional Grid,,,,,,,77390523246093750000000000000000.000000,793.124912,success,,,"{""p2_amp"": ""10.000000"", ""p4_res"": ""2.000000"", ""p1_freq"": ""1.000000"", ""p3_spin"": ""0.100000""}",,t
1052,hyper_lattice_shard_1052,Hyper Lattice Shard #1052,Hyper-Dimensional Grid,,,,,,,77390523246093750000000000000000.000000,793.124912,success,,,"{""p2_amp"": ""10.000000"", ""p4_res"": ""2.000000"", ""p1_freq"": ""1.000000"", ""p3_spin"": ""0.100000""}",,t
1053,hyper_lattice_shard_1053,Hyper Lattice Shard #1053,Hyper-Dimensional Grid,,,,,,,77390523246093750000000000000000.000000,793.124912,success,,,"{""p2_amp"": ""10.000000"", ""p4_res"": ""2.000000"", ""p1_freq"": ""1.000000"", ""p3_spin"": ""0.100000""}",,t
1054,hyper_lattice_shard_1054,Hyper Lattice Shard #1054,Hyper-Dimensional Grid,,,,,,,77390523246093750000000000000000.000000,793.124912,success,,,"{""p2_amp"": ""10.000000"", ""p4_res"": ""2.000000"", ""p1_freq"": ""1.000000"", ""p3_spin"": ""0.100000""}",,t
1055,hyper_lattice_shard_1055,Hyper Lattice Shard #1055,Hyper-Dimensional Grid,,,,,,,77390523246093750000000000000000.000000,793.124912,success,,,"{""p2_amp"": ""10.000000"", ""p4_res"": ""2.000000"", ""p1_freq"": ""1.000000"", ""p3_spin"": ""0.100000""}",,t
1056,hyper_lattice_shard_1056,Hyper Lattice Shard #1056,Hyper-Dimensional Grid,,,,,,,77390523246093750000000000000000.000000,793.124912,success,,,"{""p2_amp"": ""10.000000"", ""p4_res"": ""2.000000"", ""p1_freq"": ""1.000000"", ""p3_spin"": ""0.100000""}",,t
1057,hyper_lattice_shard_1057,Hyper Lattice Shard #1057,Hyper-Dimensional Grid,,,,,,,77390523246093750000000000000000.000000,793.124912,success,,,"{""p2_amp"": ""10.000000"", ""p4_res"": ""2.000000"", ""p1_freq"": ""1.000000"", ""p3_spin"": ""0.100000""}",,t
1058,hyper_lattice_shard_1058,Hyper Lattice Shard #1058,Hyper-Dimensional Grid,,,,,,,77390523246093750000000000000000.000000,793.124912,success,,,"{""p2_amp"": ""10.000000"", ""p4_res"": ""2.000000"", ""p1_freq"": ""1.000000"", ""p3_spin"": ""0.100000""}",,t
1059,hyper_lattice_shard_1059,Hyper Lattice Shard #1059,Hyper-Dimensional Grid,,,,,,,77390523246093750000000000000000.000000,793.124912,success,,,"{""p2_amp"": ""10.000000"", ""p4_res"": ""2.000000"", ""p1_freq"": ""1.000000"", ""p3_spin"": ""0.100000""}",,t
1060,hyper_lattice_shard_1060,Hyper Lattice Shard #1060,Hyper-Dimensional Grid,,,,,,,77390523246093750000000000000000.000000,793.124912,success,,,"{""p2_amp"": ""10.000000"", ""p4_res"": ""2.000000"", ""p1_freq"": ""1.000000"", ""p3_spin"": ""0.100000""}",,t
1061,hyper_lattice_shard_1061,Hyper Lattice Shard #1061,Hyper-Dimensional Grid,,,,,,,77390523246093750000000000000000.000000,793.124912,success,,,"{""p2_amp"": ""10.000000"", ""p4_res"": ""2.000000"", ""p1_freq"": ""1.000000"", ""p3_spin"": ""0.100000""}",,t
1062,hyper_lattice_shard_1062,Hyper Lattice Shard #1062,Hyper-Dimensional Grid,,,,,,,77390523246093750000000000000000.000000,793.124912,success,,,"{""p2_amp"": ""10.000000"", ""p4_res"": ""2.000000"", ""p1_freq"": ""1.000000"", ""p3_spin"": ""0.100000""}",,t
1063,hyper_lattice_shard_1063,Hyper Lattice Shard #1063,Hyper-Dimensional Grid,,,,,,,77390523246093750000000000000000.000000,793.124912,success,,,"{""p2_amp"": ""10.000000"", ""p4_res"": ""2.000000"", ""p1_freq"": ""1.000000"", ""p3_spin"": ""0.100000""}",,t
1064,hyper_lattice_shard_1064,Hyper Lattice Shard #1064,Hyper-Dimensional Grid,,,,,,,77390523246093750000000000000000.000000,793.124912,success,,,"{""p2_amp"": ""10.000000"", ""p4_res"": ""2.000000"", ""p1_freq"": ""1.000000"", ""p3_spin"": ""0.100000""}",,t
1065,hyper_lattice_shard_1065,Hyper Lattice Shard #1065,Hyper-Dimensional Grid,,,,,,,77390523246093750000000000000000.000000,793.124912,success,,,"{""p2_amp"": ""10.000000"", ""p4_res"": ""2.000000"", ""p1_freq"": ""1.000000"", ""p3_spin"": ""0.100000""}",,t
1066,hyper_lattice_shard_1066,Hyper Lattice Shard #1066,Hyper-Dimensional Grid,,,,,,,77390523246093750000000000000000.000000,793.124912,success,,,"{""p2_amp"": ""10.000000"", ""p4_res"": ""2.000000"", ""p1_freq"": ""1.000000"", ""p3_spin"": ""0.100000""}",,t
1067,hyper_lattice_shard_1067,Hyper Lattice Shard #1067,Hyper-Dimensional Grid,,,,,,,77390523246093750000000000000000.000000,793.124912,success,,,"{""p2_amp"": ""10.000000"", ""p4_res"": ""2.000000"", ""p1_freq"": ""1.000000"", ""p3_spin"": ""0.100000""}",,t
1068,hyper_lattice_shard_1068,Hyper Lattice Shard #1068,Hyper-Dimensional Grid,,,,,,,77390523246093750000000000000000.000000,793.124912,success,,,"{""p2_amp"": ""10.000000"", ""p4_res"": ""2.000000"", ""p1_freq"": ""1.000000"", ""p3_spin"": ""0.100000""}",,t
1069,hyper_lattice_shard_1069,Hyper Lattice Shard #1069,Hyper-Dimensional Grid,,,,,,,77390523246093750000000000000000.000000,793.124912,success,,,"{""p2_amp"": ""10.000000"", ""p4_res"": ""2.000000"", ""p1_freq"": ""1.000000"", ""p3_spin"": ""0.100000""}",,t
1070,hyper_lattice_shard_1070,Hyper Lattice Shard #1070,Hyper-Dimensional Grid,,,,,,,77390523246093750000000000000000.000000,793.124912,success,,,"{""p2_amp"": ""10.000000"", ""p4_res"": ""2.000000"", ""p1_freq"": ""1.000000"", ""p3_spin"": ""0.100000""}",,t
1071,hyper_lattice_shard_1071,Hyper Lattice Shard #1071,Hyper-Dimensional Grid,,,,,,,77390523246093750000000000000000.000000,793.124912,success,,,"{""p2_amp"": ""10.000000"", ""p4_res"": ""2.000000"", ""p1_freq"": ""1.000000"", ""p3_spin"": ""0.100000""}",,t
1072,hyper_lattice_shard_1072,Hyper Lattice Shard #1072,Hyper-Dimensional Grid,,,,,,,77390523246093750000000000000000.000000,793.124912,success,,,"{""p2_amp"": ""10.000000"", ""p4_res"": ""2.000000"", ""p1_freq"": ""1.000000"", ""p3_spin"": ""0.100000""}",,t
1073,hyper_lattice_shard_1073,Hyper Lattice Shard #1073,Hyper-Dimensional Grid,,,,,,,77390523246093750000000000000000.000000,793.124912,success,,,"{""p2_amp"": ""10.000000"", ""p4_res"": ""2.000000"", ""p1_freq"": ""1.000000"", ""p3_spin"": ""0.100000""}",,t
1074,hyper_lattice_shard_1074,Hyper Lattice Shard #1074,Hyper-Dimensional Grid,,,,,,,77390523246093750000000000000000.000000,793.124912,success,,,"{""p2_amp"": ""10.000000"", ""p4_res"": ""2.000000"", ""p1_freq"": ""1.000000"", ""p3_spin"": ""0.100000""}",,t
1075,hyper_lattice_shard_1075,Hyper Lattice Shard #1075,Hyper-Dimensional Grid,,,,,,,77390523246093750000000000000000.000000,793.124912,success,,,"{""p2_amp"": ""10.000000"", ""p4_res"": ""2.000000"", ""p1_freq"": ""1.000000"", ""p3_spin"": ""0.100000""}",,t
1076,hyper_lattice_shard_1076,Hyper Lattice Shard #1076,Hyper-Dimensional Grid,,,,,,,77390523246093750000000000000000.000000,793.124912,success,,,"{""p2_amp"": ""10.000000"", ""p4_res"": ""2.000000"", ""p1_freq"": ""1.000000"", ""p3_spin"": ""0.100000""}",,t
1077,hyper_lattice_shard_1077,Hyper Lattice Shard #1077,Hyper-Dimensional Grid,,,,,,,77390523246093750000000000000000.000000,793.124912,success,,,"{""p2_amp"": ""10.000000"", ""p4_res"": ""2.000000"", ""p1_freq"": ""1.000000"", ""p3_spin"": ""0.100000""}",,t
1078,hyper_lattice_shard_1078,Hyper Lattice Shard #1078,Hyper-Dimensional Grid,,,,,,,77390523246093750000000000000000.000000,793.124912,success,,,"{""p2_amp"": ""10.000000"", ""p4_res"": ""2.000000"", ""p1_freq"": ""1.000000"", ""p3_spin"": ""0.100000""}",,t
1079,hyper_lattice_shard_1079,Hyper Lattice Shard #1079,Hyper-Dimensional Grid,,,,,,,77390523246093750000000000000000.000000,793.124912,success,,,"{""p2_amp"": ""10.000000"", ""p4_res"": ""2.000000"", ""p1_freq"": ""1.000000"", ""p3_spin"": ""0.100000""}",,t
1080,hyper_lattice_shard_1080,Hyper Lattice Shard #1080,Hyper-Dimensional Grid,,,,,,,77390523246093750000000000000000.000000,793.124912,success,,,"{""p2_amp"": ""10.000000"", ""p4_res"": ""2.000000"", ""p1_freq"": ""1.000000"", ""p3_spin"": ""0.100000""}",,t
1081,hyper_lattice_shard_1081,Hyper Lattice Shard #1081,Hyper-Dimensional Grid,,,,,,,77390523246093750000000000000000.000000,793.124912,success,,,"{""p2_amp"": ""10.000000"", ""p4_res"": ""2.000000"", ""p1_freq"": ""1.000000"", ""p3_spin"": ""0.100000""}",,t
1082,hyper_lattice_shard_1082,Hyper Lattice Shard #1082,Hyper-Dimensional Grid,,,,,,,77390523246093750000000000000000.000000,793.124912,success,,,"{""p2_amp"": ""10.000000"", ""p4_res"": ""2.000000"", ""p1_freq"": ""1.000000"", ""p3_spin"": ""0.100000""}",,t
1083,hyper_lattice_shard_1083,Hyper Lattice Shard #1083,Hyper-Dimensional Grid,,,,,,,77390523246093750000000000000000.000000,793.124912,success,,,"{""p2_amp"": ""10.000000"", ""p4_res"": ""2.000000"", ""p1_freq"": ""1.000000"", ""p3_spin"": ""0.100000""}",,t
1084,hyper_lattice_shard_1084,Hyper Lattice Shard #1084,Hyper-Dimensional Grid,,,,,,,77390523246093750000000000000000.000000,793.124912,success,,,"{""p2_amp"": ""10.000000"", ""p4_res"": ""2.000000"", ""p1_freq"": ""1.000000"", ""p3_spin"": ""0.100000""}",,t
1085,hyper_lattice_shard_1085,Hyper Lattice Shard #1085,Hyper-Dimensional Grid,,,,,,,77390523246093750000000000000000.000000,793.124912,success,,,"{""p2_amp"": ""10.000000"", ""p4_res"": ""2.000000"", ""p1_freq"": ""1.000000"", ""p3_spin"": ""0.100000""}",,t
1086,hyper_lattice_shard_1086,Hyper Lattice Shard #1086,Hyper-Dimensional Grid,,,,,,,77390523246093750000000000000000.000000,793.124912,success,,,"{""p2_amp"": ""10.000000"", ""p4_res"": ""2.000000"", ""p1_freq"": ""1.000000"", ""p3_spin"": ""0.100000""}",,t
1087,hyper_lattice_shard_1087,Hyper Lattice Shard #1087,Hyper-Dimensional Grid,,,,,,,77390523246093750000000000000000.000000,793.124912,success,,,"{""p2_amp"": ""10.000000"", ""p4_res"": ""2.000000"", ""p1_freq"": ""1.000000"", ""p3_spin"": ""0.100000""}",,t
1088,hyper_lattice_shard_1088,Hyper Lattice Shard #1088,Hyper-Dimensional Grid,,,,,,,77390523246093750000000000000000.000000,793.124912,success,,,"{""p2_amp"": ""10.000000"", ""p4_res"": ""2.000000"", ""p1_freq"": ""1.000000"", ""p3_spin"": ""0.100000""}",,t
1089,hyper_lattice_shard_1089,Hyper Lattice Shard #1089,Hyper-Dimensional Grid,,,,,,,77390523246093750000000000000000.000000,793.124912,success,,,"{""p2_amp"": ""10.000000"", ""p4_res"": ""2.000000"", ""p1_freq"": ""1.000000"", ""p3_spin"": ""0.100000""}",,t
1090,hyper_lattice_shard_1090,Hyper Lattice Shard #1090,Hyper-Dimensional Grid,,,,,,,77390523246093750000000000000000.000000,793.124912,success,,,"{""p2_amp"": ""10.000000"", ""p4_res"": ""2.000000"", ""p1_freq"": ""1.000000"", ""p3_spin"": ""0.100000""}",,t
1091,hyper_lattice_shard_1091,Hyper Lattice Shard #1091,Hyper-Dimensional Grid,,,,,,,77390523246093750000000000000000.000000,793.124912,success,,,"{""p2_amp"": ""10.000000"", ""p4_res"": ""2.000000"", ""p1_freq"": ""1.000000"", ""p3_spin"": ""0.100000""}",,t
1092,hyper_lattice_shard_1092,Hyper Lattice Shard #1092,Hyper-Dimensional Grid,,,,,,,77390523246093750000000000000000.000000,793.124912,success,,,"{""p2_amp"": ""10.000000"", ""p4_res"": ""2.000000"", ""p1_freq"": ""1.000000"", ""p3_spin"": ""0.100000""}",,t
1093,hyper_lattice_shard_1093,Hyper Lattice Shard #1093,Hyper-Dimensional Grid,,,,,,,77390523246093750000000000000000.000000,793.124912,success,,,"{""p2_amp"": ""10.000000"", ""p4_res"": ""2.000000"", ""p1_freq"": ""1.000000"", ""p3_spin"": ""0.100000""}",,t
1094,hyper_lattice_shard_1094,Hyper Lattice Shard #1094,Hyper-Dimensional Grid,,,,,,,77390523246093750000000000000000.000000,793.124912,success,,,"{""p2_amp"": ""10.000000"", ""p4_res"": ""2.000000"", ""p1_freq"": ""1.000000"", ""p3_spin"": ""0.100000""}",,t
1095,hyper_lattice_shard_1095,Hyper Lattice Shard #1095,Hyper-Dimensional Grid,,,,,,,77390523246093750000000000000000.000000,793.124912,success,,,"{""p2_amp"": ""10.000000"", ""p4_res"": ""2.000000"", ""p1_freq"": ""1.000000"", ""p3_spin"": ""0.100000""}",,t
1096,hyper_lattice_shard_1096,Hyper Lattice Shard #1096,Hyper-Dimensional Grid,,,,,,,77390523246093750000000000000000.000000,793.124912,success,,,"{""p2_amp"": ""10.000000"", ""p4_res"": ""2.000000"", ""p1_freq"": ""1.000000"", ""p3_spin"": ""0.100000""}",,t
1097,hyper_lattice_shard_1097,Hyper Lattice Shard #1097,Hyper-Dimensional Grid,,,,,,,77390523246093750000000000000000.000000,793.124912,success,,,"{""p2_amp"": ""10.000000"", ""p4_res"": ""2.000000"", ""p1_freq"": ""1.000000"", ""p3_spin"": ""0.100000""}",,t
1098,hyper_lattice_shard_1098,Hyper Lattice Shard #1098,Hyper-Dimensional Grid,,,,,,,77390523246093750000000000000000.000000,793.124912,success,,,"{""p2_amp"": ""10.000000"", ""p4_res"": ""2.000000"", ""p1_freq"": ""1.000000"", ""p3_spin"": ""0.100000""}",,t
1099,hyper_lattice_shard_1099,Hyper Lattice Shard #1099,Hyper-Dimensional Grid,,,,,,,77390523246093750000000000000000.000000,793.124912,success,,,"{""p2_amp"": ""10.000000"", ""p4_res"": ""2.000000"", ""p1_freq"": ""1.000000"", ""p3_spin"": ""0.100000""}",,t
1100,hyper_lattice_shard_1100,Hyper Lattice Shard #1100,Hyper-Dimensional Grid,,,,,,,77390523246093750000000000000000.000000,793.124912,success,,,"{""p2_amp"": ""10.000000"", ""p4_res"": ""2.000000"", ""p1_freq"": ""1.000000"", ""p3_spin"": ""0.100000""}",,t
1101,hyper_lattice_shard_1101,Hyper Lattice Shard #1101,Hyper-Dimensional Grid,,,,,,,77390523246093750000000000000000.000000,793.124912,success,,,"{""p2_amp"": ""10.000000"", ""p4_res"": ""2.000000"", ""p1_freq"": ""1.000000"", ""p3_spin"": ""0.100000""}",,t
1102,hyper_lattice_shard_1102,Hyper Lattice Shard #1102,Hyper-Dimensional Grid,,,,,,,77390523246093750000000000000000.000000,793.124912,success,,,"{""p2_amp"": ""10.000000"", ""p4_res"": ""2.000000"", ""p1_freq"": ""1.000000"", ""p3_spin"": ""0.100000""}",,t
1103,hyper_lattice_shard_1103,Hyper Lattice Shard #1103,Hyper-Dimensional Grid,,,,,,,77390523246093750000000000000000.000000,793.124912,success,,,"{""p2_amp"": ""10.000000"", ""p4_res"": ""2.000000"", ""p1_freq"": ""1.000000"", ""p3_spin"": ""0.100000""}",,t
1104,hyper_lattice_shard_1104,Hyper Lattice Shard #1104,Hyper-Dimensional Grid,,,,,,,77390523246093750000000000000000.000000,793.124912,success,,,"{""p2_amp"": ""10.000000"", ""p4_res"": ""2.000000"", ""p1_freq"": ""1.000000"", ""p3_spin"": ""0.100000""}",,t
1105,hyper_lattice_shard_1105,Hyper Lattice Shard #1105,Hyper-Dimensional Grid,,,,,,,77390523246093750000000000000000.000000,793.124912,success,,,"{""p2_amp"": ""10.000000"", ""p4_res"": ""2.000000"", ""p1_freq"": ""1.000000"", ""p3_spin"": ""0.100000""}",,t
1106,hyper_lattice_shard_1106,Hyper Lattice Shard #1106,Hyper-Dimensional Grid,,,,,,,77390523246093750000000000000000.000000,793.124912,success,,,"{""p2_amp"": ""10.000000"", ""p4_res"": ""2.000000"", ""p1_freq"": ""1.000000"", ""p3_spin"": ""0.100000""}",,t
1107,hyper_lattice_shard_1107,Hyper Lattice Shard #1107,Hyper-Dimensional Grid,,,,,,,77390523246093750000000000000000.000000,793.124912,success,,,"{""p2_amp"": ""10.000000"", ""p4_res"": ""2.000000"", ""p1_freq"": ""1.000000"", ""p3_spin"": ""0.100000""}",,t
1108,hyper_lattice_shard_1108,Hyper Lattice Shard #1108,Hyper-Dimensional Grid,,,,,,,77390523246093750000000000000000.000000,793.124912,success,,,"{""p2_amp"": ""10.000000"", ""p4_res"": ""2.000000"", ""p1_freq"": ""1.000000"", ""p3_spin"": ""0.100000""}",,t
1109,hyper_lattice_shard_1109,Hyper Lattice Shard #1109,Hyper-Dimensional Grid,,,,,,,77390523246093750000000000000000.000000,793.124912,success,,,"{""p2_amp"": ""10.000000"", ""p4_res"": ""2.000000"", ""p1_freq"": ""1.000000"", ""p3_spin"": ""0.100000""}",,t
1110,hyper_lattice_shard_1110,Hyper Lattice Shard #1110,Hyper-Dimensional Grid,,,,,,,77390523246093750000000000000000.000000,793.124912,success,,,"{""p2_amp"": ""10.000000"", ""p4_res"": ""2.000000"", ""p1_freq"": ""1.000000"", ""p3_spin"": ""0.100000""}",,t
1111,hyper_lattice_shard_1111,Hyper Lattice Shard #1111,Hyper-Dimensional Grid,,,,,,,77390523246093750000000000000000.000000,793.124912,success,,,"{""p2_amp"": ""10.000000"", ""p4_res"": ""2.000000"", ""p1_freq"": ""1.000000"", ""p3_spin"": ""0.100000""}",,t
1112,hyper_lattice_shard_1112,Hyper Lattice Shard #1112,Hyper-Dimensional Grid,,,,,,,77390523246093750000000000000000.000000,793.124912,success,,,"{""p2_amp"": ""10.000000"", ""p4_res"": ""2.000000"", ""p1_freq"": ""1.000000"", ""p3_spin"": ""0.100000""}",,t
1113,hyper_lattice_shard_1113,Hyper Lattice Shard #1113,Hyper-Dimensional Grid,,,,,,,77390523246093750000000000000000.000000,793.124912,success,,,"{""p2_amp"": ""10.000000"", ""p4_res"": ""2.000000"", ""p1_freq"": ""1.000000"", ""p3_spin"": ""0.100000""}",,t
1114,hyper_lattice_shard_1114,Hyper Lattice Shard #1114,Hyper-Dimensional Grid,,,,,,,77390523246093750000000000000000.000000,793.124912,success,,,"{""p2_amp"": ""10.000000"", ""p4_res"": ""2.000000"", ""p1_freq"": ""1.000000"", ""p3_spin"": ""0.100000""}",,t
1115,hyper_lattice_shard_1115,Hyper Lattice Shard #1115,Hyper-Dimensional Grid,,,,,,,77390523246093750000000000000000.000000,793.124912,success,,,"{""p2_amp"": ""10.000000"", ""p4_res"": ""2.000000"", ""p1_freq"": ""1.000000"", ""p3_spin"": ""0.100000""}",,t
1116,hyper_lattice_shard_1116,Hyper Lattice Shard #1116,Hyper-Dimensional Grid,,,,,,,77390523246093750000000000000000.000000,793.124912,success,,,"{""p2_amp"": ""10.000000"", ""p4_res"": ""2.000000"", ""p1_freq"": ""1.000000"", ""p3_spin"": ""0.100000""}",,t
1117,hyper_lattice_shard_1117,Hyper Lattice Shard #1117,Hyper-Dimensional Grid,,,,,,,77390523246093750000000000000000.000000,793.124912,success,,,"{""p2_amp"": ""10.000000"", ""p4_res"": ""2.000000"", ""p1_freq"": ""1.000000"", ""p3_spin"": ""0.100000""}",,t
1118,hyper_lattice_shard_1118,Hyper Lattice Shard #1118,Hyper-Dimensional Grid,,,,,,,77390523246093750000000000000000.000000,793.124912,success,,,"{""p2_amp"": ""10.000000"", ""p4_res"": ""2.000000"", ""p1_freq"": ""1.000000"", ""p3_spin"": ""0.100000""}",,t
1119,hyper_lattice_shard_1119,Hyper Lattice Shard #1119,Hyper-Dimensional Grid,,,,,,,77390523246093750000000000000000.000000,793.124912,success,,,"{""p2_amp"": ""10.000000"", ""p4_res"": ""2.000000"", ""p1_freq"": ""1.000000"", ""p3_spin"": ""0.100000""}",,t
1120,hyper_lattice_shard_1120,Hyper Lattice Shard #1120,Hyper-Dimensional Grid,,,,,,,77390523246093750000000000000000.000000,793.124912,success,,,"{""p2_amp"": ""10.000000"", ""p4_res"": ""2.000000"", ""p1_freq"": ""1.000000"", ""p3_spin"": ""0.100000""}",,t
1121,hyper_lattice_shard_1121,Hyper Lattice Shard #1121,Hyper-Dimensional Grid,,,,,,,77390523246093750000000000000000.000000,793.124912,success,,,"{""p2_amp"": ""10.000000"", ""p4_res"": ""2.000000"", ""p1_freq"": ""1.000000"", ""p3_spin"": ""0.100000""}",,t
1122,hyper_lattice_shard_1122,Hyper Lattice Shard #1122,Hyper-Dimensional Grid,,,,,,,77390523246093750000000000000000.000000,793.124912,success,,,"{""p2_amp"": ""10.000000"", ""p4_res"": ""2.000000"", ""p1_freq"": ""1.000000"", ""p3_spin"": ""0.100000""}",,t
1123,hyper_lattice_shard_1123,Hyper Lattice Shard #1123,Hyper-Dimensional Grid,,,,,,,77390523246093750000000000000000.000000,793.124912,success,,,"{""p2_amp"": ""10.000000"", ""p4_res"": ""2.000000"", ""p1_freq"": ""1.000000"", ""p3_spin"": ""0.100000""}",,t
1124,hyper_lattice_shard_1124,Hyper Lattice Shard #1124,Hyper-Dimensional Grid,,,,,,,77390523246093750000000000000000.000000,793.124912,success,,,"{""p2_amp"": ""10.000000"", ""p4_res"": ""2.000000"", ""p1_freq"": ""1.000000"", ""p3_spin"": ""0.100000""}",,t
1125,hyper_lattice_shard_1125,Hyper Lattice Shard #1125,Hyper-Dimensional Grid,,,,,,,77390523246093750000000000000000.000000,793.124912,success,,,"{""p2_amp"": ""10.000000"", ""p4_res"": ""2.000000"", ""p1_freq"": ""1.000000"", ""p3_spin"": ""0.100000""}",,t
1126,hyper_lattice_shard_1126,Hyper Lattice Shard #1126,Hyper-Dimensional Grid,,,,,,,77390523246093750000000000000000.000000,793.124912,success,,,"{""p2_amp"": ""10.000000"", ""p4_res"": ""2.000000"", ""p1_freq"": ""1.000000"", ""p3_spin"": ""0.100000""}",,t
1127,hyper_lattice_shard_1127,Hyper Lattice Shard #1127,Hyper-Dimensional Grid,,,,,,,77390523246093750000000000000000.000000,793.124912,success,,,"{""p2_amp"": ""10.000000"", ""p4_res"": ""2.000000"", ""p1_freq"": ""1.000000"", ""p3_spin"": ""0.100000""}",,t
1128,hyper_lattice_shard_1128,Hyper Lattice Shard #1128,Hyper-Dimensional Grid,,,,,,,77390523246093750000000000000000.000000,793.124912,success,,,"{""p2_amp"": ""10.000000"", ""p4_res"": ""2.000000"", ""p1_freq"": ""1.000000"", ""p3_spin"": ""0.100000""}",,t
1129,hyper_lattice_shard_1129,Hyper Lattice Shard #1129,Hyper-Dimensional Grid,,,,,,,77390523246093750000000000000000.000000,793.124912,success,,,"{""p2_amp"": ""10.000000"", ""p4_res"": ""2.000000"", ""p1_freq"": ""1.000000"", ""p3_spin"": ""0.100000""}",,t
1130,hyper_lattice_shard_1130,Hyper Lattice Shard #1130,Hyper-Dimensional Grid,,,,,,,77390523246093750000000000000000.000000,793.124912,success,,,"{""p2_amp"": ""10.000000"", ""p4_res"": ""2.000000"", ""p1_freq"": ""1.000000"", ""p3_spin"": ""0.100000""}",,t
1131,hyper_lattice_shard_1131,Hyper Lattice Shard #1131,Hyper-Dimensional Grid,,,,,,,77390523246093750000000000000000.000000,793.124912,success,,,"{""p2_amp"": ""10.000000"", ""p4_res"": ""2.000000"", ""p1_freq"": ""1.000000"", ""p3_spin"": ""0.100000""}",,t
1132,hyper_lattice_shard_1132,Hyper Lattice Shard #1132,Hyper-Dimensional Grid,,,,,,,77390523246093750000000000000000.000000,793.124912,success,,,"{""p2_amp"": ""10.000000"", ""p4_res"": ""2.000000"", ""p1_freq"": ""1.000000"", ""p3_spin"": ""0.100000""}",,t
1133,hyper_lattice_shard_1133,Hyper Lattice Shard #1133,Hyper-Dimensional Grid,,,,,,,77390523246093750000000000000000.000000,793.124912,success,,,"{""p2_amp"": ""10.000000"", ""p4_res"": ""2.000000"", ""p1_freq"": ""1.000000"", ""p3_spin"": ""0.100000""}",,t
1134,hyper_lattice_shard_1134,Hyper Lattice Shard #1134,Hyper-Dimensional Grid,,,,,,,77390523246093750000000000000000.000000,793.124912,success,,,"{""p2_amp"": ""10.000000"", ""p4_res"": ""2.000000"", ""p1_freq"": ""1.000000"", ""p3_spin"": ""0.100000""}",,t
1135,hyper_lattice_shard_1135,Hyper Lattice Shard #1135,Hyper-Dimensional Grid,,,,,,,77390523246093750000000000000000.000000,793.124912,success,,,"{""p2_amp"": ""10.000000"", ""p4_res"": ""2.000000"", ""p1_freq"": ""1.000000"", ""p3_spin"": ""0.100000""}",,t
1136,hyper_lattice_shard_1136,Hyper Lattice Shard #1136,Hyper-Dimensional Grid,,,,,,,77390523246093750000000000000000.000000,793.124912,success,,,"{""p2_amp"": ""10.000000"", ""p4_res"": ""2.000000"", ""p1_freq"": ""1.000000"", ""p3_spin"": ""0.100000""}",,t
1137,hyper_lattice_shard_1137,Hyper Lattice Shard #1137,Hyper-Dimensional Grid,,,,,,,77390523246093750000000000000000.000000,793.124912,success,,,"{""p2_amp"": ""10.000000"", ""p4_res"": ""2.000000"", ""p1_freq"": ""1.000000"", ""p3_spin"": ""0.100000""}",,t
1138,hyper_lattice_shard_1138,Hyper Lattice Shard #1138,Hyper-Dimensional Grid,,,,,,,77390523246093750000000000000000.000000,793.124912,success,,,"{""p2_amp"": ""10.000000"", ""p4_res"": ""2.000000"", ""p1_freq"": ""1.000000"", ""p3_spin"": ""0.100000""}",,t
1139,hyper_lattice_shard_1139,Hyper Lattice Shard #1139,Hyper-Dimensional Grid,,,,,,,77390523246093750000000000000000.000000,793.124912,success,,,"{""p2_amp"": ""10.000000"", ""p4_res"": ""2.000000"", ""p1_freq"": ""1.000000"", ""p3_spin"": ""0.100000""}",,t
1140,hyper_lattice_shard_1140,Hyper Lattice Shard #1140,Hyper-Dimensional Grid,,,,,,,77390523246093750000000000000000.000000,793.124912,success,,,"{""p2_amp"": ""10.000000"", ""p4_res"": ""2.000000"", ""p1_freq"": ""1.000000"", ""p3_spin"": ""0.100000""}",,t
1141,hyper_lattice_shard_1141,Hyper Lattice Shard #1141,Hyper-Dimensional Grid,,,,,,,77390523246093750000000000000000.000000,793.124912,success,,,"{""p2_amp"": ""10.000000"", ""p4_res"": ""2.000000"", ""p1_freq"": ""1.000000"", ""p3_spin"": ""0.100000""}",,t
1142,hyper_lattice_shard_1142,Hyper Lattice Shard #1142,Hyper-Dimensional Grid,,,,,,,77390523246093750000000000000000.000000,793.124912,success,,,"{""p2_amp"": ""10.000000"", ""p4_res"": ""2.000000"", ""p1_freq"": ""1.000000"", ""p3_spin"": ""0.100000""}",,t
1143,hyper_lattice_shard_1143,Hyper Lattice Shard #1143,Hyper-Dimensional Grid,,,,,,,77390523246093750000000000000000.000000,793.124912,success,,,"{""p2_amp"": ""10.000000"", ""p4_res"": ""2.000000"", ""p1_freq"": ""1.000000"", ""p3_spin"": ""0.100000""}",,t
1144,hyper_lattice_shard_1144,Hyper Lattice Shard #1144,Hyper-Dimensional Grid,,,,,,,77390523246093750000000000000000.000000,793.124912,success,,,"{""p2_amp"": ""10.000000"", ""p4_res"": ""2.000000"", ""p1_freq"": ""1.000000"", ""p3_spin"": ""0.100000""}",,t
1145,hyper_lattice_shard_1145,Hyper Lattice Shard #1145,Hyper-Dimensional Grid,,,,,,,77390523246093750000000000000000.000000,793.124912,success,,,"{""p2_amp"": ""10.000000"", ""p4_res"": ""2.000000"", ""p1_freq"": ""1.000000"", ""p3_spin"": ""0.100000""}",,t
1146,hyper_lattice_shard_1146,Hyper Lattice Shard #1146,Hyper-Dimensional Grid,,,,,,,77390523246093750000000000000000.000000,793.124912,success,,,"{""p2_amp"": ""10.000000"", ""p4_res"": ""2.000000"", ""p1_freq"": ""1.000000"", ""p3_spin"": ""0.100000""}",,t
1147,hyper_lattice_shard_1147,Hyper Lattice Shard #1147,Hyper-Dimensional Grid,,,,,,,77390523246093750000000000000000.000000,793.124912,success,,,"{""p2_amp"": ""10.000000"", ""p4_res"": ""2.000000"", ""p1_freq"": ""1.000000"", ""p3_spin"": ""0.100000""}",,t
1148,hyper_lattice_shard_1148,Hyper Lattice Shard #1148,Hyper-Dimensional Grid,,,,,,,77390523246093750000000000000000.000000,793.124912,success,,,"{""p2_amp"": ""10.000000"", ""p4_res"": ""2.000000"", ""p1_freq"": ""1.000000"", ""p3_spin"": ""0.100000""}",,t
1149,hyper_lattice_shard_1149,Hyper Lattice Shard #1149,Hyper-Dimensional Grid,,,,,,,77390523246093750000000000000000.000000,793.124912,success,,,"{""p2_amp"": ""10.000000"", ""p4_res"": ""2.000000"", ""p1_freq"": ""1.000000"", ""p3_spin"": ""0.100000""}",,t
1150,hyper_lattice_shard_1150,Hyper Lattice Shard #1150,Hyper-Dimensional Grid,,,,,,,77390523246093750000000000000000.000000,793.124912,success,,,"{""p2_amp"": ""10.000000"", ""p4_res"": ""2.000000"", ""p1_freq"": ""1.000000"", ""p3_spin"": ""0.100000""}",,t
1151,hyper_lattice_shard_1151,Hyper Lattice Shard #1151,Hyper-Dimensional Grid,,,,,,,77390523246093750000000000000000.000000,793.124912,success,,,"{""p2_amp"": ""10.000000"", ""p4_res"": ""2.000000"", ""p1_freq"": ""1.000000"", ""p3_spin"": ""0.100000""}",,t
1152,hyper_lattice_shard_1152,Hyper Lattice Shard #1152,Hyper-Dimensional Grid,,,,,,,77390523246093750000000000000000.000000,793.124912,success,,,"{""p2_amp"": ""10.000000"", ""p4_res"": ""2.000000"", ""p1_freq"": ""1.000000"", ""p3_spin"": ""0.100000""}",,t
1153,hyper_lattice_shard_1153,Hyper Lattice Shard #1153,Hyper-Dimensional Grid,,,,,,,77390523246093750000000000000000.000000,793.124912,success,,,"{""p2_amp"": ""10.000000"", ""p4_res"": ""2.000000"", ""p1_freq"": ""1.000000"", ""p3_spin"": ""0.100000""}",,t
1154,hyper_lattice_shard_1154,Hyper Lattice Shard #1154,Hyper-Dimensional Grid,,,,,,,77390523246093750000000000000000.000000,793.124912,success,,,"{""p2_amp"": ""10.000000"", ""p4_res"": ""2.000000"", ""p1_freq"": ""1.000000"", ""p3_spin"": ""0.100000""}",,t
1155,hyper_lattice_shard_1155,Hyper Lattice Shard #1155,Hyper-Dimensional Grid,,,,,,,77390523246093750000000000000000.000000,793.124912,success,,,"{""p2_amp"": ""10.000000"", ""p4_res"": ""2.000000"", ""p1_freq"": ""1.000000"", ""p3_spin"": ""0.100000""}",,t
1156,hyper_lattice_shard_1156,Hyper Lattice Shard #1156,Hyper-Dimensional Grid,,,,,,,77390523246093750000000000000000.000000,793.124912,success,,,"{""p2_amp"": ""10.000000"", ""p4_res"": ""2.000000"", ""p1_freq"": ""1.000000"", ""p3_spin"": ""0.100000""}",,t
1157,hyper_lattice_shard_1157,Hyper Lattice Shard #1157,Hyper-Dimensional Grid,,,,,,,77390523246093750000000000000000.000000,793.124912,success,,,"{""p2_amp"": ""10.000000"", ""p4_res"": ""2.000000"", ""p1_freq"": ""1.000000"", ""p3_spin"": ""0.100000""}",,t
1158,hyper_lattice_shard_1158,Hyper Lattice Shard #1158,Hyper-Dimensional Grid,,,,,,,77390523246093750000000000000000.000000,793.124912,success,,,"{""p2_amp"": ""10.000000"", ""p4_res"": ""2.000000"", ""p1_freq"": ""1.000000"", ""p3_spin"": ""0.100000""}",,t
1159,hyper_lattice_shard_1159,Hyper Lattice Shard #1159,Hyper-Dimensional Grid,,,,,,,77390523246093750000000000000000.000000,793.124912,success,,,"{""p2_amp"": ""10.000000"", ""p4_res"": ""2.000000"", ""p1_freq"": ""1.000000"", ""p3_spin"": ""0.100000""}",,t
1160,hyper_lattice_shard_1160,Hyper Lattice Shard #1160,Hyper-Dimensional Grid,,,,,,,77390523246093750000000000000000.000000,793.124912,success,,,"{""p2_amp"": ""10.000000"", ""p4_res"": ""2.000000"", ""p1_freq"": ""1.000000"", ""p3_spin"": ""0.100000""}",,t
1161,hyper_lattice_shard_1161,Hyper Lattice Shard #1161,Hyper-Dimensional Grid,,,,,,,77390523246093750000000000000000.000000,793.124912,success,,,"{""p2_amp"": ""10.000000"", ""p4_res"": ""2.000000"", ""p1_freq"": ""1.000000"", ""p3_spin"": ""0.100000""}",,t
1162,hyper_lattice_shard_1162,Hyper Lattice Shard #1162,Hyper-Dimensional Grid,,,,,,,77390523246093750000000000000000.000000,793.124912,success,,,"{""p2_amp"": ""10.000000"", ""p4_res"": ""2.000000"", ""p1_freq"": ""1.000000"", ""p3_spin"": ""0.100000""}",,t
1163,hyper_lattice_shard_1163,Hyper Lattice Shard #1163,Hyper-Dimensional Grid,,,,,,,77390523246093750000000000000000.000000,793.124912,success,,,"{""p2_amp"": ""10.000000"", ""p4_res"": ""2.000000"", ""p1_freq"": ""1.000000"", ""p3_spin"": ""0.100000""}",,t
1164,hyper_lattice_shard_1164,Hyper Lattice Shard #1164,Hyper-Dimensional Grid,,,,,,,77390523246093750000000000000000.000000,793.124912,success,,,"{""p2_amp"": ""10.000000"", ""p4_res"": ""2.000000"", ""p1_freq"": ""1.000000"", ""p3_spin"": ""0.100000""}",,t
1165,hyper_lattice_shard_1165,Hyper Lattice Shard #1165,Hyper-Dimensional Grid,,,,,,,77390523246093750000000000000000.000000,793.124912,success,,,"{""p2_amp"": ""10.000000"", ""p4_res"": ""2.000000"", ""p1_freq"": ""1.000000"", ""p3_spin"": ""0.100000""}",,t
1166,hyper_lattice_shard_1166,Hyper Lattice Shard #1166,Hyper-Dimensional Grid,,,,,,,77390523246093750000000000000000.000000,793.124912,success,,,"{""p2_amp"": ""10.000000"", ""p4_res"": ""2.000000"", ""p1_freq"": ""1.000000"", ""p3_spin"": ""0.100000""}",,t
1167,hyper_lattice_shard_1167,Hyper Lattice Shard #1167,Hyper-Dimensional Grid,,,,,,,77390523246093750000000000000000.000000,793.124912,success,,,"{""p2_amp"": ""10.000000"", ""p4_res"": ""2.000000"", ""p1_freq"": ""1.000000"", ""p3_spin"": ""0.100000""}",,t
1168,hyper_lattice_shard_1168,Hyper Lattice Shard #1168,Hyper-Dimensional Grid,,,,,,,77390523246093750000000000000000.000000,793.124912,success,,,"{""p2_amp"": ""10.000000"", ""p4_res"": ""2.000000"", ""p1_freq"": ""1.000000"", ""p3_spin"": ""0.100000""}",,t
1169,hyper_lattice_shard_1169,Hyper Lattice Shard #1169,Hyper-Dimensional Grid,,,,,,,77390523246093750000000000000000.000000,793.124912,success,,,"{""p2_amp"": ""10.000000"", ""p4_res"": ""2.000000"", ""p1_freq"": ""1.000000"", ""p3_spin"": ""0.100000""}",,t
1170,hyper_lattice_shard_1170,Hyper Lattice Shard #1170,Hyper-Dimensional Grid,,,,,,,77390523246093750000000000000000.000000,793.124912,success,,,"{""p2_amp"": ""10.000000"", ""p4_res"": ""2.000000"", ""p1_freq"": ""1.000000"", ""p3_spin"": ""0.100000""}",,t
1171,hyper_lattice_shard_1171,Hyper Lattice Shard #1171,Hyper-Dimensional Grid,,,,,,,77390523246093750000000000000000.000000,793.124912,success,,,"{""p2_amp"": ""10.000000"", ""p4_res"": ""2.000000"", ""p1_freq"": ""1.000000"", ""p3_spin"": ""0.100000""}",,t
1172,hyper_lattice_shard_1172,Hyper Lattice Shard #1172,Hyper-Dimensional Grid,,,,,,,77390523246093750000000000000000.000000,793.124912,success,,,"{""p2_amp"": ""10.000000"", ""p4_res"": ""2.000000"", ""p1_freq"": ""1.000000"", ""p3_spin"": ""0.100000""}",,t
1173,hyper_lattice_shard_1173,Hyper Lattice Shard #1173,Hyper-Dimensional Grid,,,,,,,77390523246093750000000000000000.000000,793.124912,success,,,"{""p2_amp"": ""10.000000"", ""p4_res"": ""2.000000"", ""p1_freq"": ""1.000000"", ""p3_spin"": ""0.100000""}",,t
1174,hyper_lattice_shard_1174,Hyper Lattice Shard #1174,Hyper-Dimensional Grid,,,,,,,77390523246093750000000000000000.000000,793.124912,success,,,"{""p2_amp"": ""10.000000"", ""p4_res"": ""2.000000"", ""p1_freq"": ""1.000000"", ""p3_spin"": ""0.100000""}",,t
1175,hyper_lattice_shard_1175,Hyper Lattice Shard #1175,Hyper-Dimensional Grid,,,,,,,77390523246093750000000000000000.000000,793.124912,success,,,"{""p2_amp"": ""10.000000"", ""p4_res"": ""2.000000"", ""p1_freq"": ""1.000000"", ""p3_spin"": ""0.100000""}",,t
1176,hyper_lattice_shard_1176,Hyper Lattice Shard #1176,Hyper-Dimensional Grid,,,,,,,77390523246093750000000000000000.000000,793.124912,success,,,"{""p2_amp"": ""10.000000"", ""p4_res"": ""2.000000"", ""p1_freq"": ""1.000000"", ""p3_spin"": ""0.100000""}",,t
1177,hyper_lattice_shard_1177,Hyper Lattice Shard #1177,Hyper-Dimensional Grid,,,,,,,77390523246093750000000000000000.000000,793.124912,success,,,"{""p2_amp"": ""10.000000"", ""p4_res"": ""2.000000"", ""p1_freq"": ""1.000000"", ""p3_spin"": ""0.100000""}",,t
1178,hyper_lattice_shard_1178,Hyper Lattice Shard #1178,Hyper-Dimensional Grid,,,,,,,77390523246093750000000000000000.000000,793.124912,success,,,"{""p2_amp"": ""10.000000"", ""p4_res"": ""2.000000"", ""p1_freq"": ""1.000000"", ""p3_spin"": ""0.100000""}",,t
1179,hyper_lattice_shard_1179,Hyper Lattice Shard #1179,Hyper-Dimensional Grid,,,,,,,77390523246093750000000000000000.000000,793.124912,success,,,"{""p2_amp"": ""10.000000"", ""p4_res"": ""2.000000"", ""p1_freq"": ""1.000000"", ""p3_spin"": ""0.100000""}",,t
1180,hyper_lattice_shard_1180,Hyper Lattice Shard #1180,Hyper-Dimensional Grid,,,,,,,77390523246093750000000000000000.000000,793.124912,success,,,"{""p2_amp"": ""10.000000"", ""p4_res"": ""2.000000"", ""p1_freq"": ""1.000000"", ""p3_spin"": ""0.100000""}",,t
1181,hyper_lattice_shard_1181,Hyper Lattice Shard #1181,Hyper-Dimensional Grid,,,,,,,77390523246093750000000000000000.000000,793.124912,success,,,"{""p2_amp"": ""10.000000"", ""p4_res"": ""2.000000"", ""p1_freq"": ""1.000000"", ""p3_spin"": ""0.100000""}",,t
1182,hyper_lattice_shard_1182,Hyper Lattice Shard #1182,Hyper-Dimensional Grid,,,,,,,77390523246093750000000000000000.000000,793.124912,success,,,"{""p2_amp"": ""10.000000"", ""p4_res"": ""2.000000"", ""p1_freq"": ""1.000000"", ""p3_spin"": ""0.100000""}",,t
1183,hyper_lattice_shard_1183,Hyper Lattice Shard #1183,Hyper-Dimensional Grid,,,,,,,77390523246093750000000000000000.000000,793.124912,success,,,"{""p2_amp"": ""10.000000"", ""p4_res"": ""2.000000"", ""p1_freq"": ""1.000000"", ""p3_spin"": ""0.100000""}",,t
1184,hyper_lattice_shard_1184,Hyper Lattice Shard #1184,Hyper-Dimensional Grid,,,,,,,77390523246093750000000000000000.000000,793.124912,success,,,"{""p2_amp"": ""10.000000"", ""p4_res"": ""2.000000"", ""p1_freq"": ""1.000000"", ""p3_spin"": ""0.100000""}",,t
1185,hyper_lattice_shard_1185,Hyper Lattice Shard #1185,Hyper-Dimensional Grid,,,,,,,77390523246093750000000000000000.000000,793.124912,success,,,"{""p2_amp"": ""10.000000"", ""p4_res"": ""2.000000"", ""p1_freq"": ""1.000000"", ""p3_spin"": ""0.100000""}",,t
1186,hyper_lattice_shard_1186,Hyper Lattice Shard #1186,Hyper-Dimensional Grid,,,,,,,77390523246093750000000000000000.000000,793.124912,success,,,"{""p2_amp"": ""10.000000"", ""p4_res"": ""2.000000"", ""p1_freq"": ""1.000000"", ""p3_spin"": ""0.100000""}",,t
1187,hyper_lattice_shard_1187,Hyper Lattice Shard #1187,Hyper-Dimensional Grid,,,,,,,77390523246093750000000000000000.000000,793.124912,success,,,"{""p2_amp"": ""10.000000"", ""p4_res"": ""2.000000"", ""p1_freq"": ""1.000000"", ""p3_spin"": ""0.100000""}",,t
1188,hyper_lattice_shard_1188,Hyper Lattice Shard #1188,Hyper-Dimensional Grid,,,,,,,77390523246093750000000000000000.000000,793.124912,success,,,"{""p2_amp"": ""10.000000"", ""p4_res"": ""2.000000"", ""p1_freq"": ""1.000000"", ""p3_spin"": ""0.100000""}",,t
1189,hyper_lattice_shard_1189,Hyper Lattice Shard #1189,Hyper-Dimensional Grid,,,,,,,77390523246093750000000000000000.000000,793.124912,success,,,"{""p2_amp"": ""10.000000"", ""p4_res"": ""2.000000"", ""p1_freq"": ""1.000000"", ""p3_spin"": ""0.100000""}",,t
1190,hyper_lattice_shard_1190,Hyper Lattice Shard #1190,Hyper-Dimensional Grid,,,,,,,77390523246093750000000000000000.000000,793.124912,success,,,"{""p2_amp"": ""10.000000"", ""p4_res"": ""2.000000"", ""p1_freq"": ""1.000000"", ""p3_spin"": ""0.100000""}",,t
1191,hyper_lattice_shard_1191,Hyper Lattice Shard #1191,Hyper-Dimensional Grid,,,,,,,77390523246093750000000000000000.000000,793.124912,success,,,"{""p2_amp"": ""10.000000"", ""p4_res"": ""2.000000"", ""p1_freq"": ""1.000000"", ""p3_spin"": ""0.100000""}",,t
1192,hyper_lattice_shard_1192,Hyper Lattice Shard #1192,Hyper-Dimensional Grid,,,,,,,77390523246093750000000000000000.000000,793.124912,success,,,"{""p2_amp"": ""10.000000"", ""p4_res"": ""2.000000"", ""p1_freq"": ""1.000000"", ""p3_spin"": ""0.100000""}",,t
1193,hyper_lattice_shard_1193,Hyper Lattice Shard #1193,Hyper-Dimensional Grid,,,,,,,77390523246093750000000000000000.000000,793.124912,success,,,"{""p2_amp"": ""10.000000"", ""p4_res"": ""2.000000"", ""p1_freq"": ""1.000000"", ""p3_spin"": ""0.100000""}",,t
1194,hyper_lattice_shard_1194,Hyper Lattice Shard #1194,Hyper-Dimensional Grid,,,,,,,77390523246093750000000000000000.000000,793.124912,success,,,"{""p2_amp"": ""10.000000"", ""p4_res"": ""2.000000"", ""p1_freq"": ""1.000000"", ""p3_spin"": ""0.100000""}",,t
1195,hyper_lattice_shard_1195,Hyper Lattice Shard #1195,Hyper-Dimensional Grid,,,,,,,77390523246093750000000000000000.000000,793.124912,success,,,"{""p2_amp"": ""10.000000"", ""p4_res"": ""2.000000"", ""p1_freq"": ""1.000000"", ""p3_spin"": ""0.100000""}",,t
1196,hyper_lattice_shard_1196,Hyper Lattice Shard #1196,Hyper-Dimensional Grid,,,,,,,77390523246093750000000000000000.000000,793.124912,success,,,"{""p2_amp"": ""10.000000"", ""p4_res"": ""2.000000"", ""p1_freq"": ""1.000000"", ""p3_spin"": ""0.100000""}",,t
1197,hyper_lattice_shard_1197,Hyper Lattice Shard #1197,Hyper-Dimensional Grid,,,,,,,77390523246093750000000000000000.000000,793.124912,success,,,"{""p2_amp"": ""10.000000"", ""p4_res"": ""2.000000"", ""p1_freq"": ""1.000000"", ""p3_spin"": ""0.100000""}",,t
1198,hyper_lattice_shard_1198,Hyper Lattice Shard #1198,Hyper-Dimensional Grid,,,,,,,77390523246093750000000000000000.000000,793.124912,success,,,"{""p2_amp"": ""10.000000"", ""p4_res"": ""2.000000"", ""p1_freq"": ""1.000000"", ""p3_spin"": ""0.100000""}",,t
1199,hyper_lattice_shard_1199,Hyper Lattice Shard #1199,Hyper-Dimensional Grid,,,,,,,77390523246093750000000000000000.000000,793.124912,success,,,"{""p2_amp"": ""10.000000"", ""p4_res"": ""2.000000"", ""p1_freq"": ""1.000000"", ""p3_spin"": ""0.100000""}",,t
1200,hyper_lattice_shard_1200,Hyper Lattice Shard #1200,Hyper-Dimensional Grid,,,,,,,77390523246093750000000000000000.000000,793.124912,success,,,"{""p2_amp"": ""10.000000"", ""p4_res"": ""2.000000"", ""p1_freq"": ""1.000000"", ""p3_spin"": ""0.100000""}",,t
1201,hyper_lattice_shard_1201,Hyper Lattice Shard #1201,Hyper-Dimensional Grid,,,,,,,77390523246093750000000000000000.000000,793.124912,success,,,"{""p2_amp"": ""10.000000"", ""p4_res"": ""2.000000"", ""p1_freq"": ""1.000000"", ""p3_spin"": ""0.100000""}",,t
1202,hyper_lattice_shard_1202,Hyper Lattice Shard #1202,Hyper-Dimensional Grid,,,,,,,77390523246093750000000000000000.000000,793.124912,success,,,"{""p2_amp"": ""10.000000"", ""p4_res"": ""2.000000"", ""p1_freq"": ""1.000000"", ""p3_spin"": ""0.100000""}",,t
1203,hyper_lattice_shard_1203,Hyper Lattice Shard #1203,Hyper-Dimensional Grid,,,,,,,77390523246093750000000000000000.000000,793.124912,success,,,"{""p2_amp"": ""10.000000"", ""p4_res"": ""2.000000"", ""p1_freq"": ""1.000000"", ""p3_spin"": ""0.100000""}",,t
1204,hyper_lattice_shard_1204,Hyper Lattice Shard #1204,Hyper-Dimensional Grid,,,,,,,77390523246093750000000000000000.000000,793.124912,success,,,"{""p2_amp"": ""10.000000"", ""p4_res"": ""2.000000"", ""p1_freq"": ""1.000000"", ""p3_spin"": ""0.100000""}",,t
1205,hyper_lattice_shard_1205,Hyper Lattice Shard #1205,Hyper-Dimensional Grid,,,,,,,77390523246093750000000000000000.000000,793.124912,success,,,"{""p2_amp"": ""10.000000"", ""p4_res"": ""2.000000"", ""p1_freq"": ""1.000000"", ""p3_spin"": ""0.100000""}",,t
1206,hyper_lattice_shard_1206,Hyper Lattice Shard #1206,Hyper-Dimensional Grid,,,,,,,77390523246093750000000000000000.000000,793.124912,success,,,"{""p2_amp"": ""10.000000"", ""p4_res"": ""2.000000"", ""p1_freq"": ""1.000000"", ""p3_spin"": ""0.100000""}",,t
1207,hyper_lattice_shard_1207,Hyper Lattice Shard #1207,Hyper-Dimensional Grid,,,,,,,77390523246093750000000000000000.000000,793.124912,success,,,"{""p2_amp"": ""10.000000"", ""p4_res"": ""2.000000"", ""p1_freq"": ""1.000000"", ""p3_spin"": ""0.100000""}",,t
1208,hyper_lattice_shard_1208,Hyper Lattice Shard #1208,Hyper-Dimensional Grid,,,,,,,77390523246093750000000000000000.000000,793.124912,success,,,"{""p2_amp"": ""10.000000"", ""p4_res"": ""2.000000"", ""p1_freq"": ""1.000000"", ""p3_spin"": ""0.100000""}",,t
1209,hyper_lattice_shard_1209,Hyper Lattice Shard #1209,Hyper-Dimensional Grid,,,,,,,77390523246093750000000000000000.000000,793.124912,success,,,"{""p2_amp"": ""10.000000"", ""p4_res"": ""2.000000"", ""p1_freq"": ""1.000000"", ""p3_spin"": ""0.100000""}",,t
1210,hyper_lattice_shard_1210,Hyper Lattice Shard #1210,Hyper-Dimensional Grid,,,,,,,77390523246093750000000000000000.000000,793.124912,success,,,"{""p2_amp"": ""10.000000"", ""p4_res"": ""2.000000"", ""p1_freq"": ""1.000000"", ""p3_spin"": ""0.100000""}",,t
1211,hyper_lattice_shard_1211,Hyper Lattice Shard #1211,Hyper-Dimensional Grid,,,,,,,77390523246093750000000000000000.000000,793.124912,success,,,"{""p2_amp"": ""10.000000"", ""p4_res"": ""2.000000"", ""p1_freq"": ""1.000000"", ""p3_spin"": ""0.100000""}",,t
1212,hyper_lattice_shard_1212,Hyper Lattice Shard #1212,Hyper-Dimensional Grid,,,,,,,77390523246093750000000000000000.000000,793.124912,success,,,"{""p2_amp"": ""10.000000"", ""p4_res"": ""2.000000"", ""p1_freq"": ""1.000000"", ""p3_spin"": ""0.100000""}",,t
1213,hyper_lattice_shard_1213,Hyper Lattice Shard #1213,Hyper-Dimensional Grid,,,,,,,77390523246093750000000000000000.000000,793.124912,success,,,"{""p2_amp"": ""10.000000"", ""p4_res"": ""2.000000"", ""p1_freq"": ""1.000000"", ""p3_spin"": ""0.100000""}",,t
1214,hyper_lattice_shard_1214,Hyper Lattice Shard #1214,Hyper-Dimensional Grid,,,,,,,77390523246093750000000000000000.000000,793.124912,success,,,"{""p2_amp"": ""10.000000"", ""p4_res"": ""2.000000"", ""p1_freq"": ""1.000000"", ""p3_spin"": ""0.100000""}",,t
1215,hyper_lattice_shard_1215,Hyper Lattice Shard #1215,Hyper-Dimensional Grid,,,,,,,77390523246093750000000000000000.000000,793.124912,success,,,"{""p2_amp"": ""10.000000"", ""p4_res"": ""2.000000"", ""p1_freq"": ""1.000000"", ""p3_spin"": ""0.100000""}",,t
1216,hyper_lattice_shard_1216,Hyper Lattice Shard #1216,Hyper-Dimensional Grid,,,,,,,77390523246093750000000000000000.000000,793.124912,success,,,"{""p2_amp"": ""10.000000"", ""p4_res"": ""2.000000"", ""p1_freq"": ""1.000000"", ""p3_spin"": ""0.100000""}",,t
1217,hyper_lattice_shard_1217,Hyper Lattice Shard #1217,Hyper-Dimensional Grid,,,,,,,77390523246093750000000000000000.000000,793.124912,success,,,"{""p2_amp"": ""10.000000"", ""p4_res"": ""2.000000"", ""p1_freq"": ""1.000000"", ""p3_spin"": ""0.100000""}",,t
1218,hyper_lattice_shard_1218,Hyper Lattice Shard #1218,Hyper-Dimensional Grid,,,,,,,77390523246093750000000000000000.000000,793.124912,success,,,"{""p2_amp"": ""10.000000"", ""p4_res"": ""2.000000"", ""p1_freq"": ""1.000000"", ""p3_spin"": ""0.100000""}",,t
1219,hyper_lattice_shard_1219,Hyper Lattice Shard #1219,Hyper-Dimensional Grid,,,,,,,77390523246093750000000000000000.000000,793.124912,success,,,"{""p2_amp"": ""10.000000"", ""p4_res"": ""2.000000"", ""p1_freq"": ""1.000000"", ""p3_spin"": ""0.100000""}",,t
1220,hyper_lattice_shard_1220,Hyper Lattice Shard #1220,Hyper-Dimensional Grid,,,,,,,77390523246093750000000000000000.000000,793.124912,success,,,"{""p2_amp"": ""10.000000"", ""p4_res"": ""2.000000"", ""p1_freq"": ""1.000000"", ""p3_spin"": ""0.100000""}",,t
1221,hyper_lattice_shard_1221,Hyper Lattice Shard #1221,Hyper-Dimensional Grid,,,,,,,77390523246093750000000000000000.000000,793.124912,success,,,"{""p2_amp"": ""10.000000"", ""p4_res"": ""2.000000"", ""p1_freq"": ""1.000000"", ""p3_spin"": ""0.100000""}",,t
1222,hyper_lattice_shard_1222,Hyper Lattice Shard #1222,Hyper-Dimensional Grid,,,,,,,77390523246093750000000000000000.000000,793.124912,success,,,"{""p2_amp"": ""10.000000"", ""p4_res"": ""2.000000"", ""p1_freq"": ""1.000000"", ""p3_spin"": ""0.100000""}",,t
1223,hyper_lattice_shard_1223,Hyper Lattice Shard #1223,Hyper-Dimensional Grid,,,,,,,77390523246093750000000000000000.000000,793.124912,success,,,"{""p2_amp"": ""10.000000"", ""p4_res"": ""2.000000"", ""p1_freq"": ""1.000000"", ""p3_spin"": ""0.100000""}",,t
1224,hyper_lattice_shard_1224,Hyper Lattice Shard #1224,Hyper-Dimensional Grid,,,,,,,77390523246093750000000000000000.000000,793.124912,success,,,"{""p2_amp"": ""10.000000"", ""p4_res"": ""2.000000"", ""p1_freq"": ""1.000000"", ""p3_spin"": ""0.100000""}",,t
1225,hyper_lattice_shard_1225,Hyper Lattice Shard #1225,Hyper-Dimensional Grid,,,,,,,77390523246093750000000000000000.000000,793.124912,success,,,"{""p2_amp"": ""10.000000"", ""p4_res"": ""2.000000"", ""p1_freq"": ""1.000000"", ""p3_spin"": ""0.100000""}",,t
1226,hyper_lattice_shard_1226,Hyper Lattice Shard #1226,Hyper-Dimensional Grid,,,,,,,77390523246093750000000000000000.000000,793.124912,success,,,"{""p2_amp"": ""10.000000"", ""p4_res"": ""2.000000"", ""p1_freq"": ""1.000000"", ""p3_spin"": ""0.100000""}",,t
1227,hyper_lattice_shard_1227,Hyper Lattice Shard #1227,Hyper-Dimensional Grid,,,,,,,77390523246093750000000000000000.000000,793.124912,success,,,"{""p2_amp"": ""10.000000"", ""p4_res"": ""2.000000"", ""p1_freq"": ""1.000000"", ""p3_spin"": ""0.100000""}",,t
1228,hyper_lattice_shard_1228,Hyper Lattice Shard #1228,Hyper-Dimensional Grid,,,,,,,77390523246093750000000000000000.000000,793.124912,success,,,"{""p2_amp"": ""10.000000"", ""p4_res"": ""2.000000"", ""p1_freq"": ""1.000000"", ""p3_spin"": ""0.100000""}",,t
1229,hyper_lattice_shard_1229,Hyper Lattice Shard #1229,Hyper-Dimensional Grid,,,,,,,77390523246093750000000000000000.000000,793.124912,success,,,"{""p2_amp"": ""10.000000"", ""p4_res"": ""2.000000"", ""p1_freq"": ""1.000000"", ""p3_spin"": ""0.100000""}",,t
1230,hyper_lattice_shard_1230,Hyper Lattice Shard #1230,Hyper-Dimensional Grid,,,,,,,77390523246093750000000000000000.000000,793.124912,success,,,"{""p2_amp"": ""10.000000"", ""p4_res"": ""2.000000"", ""p1_freq"": ""1.000000"", ""p3_spin"": ""0.100000""}",,t
1231,hyper_lattice_shard_1231,Hyper Lattice Shard #1231,Hyper-Dimensional Grid,,,,,,,77390523246093750000000000000000.000000,793.124912,success,,,"{""p2_amp"": ""10.000000"", ""p4_res"": ""2.000000"", ""p1_freq"": ""1.000000"", ""p3_spin"": ""0.100000""}",,t
1232,hyper_lattice_shard_1232,Hyper Lattice Shard #1232,Hyper-Dimensional Grid,,,,,,,77390523246093750000000000000000.000000,793.124912,success,,,"{""p2_amp"": ""10.000000"", ""p4_res"": ""2.000000"", ""p1_freq"": ""1.000000"", ""p3_spin"": ""0.100000""}",,t
1233,hyper_lattice_shard_1233,Hyper Lattice Shard #1233,Hyper-Dimensional Grid,,,,,,,77390523246093750000000000000000.000000,793.124912,success,,,"{""p2_amp"": ""10.000000"", ""p4_res"": ""2.000000"", ""p1_freq"": ""1.000000"", ""p3_spin"": ""0.100000""}",,t
1234,hyper_lattice_shard_1234,Hyper Lattice Shard #1234,Hyper-Dimensional Grid,,,,,,,77390523246093750000000000000000.000000,793.124912,success,,,"{""p2_amp"": ""10.000000"", ""p4_res"": ""2.000000"", ""p1_freq"": ""1.000000"", ""p3_spin"": ""0.100000""}",,t
1235,hyper_lattice_shard_1235,Hyper Lattice Shard #1235,Hyper-Dimensional Grid,,,,,,,77390523246093750000000000000000.000000,793.124912,success,,,"{""p2_amp"": ""10.000000"", ""p4_res"": ""2.000000"", ""p1_freq"": ""1.000000"", ""p3_spin"": ""0.100000""}",,t
1236,hyper_lattice_shard_1236,Hyper Lattice Shard #1236,Hyper-Dimensional Grid,,,,,,,77390523246093750000000000000000.000000,793.124912,success,,,"{""p2_amp"": ""10.000000"", ""p4_res"": ""2.000000"", ""p1_freq"": ""1.000000"", ""p3_spin"": ""0.100000""}",,t
1237,hyper_lattice_shard_1237,Hyper Lattice Shard #1237,Hyper-Dimensional Grid,,,,,,,77390523246093750000000000000000.000000,793.124912,success,,,"{""p2_amp"": ""10.000000"", ""p4_res"": ""2.000000"", ""p1_freq"": ""1.000000"", ""p3_spin"": ""0.100000""}",,t
1238,hyper_lattice_shard_1238,Hyper Lattice Shard #1238,Hyper-Dimensional Grid,,,,,,,77390523246093750000000000000000.000000,793.124912,success,,,"{""p2_amp"": ""10.000000"", ""p4_res"": ""2.000000"", ""p1_freq"": ""1.000000"", ""p3_spin"": ""0.100000""}",,t
1239,hyper_lattice_shard_1239,Hyper Lattice Shard #1239,Hyper-Dimensional Grid,,,,,,,77390523246093750000000000000000.000000,793.124912,success,,,"{""p2_amp"": ""10.000000"", ""p4_res"": ""2.000000"", ""p1_freq"": ""1.000000"", ""p3_spin"": ""0.100000""}",,t
1240,hyper_lattice_shard_1240,Hyper Lattice Shard #1240,Hyper-Dimensional Grid,,,,,,,77390523246093750000000000000000.000000,793.124912,success,,,"{""p2_amp"": ""10.000000"", ""p4_res"": ""2.000000"", ""p1_freq"": ""1.000000"", ""p3_spin"": ""0.100000""}",,t
1241,hyper_lattice_shard_1241,Hyper Lattice Shard #1241,Hyper-Dimensional Grid,,,,,,,77390523246093750000000000000000.000000,793.124912,success,,,"{""p2_amp"": ""10.000000"", ""p4_res"": ""2.000000"", ""p1_freq"": ""1.000000"", ""p3_spin"": ""0.100000""}",,t
1242,hyper_lattice_shard_1242,Hyper Lattice Shard #1242,Hyper-Dimensional Grid,,,,,,,77390523246093750000000000000000.000000,793.124912,success,,,"{""p2_amp"": ""10.000000"", ""p4_res"": ""2.000000"", ""p1_freq"": ""1.000000"", ""p3_spin"": ""0.100000""}",,t
1243,hyper_lattice_shard_1243,Hyper Lattice Shard #1243,Hyper-Dimensional Grid,,,,,,,77390523246093750000000000000000.000000,793.124912,success,,,"{""p2_amp"": ""10.000000"", ""p4_res"": ""2.000000"", ""p1_freq"": ""1.000000"", ""p3_spin"": ""0.100000""}",,t
1244,hyper_lattice_shard_1244,Hyper Lattice Shard #1244,Hyper-Dimensional Grid,,,,,,,77390523246093750000000000000000.000000,793.124912,success,,,"{""p2_amp"": ""10.000000"", ""p4_res"": ""2.000000"", ""p1_freq"": ""1.000000"", ""p3_spin"": ""0.100000""}",,t
1245,hyper_lattice_shard_1245,Hyper Lattice Shard #1245,Hyper-Dimensional Grid,,,,,,,77390523246093750000000000000000.000000,793.124912,success,,,"{""p2_amp"": ""10.000000"", ""p4_res"": ""2.000000"", ""p1_freq"": ""1.000000"", ""p3_spin"": ""0.100000""}",,t
1246,hyper_lattice_shard_1246,Hyper Lattice Shard #1246,Hyper-Dimensional Grid,,,,,,,77390523246093750000000000000000.000000,793.124912,success,,,"{""p2_amp"": ""10.000000"", ""p4_res"": ""2.000000"", ""p1_freq"": ""1.000000"", ""p3_spin"": ""0.100000""}",,t
1247,hyper_lattice_shard_1247,Hyper Lattice Shard #1247,Hyper-Dimensional Grid,,,,,,,77390523246093750000000000000000.000000,793.124912,success,,,"{""p2_amp"": ""10.000000"", ""p4_res"": ""2.000000"", ""p1_freq"": ""1.000000"", ""p3_spin"": ""0.100000""}",,t
1248,hyper_lattice_shard_1248,Hyper Lattice Shard #1248,Hyper-Dimensional Grid,,,,,,,77390523246093750000000000000000.000000,793.124912,success,,,"{""p2_amp"": ""10.000000"", ""p4_res"": ""2.000000"", ""p1_freq"": ""1.000000"", ""p3_spin"": ""0.100000""}",,t
1249,hyper_lattice_shard_1249,Hyper Lattice Shard #1249,Hyper-Dimensional Grid,,,,,,,77390523246093750000000000000000.000000,793.124912,success,,,"{""p2_amp"": ""10.000000"", ""p4_res"": ""2.000000"", ""p1_freq"": ""1.000000"", ""p3_spin"": ""0.100000""}",,t
1250,hyper_lattice_shard_1250,Hyper Lattice Shard #1250,Hyper-Dimensional Grid,,,,,,,77390523246093750000000000000000.000000,793.124912,success,,,"{""p2_amp"": ""10.000000"", ""p4_res"": ""2.000000"", ""p1_freq"": ""1.000000"", ""p3_spin"": ""0.100000""}",,t
1251,hyper_lattice_shard_1251,Hyper Lattice Shard #1251,Hyper-Dimensional Grid,,,,,,,77390523246093750000000000000000.000000,793.124912,success,,,"{""p2_amp"": ""10.000000"", ""p4_res"": ""2.000000"", ""p1_freq"": ""1.000000"", ""p3_spin"": ""0.100000""}",,t
1252,hyper_lattice_shard_1252,Hyper Lattice Shard #1252,Hyper-Dimensional Grid,,,,,,,77390523246093750000000000000000.000000,793.124912,success,,,"{""p2_amp"": ""10.000000"", ""p4_res"": ""2.000000"", ""p1_freq"": ""1.000000"", ""p3_spin"": ""0.100000""}",,t
1253,hyper_lattice_shard_1253,Hyper Lattice Shard #1253,Hyper-Dimensional Grid,,,,,,,77390523246093750000000000000000.000000,793.124912,success,,,"{""p2_amp"": ""10.000000"", ""p4_res"": ""2.000000"", ""p1_freq"": ""1.000000"", ""p3_spin"": ""0.100000""}",,t
1254,hyper_lattice_shard_1254,Hyper Lattice Shard #1254,Hyper-Dimensional Grid,,,,,,,77390523246093750000000000000000.000000,793.124912,success,,,"{""p2_amp"": ""10.000000"", ""p4_res"": ""2.000000"", ""p1_freq"": ""1.000000"", ""p3_spin"": ""0.100000""}",,t
1255,hyper_lattice_shard_1255,Hyper Lattice Shard #1255,Hyper-Dimensional Grid,,,,,,,77390523246093750000000000000000.000000,793.124912,success,,,"{""p2_amp"": ""10.000000"", ""p4_res"": ""2.000000"", ""p1_freq"": ""1.000000"", ""p3_spin"": ""0.100000""}",,t
1256,hyper_lattice_shard_1256,Hyper Lattice Shard #1256,Hyper-Dimensional Grid,,,,,,,77390523246093750000000000000000.000000,793.124912,success,,,"{""p2_amp"": ""10.000000"", ""p4_res"": ""2.000000"", ""p1_freq"": ""1.000000"", ""p3_spin"": ""0.100000""}",,t
1257,hyper_lattice_shard_1257,Hyper Lattice Shard #1257,Hyper-Dimensional Grid,,,,,,,77390523246093750000000000000000.000000,793.124912,success,,,"{""p2_amp"": ""10.000000"", ""p4_res"": ""2.000000"", ""p1_freq"": ""1.000000"", ""p3_spin"": ""0.100000""}",,t
1258,hyper_lattice_shard_1258,Hyper Lattice Shard #1258,Hyper-Dimensional Grid,,,,,,,77390523246093750000000000000000.000000,793.124912,success,,,"{""p2_amp"": ""10.000000"", ""p4_res"": ""2.000000"", ""p1_freq"": ""1.000000"", ""p3_spin"": ""0.100000""}",,t
1259,hyper_lattice_shard_1259,Hyper Lattice Shard #1259,Hyper-Dimensional Grid,,,,,,,77390523246093750000000000000000.000000,793.124912,success,,,"{""p2_amp"": ""10.000000"", ""p4_res"": ""2.000000"", ""p1_freq"": ""1.000000"", ""p3_spin"": ""0.100000""}",,t
1260,hyper_lattice_shard_1260,Hyper Lattice Shard #1260,Hyper-Dimensional Grid,,,,,,,77390523246093750000000000000000.000000,793.124912,success,,,"{""p2_amp"": ""10.000000"", ""p4_res"": ""2.000000"", ""p1_freq"": ""1.000000"", ""p3_spin"": ""0.100000""}",,t
1261,hyper_lattice_shard_1261,Hyper Lattice Shard #1261,Hyper-Dimensional Grid,,,,,,,77390523246093750000000000000000.000000,793.124912,success,,,"{""p2_amp"": ""10.000000"", ""p4_res"": ""2.000000"", ""p1_freq"": ""1.000000"", ""p3_spin"": ""0.100000""}",,t
1262,hyper_lattice_shard_1262,Hyper Lattice Shard #1262,Hyper-Dimensional Grid,,,,,,,77390523246093750000000000000000.000000,793.124912,success,,,"{""p2_amp"": ""10.000000"", ""p4_res"": ""2.000000"", ""p1_freq"": ""1.000000"", ""p3_spin"": ""0.100000""}",,t
1263,hyper_lattice_shard_1263,Hyper Lattice Shard #1263,Hyper-Dimensional Grid,,,,,,,77390523246093750000000000000000.000000,793.124912,success,,,"{""p2_amp"": ""10.000000"", ""p4_res"": ""2.000000"", ""p1_freq"": ""1.000000"", ""p3_spin"": ""0.100000""}",,t
1264,hyper_lattice_shard_1264,Hyper Lattice Shard #1264,Hyper-Dimensional Grid,,,,,,,77390523246093750000000000000000.000000,793.124912,success,,,"{""p2_amp"": ""10.000000"", ""p4_res"": ""2.000000"", ""p1_freq"": ""1.000000"", ""p3_spin"": ""0.100000""}",,t
1265,hyper_lattice_shard_1265,Hyper Lattice Shard #1265,Hyper-Dimensional Grid,,,,,,,77390523246093750000000000000000.000000,793.124912,success,,,"{""p2_amp"": ""10.000000"", ""p4_res"": ""2.000000"", ""p1_freq"": ""1.000000"", ""p3_spin"": ""0.100000""}",,t
1266,hyper_lattice_shard_1266,Hyper Lattice Shard #1266,Hyper-Dimensional Grid,,,,,,,77390523246093750000000000000000.000000,793.124912,success,,,"{""p2_amp"": ""10.000000"", ""p4_res"": ""2.000000"", ""p1_freq"": ""1.000000"", ""p3_spin"": ""0.100000""}",,t
1267,hyper_lattice_shard_1267,Hyper Lattice Shard #1267,Hyper-Dimensional Grid,,,,,,,77390523246093750000000000000000.000000,793.124912,success,,,"{""p2_amp"": ""10.000000"", ""p4_res"": ""2.000000"", ""p1_freq"": ""1.000000"", ""p3_spin"": ""0.100000""}",,t
1268,hyper_lattice_shard_1268,Hyper Lattice Shard #1268,Hyper-Dimensional Grid,,,,,,,77390523246093750000000000000000.000000,793.124912,success,,,"{""p2_amp"": ""10.000000"", ""p4_res"": ""2.000000"", ""p1_freq"": ""1.000000"", ""p3_spin"": ""0.100000""}",,t
1269,hyper_lattice_shard_1269,Hyper Lattice Shard #1269,Hyper-Dimensional Grid,,,,,,,77390523246093750000000000000000.000000,793.124912,success,,,"{""p2_amp"": ""10.000000"", ""p4_res"": ""2.000000"", ""p1_freq"": ""1.000000"", ""p3_spin"": ""0.100000""}",,t
1270,hyper_lattice_shard_1270,Hyper Lattice Shard #1270,Hyper-Dimensional Grid,,,,,,,77390523246093750000000000000000.000000,793.124912,success,,,"{""p2_amp"": ""10.000000"", ""p4_res"": ""2.000000"", ""p1_freq"": ""1.000000"", ""p3_spin"": ""0.100000""}",,t
1271,hyper_lattice_shard_1271,Hyper Lattice Shard #1271,Hyper-Dimensional Grid,,,,,,,77390523246093750000000000000000.000000,793.124912,success,,,"{""p2_amp"": ""10.000000"", ""p4_res"": ""2.000000"", ""p1_freq"": ""1.000000"", ""p3_spin"": ""0.100000""}",,t
1272,hyper_lattice_shard_1272,Hyper Lattice Shard #1272,Hyper-Dimensional Grid,,,,,,,77390523246093750000000000000000.000000,793.124912,success,,,"{""p2_amp"": ""10.000000"", ""p4_res"": ""2.000000"", ""p1_freq"": ""1.000000"", ""p3_spin"": ""0.100000""}",,t
1273,hyper_lattice_shard_1273,Hyper Lattice Shard #1273,Hyper-Dimensional Grid,,,,,,,77390523246093750000000000000000.000000,793.124912,success,,,"{""p2_amp"": ""10.000000"", ""p4_res"": ""2.000000"", ""p1_freq"": ""1.000000"", ""p3_spin"": ""0.100000""}",,t
1274,hyper_lattice_shard_1274,Hyper Lattice Shard #1274,Hyper-Dimensional Grid,,,,,,,77390523246093750000000000000000.000000,793.124912,success,,,"{""p2_amp"": ""10.000000"", ""p4_res"": ""2.000000"", ""p1_freq"": ""1.000000"", ""p3_spin"": ""0.100000""}",,t
1275,hyper_lattice_shard_1275,Hyper Lattice Shard #1275,Hyper-Dimensional Grid,,,,,,,77390523246093750000000000000000.000000,793.124912,success,,,"{""p2_amp"": ""10.000000"", ""p4_res"": ""2.000000"", ""p1_freq"": ""1.000000"", ""p3_spin"": ""0.100000""}",,t
1276,hyper_lattice_shard_1276,Hyper Lattice Shard #1276,Hyper-Dimensional Grid,,,,,,,77390523246093750000000000000000.000000,793.124912,success,,,"{""p2_amp"": ""10.000000"", ""p4_res"": ""2.000000"", ""p1_freq"": ""1.000000"", ""p3_spin"": ""0.100000""}",,t
1277,hyper_lattice_shard_1277,Hyper Lattice Shard #1277,Hyper-Dimensional Grid,,,,,,,77390523246093750000000000000000.000000,793.124912,success,,,"{""p2_amp"": ""10.000000"", ""p4_res"": ""2.000000"", ""p1_freq"": ""1.000000"", ""p3_spin"": ""0.100000""}",,t
1278,hyper_lattice_shard_1278,Hyper Lattice Shard #1278,Hyper-Dimensional Grid,,,,,,,77390523246093750000000000000000.000000,793.124912,success,,,"{""p2_amp"": ""10.000000"", ""p4_res"": ""2.000000"", ""p1_freq"": ""1.000000"", ""p3_spin"": ""0.100000""}",,t
1279,hyper_lattice_shard_1279,Hyper Lattice Shard #1279,Hyper-Dimensional Grid,,,,,,,77390523246093750000000000000000.000000,793.124912,success,,,"{""p2_amp"": ""10.000000"", ""p4_res"": ""2.000000"", ""p1_freq"": ""1.000000"", ""p3_spin"": ""0.100000""}",,t
1280,hyper_lattice_shard_1280,Hyper Lattice Shard #1280,Hyper-Dimensional Grid,,,,,,,77390523246093750000000000000000.000000,793.124912,success,,,"{""p2_amp"": ""10.000000"", ""p4_res"": ""2.000000"", ""p1_freq"": ""1.000000"", ""p3_spin"": ""0.100000""}",,t
1281,hyper_lattice_shard_1281,Hyper Lattice Shard #1281,Hyper-Dimensional Grid,,,,,,,77390523246093750000000000000000.000000,793.124912,success,,,"{""p2_amp"": ""10.000000"", ""p4_res"": ""2.000000"", ""p1_freq"": ""1.000000"", ""p3_spin"": ""0.100000""}",,t
1282,hyper_lattice_shard_1282,Hyper Lattice Shard #1282,Hyper-Dimensional Grid,,,,,,,77390523246093750000000000000000.000000,793.124912,success,,,"{""p2_amp"": ""10.000000"", ""p4_res"": ""2.000000"", ""p1_freq"": ""1.000000"", ""p3_spin"": ""0.100000""}",,t
1283,hyper_lattice_shard_1283,Hyper Lattice Shard #1283,Hyper-Dimensional Grid,,,,,,,77390523246093750000000000000000.000000,793.124912,success,,,"{""p2_amp"": ""10.000000"", ""p4_res"": ""2.000000"", ""p1_freq"": ""1.000000"", ""p3_spin"": ""0.100000""}",,t
1284,hyper_lattice_shard_1284,Hyper Lattice Shard #1284,Hyper-Dimensional Grid,,,,,,,77390523246093750000000000000000.000000,793.124912,success,,,"{""p2_amp"": ""10.000000"", ""p4_res"": ""2.000000"", ""p1_freq"": ""1.000000"", ""p3_spin"": ""0.100000""}",,t
1285,hyper_lattice_shard_1285,Hyper Lattice Shard #1285,Hyper-Dimensional Grid,,,,,,,77390523246093750000000000000000.000000,793.124912,success,,,"{""p2_amp"": ""10.000000"", ""p4_res"": ""2.000000"", ""p1_freq"": ""1.000000"", ""p3_spin"": ""0.100000""}",,t
1286,hyper_lattice_shard_1286,Hyper Lattice Shard #1286,Hyper-Dimensional Grid,,,,,,,77390523246093750000000000000000.000000,793.124912,success,,,"{""p2_amp"": ""10.000000"", ""p4_res"": ""2.000000"", ""p1_freq"": ""1.000000"", ""p3_spin"": ""0.100000""}",,t
1287,hyper_lattice_shard_1287,Hyper Lattice Shard #1287,Hyper-Dimensional Grid,,,,,,,77390523246093750000000000000000.000000,793.124912,success,,,"{""p2_amp"": ""10.000000"", ""p4_res"": ""2.000000"", ""p1_freq"": ""1.000000"", ""p3_spin"": ""0.100000""}",,t
1288,hyper_lattice_shard_1288,Hyper Lattice Shard #1288,Hyper-Dimensional Grid,,,,,,,77390523246093750000000000000000.000000,793.124912,success,,,"{""p2_amp"": ""10.000000"", ""p4_res"": ""2.000000"", ""p1_freq"": ""1.000000"", ""p3_spin"": ""0.100000""}",,t
1289,hyper_lattice_shard_1289,Hyper Lattice Shard #1289,Hyper-Dimensional Grid,,,,,,,77390523246093750000000000000000.000000,793.124912,success,,,"{""p2_amp"": ""10.000000"", ""p4_res"": ""2.000000"", ""p1_freq"": ""1.000000"", ""p3_spin"": ""0.100000""}",,t
1290,hyper_lattice_shard_1290,Hyper Lattice Shard #1290,Hyper-Dimensional Grid,,,,,,,77390523246093750000000000000000.000000,793.124912,success,,,"{""p2_amp"": ""10.000000"", ""p4_res"": ""2.000000"", ""p1_freq"": ""1.000000"", ""p3_spin"": ""0.100000""}",,t
1291,hyper_lattice_shard_1291,Hyper Lattice Shard #1291,Hyper-Dimensional Grid,,,,,,,77390523246093750000000000000000.000000,793.124912,success,,,"{""p2_amp"": ""10.000000"", ""p4_res"": ""2.000000"", ""p1_freq"": ""1.000000"", ""p3_spin"": ""0.100000""}",,t
1292,hyper_lattice_shard_1292,Hyper Lattice Shard #1292,Hyper-Dimensional Grid,,,,,,,77390523246093750000000000000000.000000,793.124912,success,,,"{""p2_amp"": ""10.000000"", ""p4_res"": ""2.000000"", ""p1_freq"": ""1.000000"", ""p3_spin"": ""0.100000""}",,t
1293,hyper_lattice_shard_1293,Hyper Lattice Shard #1293,Hyper-Dimensional Grid,,,,,,,77390523246093750000000000000000.000000,793.124912,success,,,"{""p2_amp"": ""10.000000"", ""p4_res"": ""2.000000"", ""p1_freq"": ""1.000000"", ""p3_spin"": ""0.100000""}",,t
1294,hyper_lattice_shard_1294,Hyper Lattice Shard #1294,Hyper-Dimensional Grid,,,,,,,77390523246093750000000000000000.000000,793.124912,success,,,"{""p2_amp"": ""10.000000"", ""p4_res"": ""2.000000"", ""p1_freq"": ""1.000000"", ""p3_spin"": ""0.100000""}",,t
1295,hyper_lattice_shard_1295,Hyper Lattice Shard #1295,Hyper-Dimensional Grid,,,,,,,77390523246093750000000000000000.000000,793.124912,success,,,"{""p2_amp"": ""10.000000"", ""p4_res"": ""2.000000"", ""p1_freq"": ""1.000000"", ""p3_spin"": ""0.100000""}",,t
1296,hyper_lattice_shard_1296,Hyper Lattice Shard #1296,Hyper-Dimensional Grid,,,,,,,77390523246093750000000000000000.000000,793.124912,success,,,"{""p2_amp"": ""10.000000"", ""p4_res"": ""2.000000"", ""p1_freq"": ""1.000000"", ""p3_spin"": ""0.100000""}",,t
1297,hyper_lattice_shard_1297,Hyper Lattice Shard #1297,Hyper-Dimensional Grid,,,,,,,77390523246093750000000000000000.000000,793.124912,success,,,"{""p2_amp"": ""10.000000"", ""p4_res"": ""2.000000"", ""p1_freq"": ""1.000000"", ""p3_spin"": ""0.100000""}",,t
1298,hyper_lattice_shard_1298,Hyper Lattice Shard #1298,Hyper-Dimensional Grid,,,,,,,77390523246093750000000000000000.000000,793.124912,success,,,"{""p2_amp"": ""10.000000"", ""p4_res"": ""2.000000"", ""p1_freq"": ""1.000000"", ""p3_spin"": ""0.100000""}",,t
1299,hyper_lattice_shard_1299,Hyper Lattice Shard #1299,Hyper-Dimensional Grid,,,,,,,77390523246093750000000000000000.000000,793.124912,success,,,"{""p2_amp"": ""10.000000"", ""p4_res"": ""2.000000"", ""p1_freq"": ""1.000000"", ""p3_spin"": ""0.100000""}",,t
1300,hyper_lattice_shard_1300,Hyper Lattice Shard #1300,Hyper-Dimensional Grid,,,,,,,77390523246093750000000000000000.000000,793.124912,success,,,"{""p2_amp"": ""10.000000"", ""p4_res"": ""2.000000"", ""p1_freq"": ""1.000000"", ""p3_spin"": ""0.100000""}",,t
1301,hyper_lattice_shard_1301,Hyper Lattice Shard #1301,Hyper-Dimensional Grid,,,,,,,77390523246093750000000000000000.000000,793.124912,success,,,"{""p2_amp"": ""10.000000"", ""p4_res"": ""2.000000"", ""p1_freq"": ""1.000000"", ""p3_spin"": ""0.100000""}",,t
1302,hyper_lattice_shard_1302,Hyper Lattice Shard #1302,Hyper-Dimensional Grid,,,,,,,77390523246093750000000000000000.000000,793.124912,success,,,"{""p2_amp"": ""10.000000"", ""p4_res"": ""2.000000"", ""p1_freq"": ""1.000000"", ""p3_spin"": ""0.100000""}",,t
1303,hyper_lattice_shard_1303,Hyper Lattice Shard #1303,Hyper-Dimensional Grid,,,,,,,77390523246093750000000000000000.000000,793.124912,success,,,"{""p2_amp"": ""10.000000"", ""p4_res"": ""2.000000"", ""p1_freq"": ""1.000000"", ""p3_spin"": ""0.100000""}",,t
1304,hyper_lattice_shard_1304,Hyper Lattice Shard #1304,Hyper-Dimensional Grid,,,,,,,77390523246093750000000000000000.000000,793.124912,success,,,"{""p2_amp"": ""10.000000"", ""p4_res"": ""2.000000"", ""p1_freq"": ""1.000000"", ""p3_spin"": ""0.100000""}",,t
1305,hyper_lattice_shard_1305,Hyper Lattice Shard #1305,Hyper-Dimensional Grid,,,,,,,77390523246093750000000000000000.000000,793.124912,success,,,"{""p2_amp"": ""10.000000"", ""p4_res"": ""2.000000"", ""p1_freq"": ""1.000000"", ""p3_spin"": ""0.100000""}",,t
1306,hyper_lattice_shard_1306,Hyper Lattice Shard #1306,Hyper-Dimensional Grid,,,,,,,77390523246093750000000000000000.000000,793.124912,success,,,"{""p2_amp"": ""10.000000"", ""p4_res"": ""2.000000"", ""p1_freq"": ""1.000000"", ""p3_spin"": ""0.100000""}",,t
1307,hyper_lattice_shard_1307,Hyper Lattice Shard #1307,Hyper-Dimensional Grid,,,,,,,77390523246093750000000000000000.000000,793.124912,success,,,"{""p2_amp"": ""10.000000"", ""p4_res"": ""2.000000"", ""p1_freq"": ""1.000000"", ""p3_spin"": ""0.100000""}",,t
1308,hyper_lattice_shard_1308,Hyper Lattice Shard #1308,Hyper-Dimensional Grid,,,,,,,77390523246093750000000000000000.000000,793.124912,success,,,"{""p2_amp"": ""10.000000"", ""p4_res"": ""2.000000"", ""p1_freq"": ""1.000000"", ""p3_spin"": ""0.100000""}",,t
1309,hyper_lattice_shard_1309,Hyper Lattice Shard #1309,Hyper-Dimensional Grid,,,,,,,77390523246093750000000000000000.000000,793.124912,success,,,"{""p2_amp"": ""10.000000"", ""p4_res"": ""2.000000"", ""p1_freq"": ""1.000000"", ""p3_spin"": ""0.100000""}",,t
1310,hyper_lattice_shard_1310,Hyper Lattice Shard #1310,Hyper-Dimensional Grid,,,,,,,77390523246093750000000000000000.000000,793.124912,success,,,"{""p2_amp"": ""10.000000"", ""p4_res"": ""2.000000"", ""p1_freq"": ""1.000000"", ""p3_spin"": ""0.100000""}",,t
1311,hyper_lattice_shard_1311,Hyper Lattice Shard #1311,Hyper-Dimensional Grid,,,,,,,77390523246093750000000000000000.000000,793.124912,success,,,"{""p2_amp"": ""10.000000"", ""p4_res"": ""2.000000"", ""p1_freq"": ""1.000000"", ""p3_spin"": ""0.100000""}",,t
1312,hyper_lattice_shard_1312,Hyper Lattice Shard #1312,Hyper-Dimensional Grid,,,,,,,77390523246093750000000000000000.000000,793.124912,success,,,"{""p2_amp"": ""10.000000"", ""p4_res"": ""2.000000"", ""p1_freq"": ""1.000000"", ""p3_spin"": ""0.100000""}",,t
1313,hyper_lattice_shard_1313,Hyper Lattice Shard #1313,Hyper-Dimensional Grid,,,,,,,77390523246093750000000000000000.000000,793.124912,success,,,"{""p2_amp"": ""10.000000"", ""p4_res"": ""2.000000"", ""p1_freq"": ""1.000000"", ""p3_spin"": ""0.100000""}",,t
1314,hyper_lattice_shard_1314,Hyper Lattice Shard #1314,Hyper-Dimensional Grid,,,,,,,77390523246093750000000000000000.000000,793.124912,success,,,"{""p2_amp"": ""10.000000"", ""p4_res"": ""2.000000"", ""p1_freq"": ""1.000000"", ""p3_spin"": ""0.100000""}",,t
1315,hyper_lattice_shard_1315,Hyper Lattice Shard #1315,Hyper-Dimensional Grid,,,,,,,77390523246093750000000000000000.000000,793.124912,success,,,"{""p2_amp"": ""10.000000"", ""p4_res"": ""2.000000"", ""p1_freq"": ""1.000000"", ""p3_spin"": ""0.100000""}",,t
1316,hyper_lattice_shard_1316,Hyper Lattice Shard #1316,Hyper-Dimensional Grid,,,,,,,77390523246093750000000000000000.000000,793.124912,success,,,"{""p2_amp"": ""10.000000"", ""p4_res"": ""2.000000"", ""p1_freq"": ""1.000000"", ""p3_spin"": ""0.100000""}",,t
1317,hyper_lattice_shard_1317,Hyper Lattice Shard #1317,Hyper-Dimensional Grid,,,,,,,77390523246093750000000000000000.000000,793.124912,success,,,"{""p2_amp"": ""10.000000"", ""p4_res"": ""2.000000"", ""p1_freq"": ""1.000000"", ""p3_spin"": ""0.100000""}",,t
1318,hyper_lattice_shard_1318,Hyper Lattice Shard #1318,Hyper-Dimensional Grid,,,,,,,77390523246093750000000000000000.000000,793.124912,success,,,"{""p2_amp"": ""10.000000"", ""p4_res"": ""2.000000"", ""p1_freq"": ""1.000000"", ""p3_spin"": ""0.100000""}",,t
1319,hyper_lattice_shard_1319,Hyper Lattice Shard #1319,Hyper-Dimensional Grid,,,,,,,77390523246093750000000000000000.000000,793.124912,success,,,"{""p2_amp"": ""10.000000"", ""p4_res"": ""2.000000"", ""p1_freq"": ""1.000000"", ""p3_spin"": ""0.100000""}",,t
1320,hyper_lattice_shard_1320,Hyper Lattice Shard #1320,Hyper-Dimensional Grid,,,,,,,77390523246093750000000000000000.000000,793.124912,success,,,"{""p2_amp"": ""10.000000"", ""p4_res"": ""2.000000"", ""p1_freq"": ""1.000000"", ""p3_spin"": ""0.100000""}",,t
1321,hyper_lattice_shard_1321,Hyper Lattice Shard #1321,Hyper-Dimensional Grid,,,,,,,77390523246093750000000000000000.000000,793.124912,success,,,"{""p2_amp"": ""10.000000"", ""p4_res"": ""2.000000"", ""p1_freq"": ""1.000000"", ""p3_spin"": ""0.100000""}",,t
1322,hyper_lattice_shard_1322,Hyper Lattice Shard #1322,Hyper-Dimensional Grid,,,,,,,77390523246093750000000000000000.000000,793.124912,success,,,"{""p2_amp"": ""10.000000"", ""p4_res"": ""2.000000"", ""p1_freq"": ""1.000000"", ""p3_spin"": ""0.100000""}",,t
1323,hyper_lattice_shard_1323,Hyper Lattice Shard #1323,Hyper-Dimensional Grid,,,,,,,77390523246093750000000000000000.000000,793.124912,success,,,"{""p2_amp"": ""10.000000"", ""p4_res"": ""2.000000"", ""p1_freq"": ""1.000000"", ""p3_spin"": ""0.100000""}",,t
1324,hyper_lattice_shard_1324,Hyper Lattice Shard #1324,Hyper-Dimensional Grid,,,,,,,77390523246093750000000000000000.000000,793.124912,success,,,"{""p2_amp"": ""10.000000"", ""p4_res"": ""2.000000"", ""p1_freq"": ""1.000000"", ""p3_spin"": ""0.100000""}",,t
1325,hyper_lattice_shard_1325,Hyper Lattice Shard #1325,Hyper-Dimensional Grid,,,,,,,77390523246093750000000000000000.000000,793.124912,success,,,"{""p2_amp"": ""10.000000"", ""p4_res"": ""2.000000"", ""p1_freq"": ""1.000000"", ""p3_spin"": ""0.100000""}",,t
1326,hyper_lattice_shard_1326,Hyper Lattice Shard #1326,Hyper-Dimensional Grid,,,,,,,77390523246093750000000000000000.000000,793.124912,success,,,"{""p2_amp"": ""10.000000"", ""p4_res"": ""2.000000"", ""p1_freq"": ""1.000000"", ""p3_spin"": ""0.100000""}",,t
1327,hyper_lattice_shard_1327,Hyper Lattice Shard #1327,Hyper-Dimensional Grid,,,,,,,77390523246093750000000000000000.000000,793.124912,success,,,"{""p2_amp"": ""10.000000"", ""p4_res"": ""2.000000"", ""p1_freq"": ""1.000000"", ""p3_spin"": ""0.100000""}",,t
1328,hyper_lattice_shard_1328,Hyper Lattice Shard #1328,Hyper-Dimensional Grid,,,,,,,77390523246093750000000000000000.000000,793.124912,success,,,"{""p2_amp"": ""10.000000"", ""p4_res"": ""2.000000"", ""p1_freq"": ""1.000000"", ""p3_spin"": ""0.100000""}",,t
1329,hyper_lattice_shard_1329,Hyper Lattice Shard #1329,Hyper-Dimensional Grid,,,,,,,77390523246093750000000000000000.000000,793.124912,success,,,"{""p2_amp"": ""10.000000"", ""p4_res"": ""2.000000"", ""p1_freq"": ""1.000000"", ""p3_spin"": ""0.100000""}",,t
1330,hyper_lattice_shard_1330,Hyper Lattice Shard #1330,Hyper-Dimensional Grid,,,,,,,77390523246093750000000000000000.000000,793.124912,success,,,"{""p2_amp"": ""10.000000"", ""p4_res"": ""2.000000"", ""p1_freq"": ""1.000000"", ""p3_spin"": ""0.100000""}",,t
1331,hyper_lattice_shard_1331,Hyper Lattice Shard #1331,Hyper-Dimensional Grid,,,,,,,77390523246093750000000000000000.000000,793.124912,success,,,"{""p2_amp"": ""10.000000"", ""p4_res"": ""2.000000"", ""p1_freq"": ""1.000000"", ""p3_spin"": ""0.100000""}",,t
1332,hyper_lattice_shard_1332,Hyper Lattice Shard #1332,Hyper-Dimensional Grid,,,,,,,77390523246093750000000000000000.000000,793.124912,success,,,"{""p2_amp"": ""10.000000"", ""p4_res"": ""2.000000"", ""p1_freq"": ""1.000000"", ""p3_spin"": ""0.100000""}",,t
1333,hyper_lattice_shard_1333,Hyper Lattice Shard #1333,Hyper-Dimensional Grid,,,,,,,77390523246093750000000000000000.000000,793.124912,success,,,"{""p2_amp"": ""10.000000"", ""p4_res"": ""2.000000"", ""p1_freq"": ""1.000000"", ""p3_spin"": ""0.100000""}",,t
1334,hyper_lattice_shard_1334,Hyper Lattice Shard #1334,Hyper-Dimensional Grid,,,,,,,77390523246093750000000000000000.000000,793.124912,success,,,"{""p2_amp"": ""10.000000"", ""p4_res"": ""2.000000"", ""p1_freq"": ""1.000000"", ""p3_spin"": ""0.100000""}",,t
1335,hyper_lattice_shard_1335,Hyper Lattice Shard #1335,Hyper-Dimensional Grid,,,,,,,77390523246093750000000000000000.000000,793.124912,success,,,"{""p2_amp"": ""10.000000"", ""p4_res"": ""2.000000"", ""p1_freq"": ""1.000000"", ""p3_spin"": ""0.100000""}",,t
1336,hyper_lattice_shard_1336,Hyper Lattice Shard #1336,Hyper-Dimensional Grid,,,,,,,77390523246093750000000000000000.000000,793.124912,success,,,"{""p2_amp"": ""10.000000"", ""p4_res"": ""2.000000"", ""p1_freq"": ""1.000000"", ""p3_spin"": ""0.100000""}",,t
1337,hyper_lattice_shard_1337,Hyper Lattice Shard #1337,Hyper-Dimensional Grid,,,,,,,77390523246093750000000000000000.000000,793.124912,success,,,"{""p2_amp"": ""10.000000"", ""p4_res"": ""2.000000"", ""p1_freq"": ""1.000000"", ""p3_spin"": ""0.100000""}",,t
1338,hyper_lattice_shard_1338,Hyper Lattice Shard #1338,Hyper-Dimensional Grid,,,,,,,77390523246093750000000000000000.000000,793.124912,success,,,"{""p2_amp"": ""10.000000"", ""p4_res"": ""2.000000"", ""p1_freq"": ""1.000000"", ""p3_spin"": ""0.100000""}",,t
1339,hyper_lattice_shard_1339,Hyper Lattice Shard #1339,Hyper-Dimensional Grid,,,,,,,77390523246093750000000000000000.000000,793.124912,success,,,"{""p2_amp"": ""10.000000"", ""p4_res"": ""2.000000"", ""p1_freq"": ""1.000000"", ""p3_spin"": ""0.100000""}",,t
1340,hyper_lattice_shard_1340,Hyper Lattice Shard #1340,Hyper-Dimensional Grid,,,,,,,77390523246093750000000000000000.000000,793.124912,success,,,"{""p2_amp"": ""10.000000"", ""p4_res"": ""2.000000"", ""p1_freq"": ""1.000000"", ""p3_spin"": ""0.100000""}",,t
1341,hyper_lattice_shard_1341,Hyper Lattice Shard #1341,Hyper-Dimensional Grid,,,,,,,77390523246093750000000000000000.000000,793.124912,success,,,"{""p2_amp"": ""10.000000"", ""p4_res"": ""2.000000"", ""p1_freq"": ""1.000000"", ""p3_spin"": ""0.100000""}",,t
1342,hyper_lattice_shard_1342,Hyper Lattice Shard #1342,Hyper-Dimensional Grid,,,,,,,77390523246093750000000000000000.000000,793.124912,success,,,"{""p2_amp"": ""10.000000"", ""p4_res"": ""2.000000"", ""p1_freq"": ""1.000000"", ""p3_spin"": ""0.100000""}",,t
1343,hyper_lattice_shard_1343,Hyper Lattice Shard #1343,Hyper-Dimensional Grid,,,,,,,77390523246093750000000000000000.000000,793.124912,success,,,"{""p2_amp"": ""10.000000"", ""p4_res"": ""2.000000"", ""p1_freq"": ""1.000000"", ""p3_spin"": ""0.100000""}",,t
1344,hyper_lattice_shard_1344,Hyper Lattice Shard #1344,Hyper-Dimensional Grid,,,,,,,77390523246093750000000000000000.000000,793.124912,success,,,"{""p2_amp"": ""10.000000"", ""p4_res"": ""2.000000"", ""p1_freq"": ""1.000000"", ""p3_spin"": ""0.100000""}",,t
1345,hyper_lattice_shard_1345,Hyper Lattice Shard #1345,Hyper-Dimensional Grid,,,,,,,77390523246093750000000000000000.000000,793.124912,success,,,"{""p2_amp"": ""10.000000"", ""p4_res"": ""2.000000"", ""p1_freq"": ""1.000000"", ""p3_spin"": ""0.100000""}",,t
1346,hyper_lattice_shard_1346,Hyper Lattice Shard #1346,Hyper-Dimensional Grid,,,,,,,77390523246093750000000000000000.000000,793.124912,success,,,"{""p2_amp"": ""10.000000"", ""p4_res"": ""2.000000"", ""p1_freq"": ""1.000000"", ""p3_spin"": ""0.100000""}",,t
1347,hyper_lattice_shard_1347,Hyper Lattice Shard #1347,Hyper-Dimensional Grid,,,,,,,77390523246093750000000000000000.000000,793.124912,success,,,"{""p2_amp"": ""10.000000"", ""p4_res"": ""2.000000"", ""p1_freq"": ""1.000000"", ""p3_spin"": ""0.100000""}",,t
1348,hyper_lattice_shard_1348,Hyper Lattice Shard #1348,Hyper-Dimensional Grid,,,,,,,77390523246093750000000000000000.000000,793.124912,success,,,"{""p2_amp"": ""10.000000"", ""p4_res"": ""2.000000"", ""p1_freq"": ""1.000000"", ""p3_spin"": ""0.100000""}",,t
1349,hyper_lattice_shard_1349,Hyper Lattice Shard #1349,Hyper-Dimensional Grid,,,,,,,77390523246093750000000000000000.000000,793.124912,success,,,"{""p2_amp"": ""10.000000"", ""p4_res"": ""2.000000"", ""p1_freq"": ""1.000000"", ""p3_spin"": ""0.100000""}",,t
1350,hyper_lattice_shard_1350,Hyper Lattice Shard #1350,Hyper-Dimensional Grid,,,,,,,77390523246093750000000000000000.000000,793.124912,success,,,"{""p2_amp"": ""10.000000"", ""p4_res"": ""2.000000"", ""p1_freq"": ""1.000000"", ""p3_spin"": ""0.100000""}",,t
1351,hyper_lattice_shard_1351,Hyper Lattice Shard #1351,Hyper-Dimensional Grid,,,,,,,77390523246093750000000000000000.000000,793.124912,success,,,"{""p2_amp"": ""10.000000"", ""p4_res"": ""2.000000"", ""p1_freq"": ""1.000000"", ""p3_spin"": ""0.100000""}",,t
1352,hyper_lattice_shard_1352,Hyper Lattice Shard #1352,Hyper-Dimensional Grid,,,,,,,77390523246093750000000000000000.000000,793.124912,success,,,"{""p2_amp"": ""10.000000"", ""p4_res"": ""2.000000"", ""p1_freq"": ""1.000000"", ""p3_spin"": ""0.100000""}",,t
1353,hyper_lattice_shard_1353,Hyper Lattice Shard #1353,Hyper-Dimensional Grid,,,,,,,77390523246093750000000000000000.000000,793.124912,success,,,"{""p2_amp"": ""10.000000"", ""p4_res"": ""2.000000"", ""p1_freq"": ""1.000000"", ""p3_spin"": ""0.100000""}",,t
1354,hyper_lattice_shard_1354,Hyper Lattice Shard #1354,Hyper-Dimensional Grid,,,,,,,77390523246093750000000000000000.000000,793.124912,success,,,"{""p2_amp"": ""10.000000"", ""p4_res"": ""2.000000"", ""p1_freq"": ""1.000000"", ""p3_spin"": ""0.100000""}",,t
1355,hyper_lattice_shard_1355,Hyper Lattice Shard #1355,Hyper-Dimensional Grid,,,,,,,77390523246093750000000000000000.000000,793.124912,success,,,"{""p2_amp"": ""10.000000"", ""p4_res"": ""2.000000"", ""p1_freq"": ""1.000000"", ""p3_spin"": ""0.100000""}",,t
1356,hyper_lattice_shard_1356,Hyper Lattice Shard #1356,Hyper-Dimensional Grid,,,,,,,77390523246093750000000000000000.000000,793.124912,success,,,"{""p2_amp"": ""10.000000"", ""p4_res"": ""2.000000"", ""p1_freq"": ""1.000000"", ""p3_spin"": ""0.100000""}",,t
1357,hyper_lattice_shard_1357,Hyper Lattice Shard #1357,Hyper-Dimensional Grid,,,,,,,77390523246093750000000000000000.000000,793.124912,success,,,"{""p2_amp"": ""10.000000"", ""p4_res"": ""2.000000"", ""p1_freq"": ""1.000000"", ""p3_spin"": ""0.100000""}",,t
1358,hyper_lattice_shard_1358,Hyper Lattice Shard #1358,Hyper-Dimensional Grid,,,,,,,77390523246093750000000000000000.000000,793.124912,success,,,"{""p2_amp"": ""10.000000"", ""p4_res"": ""2.000000"", ""p1_freq"": ""1.000000"", ""p3_spin"": ""0.100000""}",,t
1359,hyper_lattice_shard_1359,Hyper Lattice Shard #1359,Hyper-Dimensional Grid,,,,,,,77390523246093750000000000000000.000000,793.124912,success,,,"{""p2_amp"": ""10.000000"", ""p4_res"": ""2.000000"", ""p1_freq"": ""1.000000"", ""p3_spin"": ""0.100000""}",,t
1360,hyper_lattice_shard_1360,Hyper Lattice Shard #1360,Hyper-Dimensional Grid,,,,,,,77390523246093750000000000000000.000000,793.124912,success,,,"{""p2_amp"": ""10.000000"", ""p4_res"": ""2.000000"", ""p1_freq"": ""1.000000"", ""p3_spin"": ""0.100000""}",,t
1361,hyper_lattice_shard_1361,Hyper Lattice Shard #1361,Hyper-Dimensional Grid,,,,,,,77390523246093750000000000000000.000000,793.124912,success,,,"{""p2_amp"": ""10.000000"", ""p4_res"": ""2.000000"", ""p1_freq"": ""1.000000"", ""p3_spin"": ""0.100000""}",,t
1362,hyper_lattice_shard_1362,Hyper Lattice Shard #1362,Hyper-Dimensional Grid,,,,,,,77390523246093750000000000000000.000000,793.124912,success,,,"{""p2_amp"": ""10.000000"", ""p4_res"": ""2.000000"", ""p1_freq"": ""1.000000"", ""p3_spin"": ""0.100000""}",,t
1363,hyper_lattice_shard_1363,Hyper Lattice Shard #1363,Hyper-Dimensional Grid,,,,,,,77390523246093750000000000000000.000000,793.124912,success,,,"{""p2_amp"": ""10.000000"", ""p4_res"": ""2.000000"", ""p1_freq"": ""1.000000"", ""p3_spin"": ""0.100000""}",,t
1364,hyper_lattice_shard_1364,Hyper Lattice Shard #1364,Hyper-Dimensional Grid,,,,,,,77390523246093750000000000000000.000000,793.124912,success,,,"{""p2_amp"": ""10.000000"", ""p4_res"": ""2.000000"", ""p1_freq"": ""1.000000"", ""p3_spin"": ""0.100000""}",,t
1365,hyper_lattice_shard_1365,Hyper Lattice Shard #1365,Hyper-Dimensional Grid,,,,,,,77390523246093750000000000000000.000000,793.124912,success,,,"{""p2_amp"": ""10.000000"", ""p4_res"": ""2.000000"", ""p1_freq"": ""1.000000"", ""p3_spin"": ""0.100000""}",,t
1366,hyper_lattice_shard_1366,Hyper Lattice Shard #1366,Hyper-Dimensional Grid,,,,,,,77390523246093750000000000000000.000000,793.124912,success,,,"{""p2_amp"": ""10.000000"", ""p4_res"": ""2.000000"", ""p1_freq"": ""1.000000"", ""p3_spin"": ""0.100000""}",,t
1367,hyper_lattice_shard_1367,Hyper Lattice Shard #1367,Hyper-Dimensional Grid,,,,,,,77390523246093750000000000000000.000000,793.124912,success,,,"{""p2_amp"": ""10.000000"", ""p4_res"": ""2.000000"", ""p1_freq"": ""1.000000"", ""p3_spin"": ""0.100000""}",,t
1368,hyper_lattice_shard_1368,Hyper Lattice Shard #1368,Hyper-Dimensional Grid,,,,,,,77390523246093750000000000000000.000000,793.124912,success,,,"{""p2_amp"": ""10.000000"", ""p4_res"": ""2.000000"", ""p1_freq"": ""1.000000"", ""p3_spin"": ""0.100000""}",,t
1369,hyper_lattice_shard_1369,Hyper Lattice Shard #1369,Hyper-Dimensional Grid,,,,,,,77390523246093750000000000000000.000000,793.124912,success,,,"{""p2_amp"": ""10.000000"", ""p4_res"": ""2.000000"", ""p1_freq"": ""1.000000"", ""p3_spin"": ""0.100000""}",,t
1370,hyper_lattice_shard_1370,Hyper Lattice Shard #1370,Hyper-Dimensional Grid,,,,,,,77390523246093750000000000000000.000000,793.124912,success,,,"{""p2_amp"": ""10.000000"", ""p4_res"": ""2.000000"", ""p1_freq"": ""1.000000"", ""p3_spin"": ""0.100000""}",,t
1371,hyper_lattice_shard_1371,Hyper Lattice Shard #1371,Hyper-Dimensional Grid,,,,,,,77390523246093750000000000000000.000000,793.124912,success,,,"{""p2_amp"": ""10.000000"", ""p4_res"": ""2.000000"", ""p1_freq"": ""1.000000"", ""p3_spin"": ""0.100000""}",,t
1372,hyper_lattice_shard_1372,Hyper Lattice Shard #1372,Hyper-Dimensional Grid,,,,,,,77390523246093750000000000000000.000000,793.124912,success,,,"{""p2_amp"": ""10.000000"", ""p4_res"": ""2.000000"", ""p1_freq"": ""1.000000"", ""p3_spin"": ""0.100000""}",,t
1373,hyper_lattice_shard_1373,Hyper Lattice Shard #1373,Hyper-Dimensional Grid,,,,,,,77390523246093750000000000000000.000000,793.124912,success,,,"{""p2_amp"": ""10.000000"", ""p4_res"": ""2.000000"", ""p1_freq"": ""1.000000"", ""p3_spin"": ""0.100000""}",,t
1374,hyper_lattice_shard_1374,Hyper Lattice Shard #1374,Hyper-Dimensional Grid,,,,,,,77390523246093750000000000000000.000000,793.124912,success,,,"{""p2_amp"": ""10.000000"", ""p4_res"": ""2.000000"", ""p1_freq"": ""1.000000"", ""p3_spin"": ""0.100000""}",,t
1375,hyper_lattice_shard_1375,Hyper Lattice Shard #1375,Hyper-Dimensional Grid,,,,,,,77390523246093750000000000000000.000000,793.124912,success,,,"{""p2_amp"": ""10.000000"", ""p4_res"": ""2.000000"", ""p1_freq"": ""1.000000"", ""p3_spin"": ""0.100000""}",,t
1376,hyper_lattice_shard_1376,Hyper Lattice Shard #1376,Hyper-Dimensional Grid,,,,,,,77390523246093750000000000000000.000000,793.124912,success,,,"{""p2_amp"": ""10.000000"", ""p4_res"": ""2.000000"", ""p1_freq"": ""1.000000"", ""p3_spin"": ""0.100000""}",,t
1377,hyper_lattice_shard_1377,Hyper Lattice Shard #1377,Hyper-Dimensional Grid,,,,,,,77390523246093750000000000000000.000000,793.124912,success,,,"{""p2_amp"": ""10.000000"", ""p4_res"": ""2.000000"", ""p1_freq"": ""1.000000"", ""p3_spin"": ""0.100000""}",,t
1378,hyper_lattice_shard_1378,Hyper Lattice Shard #1378,Hyper-Dimensional Grid,,,,,,,77390523246093750000000000000000.000000,793.124912,success,,,"{""p2_amp"": ""10.000000"", ""p4_res"": ""2.000000"", ""p1_freq"": ""1.000000"", ""p3_spin"": ""0.100000""}",,t
1379,hyper_lattice_shard_1379,Hyper Lattice Shard #1379,Hyper-Dimensional Grid,,,,,,,77390523246093750000000000000000.000000,793.124912,success,,,"{""p2_amp"": ""10.000000"", ""p4_res"": ""2.000000"", ""p1_freq"": ""1.000000"", ""p3_spin"": ""0.100000""}",,t
1380,hyper_lattice_shard_1380,Hyper Lattice Shard #1380,Hyper-Dimensional Grid,,,,,,,77390523246093750000000000000000.000000,793.124912,success,,,"{""p2_amp"": ""10.000000"", ""p4_res"": ""2.000000"", ""p1_freq"": ""1.000000"", ""p3_spin"": ""0.100000""}",,t
1381,hyper_lattice_shard_1381,Hyper Lattice Shard #1381,Hyper-Dimensional Grid,,,,,,,77390523246093750000000000000000.000000,793.124912,success,,,"{""p2_amp"": ""10.000000"", ""p4_res"": ""2.000000"", ""p1_freq"": ""1.000000"", ""p3_spin"": ""0.100000""}",,t
1382,hyper_lattice_shard_1382,Hyper Lattice Shard #1382,Hyper-Dimensional Grid,,,,,,,77390523246093750000000000000000.000000,793.124912,success,,,"{""p2_amp"": ""10.000000"", ""p4_res"": ""2.000000"", ""p1_freq"": ""1.000000"", ""p3_spin"": ""0.100000""}",,t
1383,hyper_lattice_shard_1383,Hyper Lattice Shard #1383,Hyper-Dimensional Grid,,,,,,,77390523246093750000000000000000.000000,793.124912,success,,,"{""p2_amp"": ""10.000000"", ""p4_res"": ""2.000000"", ""p1_freq"": ""1.000000"", ""p3_spin"": ""0.100000""}",,t
1384,hyper_lattice_shard_1384,Hyper Lattice Shard #1384,Hyper-Dimensional Grid,,,,,,,77390523246093750000000000000000.000000,793.124912,success,,,"{""p2_amp"": ""10.000000"", ""p4_res"": ""2.000000"", ""p1_freq"": ""1.000000"", ""p3_spin"": ""0.100000""}",,t
1385,hyper_lattice_shard_1385,Hyper Lattice Shard #1385,Hyper-Dimensional Grid,,,,,,,77390523246093750000000000000000.000000,793.124912,success,,,"{""p2_amp"": ""10.000000"", ""p4_res"": ""2.000000"", ""p1_freq"": ""1.000000"", ""p3_spin"": ""0.100000""}",,t
1386,hyper_lattice_shard_1386,Hyper Lattice Shard #1386,Hyper-Dimensional Grid,,,,,,,77390523246093750000000000000000.000000,793.124912,success,,,"{""p2_amp"": ""10.000000"", ""p4_res"": ""2.000000"", ""p1_freq"": ""1.000000"", ""p3_spin"": ""0.100000""}",,t
1387,hyper_lattice_shard_1387,Hyper Lattice Shard #1387,Hyper-Dimensional Grid,,,,,,,77390523246093750000000000000000.000000,793.124912,success,,,"{""p2_amp"": ""10.000000"", ""p4_res"": ""2.000000"", ""p1_freq"": ""1.000000"", ""p3_spin"": ""0.100000""}",,t
1388,hyper_lattice_shard_1388,Hyper Lattice Shard #1388,Hyper-Dimensional Grid,,,,,,,77390523246093750000000000000000.000000,793.124912,success,,,"{""p2_amp"": ""10.000000"", ""p4_res"": ""2.000000"", ""p1_freq"": ""1.000000"", ""p3_spin"": ""0.100000""}",,t
1389,hyper_lattice_shard_1389,Hyper Lattice Shard #1389,Hyper-Dimensional Grid,,,,,,,77390523246093750000000000000000.000000,793.124912,success,,,"{""p2_amp"": ""10.000000"", ""p4_res"": ""2.000000"", ""p1_freq"": ""1.000000"", ""p3_spin"": ""0.100000""}",,t
1390,hyper_lattice_shard_1390,Hyper Lattice Shard #1390,Hyper-Dimensional Grid,,,,,,,77390523246093750000000000000000.000000,793.124912,success,,,"{""p2_amp"": ""10.000000"", ""p4_res"": ""2.000000"", ""p1_freq"": ""1.000000"", ""p3_spin"": ""0.100000""}",,t
1391,hyper_lattice_shard_1391,Hyper Lattice Shard #1391,Hyper-Dimensional Grid,,,,,,,77390523246093750000000000000000.000000,793.124912,success,,,"{""p2_amp"": ""10.000000"", ""p4_res"": ""2.000000"", ""p1_freq"": ""1.000000"", ""p3_spin"": ""0.100000""}",,t
1392,hyper_lattice_shard_1392,Hyper Lattice Shard #1392,Hyper-Dimensional Grid,,,,,,,77390523246093750000000000000000.000000,793.124912,success,,,"{""p2_amp"": ""10.000000"", ""p4_res"": ""2.000000"", ""p1_freq"": ""1.000000"", ""p3_spin"": ""0.100000""}",,t
1393,hyper_lattice_shard_1393,Hyper Lattice Shard #1393,Hyper-Dimensional Grid,,,,,,,77390523246093750000000000000000.000000,793.124912,success,,,"{""p2_amp"": ""10.000000"", ""p4_res"": ""2.000000"", ""p1_freq"": ""1.000000"", ""p3_spin"": ""0.100000""}",,t
1394,hyper_lattice_shard_1394,Hyper Lattice Shard #1394,Hyper-Dimensional Grid,,,,,,,77390523246093750000000000000000.000000,793.124912,success,,,"{""p2_amp"": ""10.000000"", ""p4_res"": ""2.000000"", ""p1_freq"": ""1.000000"", ""p3_spin"": ""0.100000""}",,t
1395,hyper_lattice_shard_1395,Hyper Lattice Shard #1395,Hyper-Dimensional Grid,,,,,,,77390523246093750000000000000000.000000,793.124912,success,,,"{""p2_amp"": ""10.000000"", ""p4_res"": ""2.000000"", ""p1_freq"": ""1.000000"", ""p3_spin"": ""0.100000""}",,t
1396,hyper_lattice_shard_1396,Hyper Lattice Shard #1396,Hyper-Dimensional Grid,,,,,,,77390523246093750000000000000000.000000,793.124912,success,,,"{""p2_amp"": ""10.000000"", ""p4_res"": ""2.000000"", ""p1_freq"": ""1.000000"", ""p3_spin"": ""0.100000""}",,t
1397,hyper_lattice_shard_1397,Hyper Lattice Shard #1397,Hyper-Dimensional Grid,,,,,,,77390523246093750000000000000000.000000,793.124912,success,,,"{""p2_amp"": ""10.000000"", ""p4_res"": ""2.000000"", ""p1_freq"": ""1.000000"", ""p3_spin"": ""0.100000""}",,t
1398,hyper_lattice_shard_1398,Hyper Lattice Shard #1398,Hyper-Dimensional Grid,,,,,,,77390523246093750000000000000000.000000,793.124912,success,,,"{""p2_amp"": ""10.000000"", ""p4_res"": ""2.000000"", ""p1_freq"": ""1.000000"", ""p3_spin"": ""0.100000""}",,t
1399,hyper_lattice_shard_1399,Hyper Lattice Shard #1399,Hyper-Dimensional Grid,,,,,,,77390523246093750000000000000000.000000,793.124912,success,,,"{""p2_amp"": ""10.000000"", ""p4_res"": ""2.000000"", ""p1_freq"": ""1.000000"", ""p3_spin"": ""0.100000""}",,t
1400,hyper_lattice_shard_1400,Hyper Lattice Shard #1400,Hyper-Dimensional Grid,,,,,,,77390523246093750000000000000000.000000,793.124912,success,,,"{""p2_amp"": ""10.000000"", ""p4_res"": ""2.000000"", ""p1_freq"": ""1.000000"", ""p3_spin"": ""0.100000""}",,t
1401,hyper_lattice_shard_1401,Hyper Lattice Shard #1401,Hyper-Dimensional Grid,,,,,,,77390523246093750000000000000000.000000,793.124912,success,,,"{""p2_amp"": ""10.000000"", ""p4_res"": ""2.000000"", ""p1_freq"": ""1.000000"", ""p3_spin"": ""0.100000""}",,t
1402,hyper_lattice_shard_1402,Hyper Lattice Shard #1402,Hyper-Dimensional Grid,,,,,,,77390523246093750000000000000000.000000,793.124912,success,,,"{""p2_amp"": ""10.000000"", ""p4_res"": ""2.000000"", ""p1_freq"": ""1.000000"", ""p3_spin"": ""0.100000""}",,t
1403,hyper_lattice_shard_1403,Hyper Lattice Shard #1403,Hyper-Dimensional Grid,,,,,,,77390523246093750000000000000000.000000,793.124912,success,,,"{""p2_amp"": ""10.000000"", ""p4_res"": ""2.000000"", ""p1_freq"": ""1.000000"", ""p3_spin"": ""0.100000""}",,t
1404,hyper_lattice_shard_1404,Hyper Lattice Shard #1404,Hyper-Dimensional Grid,,,,,,,77390523246093750000000000000000.000000,793.124912,success,,,"{""p2_amp"": ""10.000000"", ""p4_res"": ""2.000000"", ""p1_freq"": ""1.000000"", ""p3_spin"": ""0.100000""}",,t
1405,hyper_lattice_shard_1405,Hyper Lattice Shard #1405,Hyper-Dimensional Grid,,,,,,,77390523246093750000000000000000.000000,793.124912,success,,,"{""p2_amp"": ""10.000000"", ""p4_res"": ""2.000000"", ""p1_freq"": ""1.000000"", ""p3_spin"": ""0.100000""}",,t
1406,hyper_lattice_shard_1406,Hyper Lattice Shard #1406,Hyper-Dimensional Grid,,,,,,,77390523246093750000000000000000.000000,793.124912,success,,,"{""p2_amp"": ""10.000000"", ""p4_res"": ""2.000000"", ""p1_freq"": ""1.000000"", ""p3_spin"": ""0.100000""}",,t
1407,hyper_lattice_shard_1407,Hyper Lattice Shard #1407,Hyper-Dimensional Grid,,,,,,,77390523246093750000000000000000.000000,793.124912,success,,,"{""p2_amp"": ""10.000000"", ""p4_res"": ""2.000000"", ""p1_freq"": ""1.000000"", ""p3_spin"": ""0.100000""}",,t
1408,hyper_lattice_shard_1408,Hyper Lattice Shard #1408,Hyper-Dimensional Grid,,,,,,,77390523246093750000000000000000.000000,793.124912,success,,,"{""p2_amp"": ""10.000000"", ""p4_res"": ""2.000000"", ""p1_freq"": ""1.000000"", ""p3_spin"": ""0.100000""}",,t
1409,hyper_lattice_shard_1409,Hyper Lattice Shard #1409,Hyper-Dimensional Grid,,,,,,,77390523246093750000000000000000.000000,793.124912,success,,,"{""p2_amp"": ""10.000000"", ""p4_res"": ""2.000000"", ""p1_freq"": ""1.000000"", ""p3_spin"": ""0.100000""}",,t
1410,hyper_lattice_shard_1410,Hyper Lattice Shard #1410,Hyper-Dimensional Grid,,,,,,,77390523246093750000000000000000.000000,793.124912,success,,,"{""p2_amp"": ""10.000000"", ""p4_res"": ""2.000000"", ""p1_freq"": ""1.000000"", ""p3_spin"": ""0.100000""}",,t
1411,hyper_lattice_shard_1411,Hyper Lattice Shard #1411,Hyper-Dimensional Grid,,,,,,,77390523246093750000000000000000.000000,793.124912,success,,,"{""p2_amp"": ""10.000000"", ""p4_res"": ""2.000000"", ""p1_freq"": ""1.000000"", ""p3_spin"": ""0.100000""}",,t
1412,hyper_lattice_shard_1412,Hyper Lattice Shard #1412,Hyper-Dimensional Grid,,,,,,,77390523246093750000000000000000.000000,793.124912,success,,,"{""p2_amp"": ""10.000000"", ""p4_res"": ""2.000000"", ""p1_freq"": ""1.000000"", ""p3_spin"": ""0.100000""}",,t
1413,hyper_lattice_shard_1413,Hyper Lattice Shard #1413,Hyper-Dimensional Grid,,,,,,,77390523246093750000000000000000.000000,793.124912,success,,,"{""p2_amp"": ""10.000000"", ""p4_res"": ""2.000000"", ""p1_freq"": ""1.000000"", ""p3_spin"": ""0.100000""}",,t
1414,hyper_lattice_shard_1414,Hyper Lattice Shard #1414,Hyper-Dimensional Grid,,,,,,,77390523246093750000000000000000.000000,793.124912,success,,,"{""p2_amp"": ""10.000000"", ""p4_res"": ""2.000000"", ""p1_freq"": ""1.000000"", ""p3_spin"": ""0.100000""}",,t
1415,hyper_lattice_shard_1415,Hyper Lattice Shard #1415,Hyper-Dimensional Grid,,,,,,,77390523246093750000000000000000.000000,793.124912,success,,,"{""p2_amp"": ""10.000000"", ""p4_res"": ""2.000000"", ""p1_freq"": ""1.000000"", ""p3_spin"": ""0.100000""}",,t
1416,hyper_lattice_shard_1416,Hyper Lattice Shard #1416,Hyper-Dimensional Grid,,,,,,,77390523246093750000000000000000.000000,793.124912,success,,,"{""p2_amp"": ""10.000000"", ""p4_res"": ""2.000000"", ""p1_freq"": ""1.000000"", ""p3_spin"": ""0.100000""}",,t
1417,hyper_lattice_shard_1417,Hyper Lattice Shard #1417,Hyper-Dimensional Grid,,,,,,,77390523246093750000000000000000.000000,793.124912,success,,,"{""p2_amp"": ""10.000000"", ""p4_res"": ""2.000000"", ""p1_freq"": ""1.000000"", ""p3_spin"": ""0.100000""}",,t
1418,hyper_lattice_shard_1418,Hyper Lattice Shard #1418,Hyper-Dimensional Grid,,,,,,,77390523246093750000000000000000.000000,793.124912,success,,,"{""p2_amp"": ""10.000000"", ""p4_res"": ""2.000000"", ""p1_freq"": ""1.000000"", ""p3_spin"": ""0.100000""}",,t
1419,hyper_lattice_shard_1419,Hyper Lattice Shard #1419,Hyper-Dimensional Grid,,,,,,,77390523246093750000000000000000.000000,793.124912,success,,,"{""p2_amp"": ""10.000000"", ""p4_res"": ""2.000000"", ""p1_freq"": ""1.000000"", ""p3_spin"": ""0.100000""}",,t
1420,hyper_lattice_shard_1420,Hyper Lattice Shard #1420,Hyper-Dimensional Grid,,,,,,,77390523246093750000000000000000.000000,793.124912,success,,,"{""p2_amp"": ""10.000000"", ""p4_res"": ""2.000000"", ""p1_freq"": ""1.000000"", ""p3_spin"": ""0.100000""}",,t
1421,hyper_lattice_shard_1421,Hyper Lattice Shard #1421,Hyper-Dimensional Grid,,,,,,,77390523246093750000000000000000.000000,793.124912,success,,,"{""p2_amp"": ""10.000000"", ""p4_res"": ""2.000000"", ""p1_freq"": ""1.000000"", ""p3_spin"": ""0.100000""}",,t
1422,hyper_lattice_shard_1422,Hyper Lattice Shard #1422,Hyper-Dimensional Grid,,,,,,,77390523246093750000000000000000.000000,793.124912,success,,,"{""p2_amp"": ""10.000000"", ""p4_res"": ""2.000000"", ""p1_freq"": ""1.000000"", ""p3_spin"": ""0.100000""}",,t
1423,hyper_lattice_shard_1423,Hyper Lattice Shard #1423,Hyper-Dimensional Grid,,,,,,,77390523246093750000000000000000.000000,793.124912,success,,,"{""p2_amp"": ""10.000000"", ""p4_res"": ""2.000000"", ""p1_freq"": ""1.000000"", ""p3_spin"": ""0.100000""}",,t
1424,hyper_lattice_shard_1424,Hyper Lattice Shard #1424,Hyper-Dimensional Grid,,,,,,,77390523246093750000000000000000.000000,793.124912,success,,,"{""p2_amp"": ""10.000000"", ""p4_res"": ""2.000000"", ""p1_freq"": ""1.000000"", ""p3_spin"": ""0.100000""}",,t
1425,hyper_lattice_shard_1425,Hyper Lattice Shard #1425,Hyper-Dimensional Grid,,,,,,,77390523246093750000000000000000.000000,793.124912,success,,,"{""p2_amp"": ""10.000000"", ""p4_res"": ""2.000000"", ""p1_freq"": ""1.000000"", ""p3_spin"": ""0.100000""}",,t
1426,hyper_lattice_shard_1426,Hyper Lattice Shard #1426,Hyper-Dimensional Grid,,,,,,,77390523246093750000000000000000.000000,793.124912,success,,,"{""p2_amp"": ""10.000000"", ""p4_res"": ""2.000000"", ""p1_freq"": ""1.000000"", ""p3_spin"": ""0.100000""}",,t
1427,hyper_lattice_shard_1427,Hyper Lattice Shard #1427,Hyper-Dimensional Grid,,,,,,,77390523246093750000000000000000.000000,793.124912,success,,,"{""p2_amp"": ""10.000000"", ""p4_res"": ""2.000000"", ""p1_freq"": ""1.000000"", ""p3_spin"": ""0.100000""}",,t
1428,hyper_lattice_shard_1428,Hyper Lattice Shard #1428,Hyper-Dimensional Grid,,,,,,,77390523246093750000000000000000.000000,793.124912,success,,,"{""p2_amp"": ""10.000000"", ""p4_res"": ""2.000000"", ""p1_freq"": ""1.000000"", ""p3_spin"": ""0.100000""}",,t
1429,hyper_lattice_shard_1429,Hyper Lattice Shard #1429,Hyper-Dimensional Grid,,,,,,,77390523246093750000000000000000.000000,793.124912,success,,,"{""p2_amp"": ""10.000000"", ""p4_res"": ""2.000000"", ""p1_freq"": ""1.000000"", ""p3_spin"": ""0.100000""}",,t
1430,hyper_lattice_shard_1430,Hyper Lattice Shard #1430,Hyper-Dimensional Grid,,,,,,,77390523246093750000000000000000.000000,793.124912,success,,,"{""p2_amp"": ""10.000000"", ""p4_res"": ""2.000000"", ""p1_freq"": ""1.000000"", ""p3_spin"": ""0.100000""}",,t
1431,hyper_lattice_shard_1431,Hyper Lattice Shard #1431,Hyper-Dimensional Grid,,,,,,,77390523246093750000000000000000.000000,793.124912,success,,,"{""p2_amp"": ""10.000000"", ""p4_res"": ""2.000000"", ""p1_freq"": ""1.000000"", ""p3_spin"": ""0.100000""}",,t
1432,hyper_lattice_shard_1432,Hyper Lattice Shard #1432,Hyper-Dimensional Grid,,,,,,,77390523246093750000000000000000.000000,793.124912,success,,,"{""p2_amp"": ""10.000000"", ""p4_res"": ""2.000000"", ""p1_freq"": ""1.000000"", ""p3_spin"": ""0.100000""}",,t
1433,hyper_lattice_shard_1433,Hyper Lattice Shard #1433,Hyper-Dimensional Grid,,,,,,,77390523246093750000000000000000.000000,793.124912,success,,,"{""p2_amp"": ""10.000000"", ""p4_res"": ""2.000000"", ""p1_freq"": ""1.000000"", ""p3_spin"": ""0.100000""}",,t
1434,hyper_lattice_shard_1434,Hyper Lattice Shard #1434,Hyper-Dimensional Grid,,,,,,,77390523246093750000000000000000.000000,793.124912,success,,,"{""p2_amp"": ""10.000000"", ""p4_res"": ""2.000000"", ""p1_freq"": ""1.000000"", ""p3_spin"": ""0.100000""}",,t
1435,hyper_lattice_shard_1435,Hyper Lattice Shard #1435,Hyper-Dimensional Grid,,,,,,,77390523246093750000000000000000.000000,793.124912,success,,,"{""p2_amp"": ""10.000000"", ""p4_res"": ""2.000000"", ""p1_freq"": ""1.000000"", ""p3_spin"": ""0.100000""}",,t
1436,hyper_lattice_shard_1436,Hyper Lattice Shard #1436,Hyper-Dimensional Grid,,,,,,,77390523246093750000000000000000.000000,793.124912,success,,,"{""p2_amp"": ""10.000000"", ""p4_res"": ""2.000000"", ""p1_freq"": ""1.000000"", ""p3_spin"": ""0.100000""}",,t
1437,hyper_lattice_shard_1437,Hyper Lattice Shard #1437,Hyper-Dimensional Grid,,,,,,,77390523246093750000000000000000.000000,793.124912,success,,,"{""p2_amp"": ""10.000000"", ""p4_res"": ""2.000000"", ""p1_freq"": ""1.000000"", ""p3_spin"": ""0.100000""}",,t
1438,hyper_lattice_shard_1438,Hyper Lattice Shard #1438,Hyper-Dimensional Grid,,,,,,,77390523246093750000000000000000.000000,793.124912,success,,,"{""p2_amp"": ""10.000000"", ""p4_res"": ""2.000000"", ""p1_freq"": ""1.000000"", ""p3_spin"": ""0.100000""}",,t
1439,hyper_lattice_shard_1439,Hyper Lattice Shard #1439,Hyper-Dimensional Grid,,,,,,,77390523246093750000000000000000.000000,793.124912,success,,,"{""p2_amp"": ""10.000000"", ""p4_res"": ""2.000000"", ""p1_freq"": ""1.000000"", ""p3_spin"": ""0.100000""}",,t
1440,hyper_lattice_shard_1440,Hyper Lattice Shard #1440,Hyper-Dimensional Grid,,,,,,,77390523246093750000000000000000.000000,793.124912,success,,,"{""p2_amp"": ""10.000000"", ""p4_res"": ""2.000000"", ""p1_freq"": ""1.000000"", ""p3_spin"": ""0.100000""}",,t
1441,hyper_lattice_shard_1441,Hyper Lattice Shard #1441,Hyper-Dimensional Grid,,,,,,,77390523246093750000000000000000.000000,793.124912,success,,,"{""p2_amp"": ""10.000000"", ""p4_res"": ""2.000000"", ""p1_freq"": ""1.000000"", ""p3_spin"": ""0.100000""}",,t
1442,hyper_lattice_shard_1442,Hyper Lattice Shard #1442,Hyper-Dimensional Grid,,,,,,,77390523246093750000000000000000.000000,793.124912,success,,,"{""p2_amp"": ""10.000000"", ""p4_res"": ""2.000000"", ""p1_freq"": ""1.000000"", ""p3_spin"": ""0.100000""}",,t
1443,hyper_lattice_shard_1443,Hyper Lattice Shard #1443,Hyper-Dimensional Grid,,,,,,,77390523246093750000000000000000.000000,793.124912,success,,,"{""p2_amp"": ""10.000000"", ""p4_res"": ""2.000000"", ""p1_freq"": ""1.000000"", ""p3_spin"": ""0.100000""}",,t
1444,hyper_lattice_shard_1444,Hyper Lattice Shard #1444,Hyper-Dimensional Grid,,,,,,,77390523246093750000000000000000.000000,793.124912,success,,,"{""p2_amp"": ""10.000000"", ""p4_res"": ""2.000000"", ""p1_freq"": ""1.000000"", ""p3_spin"": ""0.100000""}",,t
1445,hyper_lattice_shard_1445,Hyper Lattice Shard #1445,Hyper-Dimensional Grid,,,,,,,77390523246093750000000000000000.000000,793.124912,success,,,"{""p2_amp"": ""10.000000"", ""p4_res"": ""2.000000"", ""p1_freq"": ""1.000000"", ""p3_spin"": ""0.100000""}",,t
1446,hyper_lattice_shard_1446,Hyper Lattice Shard #1446,Hyper-Dimensional Grid,,,,,,,77390523246093750000000000000000.000000,793.124912,success,,,"{""p2_amp"": ""10.000000"", ""p4_res"": ""2.000000"", ""p1_freq"": ""1.000000"", ""p3_spin"": ""0.100000""}",,t
1447,hyper_lattice_shard_1447,Hyper Lattice Shard #1447,Hyper-Dimensional Grid,,,,,,,77390523246093750000000000000000.000000,793.124912,success,,,"{""p2_amp"": ""10.000000"", ""p4_res"": ""2.000000"", ""p1_freq"": ""1.000000"", ""p3_spin"": ""0.100000""}",,t
1448,hyper_lattice_shard_1448,Hyper Lattice Shard #1448,Hyper-Dimensional Grid,,,,,,,77390523246093750000000000000000.000000,793.124912,success,,,"{""p2_amp"": ""10.000000"", ""p4_res"": ""2.000000"", ""p1_freq"": ""1.000000"", ""p3_spin"": ""0.100000""}",,t
1449,hyper_lattice_shard_1449,Hyper Lattice Shard #1449,Hyper-Dimensional Grid,,,,,,,77390523246093750000000000000000.000000,793.124912,success,,,"{""p2_amp"": ""10.000000"", ""p4_res"": ""2.000000"", ""p1_freq"": ""1.000000"", ""p3_spin"": ""0.100000""}",,t
1450,hyper_lattice_shard_1450,Hyper Lattice Shard #1450,Hyper-Dimensional Grid,,,,,,,77390523246093750000000000000000.000000,793.124912,success,,,"{""p2_amp"": ""10.000000"", ""p4_res"": ""2.000000"", ""p1_freq"": ""1.000000"", ""p3_spin"": ""0.100000""}",,t
1451,hyper_lattice_shard_1451,Hyper Lattice Shard #1451,Hyper-Dimensional Grid,,,,,,,77390523246093750000000000000000.000000,793.124912,success,,,"{""p2_amp"": ""10.000000"", ""p4_res"": ""2.000000"", ""p1_freq"": ""1.000000"", ""p3_spin"": ""0.100000""}",,t
1452,hyper_lattice_shard_1452,Hyper Lattice Shard #1452,Hyper-Dimensional Grid,,,,,,,77390523246093750000000000000000.000000,793.124912,success,,,"{""p2_amp"": ""10.000000"", ""p4_res"": ""2.000000"", ""p1_freq"": ""1.000000"", ""p3_spin"": ""0.100000""}",,t
1453,hyper_lattice_shard_1453,Hyper Lattice Shard #1453,Hyper-Dimensional Grid,,,,,,,77390523246093750000000000000000.000000,793.124912,success,,,"{""p2_amp"": ""10.000000"", ""p4_res"": ""2.000000"", ""p1_freq"": ""1.000000"", ""p3_spin"": ""0.100000""}",,t
1454,hyper_lattice_shard_1454,Hyper Lattice Shard #1454,Hyper-Dimensional Grid,,,,,,,77390523246093750000000000000000.000000,793.124912,success,,,"{""p2_amp"": ""10.000000"", ""p4_res"": ""2.000000"", ""p1_freq"": ""1.000000"", ""p3_spin"": ""0.100000""}",,t
1455,hyper_lattice_shard_1455,Hyper Lattice Shard #1455,Hyper-Dimensional Grid,,,,,,,77390523246093750000000000000000.000000,793.124912,success,,,"{""p2_amp"": ""10.000000"", ""p4_res"": ""2.000000"", ""p1_freq"": ""1.000000"", ""p3_spin"": ""0.100000""}",,t
1456,hyper_lattice_shard_1456,Hyper Lattice Shard #1456,Hyper-Dimensional Grid,,,,,,,77390523246093750000000000000000.000000,793.124912,success,,,"{""p2_amp"": ""10.000000"", ""p4_res"": ""2.000000"", ""p1_freq"": ""1.000000"", ""p3_spin"": ""0.100000""}",,t
1457,hyper_lattice_shard_1457,Hyper Lattice Shard #1457,Hyper-Dimensional Grid,,,,,,,77390523246093750000000000000000.000000,793.124912,success,,,"{""p2_amp"": ""10.000000"", ""p4_res"": ""2.000000"", ""p1_freq"": ""1.000000"", ""p3_spin"": ""0.100000""}",,t
1458,hyper_lattice_shard_1458,Hyper Lattice Shard #1458,Hyper-Dimensional Grid,,,,,,,77390523246093750000000000000000.000000,793.124912,success,,,"{""p2_amp"": ""10.000000"", ""p4_res"": ""2.000000"", ""p1_freq"": ""1.000000"", ""p3_spin"": ""0.100000""}",,t
1459,hyper_lattice_shard_1459,Hyper Lattice Shard #1459,Hyper-Dimensional Grid,,,,,,,77390523246093750000000000000000.000000,793.124912,success,,,"{""p2_amp"": ""10.000000"", ""p4_res"": ""2.000000"", ""p1_freq"": ""1.000000"", ""p3_spin"": ""0.100000""}",,t
1460,hyper_lattice_shard_1460,Hyper Lattice Shard #1460,Hyper-Dimensional Grid,,,,,,,77390523246093750000000000000000.000000,793.124912,success,,,"{""p2_amp"": ""10.000000"", ""p4_res"": ""2.000000"", ""p1_freq"": ""1.000000"", ""p3_spin"": ""0.100000""}",,t
1461,hyper_lattice_shard_1461,Hyper Lattice Shard #1461,Hyper-Dimensional Grid,,,,,,,77390523246093750000000000000000.000000,793.124912,success,,,"{""p2_amp"": ""10.000000"", ""p4_res"": ""2.000000"", ""p1_freq"": ""1.000000"", ""p3_spin"": ""0.100000""}",,t
1462,hyper_lattice_shard_1462,Hyper Lattice Shard #1462,Hyper-Dimensional Grid,,,,,,,77390523246093750000000000000000.000000,793.124912,success,,,"{""p2_amp"": ""10.000000"", ""p4_res"": ""2.000000"", ""p1_freq"": ""1.000000"", ""p3_spin"": ""0.100000""}",,t
1463,hyper_lattice_shard_1463,Hyper Lattice Shard #1463,Hyper-Dimensional Grid,,,,,,,77390523246093750000000000000000.000000,793.124912,success,,,"{""p2_amp"": ""10.000000"", ""p4_res"": ""2.000000"", ""p1_freq"": ""1.000000"", ""p3_spin"": ""0.100000""}",,t
1464,hyper_lattice_shard_1464,Hyper Lattice Shard #1464,Hyper-Dimensional Grid,,,,,,,77390523246093750000000000000000.000000,793.124912,success,,,"{""p2_amp"": ""10.000000"", ""p4_res"": ""2.000000"", ""p1_freq"": ""1.000000"", ""p3_spin"": ""0.100000""}",,t
1465,hyper_lattice_shard_1465,Hyper Lattice Shard #1465,Hyper-Dimensional Grid,,,,,,,77390523246093750000000000000000.000000,793.124912,success,,,"{""p2_amp"": ""10.000000"", ""p4_res"": ""2.000000"", ""p1_freq"": ""1.000000"", ""p3_spin"": ""0.100000""}",,t
1466,hyper_lattice_shard_1466,Hyper Lattice Shard #1466,Hyper-Dimensional Grid,,,,,,,77390523246093750000000000000000.000000,793.124912,success,,,"{""p2_amp"": ""10.000000"", ""p4_res"": ""2.000000"", ""p1_freq"": ""1.000000"", ""p3_spin"": ""0.100000""}",,t
1467,hyper_lattice_shard_1467,Hyper Lattice Shard #1467,Hyper-Dimensional Grid,,,,,,,77390523246093750000000000000000.000000,793.124912,success,,,"{""p2_amp"": ""10.000000"", ""p4_res"": ""2.000000"", ""p1_freq"": ""1.000000"", ""p3_spin"": ""0.100000""}",,t
1468,hyper_lattice_shard_1468,Hyper Lattice Shard #1468,Hyper-Dimensional Grid,,,,,,,77390523246093750000000000000000.000000,793.124912,success,,,"{""p2_amp"": ""10.000000"", ""p4_res"": ""2.000000"", ""p1_freq"": ""1.000000"", ""p3_spin"": ""0.100000""}",,t
1469,hyper_lattice_shard_1469,Hyper Lattice Shard #1469,Hyper-Dimensional Grid,,,,,,,77390523246093750000000000000000.000000,793.124912,success,,,"{""p2_amp"": ""10.000000"", ""p4_res"": ""2.000000"", ""p1_freq"": ""1.000000"", ""p3_spin"": ""0.100000""}",,t
1470,hyper_lattice_shard_1470,Hyper Lattice Shard #1470,Hyper-Dimensional Grid,,,,,,,77390523246093750000000000000000.000000,793.124912,success,,,"{""p2_amp"": ""10.000000"", ""p4_res"": ""2.000000"", ""p1_freq"": ""1.000000"", ""p3_spin"": ""0.100000""}",,t
1471,hyper_lattice_shard_1471,Hyper Lattice Shard #1471,Hyper-Dimensional Grid,,,,,,,77390523246093750000000000000000.000000,793.124912,success,,,"{""p2_amp"": ""10.000000"", ""p4_res"": ""2.000000"", ""p1_freq"": ""1.000000"", ""p3_spin"": ""0.100000""}",,t
1472,hyper_lattice_shard_1472,Hyper Lattice Shard #1472,Hyper-Dimensional Grid,,,,,,,77390523246093750000000000000000.000000,793.124912,success,,,"{""p2_amp"": ""10.000000"", ""p4_res"": ""2.000000"", ""p1_freq"": ""1.000000"", ""p3_spin"": ""0.100000""}",,t
1473,hyper_lattice_shard_1473,Hyper Lattice Shard #1473,Hyper-Dimensional Grid,,,,,,,77390523246093750000000000000000.000000,793.124912,success,,,"{""p2_amp"": ""10.000000"", ""p4_res"": ""2.000000"", ""p1_freq"": ""1.000000"", ""p3_spin"": ""0.100000""}",,t
1474,hyper_lattice_shard_1474,Hyper Lattice Shard #1474,Hyper-Dimensional Grid,,,,,,,77390523246093750000000000000000.000000,793.124912,success,,,"{""p2_amp"": ""10.000000"", ""p4_res"": ""2.000000"", ""p1_freq"": ""1.000000"", ""p3_spin"": ""0.100000""}",,t
1475,hyper_lattice_shard_1475,Hyper Lattice Shard #1475,Hyper-Dimensional Grid,,,,,,,77390523246093750000000000000000.000000,793.124912,success,,,"{""p2_amp"": ""10.000000"", ""p4_res"": ""2.000000"", ""p1_freq"": ""1.000000"", ""p3_spin"": ""0.100000""}",,t
1476,hyper_lattice_shard_1476,Hyper Lattice Shard #1476,Hyper-Dimensional Grid,,,,,,,77390523246093750000000000000000.000000,793.124912,success,,,"{""p2_amp"": ""10.000000"", ""p4_res"": ""2.000000"", ""p1_freq"": ""1.000000"", ""p3_spin"": ""0.100000""}",,t
1477,hyper_lattice_shard_1477,Hyper Lattice Shard #1477,Hyper-Dimensional Grid,,,,,,,77390523246093750000000000000000.000000,793.124912,success,,,"{""p2_amp"": ""10.000000"", ""p4_res"": ""2.000000"", ""p1_freq"": ""1.000000"", ""p3_spin"": ""0.100000""}",,t
1478,hyper_lattice_shard_1478,Hyper Lattice Shard #1478,Hyper-Dimensional Grid,,,,,,,77390523246093750000000000000000.000000,793.124912,success,,,"{""p2_amp"": ""10.000000"", ""p4_res"": ""2.000000"", ""p1_freq"": ""1.000000"", ""p3_spin"": ""0.100000""}",,t
1479,hyper_lattice_shard_1479,Hyper Lattice Shard #1479,Hyper-Dimensional Grid,,,,,,,77390523246093750000000000000000.000000,793.124912,success,,,"{""p2_amp"": ""10.000000"", ""p4_res"": ""2.000000"", ""p1_freq"": ""1.000000"", ""p3_spin"": ""0.100000""}",,t
1480,hyper_lattice_shard_1480,Hyper Lattice Shard #1480,Hyper-Dimensional Grid,,,,,,,77390523246093750000000000000000.000000,793.124912,success,,,"{""p2_amp"": ""10.000000"", ""p4_res"": ""2.000000"", ""p1_freq"": ""1.000000"", ""p3_spin"": ""0.100000""}",,t
1481,hyper_lattice_shard_1481,Hyper Lattice Shard #1481,Hyper-Dimensional Grid,,,,,,,77390523246093750000000000000000.000000,793.124912,success,,,"{""p2_amp"": ""10.000000"", ""p4_res"": ""2.000000"", ""p1_freq"": ""1.000000"", ""p3_spin"": ""0.100000""}",,t
1482,hyper_lattice_shard_1482,Hyper Lattice Shard #1482,Hyper-Dimensional Grid,,,,,,,77390523246093750000000000000000.000000,793.124912,success,,,"{""p2_amp"": ""10.000000"", ""p4_res"": ""2.000000"", ""p1_freq"": ""1.000000"", ""p3_spin"": ""0.100000""}",,t
1483,hyper_lattice_shard_1483,Hyper Lattice Shard #1483,Hyper-Dimensional Grid,,,,,,,77390523246093750000000000000000.000000,793.124912,success,,,"{""p2_amp"": ""10.000000"", ""p4_res"": ""2.000000"", ""p1_freq"": ""1.000000"", ""p3_spin"": ""0.100000""}",,t
1484,hyper_lattice_shard_1484,Hyper Lattice Shard #1484,Hyper-Dimensional Grid,,,,,,,77390523246093750000000000000000.000000,793.124912,success,,,"{""p2_amp"": ""10.000000"", ""p4_res"": ""2.000000"", ""p1_freq"": ""1.000000"", ""p3_spin"": ""0.100000""}",,t
1485,hyper_lattice_shard_1485,Hyper Lattice Shard #1485,Hyper-Dimensional Grid,,,,,,,77390523246093750000000000000000.000000,793.124912,success,,,"{""p2_amp"": ""10.000000"", ""p4_res"": ""2.000000"", ""p1_freq"": ""1.000000"", ""p3_spin"": ""0.100000""}",,t
1486,hyper_lattice_shard_1486,Hyper Lattice Shard #1486,Hyper-Dimensional Grid,,,,,,,77390523246093750000000000000000.000000,793.124912,success,,,"{""p2_amp"": ""10.000000"", ""p4_res"": ""2.000000"", ""p1_freq"": ""1.000000"", ""p3_spin"": ""0.100000""}",,t
1487,hyper_lattice_shard_1487,Hyper Lattice Shard #1487,Hyper-Dimensional Grid,,,,,,,77390523246093750000000000000000.000000,793.124912,success,,,"{""p2_amp"": ""10.000000"", ""p4_res"": ""2.000000"", ""p1_freq"": ""1.000000"", ""p3_spin"": ""0.100000""}",,t
1488,hyper_lattice_shard_1488,Hyper Lattice Shard #1488,Hyper-Dimensional Grid,,,,,,,77390523246093750000000000000000.000000,793.124912,success,,,"{""p2_amp"": ""10.000000"", ""p4_res"": ""2.000000"", ""p1_freq"": ""1.000000"", ""p3_spin"": ""0.100000""}",,t
1489,hyper_lattice_shard_1489,Hyper Lattice Shard #1489,Hyper-Dimensional Grid,,,,,,,77390523246093750000000000000000.000000,793.124912,success,,,"{""p2_amp"": ""10.000000"", ""p4_res"": ""2.000000"", ""p1_freq"": ""1.000000"", ""p3_spin"": ""0.100000""}",,t
1490,hyper_lattice_shard_1490,Hyper Lattice Shard #1490,Hyper-Dimensional Grid,,,,,,,77390523246093750000000000000000.000000,793.124912,success,,,"{""p2_amp"": ""10.000000"", ""p4_res"": ""2.000000"", ""p1_freq"": ""1.000000"", ""p3_spin"": ""0.100000""}",,t
1491,hyper_lattice_shard_1491,Hyper Lattice Shard #1491,Hyper-Dimensional Grid,,,,,,,77390523246093750000000000000000.000000,793.124912,success,,,"{""p2_amp"": ""10.000000"", ""p4_res"": ""2.000000"", ""p1_freq"": ""1.000000"", ""p3_spin"": ""0.100000""}",,t
1492,hyper_lattice_shard_1492,Hyper Lattice Shard #1492,Hyper-Dimensional Grid,,,,,,,77390523246093750000000000000000.000000,793.124912,success,,,"{""p2_amp"": ""10.000000"", ""p4_res"": ""2.000000"", ""p1_freq"": ""1.000000"", ""p3_spin"": ""0.100000""}",,t
1493,hyper_lattice_shard_1493,Hyper Lattice Shard #1493,Hyper-Dimensional Grid,,,,,,,77390523246093750000000000000000.000000,793.124912,success,,,"{""p2_amp"": ""10.000000"", ""p4_res"": ""2.000000"", ""p1_freq"": ""1.000000"", ""p3_spin"": ""0.100000""}",,t
1494,hyper_lattice_shard_1494,Hyper Lattice Shard #1494,Hyper-Dimensional Grid,,,,,,,77390523246093750000000000000000.000000,793.124912,success,,,"{""p2_amp"": ""10.000000"", ""p4_res"": ""2.000000"", ""p1_freq"": ""1.000000"", ""p3_spin"": ""0.100000""}",,t
1495,hyper_lattice_shard_1495,Hyper Lattice Shard #1495,Hyper-Dimensional Grid,,,,,,,77390523246093750000000000000000.000000,793.124912,success,,,"{""p2_amp"": ""10.000000"", ""p4_res"": ""2.000000"", ""p1_freq"": ""1.000000"", ""p3_spin"": ""0.100000""}",,t
1496,hyper_lattice_shard_1496,Hyper Lattice Shard #1496,Hyper-Dimensional Grid,,,,,,,77390523246093750000000000000000.000000,793.124912,success,,,"{""p2_amp"": ""10.000000"", ""p4_res"": ""2.000000"", ""p1_freq"": ""1.000000"", ""p3_spin"": ""0.100000""}",,t
1497,hyper_lattice_shard_1497,Hyper Lattice Shard #1497,Hyper-Dimensional Grid,,,,,,,77390523246093750000000000000000.000000,793.124912,success,,,"{""p2_amp"": ""10.000000"", ""p4_res"": ""2.000000"", ""p1_freq"": ""1.000000"", ""p3_spin"": ""0.100000""}",,t
1498,hyper_lattice_shard_1498,Hyper Lattice Shard #1498,Hyper-Dimensional Grid,,,,,,,77390523246093750000000000000000.000000,793.124912,success,,,"{""p2_amp"": ""10.000000"", ""p4_res"": ""2.000000"", ""p1_freq"": ""1.000000"", ""p3_spin"": ""0.100000""}",,t
1499,hyper_lattice_shard_1499,Hyper Lattice Shard #1499,Hyper-Dimensional Grid,,,,,,,77390523246093750000000000000000.000000,793.124912,success,,,"{""p2_amp"": ""10.000000"", ""p4_res"": ""2.000000"", ""p1_freq"": ""1.000000"", ""p3_spin"": ""0.100000""}",,t
1500,hyper_lattice_shard_1500,Hyper Lattice Shard #1500,Hyper-Dimensional Grid,,,,,,,77390523246093750000000000000000.000000,793.124912,success,,,"{""p2_amp"": ""10.000000"", ""p4_res"": ""2.000000"", ""p1_freq"": ""1.000000"", ""p3_spin"": ""0.100000""}",,t
1501,hyper_lattice_shard_1501,Hyper Lattice Shard #1501,Hyper-Dimensional Grid,,,,,,,77390523246093750000000000000000.000000,793.124912,success,,,"{""p2_amp"": ""10.000000"", ""p4_res"": ""2.000000"", ""p1_freq"": ""1.000000"", ""p3_spin"": ""0.100000""}",,t
1502,hyper_lattice_shard_1502,Hyper Lattice Shard #1502,Hyper-Dimensional Grid,,,,,,,77390523246093750000000000000000.000000,793.124912,success,,,"{""p2_amp"": ""10.000000"", ""p4_res"": ""2.000000"", ""p1_freq"": ""1.000000"", ""p3_spin"": ""0.100000""}",,t
1503,hyper_lattice_shard_1503,Hyper Lattice Shard #1503,Hyper-Dimensional Grid,,,,,,,77390523246093750000000000000000.000000,793.124912,success,,,"{""p2_amp"": ""10.000000"", ""p4_res"": ""2.000000"", ""p1_freq"": ""1.000000"", ""p3_spin"": ""0.100000""}",,t
1504,hyper_lattice_shard_1504,Hyper Lattice Shard #1504,Hyper-Dimensional Grid,,,,,,,77390523246093750000000000000000.000000,793.124912,success,,,"{""p2_amp"": ""10.000000"", ""p4_res"": ""2.000000"", ""p1_freq"": ""1.000000"", ""p3_spin"": ""0.100000""}",,t
1505,hyper_lattice_shard_1505,Hyper Lattice Shard #1505,Hyper-Dimensional Grid,,,,,,,77390523246093750000000000000000.000000,793.124912,success,,,"{""p2_amp"": ""10.000000"", ""p4_res"": ""2.000000"", ""p1_freq"": ""1.000000"", ""p3_spin"": ""0.100000""}",,t
1506,hyper_lattice_shard_1506,Hyper Lattice Shard #1506,Hyper-Dimensional Grid,,,,,,,77390523246093750000000000000000.000000,793.124912,success,,,"{""p2_amp"": ""10.000000"", ""p4_res"": ""2.000000"", ""p1_freq"": ""1.000000"", ""p3_spin"": ""0.100000""}",,t
1507,hyper_lattice_shard_1507,Hyper Lattice Shard #1507,Hyper-Dimensional Grid,,,,,,,77390523246093750000000000000000.000000,793.124912,success,,,"{""p2_amp"": ""10.000000"", ""p4_res"": ""2.000000"", ""p1_freq"": ""1.000000"", ""p3_spin"": ""0.100000""}",,t
1508,hyper_lattice_shard_1508,Hyper Lattice Shard #1508,Hyper-Dimensional Grid,,,,,,,77390523246093750000000000000000.000000,793.124912,success,,,"{""p2_amp"": ""10.000000"", ""p4_res"": ""2.000000"", ""p1_freq"": ""1.000000"", ""p3_spin"": ""0.100000""}",,t
1509,hyper_lattice_shard_1509,Hyper Lattice Shard #1509,Hyper-Dimensional Grid,,,,,,,77390523246093750000000000000000.000000,793.124912,success,,,"{""p2_amp"": ""10.000000"", ""p4_res"": ""2.000000"", ""p1_freq"": ""1.000000"", ""p3_spin"": ""0.100000""}",,t
1510,hyper_lattice_shard_1510,Hyper Lattice Shard #1510,Hyper-Dimensional Grid,,,,,,,77390523246093750000000000000000.000000,793.124912,success,,,"{""p2_amp"": ""10.000000"", ""p4_res"": ""2.000000"", ""p1_freq"": ""1.000000"", ""p3_spin"": ""0.100000""}",,t
1511,hyper_lattice_shard_1511,Hyper Lattice Shard #1511,Hyper-Dimensional Grid,,,,,,,77390523246093750000000000000000.000000,793.124912,success,,,"{""p2_amp"": ""10.000000"", ""p4_res"": ""2.000000"", ""p1_freq"": ""1.000000"", ""p3_spin"": ""0.100000""}",,t
1512,hyper_lattice_shard_1512,Hyper Lattice Shard #1512,Hyper-Dimensional Grid,,,,,,,77390523246093750000000000000000.000000,793.124912,success,,,"{""p2_amp"": ""10.000000"", ""p4_res"": ""2.000000"", ""p1_freq"": ""1.000000"", ""p3_spin"": ""0.100000""}",,t
1513,hyper_lattice_shard_1513,Hyper Lattice Shard #1513,Hyper-Dimensional Grid,,,,,,,77390523246093750000000000000000.000000,793.124912,success,,,"{""p2_amp"": ""10.000000"", ""p4_res"": ""2.000000"", ""p1_freq"": ""1.000000"", ""p3_spin"": ""0.100000""}",,t
1514,hyper_lattice_shard_1514,Hyper Lattice Shard #1514,Hyper-Dimensional Grid,,,,,,,77390523246093750000000000000000.000000,793.124912,success,,,"{""p2_amp"": ""10.000000"", ""p4_res"": ""2.000000"", ""p1_freq"": ""1.000000"", ""p3_spin"": ""0.100000""}",,t
1515,hyper_lattice_shard_1515,Hyper Lattice Shard #1515,Hyper-Dimensional Grid,,,,,,,77390523246093750000000000000000.000000,793.124912,success,,,"{""p2_amp"": ""10.000000"", ""p4_res"": ""2.000000"", ""p1_freq"": ""1.000000"", ""p3_spin"": ""0.100000""}",,t
1516,hyper_lattice_shard_1516,Hyper Lattice Shard #1516,Hyper-Dimensional Grid,,,,,,,77390523246093750000000000000000.000000,793.124912,success,,,"{""p2_amp"": ""10.000000"", ""p4_res"": ""2.000000"", ""p1_freq"": ""1.000000"", ""p3_spin"": ""0.100000""}",,t
1517,hyper_lattice_shard_1517,Hyper Lattice Shard #1517,Hyper-Dimensional Grid,,,,,,,77390523246093750000000000000000.000000,793.124912,success,,,"{""p2_amp"": ""10.000000"", ""p4_res"": ""2.000000"", ""p1_freq"": ""1.000000"", ""p3_spin"": ""0.100000""}",,t
1518,hyper_lattice_shard_1518,Hyper Lattice Shard #1518,Hyper-Dimensional Grid,,,,,,,77390523246093750000000000000000.000000,793.124912,success,,,"{""p2_amp"": ""10.000000"", ""p4_res"": ""2.000000"", ""p1_freq"": ""1.000000"", ""p3_spin"": ""0.100000""}",,t
1519,hyper_lattice_shard_1519,Hyper Lattice Shard #1519,Hyper-Dimensional Grid,,,,,,,77390523246093750000000000000000.000000,793.124912,success,,,"{""p2_amp"": ""10.000000"", ""p4_res"": ""2.000000"", ""p1_freq"": ""1.000000"", ""p3_spin"": ""0.100000""}",,t
1520,hyper_lattice_shard_1520,Hyper Lattice Shard #1520,Hyper-Dimensional Grid,,,,,,,77390523246093750000000000000000.000000,793.124912,success,,,"{""p2_amp"": ""10.000000"", ""p4_res"": ""2.000000"", ""p1_freq"": ""1.000000"", ""p3_spin"": ""0.100000""}",,t
1521,hyper_lattice_shard_1521,Hyper Lattice Shard #1521,Hyper-Dimensional Grid,,,,,,,77390523246093750000000000000000.000000,793.124912,success,,,"{""p2_amp"": ""10.000000"", ""p4_res"": ""2.000000"", ""p1_freq"": ""1.000000"", ""p3_spin"": ""0.100000""}",,t
1522,hyper_lattice_shard_1522,Hyper Lattice Shard #1522,Hyper-Dimensional Grid,,,,,,,77390523246093750000000000000000.000000,793.124912,success,,,"{""p2_amp"": ""10.000000"", ""p4_res"": ""2.000000"", ""p1_freq"": ""1.000000"", ""p3_spin"": ""0.100000""}",,t
1523,hyper_lattice_shard_1523,Hyper Lattice Shard #1523,Hyper-Dimensional Grid,,,,,,,77390523246093750000000000000000.000000,793.124912,success,,,"{""p2_amp"": ""10.000000"", ""p4_res"": ""2.000000"", ""p1_freq"": ""1.000000"", ""p3_spin"": ""0.100000""}",,t
1524,hyper_lattice_shard_1524,Hyper Lattice Shard #1524,Hyper-Dimensional Grid,,,,,,,77390523246093750000000000000000.000000,793.124912,success,,,"{""p2_amp"": ""10.000000"", ""p4_res"": ""2.000000"", ""p1_freq"": ""1.000000"", ""p3_spin"": ""0.100000""}",,t
1525,hyper_lattice_shard_1525,Hyper Lattice Shard #1525,Hyper-Dimensional Grid,,,,,,,77390523246093750000000000000000.000000,793.124912,success,,,"{""p2_amp"": ""10.000000"", ""p4_res"": ""2.000000"", ""p1_freq"": ""1.000000"", ""p3_spin"": ""0.100000""}",,t
1526,hyper_lattice_shard_1526,Hyper Lattice Shard #1526,Hyper-Dimensional Grid,,,,,,,77390523246093750000000000000000.000000,793.124912,success,,,"{""p2_amp"": ""10.000000"", ""p4_res"": ""2.000000"", ""p1_freq"": ""1.000000"", ""p3_spin"": ""0.100000""}",,t
1527,hyper_lattice_shard_1527,Hyper Lattice Shard #1527,Hyper-Dimensional Grid,,,,,,,77390523246093750000000000000000.000000,793.124912,success,,,"{""p2_amp"": ""10.000000"", ""p4_res"": ""2.000000"", ""p1_freq"": ""1.000000"", ""p3_spin"": ""0.100000""}",,t
1528,hyper_lattice_shard_1528,Hyper Lattice Shard #1528,Hyper-Dimensional Grid,,,,,,,77390523246093750000000000000000.000000,793.124912,success,,,"{""p2_amp"": ""10.000000"", ""p4_res"": ""2.000000"", ""p1_freq"": ""1.000000"", ""p3_spin"": ""0.100000""}",,t
1529,hyper_lattice_shard_1529,Hyper Lattice Shard #1529,Hyper-Dimensional Grid,,,,,,,77390523246093750000000000000000.000000,793.124912,success,,,"{""p2_amp"": ""10.000000"", ""p4_res"": ""2.000000"", ""p1_freq"": ""1.000000"", ""p3_spin"": ""0.100000""}",,t
1530,hyper_lattice_shard_1530,Hyper Lattice Shard #1530,Hyper-Dimensional Grid,,,,,,,77390523246093750000000000000000.000000,793.124912,success,,,"{""p2_amp"": ""10.000000"", ""p4_res"": ""2.000000"", ""p1_freq"": ""1.000000"", ""p3_spin"": ""0.100000""}",,t
1531,hyper_lattice_shard_1531,Hyper Lattice Shard #1531,Hyper-Dimensional Grid,,,,,,,77390523246093750000000000000000.000000,793.124912,success,,,"{""p2_amp"": ""10.000000"", ""p4_res"": ""2.000000"", ""p1_freq"": ""1.000000"", ""p3_spin"": ""0.100000""}",,t
1532,hyper_lattice_shard_1532,Hyper Lattice Shard #1532,Hyper-Dimensional Grid,,,,,,,77390523246093750000000000000000.000000,793.124912,success,,,"{""p2_amp"": ""10.000000"", ""p4_res"": ""2.000000"", ""p1_freq"": ""1.000000"", ""p3_spin"": ""0.100000""}",,t
1533,hyper_lattice_shard_1533,Hyper Lattice Shard #1533,Hyper-Dimensional Grid,,,,,,,77390523246093750000000000000000.000000,793.124912,success,,,"{""p2_amp"": ""10.000000"", ""p4_res"": ""2.000000"", ""p1_freq"": ""1.000000"", ""p3_spin"": ""0.100000""}",,t
1534,hyper_lattice_shard_1534,Hyper Lattice Shard #1534,Hyper-Dimensional Grid,,,,,,,77390523246093750000000000000000.000000,793.124912,success,,,"{""p2_amp"": ""10.000000"", ""p4_res"": ""2.000000"", ""p1_freq"": ""1.000000"", ""p3_spin"": ""0.100000""}",,t
1535,hyper_lattice_shard_1535,Hyper Lattice Shard #1535,Hyper-Dimensional Grid,,,,,,,77390523246093750000000000000000.000000,793.124912,success,,,"{""p2_amp"": ""10.000000"", ""p4_res"": ""2.000000"", ""p1_freq"": ""1.000000"", ""p3_spin"": ""0.100000""}",,t
1536,hyper_lattice_shard_1536,Hyper Lattice Shard #1536,Hyper-Dimensional Grid,,,,,,,77390523246093750000000000000000.000000,793.124912,success,,,"{""p2_amp"": ""10.000000"", ""p4_res"": ""2.000000"", ""p1_freq"": ""1.000000"", ""p3_spin"": ""0.100000""}",,t
1537,hyper_lattice_shard_1537,Hyper Lattice Shard #1537,Hyper-Dimensional Grid,,,,,,,77390523246093750000000000000000.000000,793.124912,success,,,"{""p2_amp"": ""10.000000"", ""p4_res"": ""2.000000"", ""p1_freq"": ""1.000000"", ""p3_spin"": ""0.100000""}",,t
1538,hyper_lattice_shard_1538,Hyper Lattice Shard #1538,Hyper-Dimensional Grid,,,,,,,77390523246093750000000000000000.000000,793.124912,success,,,"{""p2_amp"": ""10.000000"", ""p4_res"": ""2.000000"", ""p1_freq"": ""1.000000"", ""p3_spin"": ""0.100000""}",,t
1539,hyper_lattice_shard_1539,Hyper Lattice Shard #1539,Hyper-Dimensional Grid,,,,,,,77390523246093750000000000000000.000000,793.124912,success,,,"{""p2_amp"": ""10.000000"", ""p4_res"": ""2.000000"", ""p1_freq"": ""1.000000"", ""p3_spin"": ""0.100000""}",,t
1540,hyper_lattice_shard_1540,Hyper Lattice Shard #1540,Hyper-Dimensional Grid,,,,,,,77390523246093750000000000000000.000000,793.124912,success,,,"{""p2_amp"": ""10.000000"", ""p4_res"": ""2.000000"", ""p1_freq"": ""1.000000"", ""p3_spin"": ""0.100000""}",,t
1541,hyper_lattice_shard_1541,Hyper Lattice Shard #1541,Hyper-Dimensional Grid,,,,,,,77390523246093750000000000000000.000000,793.124912,success,,,"{""p2_amp"": ""10.000000"", ""p4_res"": ""2.000000"", ""p1_freq"": ""1.000000"", ""p3_spin"": ""0.100000""}",,t
1542,hyper_lattice_shard_1542,Hyper Lattice Shard #1542,Hyper-Dimensional Grid,,,,,,,77390523246093750000000000000000.000000,793.124912,success,,,"{""p2_amp"": ""10.000000"", ""p4_res"": ""2.000000"", ""p1_freq"": ""1.000000"", ""p3_spin"": ""0.100000""}",,t
1543,hyper_lattice_shard_1543,Hyper Lattice Shard #1543,Hyper-Dimensional Grid,,,,,,,77390523246093750000000000000000.000000,793.124912,success,,,"{""p2_amp"": ""10.000000"", ""p4_res"": ""2.000000"", ""p1_freq"": ""1.000000"", ""p3_spin"": ""0.100000""}",,t
1544,hyper_lattice_shard_1544,Hyper Lattice Shard #1544,Hyper-Dimensional Grid,,,,,,,77390523246093750000000000000000.000000,793.124912,success,,,"{""p2_amp"": ""10.000000"", ""p4_res"": ""2.000000"", ""p1_freq"": ""1.000000"", ""p3_spin"": ""0.100000""}",,t
1545,hyper_lattice_shard_1545,Hyper Lattice Shard #1545,Hyper-Dimensional Grid,,,,,,,77390523246093750000000000000000.000000,793.124912,success,,,"{""p2_amp"": ""10.000000"", ""p4_res"": ""2.000000"", ""p1_freq"": ""1.000000"", ""p3_spin"": ""0.100000""}",,t
1546,hyper_lattice_shard_1546,Hyper Lattice Shard #1546,Hyper-Dimensional Grid,,,,,,,77390523246093750000000000000000.000000,793.124912,success,,,"{""p2_amp"": ""10.000000"", ""p4_res"": ""2.000000"", ""p1_freq"": ""1.000000"", ""p3_spin"": ""0.100000""}",,t
1547,hyper_lattice_shard_1547,Hyper Lattice Shard #1547,Hyper-Dimensional Grid,,,,,,,77390523246093750000000000000000.000000,793.124912,success,,,"{""p2_amp"": ""10.000000"", ""p4_res"": ""2.000000"", ""p1_freq"": ""1.000000"", ""p3_spin"": ""0.100000""}",,t
1548,hyper_lattice_shard_1548,Hyper Lattice Shard #1548,Hyper-Dimensional Grid,,,,,,,77390523246093750000000000000000.000000,793.124912,success,,,"{""p2_amp"": ""10.000000"", ""p4_res"": ""2.000000"", ""p1_freq"": ""1.000000"", ""p3_spin"": ""0.100000""}",,t
1549,hyper_lattice_shard_1549,Hyper Lattice Shard #1549,Hyper-Dimensional Grid,,,,,,,77390523246093750000000000000000.000000,793.124912,success,,,"{""p2_amp"": ""10.000000"", ""p4_res"": ""2.000000"", ""p1_freq"": ""1.000000"", ""p3_spin"": ""0.100000""}",,t
1550,hyper_lattice_shard_1550,Hyper Lattice Shard #1550,Hyper-Dimensional Grid,,,,,,,77390523246093750000000000000000.000000,793.124912,success,,,"{""p2_amp"": ""10.000000"", ""p4_res"": ""2.000000"", ""p1_freq"": ""1.000000"", ""p3_spin"": ""0.100000""}",,t
1551,hyper_lattice_shard_1551,Hyper Lattice Shard #1551,Hyper-Dimensional Grid,,,,,,,77390523246093750000000000000000.000000,793.124912,success,,,"{""p2_amp"": ""10.000000"", ""p4_res"": ""2.000000"", ""p1_freq"": ""1.000000"", ""p3_spin"": ""0.100000""}",,t
1552,hyper_lattice_shard_1552,Hyper Lattice Shard #1552,Hyper-Dimensional Grid,,,,,,,77390523246093750000000000000000.000000,793.124912,success,,,"{""p2_amp"": ""10.000000"", ""p4_res"": ""2.000000"", ""p1_freq"": ""1.000000"", ""p3_spin"": ""0.100000""}",,t
1553,hyper_lattice_shard_1553,Hyper Lattice Shard #1553,Hyper-Dimensional Grid,,,,,,,77390523246093750000000000000000.000000,793.124912,success,,,"{""p2_amp"": ""10.000000"", ""p4_res"": ""2.000000"", ""p1_freq"": ""1.000000"", ""p3_spin"": ""0.100000""}",,t
1554,hyper_lattice_shard_1554,Hyper Lattice Shard #1554,Hyper-Dimensional Grid,,,,,,,77390523246093750000000000000000.000000,793.124912,success,,,"{""p2_amp"": ""10.000000"", ""p4_res"": ""2.000000"", ""p1_freq"": ""1.000000"", ""p3_spin"": ""0.100000""}",,t
1555,hyper_lattice_shard_1555,Hyper Lattice Shard #1555,Hyper-Dimensional Grid,,,,,,,77390523246093750000000000000000.000000,793.124912,success,,,"{""p2_amp"": ""10.000000"", ""p4_res"": ""2.000000"", ""p1_freq"": ""1.000000"", ""p3_spin"": ""0.100000""}",,t
1556,hyper_lattice_shard_1556,Hyper Lattice Shard #1556,Hyper-Dimensional Grid,,,,,,,77390523246093750000000000000000.000000,793.124912,success,,,"{""p2_amp"": ""10.000000"", ""p4_res"": ""2.000000"", ""p1_freq"": ""1.000000"", ""p3_spin"": ""0.100000""}",,t
1557,hyper_lattice_shard_1557,Hyper Lattice Shard #1557,Hyper-Dimensional Grid,,,,,,,77390523246093750000000000000000.000000,793.124912,success,,,"{""p2_amp"": ""10.000000"", ""p4_res"": ""2.000000"", ""p1_freq"": ""1.000000"", ""p3_spin"": ""0.100000""}",,t
1558,hyper_lattice_shard_1558,Hyper Lattice Shard #1558,Hyper-Dimensional Grid,,,,,,,77390523246093750000000000000000.000000,793.124912,success,,,"{""p2_amp"": ""10.000000"", ""p4_res"": ""2.000000"", ""p1_freq"": ""1.000000"", ""p3_spin"": ""0.100000""}",,t
1559,hyper_lattice_shard_1559,Hyper Lattice Shard #1559,Hyper-Dimensional Grid,,,,,,,77390523246093750000000000000000.000000,793.124912,success,,,"{""p2_amp"": ""10.000000"", ""p4_res"": ""2.000000"", ""p1_freq"": ""1.000000"", ""p3_spin"": ""0.100000""}",,t
1560,hyper_lattice_shard_1560,Hyper Lattice Shard #1560,Hyper-Dimensional Grid,,,,,,,77390523246093750000000000000000.000000,793.124912,success,,,"{""p2_amp"": ""10.000000"", ""p4_res"": ""2.000000"", ""p1_freq"": ""1.000000"", ""p3_spin"": ""0.100000""}",,t
1561,hyper_lattice_shard_1561,Hyper Lattice Shard #1561,Hyper-Dimensional Grid,,,,,,,77390523246093750000000000000000.000000,793.124912,success,,,"{""p2_amp"": ""10.000000"", ""p4_res"": ""2.000000"", ""p1_freq"": ""1.000000"", ""p3_spin"": ""0.100000""}",,t
1562,hyper_lattice_shard_1562,Hyper Lattice Shard #1562,Hyper-Dimensional Grid,,,,,,,77390523246093750000000000000000.000000,793.124912,success,,,"{""p2_amp"": ""10.000000"", ""p4_res"": ""2.000000"", ""p1_freq"": ""1.000000"", ""p3_spin"": ""0.100000""}",,t
1563,hyper_lattice_shard_1563,Hyper Lattice Shard #1563,Hyper-Dimensional Grid,,,,,,,77390523246093750000000000000000.000000,793.124912,success,,,"{""p2_amp"": ""10.000000"", ""p4_res"": ""2.000000"", ""p1_freq"": ""1.000000"", ""p3_spin"": ""0.100000""}",,t
1564,hyper_lattice_shard_1564,Hyper Lattice Shard #1564,Hyper-Dimensional Grid,,,,,,,77390523246093750000000000000000.000000,793.124912,success,,,"{""p2_amp"": ""10.000000"", ""p4_res"": ""2.000000"", ""p1_freq"": ""1.000000"", ""p3_spin"": ""0.100000""}",,t
1565,hyper_lattice_shard_1565,Hyper Lattice Shard #1565,Hyper-Dimensional Grid,,,,,,,77390523246093750000000000000000.000000,793.124912,success,,,"{""p2_amp"": ""10.000000"", ""p4_res"": ""2.000000"", ""p1_freq"": ""1.000000"", ""p3_spin"": ""0.100000""}",,t
1566,hyper_lattice_shard_1566,Hyper Lattice Shard #1566,Hyper-Dimensional Grid,,,,,,,77390523246093750000000000000000.000000,793.124912,success,,,"{""p2_amp"": ""10.000000"", ""p4_res"": ""2.000000"", ""p1_freq"": ""1.000000"", ""p3_spin"": ""0.100000""}",,t
1567,hyper_lattice_shard_1567,Hyper Lattice Shard #1567,Hyper-Dimensional Grid,,,,,,,77390523246093750000000000000000.000000,793.124912,success,,,"{""p2_amp"": ""10.000000"", ""p4_res"": ""2.000000"", ""p1_freq"": ""1.000000"", ""p3_spin"": ""0.100000""}",,t
1568,hyper_lattice_shard_1568,Hyper Lattice Shard #1568,Hyper-Dimensional Grid,,,,,,,77390523246093750000000000000000.000000,793.124912,success,,,"{""p2_amp"": ""10.000000"", ""p4_res"": ""2.000000"", ""p1_freq"": ""1.000000"", ""p3_spin"": ""0.100000""}",,t
1569,hyper_lattice_shard_1569,Hyper Lattice Shard #1569,Hyper-Dimensional Grid,,,,,,,77390523246093750000000000000000.000000,793.124912,success,,,"{""p2_amp"": ""10.000000"", ""p4_res"": ""2.000000"", ""p1_freq"": ""1.000000"", ""p3_spin"": ""0.100000""}",,t
1570,hyper_lattice_shard_1570,Hyper Lattice Shard #1570,Hyper-Dimensional Grid,,,,,,,77390523246093750000000000000000.000000,793.124912,success,,,"{""p2_amp"": ""10.000000"", ""p4_res"": ""2.000000"", ""p1_freq"": ""1.000000"", ""p3_spin"": ""0.100000""}",,t
1571,hyper_lattice_shard_1571,Hyper Lattice Shard #1571,Hyper-Dimensional Grid,,,,,,,77390523246093750000000000000000.000000,793.124912,success,,,"{""p2_amp"": ""10.000000"", ""p4_res"": ""2.000000"", ""p1_freq"": ""1.000000"", ""p3_spin"": ""0.100000""}",,t
1572,hyper_lattice_shard_1572,Hyper Lattice Shard #1572,Hyper-Dimensional Grid,,,,,,,77390523246093750000000000000000.000000,793.124912,success,,,"{""p2_amp"": ""10.000000"", ""p4_res"": ""2.000000"", ""p1_freq"": ""1.000000"", ""p3_spin"": ""0.100000""}",,t
1573,hyper_lattice_shard_1573,Hyper Lattice Shard #1573,Hyper-Dimensional Grid,,,,,,,77390523246093750000000000000000.000000,793.124912,success,,,"{""p2_amp"": ""10.000000"", ""p4_res"": ""2.000000"", ""p1_freq"": ""1.000000"", ""p3_spin"": ""0.100000""}",,t
1574,hyper_lattice_shard_1574,Hyper Lattice Shard #1574,Hyper-Dimensional Grid,,,,,,,77390523246093750000000000000000.000000,793.124912,success,,,"{""p2_amp"": ""10.000000"", ""p4_res"": ""2.000000"", ""p1_freq"": ""1.000000"", ""p3_spin"": ""0.100000""}",,t
1575,hyper_lattice_shard_1575,Hyper Lattice Shard #1575,Hyper-Dimensional Grid,,,,,,,77390523246093750000000000000000.000000,793.124912,success,,,"{""p2_amp"": ""10.000000"", ""p4_res"": ""2.000000"", ""p1_freq"": ""1.000000"", ""p3_spin"": ""0.100000""}",,t
1576,hyper_lattice_shard_1576,Hyper Lattice Shard #1576,Hyper-Dimensional Grid,,,,,,,77390523246093750000000000000000.000000,793.124912,success,,,"{""p2_amp"": ""10.000000"", ""p4_res"": ""2.000000"", ""p1_freq"": ""1.000000"", ""p3_spin"": ""0.100000""}",,t
1577,hyper_lattice_shard_1577,Hyper Lattice Shard #1577,Hyper-Dimensional Grid,,,,,,,77390523246093750000000000000000.000000,793.124912,success,,,"{""p2_amp"": ""10.000000"", ""p4_res"": ""2.000000"", ""p1_freq"": ""1.000000"", ""p3_spin"": ""0.100000""}",,t
1578,hyper_lattice_shard_1578,Hyper Lattice Shard #1578,Hyper-Dimensional Grid,,,,,,,77390523246093750000000000000000.000000,793.124912,success,,,"{""p2_amp"": ""10.000000"", ""p4_res"": ""2.000000"", ""p1_freq"": ""1.000000"", ""p3_spin"": ""0.100000""}",,t
1579,hyper_lattice_shard_1579,Hyper Lattice Shard #1579,Hyper-Dimensional Grid,,,,,,,77390523246093750000000000000000.000000,793.124912,success,,,"{""p2_amp"": ""10.000000"", ""p4_res"": ""2.000000"", ""p1_freq"": ""1.000000"", ""p3_spin"": ""0.100000""}",,t
1580,hyper_lattice_shard_1580,Hyper Lattice Shard #1580,Hyper-Dimensional Grid,,,,,,,77390523246093750000000000000000.000000,793.124912,success,,,"{""p2_amp"": ""10.000000"", ""p4_res"": ""2.000000"", ""p1_freq"": ""1.000000"", ""p3_spin"": ""0.100000""}",,t
1581,hyper_lattice_shard_1581,Hyper Lattice Shard #1581,Hyper-Dimensional Grid,,,,,,,77390523246093750000000000000000.000000,793.124912,success,,,"{""p2_amp"": ""10.000000"", ""p4_res"": ""2.000000"", ""p1_freq"": ""1.000000"", ""p3_spin"": ""0.100000""}",,t
1582,hyper_lattice_shard_1582,Hyper Lattice Shard #1582,Hyper-Dimensional Grid,,,,,,,77390523246093750000000000000000.000000,793.124912,success,,,"{""p2_amp"": ""10.000000"", ""p4_res"": ""2.000000"", ""p1_freq"": ""1.000000"", ""p3_spin"": ""0.100000""}",,t
1583,hyper_lattice_shard_1583,Hyper Lattice Shard #1583,Hyper-Dimensional Grid,,,,,,,77390523246093750000000000000000.000000,793.124912,success,,,"{""p2_amp"": ""10.000000"", ""p4_res"": ""2.000000"", ""p1_freq"": ""1.000000"", ""p3_spin"": ""0.100000""}",,t
1584,hyper_lattice_shard_1584,Hyper Lattice Shard #1584,Hyper-Dimensional Grid,,,,,,,77390523246093750000000000000000.000000,793.124912,success,,,"{""p2_amp"": ""10.000000"", ""p4_res"": ""2.000000"", ""p1_freq"": ""1.000000"", ""p3_spin"": ""0.100000""}",,t
1585,hyper_lattice_shard_1585,Hyper Lattice Shard #1585,Hyper-Dimensional Grid,,,,,,,77390523246093750000000000000000.000000,793.124912,success,,,"{""p2_amp"": ""10.000000"", ""p4_res"": ""2.000000"", ""p1_freq"": ""1.000000"", ""p3_spin"": ""0.100000""}",,t
1586,hyper_lattice_shard_1586,Hyper Lattice Shard #1586,Hyper-Dimensional Grid,,,,,,,77390523246093750000000000000000.000000,793.124912,success,,,"{""p2_amp"": ""10.000000"", ""p4_res"": ""2.000000"", ""p1_freq"": ""1.000000"", ""p3_spin"": ""0.100000""}",,t
1587,hyper_lattice_shard_1587,Hyper Lattice Shard #1587,Hyper-Dimensional Grid,,,,,,,77390523246093750000000000000000.000000,793.124912,success,,,"{""p2_amp"": ""10.000000"", ""p4_res"": ""2.000000"", ""p1_freq"": ""1.000000"", ""p3_spin"": ""0.100000""}",,t
1588,hyper_lattice_shard_1588,Hyper Lattice Shard #1588,Hyper-Dimensional Grid,,,,,,,77390523246093750000000000000000.000000,793.124912,success,,,"{""p2_amp"": ""10.000000"", ""p4_res"": ""2.000000"", ""p1_freq"": ""1.000000"", ""p3_spin"": ""0.100000""}",,t
1589,hyper_lattice_shard_1589,Hyper Lattice Shard #1589,Hyper-Dimensional Grid,,,,,,,77390523246093750000000000000000.000000,793.124912,success,,,"{""p2_amp"": ""10.000000"", ""p4_res"": ""2.000000"", ""p1_freq"": ""1.000000"", ""p3_spin"": ""0.100000""}",,t
1590,hyper_lattice_shard_1590,Hyper Lattice Shard #1590,Hyper-Dimensional Grid,,,,,,,77390523246093750000000000000000.000000,793.124912,success,,,"{""p2_amp"": ""10.000000"", ""p4_res"": ""2.000000"", ""p1_freq"": ""1.000000"", ""p3_spin"": ""0.100000""}",,t
1591,hyper_lattice_shard_1591,Hyper Lattice Shard #1591,Hyper-Dimensional Grid,,,,,,,77390523246093750000000000000000.000000,793.124912,success,,,"{""p2_amp"": ""10.000000"", ""p4_res"": ""2.000000"", ""p1_freq"": ""1.000000"", ""p3_spin"": ""0.100000""}",,t
1592,hyper_lattice_shard_1592,Hyper Lattice Shard #1592,Hyper-Dimensional Grid,,,,,,,77390523246093750000000000000000.000000,793.124912,success,,,"{""p2_amp"": ""10.000000"", ""p4_res"": ""2.000000"", ""p1_freq"": ""1.000000"", ""p3_spin"": ""0.100000""}",,t
1593,hyper_lattice_shard_1593,Hyper Lattice Shard #1593,Hyper-Dimensional Grid,,,,,,,77390523246093750000000000000000.000000,793.124912,success,,,"{""p2_amp"": ""10.000000"", ""p4_res"": ""2.000000"", ""p1_freq"": ""1.000000"", ""p3_spin"": ""0.100000""}",,t
1594,hyper_lattice_shard_1594,Hyper Lattice Shard #1594,Hyper-Dimensional Grid,,,,,,,77390523246093750000000000000000.000000,793.124912,success,,,"{""p2_amp"": ""10.000000"", ""p4_res"": ""2.000000"", ""p1_freq"": ""1.000000"", ""p3_spin"": ""0.100000""}",,t
1595,hyper_lattice_shard_1595,Hyper Lattice Shard #1595,Hyper-Dimensional Grid,,,,,,,77390523246093750000000000000000.000000,793.124912,success,,,"{""p2_amp"": ""10.000000"", ""p4_res"": ""2.000000"", ""p1_freq"": ""1.000000"", ""p3_spin"": ""0.100000""}",,t
1596,hyper_lattice_shard_1596,Hyper Lattice Shard #1596,Hyper-Dimensional Grid,,,,,,,77390523246093750000000000000000.000000,793.124912,success,,,"{""p2_amp"": ""10.000000"", ""p4_res"": ""2.000000"", ""p1_freq"": ""1.000000"", ""p3_spin"": ""0.100000""}",,t
1597,hyper_lattice_shard_1597,Hyper Lattice Shard #1597,Hyper-Dimensional Grid,,,,,,,77390523246093750000000000000000.000000,793.124912,success,,,"{""p2_amp"": ""10.000000"", ""p4_res"": ""2.000000"", ""p1_freq"": ""1.000000"", ""p3_spin"": ""0.100000""}",,t
1598,hyper_lattice_shard_1598,Hyper Lattice Shard #1598,Hyper-Dimensional Grid,,,,,,,77390523246093750000000000000000.000000,793.124912,success,,,"{""p2_amp"": ""10.000000"", ""p4_res"": ""2.000000"", ""p1_freq"": ""1.000000"", ""p3_spin"": ""0.100000""}",,t
1599,hyper_lattice_shard_1599,Hyper Lattice Shard #1599,Hyper-Dimensional Grid,,,,,,,77390523246093750000000000000000.000000,793.124912,success,,,"{""p2_amp"": ""10.000000"", ""p4_res"": ""2.000000"", ""p1_freq"": ""1.000000"", ""p3_spin"": ""0.100000""}",,t
1600,hyper_lattice_shard_1600,Hyper Lattice Shard #1600,Hyper-Dimensional Grid,,,,,,,77390523246093750000000000000000.000000,793.124912,success,,,"{""p2_amp"": ""10.000000"", ""p4_res"": ""2.000000"", ""p1_freq"": ""1.000000"", ""p3_spin"": ""0.100000""}",,t
1601,hyper_lattice_shard_1601,Hyper Lattice Shard #1601,Hyper-Dimensional Grid,,,,,,,77390523246093750000000000000000.000000,793.124912,success,,,"{""p2_amp"": ""10.000000"", ""p4_res"": ""2.000000"", ""p1_freq"": ""1.000000"", ""p3_spin"": ""0.100000""}",,t
1602,hyper_lattice_shard_1602,Hyper Lattice Shard #1602,Hyper-Dimensional Grid,,,,,,,77390523246093750000000000000000.000000,793.124912,success,,,"{""p2_amp"": ""10.000000"", ""p4_res"": ""2.000000"", ""p1_freq"": ""1.000000"", ""p3_spin"": ""0.100000""}",,t
1603,hyper_lattice_shard_1603,Hyper Lattice Shard #1603,Hyper-Dimensional Grid,,,,,,,77390523246093750000000000000000.000000,793.124912,success,,,"{""p2_amp"": ""10.000000"", ""p4_res"": ""2.000000"", ""p1_freq"": ""1.000000"", ""p3_spin"": ""0.100000""}",,t
1604,hyper_lattice_shard_1604,Hyper Lattice Shard #1604,Hyper-Dimensional Grid,,,,,,,77390523246093750000000000000000.000000,793.124912,success,,,"{""p2_amp"": ""10.000000"", ""p4_res"": ""2.000000"", ""p1_freq"": ""1.000000"", ""p3_spin"": ""0.100000""}",,t
1605,hyper_lattice_shard_1605,Hyper Lattice Shard #1605,Hyper-Dimensional Grid,,,,,,,77390523246093750000000000000000.000000,793.124912,success,,,"{""p2_amp"": ""10.000000"", ""p4_res"": ""2.000000"", ""p1_freq"": ""1.000000"", ""p3_spin"": ""0.100000""}",,t
1606,hyper_lattice_shard_1606,Hyper Lattice Shard #1606,Hyper-Dimensional Grid,,,,,,,77390523246093750000000000000000.000000,793.124912,success,,,"{""p2_amp"": ""10.000000"", ""p4_res"": ""2.000000"", ""p1_freq"": ""1.000000"", ""p3_spin"": ""0.100000""}",,t
1607,hyper_lattice_shard_1607,Hyper Lattice Shard #1607,Hyper-Dimensional Grid,,,,,,,77390523246093750000000000000000.000000,793.124912,success,,,"{""p2_amp"": ""10.000000"", ""p4_res"": ""2.000000"", ""p1_freq"": ""1.000000"", ""p3_spin"": ""0.100000""}",,t
1608,hyper_lattice_shard_1608,Hyper Lattice Shard #1608,Hyper-Dimensional Grid,,,,,,,77390523246093750000000000000000.000000,793.124912,success,,,"{""p2_amp"": ""10.000000"", ""p4_res"": ""2.000000"", ""p1_freq"": ""1.000000"", ""p3_spin"": ""0.100000""}",,t
1609,hyper_lattice_shard_1609,Hyper Lattice Shard #1609,Hyper-Dimensional Grid,,,,,,,77390523246093750000000000000000.000000,793.124912,success,,,"{""p2_amp"": ""10.000000"", ""p4_res"": ""2.000000"", ""p1_freq"": ""1.000000"", ""p3_spin"": ""0.100000""}",,t
1610,hyper_lattice_shard_1610,Hyper Lattice Shard #1610,Hyper-Dimensional Grid,,,,,,,77390523246093750000000000000000.000000,793.124912,success,,,"{""p2_amp"": ""10.000000"", ""p4_res"": ""2.000000"", ""p1_freq"": ""1.000000"", ""p3_spin"": ""0.100000""}",,t
1611,hyper_lattice_shard_1611,Hyper Lattice Shard #1611,Hyper-Dimensional Grid,,,,,,,77390523246093750000000000000000.000000,793.124912,success,,,"{""p2_amp"": ""10.000000"", ""p4_res"": ""2.000000"", ""p1_freq"": ""1.000000"", ""p3_spin"": ""0.100000""}",,t
1612,hyper_lattice_shard_1612,Hyper Lattice Shard #1612,Hyper-Dimensional Grid,,,,,,,77390523246093750000000000000000.000000,793.124912,success,,,"{""p2_amp"": ""10.000000"", ""p4_res"": ""2.000000"", ""p1_freq"": ""1.000000"", ""p3_spin"": ""0.100000""}",,t
1613,hyper_lattice_shard_1613,Hyper Lattice Shard #1613,Hyper-Dimensional Grid,,,,,,,77390523246093750000000000000000.000000,793.124912,success,,,"{""p2_amp"": ""10.000000"", ""p4_res"": ""2.000000"", ""p1_freq"": ""1.000000"", ""p3_spin"": ""0.100000""}",,t
1614,hyper_lattice_shard_1614,Hyper Lattice Shard #1614,Hyper-Dimensional Grid,,,,,,,77390523246093750000000000000000.000000,793.124912,success,,,"{""p2_amp"": ""10.000000"", ""p4_res"": ""2.000000"", ""p1_freq"": ""1.000000"", ""p3_spin"": ""0.100000""}",,t
1615,hyper_lattice_shard_1615,Hyper Lattice Shard #1615,Hyper-Dimensional Grid,,,,,,,77390523246093750000000000000000.000000,793.124912,success,,,"{""p2_amp"": ""10.000000"", ""p4_res"": ""2.000000"", ""p1_freq"": ""1.000000"", ""p3_spin"": ""0.100000""}",,t
1616,hyper_lattice_shard_1616,Hyper Lattice Shard #1616,Hyper-Dimensional Grid,,,,,,,77390523246093750000000000000000.000000,793.124912,success,,,"{""p2_amp"": ""10.000000"", ""p4_res"": ""2.000000"", ""p1_freq"": ""1.000000"", ""p3_spin"": ""0.100000""}",,t
1617,hyper_lattice_shard_1617,Hyper Lattice Shard #1617,Hyper-Dimensional Grid,,,,,,,77390523246093750000000000000000.000000,793.124912,success,,,"{""p2_amp"": ""10.000000"", ""p4_res"": ""2.000000"", ""p1_freq"": ""1.000000"", ""p3_spin"": ""0.100000""}",,t
1618,hyper_lattice_shard_1618,Hyper Lattice Shard #1618,Hyper-Dimensional Grid,,,,,,,77390523246093750000000000000000.000000,793.124912,success,,,"{""p2_amp"": ""10.000000"", ""p4_res"": ""2.000000"", ""p1_freq"": ""1.000000"", ""p3_spin"": ""0.100000""}",,t
1619,hyper_lattice_shard_1619,Hyper Lattice Shard #1619,Hyper-Dimensional Grid,,,,,,,77390523246093750000000000000000.000000,793.124912,success,,,"{""p2_amp"": ""10.000000"", ""p4_res"": ""2.000000"", ""p1_freq"": ""1.000000"", ""p3_spin"": ""0.100000""}",,t
1620,hyper_lattice_shard_1620,Hyper Lattice Shard #1620,Hyper-Dimensional Grid,,,,,,,77390523246093750000000000000000.000000,793.124912,success,,,"{""p2_amp"": ""10.000000"", ""p4_res"": ""2.000000"", ""p1_freq"": ""1.000000"", ""p3_spin"": ""0.100000""}",,t
1621,hyper_lattice_shard_1621,Hyper Lattice Shard #1621,Hyper-Dimensional Grid,,,,,,,77390523246093750000000000000000.000000,793.124912,success,,,"{""p2_amp"": ""10.000000"", ""p4_res"": ""2.000000"", ""p1_freq"": ""1.000000"", ""p3_spin"": ""0.100000""}",,t
1622,hyper_lattice_shard_1622,Hyper Lattice Shard #1622,Hyper-Dimensional Grid,,,,,,,77390523246093750000000000000000.000000,793.124912,success,,,"{""p2_amp"": ""10.000000"", ""p4_res"": ""2.000000"", ""p1_freq"": ""1.000000"", ""p3_spin"": ""0.100000""}",,t
1623,hyper_lattice_shard_1623,Hyper Lattice Shard #1623,Hyper-Dimensional Grid,,,,,,,77390523246093750000000000000000.000000,793.124912,success,,,"{""p2_amp"": ""10.000000"", ""p4_res"": ""2.000000"", ""p1_freq"": ""1.000000"", ""p3_spin"": ""0.100000""}",,t
1624,hyper_lattice_shard_1624,Hyper Lattice Shard #1624,Hyper-Dimensional Grid,,,,,,,77390523246093750000000000000000.000000,793.124912,success,,,"{""p2_amp"": ""10.000000"", ""p4_res"": ""2.000000"", ""p1_freq"": ""1.000000"", ""p3_spin"": ""0.100000""}",,t
1625,hyper_lattice_shard_1625,Hyper Lattice Shard #1625,Hyper-Dimensional Grid,,,,,,,77390523246093750000000000000000.000000,793.124912,success,,,"{""p2_amp"": ""10.000000"", ""p4_res"": ""2.000000"", ""p1_freq"": ""1.000000"", ""p3_spin"": ""0.100000""}",,t
1626,hyper_lattice_shard_1626,Hyper Lattice Shard #1626,Hyper-Dimensional Grid,,,,,,,77390523246093750000000000000000.000000,793.124912,success,,,"{""p2_amp"": ""10.000000"", ""p4_res"": ""2.000000"", ""p1_freq"": ""1.000000"", ""p3_spin"": ""0.100000""}",,t
1627,hyper_lattice_shard_1627,Hyper Lattice Shard #1627,Hyper-Dimensional Grid,,,,,,,77390523246093750000000000000000.000000,793.124912,success,,,"{""p2_amp"": ""10.000000"", ""p4_res"": ""2.000000"", ""p1_freq"": ""1.000000"", ""p3_spin"": ""0.100000""}",,t
1628,hyper_lattice_shard_1628,Hyper Lattice Shard #1628,Hyper-Dimensional Grid,,,,,,,77390523246093750000000000000000.000000,793.124912,success,,,"{""p2_amp"": ""10.000000"", ""p4_res"": ""2.000000"", ""p1_freq"": ""1.000000"", ""p3_spin"": ""0.100000""}",,t
1629,hyper_lattice_shard_1629,Hyper Lattice Shard #1629,Hyper-Dimensional Grid,,,,,,,77390523246093750000000000000000.000000,793.124912,success,,,"{""p2_amp"": ""10.000000"", ""p4_res"": ""2.000000"", ""p1_freq"": ""1.000000"", ""p3_spin"": ""0.100000""}",,t
1630,hyper_lattice_shard_1630,Hyper Lattice Shard #1630,Hyper-Dimensional Grid,,,,,,,77390523246093750000000000000000.000000,793.124912,success,,,"{""p2_amp"": ""10.000000"", ""p4_res"": ""2.000000"", ""p1_freq"": ""1.000000"", ""p3_spin"": ""0.100000""}",,t
1631,hyper_lattice_shard_1631,Hyper Lattice Shard #1631,Hyper-Dimensional Grid,,,,,,,77390523246093750000000000000000.000000,793.124912,success,,,"{""p2_amp"": ""10.000000"", ""p4_res"": ""2.000000"", ""p1_freq"": ""1.000000"", ""p3_spin"": ""0.100000""}",,t
1632,hyper_lattice_shard_1632,Hyper Lattice Shard #1632,Hyper-Dimensional Grid,,,,,,,77390523246093750000000000000000.000000,793.124912,success,,,"{""p2_amp"": ""10.000000"", ""p4_res"": ""2.000000"", ""p1_freq"": ""1.000000"", ""p3_spin"": ""0.100000""}",,t
1633,hyper_lattice_shard_1633,Hyper Lattice Shard #1633,Hyper-Dimensional Grid,,,,,,,77390523246093750000000000000000.000000,793.124912,success,,,"{""p2_amp"": ""10.000000"", ""p4_res"": ""2.000000"", ""p1_freq"": ""1.000000"", ""p3_spin"": ""0.100000""}",,t
1634,hyper_lattice_shard_1634,Hyper Lattice Shard #1634,Hyper-Dimensional Grid,,,,,,,77390523246093750000000000000000.000000,793.124912,success,,,"{""p2_amp"": ""10.000000"", ""p4_res"": ""2.000000"", ""p1_freq"": ""1.000000"", ""p3_spin"": ""0.100000""}",,t
1635,hyper_lattice_shard_1635,Hyper Lattice Shard #1635,Hyper-Dimensional Grid,,,,,,,77390523246093750000000000000000.000000,793.124912,success,,,"{""p2_amp"": ""10.000000"", ""p4_res"": ""2.000000"", ""p1_freq"": ""1.000000"", ""p3_spin"": ""0.100000""}",,t
1636,hyper_lattice_shard_1636,Hyper Lattice Shard #1636,Hyper-Dimensional Grid,,,,,,,77390523246093750000000000000000.000000,793.124912,success,,,"{""p2_amp"": ""10.000000"", ""p4_res"": ""2.000000"", ""p1_freq"": ""1.000000"", ""p3_spin"": ""0.100000""}",,t
1637,hyper_lattice_shard_1637,Hyper Lattice Shard #1637,Hyper-Dimensional Grid,,,,,,,77390523246093750000000000000000.000000,793.124912,success,,,"{""p2_amp"": ""10.000000"", ""p4_res"": ""2.000000"", ""p1_freq"": ""1.000000"", ""p3_spin"": ""0.100000""}",,t
1638,hyper_lattice_shard_1638,Hyper Lattice Shard #1638,Hyper-Dimensional Grid,,,,,,,77390523246093750000000000000000.000000,793.124912,success,,,"{""p2_amp"": ""10.000000"", ""p4_res"": ""2.000000"", ""p1_freq"": ""1.000000"", ""p3_spin"": ""0.100000""}",,t
1639,hyper_lattice_shard_1639,Hyper Lattice Shard #1639,Hyper-Dimensional Grid,,,,,,,77390523246093750000000000000000.000000,793.124912,success,,,"{""p2_amp"": ""10.000000"", ""p4_res"": ""2.000000"", ""p1_freq"": ""1.000000"", ""p3_spin"": ""0.100000""}",,t
1640,hyper_lattice_shard_1640,Hyper Lattice Shard #1640,Hyper-Dimensional Grid,,,,,,,77390523246093750000000000000000.000000,793.124912,success,,,"{""p2_amp"": ""10.000000"", ""p4_res"": ""2.000000"", ""p1_freq"": ""1.000000"", ""p3_spin"": ""0.100000""}",,t
1641,hyper_lattice_shard_1641,Hyper Lattice Shard #1641,Hyper-Dimensional Grid,,,,,,,77390523246093750000000000000000.000000,793.124912,success,,,"{""p2_amp"": ""10.000000"", ""p4_res"": ""2.000000"", ""p1_freq"": ""1.000000"", ""p3_spin"": ""0.100000""}",,t
1642,hyper_lattice_shard_1642,Hyper Lattice Shard #1642,Hyper-Dimensional Grid,,,,,,,77390523246093750000000000000000.000000,793.124912,success,,,"{""p2_amp"": ""10.000000"", ""p4_res"": ""2.000000"", ""p1_freq"": ""1.000000"", ""p3_spin"": ""0.100000""}",,t
1643,hyper_lattice_shard_1643,Hyper Lattice Shard #1643,Hyper-Dimensional Grid,,,,,,,77390523246093750000000000000000.000000,793.124912,success,,,"{""p2_amp"": ""10.000000"", ""p4_res"": ""2.000000"", ""p1_freq"": ""1.000000"", ""p3_spin"": ""0.100000""}",,t
1644,hyper_lattice_shard_1644,Hyper Lattice Shard #1644,Hyper-Dimensional Grid,,,,,,,77390523246093750000000000000000.000000,793.124912,success,,,"{""p2_amp"": ""10.000000"", ""p4_res"": ""2.000000"", ""p1_freq"": ""1.000000"", ""p3_spin"": ""0.100000""}",,t
1645,hyper_lattice_shard_1645,Hyper Lattice Shard #1645,Hyper-Dimensional Grid,,,,,,,77390523246093750000000000000000.000000,793.124912,success,,,"{""p2_amp"": ""10.000000"", ""p4_res"": ""2.000000"", ""p1_freq"": ""1.000000"", ""p3_spin"": ""0.100000""}",,t
1646,hyper_lattice_shard_1646,Hyper Lattice Shard #1646,Hyper-Dimensional Grid,,,,,,,77390523246093750000000000000000.000000,793.124912,success,,,"{""p2_amp"": ""10.000000"", ""p4_res"": ""2.000000"", ""p1_freq"": ""1.000000"", ""p3_spin"": ""0.100000""}",,t
1647,hyper_lattice_shard_1647,Hyper Lattice Shard #1647,Hyper-Dimensional Grid,,,,,,,77390523246093750000000000000000.000000,793.124912,success,,,"{""p2_amp"": ""10.000000"", ""p4_res"": ""2.000000"", ""p1_freq"": ""1.000000"", ""p3_spin"": ""0.100000""}",,t
1648,hyper_lattice_shard_1648,Hyper Lattice Shard #1648,Hyper-Dimensional Grid,,,,,,,77390523246093750000000000000000.000000,793.124912,success,,,"{""p2_amp"": ""10.000000"", ""p4_res"": ""2.000000"", ""p1_freq"": ""1.000000"", ""p3_spin"": ""0.100000""}",,t
1649,hyper_lattice_shard_1649,Hyper Lattice Shard #1649,Hyper-Dimensional Grid,,,,,,,77390523246093750000000000000000.000000,793.124912,success,,,"{""p2_amp"": ""10.000000"", ""p4_res"": ""2.000000"", ""p1_freq"": ""1.000000"", ""p3_spin"": ""0.100000""}",,t
1650,hyper_lattice_shard_1650,Hyper Lattice Shard #1650,Hyper-Dimensional Grid,,,,,,,77390523246093750000000000000000.000000,793.124912,success,,,"{""p2_amp"": ""10.000000"", ""p4_res"": ""2.000000"", ""p1_freq"": ""1.000000"", ""p3_spin"": ""0.100000""}",,t
1651,hyper_lattice_shard_1651,Hyper Lattice Shard #1651,Hyper-Dimensional Grid,,,,,,,77390523246093750000000000000000.000000,793.124912,success,,,"{""p2_amp"": ""10.000000"", ""p4_res"": ""2.000000"", ""p1_freq"": ""1.000000"", ""p3_spin"": ""0.100000""}",,t
1652,hyper_lattice_shard_1652,Hyper Lattice Shard #1652,Hyper-Dimensional Grid,,,,,,,77390523246093750000000000000000.000000,793.124912,success,,,"{""p2_amp"": ""10.000000"", ""p4_res"": ""2.000000"", ""p1_freq"": ""1.000000"", ""p3_spin"": ""0.100000""}",,t
1653,hyper_lattice_shard_1653,Hyper Lattice Shard #1653,Hyper-Dimensional Grid,,,,,,,77390523246093750000000000000000.000000,793.124912,success,,,"{""p2_amp"": ""10.000000"", ""p4_res"": ""2.000000"", ""p1_freq"": ""1.000000"", ""p3_spin"": ""0.100000""}",,t
1654,hyper_lattice_shard_1654,Hyper Lattice Shard #1654,Hyper-Dimensional Grid,,,,,,,77390523246093750000000000000000.000000,793.124912,success,,,"{""p2_amp"": ""10.000000"", ""p4_res"": ""2.000000"", ""p1_freq"": ""1.000000"", ""p3_spin"": ""0.100000""}",,t
1655,hyper_lattice_shard_1655,Hyper Lattice Shard #1655,Hyper-Dimensional Grid,,,,,,,77390523246093750000000000000000.000000,793.124912,success,,,"{""p2_amp"": ""10.000000"", ""p4_res"": ""2.000000"", ""p1_freq"": ""1.000000"", ""p3_spin"": ""0.100000""}",,t
1656,hyper_lattice_shard_1656,Hyper Lattice Shard #1656,Hyper-Dimensional Grid,,,,,,,77390523246093750000000000000000.000000,793.124912,success,,,"{""p2_amp"": ""10.000000"", ""p4_res"": ""2.000000"", ""p1_freq"": ""1.000000"", ""p3_spin"": ""0.100000""}",,t
1657,hyper_lattice_shard_1657,Hyper Lattice Shard #1657,Hyper-Dimensional Grid,,,,,,,77390523246093750000000000000000.000000,793.124912,success,,,"{""p2_amp"": ""10.000000"", ""p4_res"": ""2.000000"", ""p1_freq"": ""1.000000"", ""p3_spin"": ""0.100000""}",,t
1658,hyper_lattice_shard_1658,Hyper Lattice Shard #1658,Hyper-Dimensional Grid,,,,,,,77390523246093750000000000000000.000000,793.124912,success,,,"{""p2_amp"": ""10.000000"", ""p4_res"": ""2.000000"", ""p1_freq"": ""1.000000"", ""p3_spin"": ""0.100000""}",,t
1659,hyper_lattice_shard_1659,Hyper Lattice Shard #1659,Hyper-Dimensional Grid,,,,,,,77390523246093750000000000000000.000000,793.124912,success,,,"{""p2_amp"": ""10.000000"", ""p4_res"": ""2.000000"", ""p1_freq"": ""1.000000"", ""p3_spin"": ""0.100000""}",,t
1660,hyper_lattice_shard_1660,Hyper Lattice Shard #1660,Hyper-Dimensional Grid,,,,,,,77390523246093750000000000000000.000000,793.124912,success,,,"{""p2_amp"": ""10.000000"", ""p4_res"": ""2.000000"", ""p1_freq"": ""1.000000"", ""p3_spin"": ""0.100000""}",,t
1661,hyper_lattice_shard_1661,Hyper Lattice Shard #1661,Hyper-Dimensional Grid,,,,,,,77390523246093750000000000000000.000000,793.124912,success,,,"{""p2_amp"": ""10.000000"", ""p4_res"": ""2.000000"", ""p1_freq"": ""1.000000"", ""p3_spin"": ""0.100000""}",,t
1662,hyper_lattice_shard_1662,Hyper Lattice Shard #1662,Hyper-Dimensional Grid,,,,,,,77390523246093750000000000000000.000000,793.124912,success,,,"{""p2_amp"": ""10.000000"", ""p4_res"": ""2.000000"", ""p1_freq"": ""1.000000"", ""p3_spin"": ""0.100000""}",,t
1663,hyper_lattice_shard_1663,Hyper Lattice Shard #1663,Hyper-Dimensional Grid,,,,,,,77390523246093750000000000000000.000000,793.124912,success,,,"{""p2_amp"": ""10.000000"", ""p4_res"": ""2.000000"", ""p1_freq"": ""1.000000"", ""p3_spin"": ""0.100000""}",,t
1664,hyper_lattice_shard_1664,Hyper Lattice Shard #1664,Hyper-Dimensional Grid,,,,,,,77390523246093750000000000000000.000000,793.124912,success,,,"{""p2_amp"": ""10.000000"", ""p4_res"": ""2.000000"", ""p1_freq"": ""1.000000"", ""p3_spin"": ""0.100000""}",,t
1665,hyper_lattice_shard_1665,Hyper Lattice Shard #1665,Hyper-Dimensional Grid,,,,,,,77390523246093750000000000000000.000000,793.124912,success,,,"{""p2_amp"": ""10.000000"", ""p4_res"": ""2.000000"", ""p1_freq"": ""1.000000"", ""p3_spin"": ""0.100000""}",,t
1666,hyper_lattice_shard_1666,Hyper Lattice Shard #1666,Hyper-Dimensional Grid,,,,,,,77390523246093750000000000000000.000000,793.124912,success,,,"{""p2_amp"": ""10.000000"", ""p4_res"": ""2.000000"", ""p1_freq"": ""1.000000"", ""p3_spin"": ""0.100000""}",,t
1667,hyper_lattice_shard_1667,Hyper Lattice Shard #1667,Hyper-Dimensional Grid,,,,,,,77390523246093750000000000000000.000000,793.124912,success,,,"{""p2_amp"": ""10.000000"", ""p4_res"": ""2.000000"", ""p1_freq"": ""1.000000"", ""p3_spin"": ""0.100000""}",,t
1668,hyper_lattice_shard_1668,Hyper Lattice Shard #1668,Hyper-Dimensional Grid,,,,,,,77390523246093750000000000000000.000000,793.124912,success,,,"{""p2_amp"": ""10.000000"", ""p4_res"": ""2.000000"", ""p1_freq"": ""1.000000"", ""p3_spin"": ""0.100000""}",,t
1669,hyper_lattice_shard_1669,Hyper Lattice Shard #1669,Hyper-Dimensional Grid,,,,,,,77390523246093750000000000000000.000000,793.124912,success,,,"{""p2_amp"": ""10.000000"", ""p4_res"": ""2.000000"", ""p1_freq"": ""1.000000"", ""p3_spin"": ""0.100000""}",,t
1670,hyper_lattice_shard_1670,Hyper Lattice Shard #1670,Hyper-Dimensional Grid,,,,,,,77390523246093750000000000000000.000000,793.124912,success,,,"{""p2_amp"": ""10.000000"", ""p4_res"": ""2.000000"", ""p1_freq"": ""1.000000"", ""p3_spin"": ""0.100000""}",,t
1671,hyper_lattice_shard_1671,Hyper Lattice Shard #1671,Hyper-Dimensional Grid,,,,,,,77390523246093750000000000000000.000000,793.124912,success,,,"{""p2_amp"": ""10.000000"", ""p4_res"": ""2.000000"", ""p1_freq"": ""1.000000"", ""p3_spin"": ""0.100000""}",,t
1672,hyper_lattice_shard_1672,Hyper Lattice Shard #1672,Hyper-Dimensional Grid,,,,,,,77390523246093750000000000000000.000000,793.124912,success,,,"{""p2_amp"": ""10.000000"", ""p4_res"": ""2.000000"", ""p1_freq"": ""1.000000"", ""p3_spin"": ""0.100000""}",,t
1673,hyper_lattice_shard_1673,Hyper Lattice Shard #1673,Hyper-Dimensional Grid,,,,,,,77390523246093750000000000000000.000000,793.124912,success,,,"{""p2_amp"": ""10.000000"", ""p4_res"": ""2.000000"", ""p1_freq"": ""1.000000"", ""p3_spin"": ""0.100000""}",,t
1674,hyper_lattice_shard_1674,Hyper Lattice Shard #1674,Hyper-Dimensional Grid,,,,,,,77390523246093750000000000000000.000000,793.124912,success,,,"{""p2_amp"": ""10.000000"", ""p4_res"": ""2.000000"", ""p1_freq"": ""1.000000"", ""p3_spin"": ""0.100000""}",,t
1675,hyper_lattice_shard_1675,Hyper Lattice Shard #1675,Hyper-Dimensional Grid,,,,,,,77390523246093750000000000000000.000000,793.124912,success,,,"{""p2_amp"": ""10.000000"", ""p4_res"": ""2.000000"", ""p1_freq"": ""1.000000"", ""p3_spin"": ""0.100000""}",,t
1676,hyper_lattice_shard_1676,Hyper Lattice Shard #1676,Hyper-Dimensional Grid,,,,,,,77390523246093750000000000000000.000000,793.124912,success,,,"{""p2_amp"": ""10.000000"", ""p4_res"": ""2.000000"", ""p1_freq"": ""1.000000"", ""p3_spin"": ""0.100000""}",,t
1677,hyper_lattice_shard_1677,Hyper Lattice Shard #1677,Hyper-Dimensional Grid,,,,,,,77390523246093750000000000000000.000000,793.124912,success,,,"{""p2_amp"": ""10.000000"", ""p4_res"": ""2.000000"", ""p1_freq"": ""1.000000"", ""p3_spin"": ""0.100000""}",,t
1678,hyper_lattice_shard_1678,Hyper Lattice Shard #1678,Hyper-Dimensional Grid,,,,,,,77390523246093750000000000000000.000000,793.124912,success,,,"{""p2_amp"": ""10.000000"", ""p4_res"": ""2.000000"", ""p1_freq"": ""1.000000"", ""p3_spin"": ""0.100000""}",,t
1679,hyper_lattice_shard_1679,Hyper Lattice Shard #1679,Hyper-Dimensional Grid,,,,,,,77390523246093750000000000000000.000000,793.124912,success,,,"{""p2_amp"": ""10.000000"", ""p4_res"": ""2.000000"", ""p1_freq"": ""1.000000"", ""p3_spin"": ""0.100000""}",,t
1680,hyper_lattice_shard_1680,Hyper Lattice Shard #1680,Hyper-Dimensional Grid,,,,,,,77390523246093750000000000000000.000000,793.124912,success,,,"{""p2_amp"": ""10.000000"", ""p4_res"": ""2.000000"", ""p1_freq"": ""1.000000"", ""p3_spin"": ""0.100000""}",,t
1681,hyper_lattice_shard_1681,Hyper Lattice Shard #1681,Hyper-Dimensional Grid,,,,,,,77390523246093750000000000000000.000000,793.124912,success,,,"{""p2_amp"": ""10.000000"", ""p4_res"": ""2.000000"", ""p1_freq"": ""1.000000"", ""p3_spin"": ""0.100000""}",,t
1682,hyper_lattice_shard_1682,Hyper Lattice Shard #1682,Hyper-Dimensional Grid,,,,,,,77390523246093750000000000000000.000000,793.124912,success,,,"{""p2_amp"": ""10.000000"", ""p4_res"": ""2.000000"", ""p1_freq"": ""1.000000"", ""p3_spin"": ""0.100000""}",,t
1683,hyper_lattice_shard_1683,Hyper Lattice Shard #1683,Hyper-Dimensional Grid,,,,,,,77390523246093750000000000000000.000000,793.124912,success,,,"{""p2_amp"": ""10.000000"", ""p4_res"": ""2.000000"", ""p1_freq"": ""1.000000"", ""p3_spin"": ""0.100000""}",,t
1684,hyper_lattice_shard_1684,Hyper Lattice Shard #1684,Hyper-Dimensional Grid,,,,,,,77390523246093750000000000000000.000000,793.124912,success,,,"{""p2_amp"": ""10.000000"", ""p4_res"": ""2.000000"", ""p1_freq"": ""1.000000"", ""p3_spin"": ""0.100000""}",,t
1685,hyper_lattice_shard_1685,Hyper Lattice Shard #1685,Hyper-Dimensional Grid,,,,,,,77390523246093750000000000000000.000000,793.124912,success,,,"{""p2_amp"": ""10.000000"", ""p4_res"": ""2.000000"", ""p1_freq"": ""1.000000"", ""p3_spin"": ""0.100000""}",,t
1686,hyper_lattice_shard_1686,Hyper Lattice Shard #1686,Hyper-Dimensional Grid,,,,,,,77390523246093750000000000000000.000000,793.124912,success,,,"{""p2_amp"": ""10.000000"", ""p4_res"": ""2.000000"", ""p1_freq"": ""1.000000"", ""p3_spin"": ""0.100000""}",,t
1687,hyper_lattice_shard_1687,Hyper Lattice Shard #1687,Hyper-Dimensional Grid,,,,,,,77390523246093750000000000000000.000000,793.124912,success,,,"{""p2_amp"": ""10.000000"", ""p4_res"": ""2.000000"", ""p1_freq"": ""1.000000"", ""p3_spin"": ""0.100000""}",,t
1688,hyper_lattice_shard_1688,Hyper Lattice Shard #1688,Hyper-Dimensional Grid,,,,,,,77390523246093750000000000000000.000000,793.124912,success,,,"{""p2_amp"": ""10.000000"", ""p4_res"": ""2.000000"", ""p1_freq"": ""1.000000"", ""p3_spin"": ""0.100000""}",,t
1689,hyper_lattice_shard_1689,Hyper Lattice Shard #1689,Hyper-Dimensional Grid,,,,,,,77390523246093750000000000000000.000000,793.124912,success,,,"{""p2_amp"": ""10.000000"", ""p4_res"": ""2.000000"", ""p1_freq"": ""1.000000"", ""p3_spin"": ""0.100000""}",,t
1690,hyper_lattice_shard_1690,Hyper Lattice Shard #1690,Hyper-Dimensional Grid,,,,,,,77390523246093750000000000000000.000000,793.124912,success,,,"{""p2_amp"": ""10.000000"", ""p4_res"": ""2.000000"", ""p1_freq"": ""1.000000"", ""p3_spin"": ""0.100000""}",,t
1691,hyper_lattice_shard_1691,Hyper Lattice Shard #1691,Hyper-Dimensional Grid,,,,,,,77390523246093750000000000000000.000000,793.124912,success,,,"{""p2_amp"": ""10.000000"", ""p4_res"": ""2.000000"", ""p1_freq"": ""1.000000"", ""p3_spin"": ""0.100000""}",,t
1692,hyper_lattice_shard_1692,Hyper Lattice Shard #1692,Hyper-Dimensional Grid,,,,,,,77390523246093750000000000000000.000000,793.124912,success,,,"{""p2_amp"": ""10.000000"", ""p4_res"": ""2.000000"", ""p1_freq"": ""1.000000"", ""p3_spin"": ""0.100000""}",,t
1693,hyper_lattice_shard_1693,Hyper Lattice Shard #1693,Hyper-Dimensional Grid,,,,,,,77390523246093750000000000000000.000000,793.124912,success,,,"{""p2_amp"": ""10.000000"", ""p4_res"": ""2.000000"", ""p1_freq"": ""1.000000"", ""p3_spin"": ""0.100000""}",,t
1694,hyper_lattice_shard_1694,Hyper Lattice Shard #1694,Hyper-Dimensional Grid,,,,,,,77390523246093750000000000000000.000000,793.124912,success,,,"{""p2_amp"": ""10.000000"", ""p4_res"": ""2.000000"", ""p1_freq"": ""1.000000"", ""p3_spin"": ""0.100000""}",,t
1695,hyper_lattice_shard_1695,Hyper Lattice Shard #1695,Hyper-Dimensional Grid,,,,,,,77390523246093750000000000000000.000000,793.124912,success,,,"{""p2_amp"": ""10.000000"", ""p4_res"": ""2.000000"", ""p1_freq"": ""1.000000"", ""p3_spin"": ""0.100000""}",,t
1696,hyper_lattice_shard_1696,Hyper Lattice Shard #1696,Hyper-Dimensional Grid,,,,,,,77390523246093750000000000000000.000000,793.124912,success,,,"{""p2_amp"": ""10.000000"", ""p4_res"": ""2.000000"", ""p1_freq"": ""1.000000"", ""p3_spin"": ""0.100000""}",,t
1697,hyper_lattice_shard_1697,Hyper Lattice Shard #1697,Hyper-Dimensional Grid,,,,,,,77390523246093750000000000000000.000000,793.124912,success,,,"{""p2_amp"": ""10.000000"", ""p4_res"": ""2.000000"", ""p1_freq"": ""1.000000"", ""p3_spin"": ""0.100000""}",,t
1698,hyper_lattice_shard_1698,Hyper Lattice Shard #1698,Hyper-Dimensional Grid,,,,,,,77390523246093750000000000000000.000000,793.124912,success,,,"{""p2_amp"": ""10.000000"", ""p4_res"": ""2.000000"", ""p1_freq"": ""1.000000"", ""p3_spin"": ""0.100000""}",,t
1699,hyper_lattice_shard_1699,Hyper Lattice Shard #1699,Hyper-Dimensional Grid,,,,,,,77390523246093750000000000000000.000000,793.124912,success,,,"{""p2_amp"": ""10.000000"", ""p4_res"": ""2.000000"", ""p1_freq"": ""1.000000"", ""p3_spin"": ""0.100000""}",,t
1700,hyper_lattice_shard_1700,Hyper Lattice Shard #1700,Hyper-Dimensional Grid,,,,,,,77390523246093750000000000000000.000000,793.124912,success,,,"{""p2_amp"": ""10.000000"", ""p4_res"": ""2.000000"", ""p1_freq"": ""1.000000"", ""p3_spin"": ""0.100000""}",,t
1701,hyper_lattice_shard_1701,Hyper Lattice Shard #1701,Hyper-Dimensional Grid,,,,,,,77390523246093750000000000000000.000000,793.124912,success,,,"{""p2_amp"": ""10.000000"", ""p4_res"": ""2.000000"", ""p1_freq"": ""1.000000"", ""p3_spin"": ""0.100000""}",,t
1702,hyper_lattice_shard_1702,Hyper Lattice Shard #1702,Hyper-Dimensional Grid,,,,,,,77390523246093750000000000000000.000000,793.124912,success,,,"{""p2_amp"": ""10.000000"", ""p4_res"": ""2.000000"", ""p1_freq"": ""1.000000"", ""p3_spin"": ""0.100000""}",,t
1703,hyper_lattice_shard_1703,Hyper Lattice Shard #1703,Hyper-Dimensional Grid,,,,,,,77390523246093750000000000000000.000000,793.124912,success,,,"{""p2_amp"": ""10.000000"", ""p4_res"": ""2.000000"", ""p1_freq"": ""1.000000"", ""p3_spin"": ""0.100000""}",,t
1704,hyper_lattice_shard_1704,Hyper Lattice Shard #1704,Hyper-Dimensional Grid,,,,,,,77390523246093750000000000000000.000000,793.124912,success,,,"{""p2_amp"": ""10.000000"", ""p4_res"": ""2.000000"", ""p1_freq"": ""1.000000"", ""p3_spin"": ""0.100000""}",,t
1705,hyper_lattice_shard_1705,Hyper Lattice Shard #1705,Hyper-Dimensional Grid,,,,,,,77390523246093750000000000000000.000000,793.124912,success,,,"{""p2_amp"": ""10.000000"", ""p4_res"": ""2.000000"", ""p1_freq"": ""1.000000"", ""p3_spin"": ""0.100000""}",,t
1706,hyper_lattice_shard_1706,Hyper Lattice Shard #1706,Hyper-Dimensional Grid,,,,,,,77390523246093750000000000000000.000000,793.124912,success,,,"{""p2_amp"": ""10.000000"", ""p4_res"": ""2.000000"", ""p1_freq"": ""1.000000"", ""p3_spin"": ""0.100000""}",,t
1707,hyper_lattice_shard_1707,Hyper Lattice Shard #1707,Hyper-Dimensional Grid,,,,,,,77390523246093750000000000000000.000000,793.124912,success,,,"{""p2_amp"": ""10.000000"", ""p4_res"": ""2.000000"", ""p1_freq"": ""1.000000"", ""p3_spin"": ""0.100000""}",,t
1708,hyper_lattice_shard_1708,Hyper Lattice Shard #1708,Hyper-Dimensional Grid,,,,,,,77390523246093750000000000000000.000000,793.124912,success,,,"{""p2_amp"": ""10.000000"", ""p4_res"": ""2.000000"", ""p1_freq"": ""1.000000"", ""p3_spin"": ""0.100000""}",,t
1709,hyper_lattice_shard_1709,Hyper Lattice Shard #1709,Hyper-Dimensional Grid,,,,,,,77390523246093750000000000000000.000000,793.124912,success,,,"{""p2_amp"": ""10.000000"", ""p4_res"": ""2.000000"", ""p1_freq"": ""1.000000"", ""p3_spin"": ""0.100000""}",,t
1710,hyper_lattice_shard_1710,Hyper Lattice Shard #1710,Hyper-Dimensional Grid,,,,,,,77390523246093750000000000000000.000000,793.124912,success,,,"{""p2_amp"": ""10.000000"", ""p4_res"": ""2.000000"", ""p1_freq"": ""1.000000"", ""p3_spin"": ""0.100000""}",,t
1711,hyper_lattice_shard_1711,Hyper Lattice Shard #1711,Hyper-Dimensional Grid,,,,,,,77390523246093750000000000000000.000000,793.124912,success,,,"{""p2_amp"": ""10.000000"", ""p4_res"": ""2.000000"", ""p1_freq"": ""1.000000"", ""p3_spin"": ""0.100000""}",,t
1712,hyper_lattice_shard_1712,Hyper Lattice Shard #1712,Hyper-Dimensional Grid,,,,,,,77390523246093750000000000000000.000000,793.124912,success,,,"{""p2_amp"": ""10.000000"", ""p4_res"": ""2.000000"", ""p1_freq"": ""1.000000"", ""p3_spin"": ""0.100000""}",,t
1713,hyper_lattice_shard_1713,Hyper Lattice Shard #1713,Hyper-Dimensional Grid,,,,,,,77390523246093750000000000000000.000000,793.124912,success,,,"{""p2_amp"": ""10.000000"", ""p4_res"": ""2.000000"", ""p1_freq"": ""1.000000"", ""p3_spin"": ""0.100000""}",,t
1714,hyper_lattice_shard_1714,Hyper Lattice Shard #1714,Hyper-Dimensional Grid,,,,,,,77390523246093750000000000000000.000000,793.124912,success,,,"{""p2_amp"": ""10.000000"", ""p4_res"": ""2.000000"", ""p1_freq"": ""1.000000"", ""p3_spin"": ""0.100000""}",,t
1715,hyper_lattice_shard_1715,Hyper Lattice Shard #1715,Hyper-Dimensional Grid,,,,,,,77390523246093750000000000000000.000000,793.124912,success,,,"{""p2_amp"": ""10.000000"", ""p4_res"": ""2.000000"", ""p1_freq"": ""1.000000"", ""p3_spin"": ""0.100000""}",,t
1716,hyper_lattice_shard_1716,Hyper Lattice Shard #1716,Hyper-Dimensional Grid,,,,,,,77390523246093750000000000000000.000000,793.124912,success,,,"{""p2_amp"": ""10.000000"", ""p4_res"": ""2.000000"", ""p1_freq"": ""1.000000"", ""p3_spin"": ""0.100000""}",,t
1717,hyper_lattice_shard_1717,Hyper Lattice Shard #1717,Hyper-Dimensional Grid,,,,,,,77390523246093750000000000000000.000000,793.124912,success,,,"{""p2_amp"": ""10.000000"", ""p4_res"": ""2.000000"", ""p1_freq"": ""1.000000"", ""p3_spin"": ""0.100000""}",,t
1718,hyper_lattice_shard_1718,Hyper Lattice Shard #1718,Hyper-Dimensional Grid,,,,,,,77390523246093750000000000000000.000000,793.124912,success,,,"{""p2_amp"": ""10.000000"", ""p4_res"": ""2.000000"", ""p1_freq"": ""1.000000"", ""p3_spin"": ""0.100000""}",,t
1719,hyper_lattice_shard_1719,Hyper Lattice Shard #1719,Hyper-Dimensional Grid,,,,,,,77390523246093750000000000000000.000000,793.124912,success,,,"{""p2_amp"": ""10.000000"", ""p4_res"": ""2.000000"", ""p1_freq"": ""1.000000"", ""p3_spin"": ""0.100000""}",,t
1720,hyper_lattice_shard_1720,Hyper Lattice Shard #1720,Hyper-Dimensional Grid,,,,,,,77390523246093750000000000000000.000000,793.124912,success,,,"{""p2_amp"": ""10.000000"", ""p4_res"": ""2.000000"", ""p1_freq"": ""1.000000"", ""p3_spin"": ""0.100000""}",,t
1721,hyper_lattice_shard_1721,Hyper Lattice Shard #1721,Hyper-Dimensional Grid,,,,,,,77390523246093750000000000000000.000000,793.124912,success,,,"{""p2_amp"": ""10.000000"", ""p4_res"": ""2.000000"", ""p1_freq"": ""1.000000"", ""p3_spin"": ""0.100000""}",,t
1722,hyper_lattice_shard_1722,Hyper Lattice Shard #1722,Hyper-Dimensional Grid,,,,,,,77390523246093750000000000000000.000000,793.124912,success,,,"{""p2_amp"": ""10.000000"", ""p4_res"": ""2.000000"", ""p1_freq"": ""1.000000"", ""p3_spin"": ""0.100000""}",,t
1723,hyper_lattice_shard_1723,Hyper Lattice Shard #1723,Hyper-Dimensional Grid,,,,,,,77390523246093750000000000000000.000000,793.124912,success,,,"{""p2_amp"": ""10.000000"", ""p4_res"": ""2.000000"", ""p1_freq"": ""1.000000"", ""p3_spin"": ""0.100000""}",,t
1724,hyper_lattice_shard_1724,Hyper Lattice Shard #1724,Hyper-Dimensional Grid,,,,,,,77390523246093750000000000000000.000000,793.124912,success,,,"{""p2_amp"": ""10.000000"", ""p4_res"": ""2.000000"", ""p1_freq"": ""1.000000"", ""p3_spin"": ""0.100000""}",,t
1725,hyper_lattice_shard_1725,Hyper Lattice Shard #1725,Hyper-Dimensional Grid,,,,,,,77390523246093750000000000000000.000000,793.124912,success,,,"{""p2_amp"": ""10.000000"", ""p4_res"": ""2.000000"", ""p1_freq"": ""1.000000"", ""p3_spin"": ""0.100000""}",,t
1726,hyper_lattice_shard_1726,Hyper Lattice Shard #1726,Hyper-Dimensional Grid,,,,,,,77390523246093750000000000000000.000000,793.124912,success,,,"{""p2_amp"": ""10.000000"", ""p4_res"": ""2.000000"", ""p1_freq"": ""1.000000"", ""p3_spin"": ""0.100000""}",,t
1727,hyper_lattice_shard_1727,Hyper Lattice Shard #1727,Hyper-Dimensional Grid,,,,,,,77390523246093750000000000000000.000000,793.124912,success,,,"{""p2_amp"": ""10.000000"", ""p4_res"": ""2.000000"", ""p1_freq"": ""1.000000"", ""p3_spin"": ""0.100000""}",,t
1728,hyper_lattice_shard_1728,Hyper Lattice Shard #1728,Hyper-Dimensional Grid,,,,,,,77390523246093750000000000000000.000000,793.124912,success,,,"{""p2_amp"": ""10.000000"", ""p4_res"": ""2.000000"", ""p1_freq"": ""1.000000"", ""p3_spin"": ""0.100000""}",,t
1729,hyper_lattice_shard_1729,Hyper Lattice Shard #1729,Hyper-Dimensional Grid,,,,,,,77390523246093750000000000000000.000000,793.124912,success,,,"{""p2_amp"": ""10.000000"", ""p4_res"": ""2.000000"", ""p1_freq"": ""1.000000"", ""p3_spin"": ""0.100000""}",,t
1730,hyper_lattice_shard_1730,Hyper Lattice Shard #1730,Hyper-Dimensional Grid,,,,,,,77390523246093750000000000000000.000000,793.124912,success,,,"{""p2_amp"": ""10.000000"", ""p4_res"": ""2.000000"", ""p1_freq"": ""1.000000"", ""p3_spin"": ""0.100000""}",,t
1731,hyper_lattice_shard_1731,Hyper Lattice Shard #1731,Hyper-Dimensional Grid,,,,,,,77390523246093750000000000000000.000000,793.124912,success,,,"{""p2_amp"": ""10.000000"", ""p4_res"": ""2.000000"", ""p1_freq"": ""1.000000"", ""p3_spin"": ""0.100000""}",,t
1732,hyper_lattice_shard_1732,Hyper Lattice Shard #1732,Hyper-Dimensional Grid,,,,,,,77390523246093750000000000000000.000000,793.124912,success,,,"{""p2_amp"": ""10.000000"", ""p4_res"": ""2.000000"", ""p1_freq"": ""1.000000"", ""p3_spin"": ""0.100000""}",,t
1733,hyper_lattice_shard_1733,Hyper Lattice Shard #1733,Hyper-Dimensional Grid,,,,,,,77390523246093750000000000000000.000000,793.124912,success,,,"{""p2_amp"": ""10.000000"", ""p4_res"": ""2.000000"", ""p1_freq"": ""1.000000"", ""p3_spin"": ""0.100000""}",,t
1734,hyper_lattice_shard_1734,Hyper Lattice Shard #1734,Hyper-Dimensional Grid,,,,,,,77390523246093750000000000000000.000000,793.124912,success,,,"{""p2_amp"": ""10.000000"", ""p4_res"": ""2.000000"", ""p1_freq"": ""1.000000"", ""p3_spin"": ""0.100000""}",,t
1735,hyper_lattice_shard_1735,Hyper Lattice Shard #1735,Hyper-Dimensional Grid,,,,,,,77390523246093750000000000000000.000000,793.124912,success,,,"{""p2_amp"": ""10.000000"", ""p4_res"": ""2.000000"", ""p1_freq"": ""1.000000"", ""p3_spin"": ""0.100000""}",,t
1736,hyper_lattice_shard_1736,Hyper Lattice Shard #1736,Hyper-Dimensional Grid,,,,,,,77390523246093750000000000000000.000000,793.124912,success,,,"{""p2_amp"": ""10.000000"", ""p4_res"": ""2.000000"", ""p1_freq"": ""1.000000"", ""p3_spin"": ""0.100000""}",,t
1737,hyper_lattice_shard_1737,Hyper Lattice Shard #1737,Hyper-Dimensional Grid,,,,,,,77390523246093750000000000000000.000000,793.124912,success,,,"{""p2_amp"": ""10.000000"", ""p4_res"": ""2.000000"", ""p1_freq"": ""1.000000"", ""p3_spin"": ""0.100000""}",,t
1738,hyper_lattice_shard_1738,Hyper Lattice Shard #1738,Hyper-Dimensional Grid,,,,,,,77390523246093750000000000000000.000000,793.124912,success,,,"{""p2_amp"": ""10.000000"", ""p4_res"": ""2.000000"", ""p1_freq"": ""1.000000"", ""p3_spin"": ""0.100000""}",,t
1739,hyper_lattice_shard_1739,Hyper Lattice Shard #1739,Hyper-Dimensional Grid,,,,,,,77390523246093750000000000000000.000000,793.124912,success,,,"{""p2_amp"": ""10.000000"", ""p4_res"": ""2.000000"", ""p1_freq"": ""1.000000"", ""p3_spin"": ""0.100000""}",,t
1740,hyper_lattice_shard_1740,Hyper Lattice Shard #1740,Hyper-Dimensional Grid,,,,,,,77390523246093750000000000000000.000000,793.124912,success,,,"{""p2_amp"": ""10.000000"", ""p4_res"": ""2.000000"", ""p1_freq"": ""1.000000"", ""p3_spin"": ""0.100000""}",,t
1741,hyper_lattice_shard_1741,Hyper Lattice Shard #1741,Hyper-Dimensional Grid,,,,,,,77390523246093750000000000000000.000000,793.124912,success,,,"{""p2_amp"": ""10.000000"", ""p4_res"": ""2.000000"", ""p1_freq"": ""1.000000"", ""p3_spin"": ""0.100000""}",,t
1742,hyper_lattice_shard_1742,Hyper Lattice Shard #1742,Hyper-Dimensional Grid,,,,,,,77390523246093750000000000000000.000000,793.124912,success,,,"{""p2_amp"": ""10.000000"", ""p4_res"": ""2.000000"", ""p1_freq"": ""1.000000"", ""p3_spin"": ""0.100000""}",,t
1743,hyper_lattice_shard_1743,Hyper Lattice Shard #1743,Hyper-Dimensional Grid,,,,,,,77390523246093750000000000000000.000000,793.124912,success,,,"{""p2_amp"": ""10.000000"", ""p4_res"": ""2.000000"", ""p1_freq"": ""1.000000"", ""p3_spin"": ""0.100000""}",,t
1744,hyper_lattice_shard_1744,Hyper Lattice Shard #1744,Hyper-Dimensional Grid,,,,,,,77390523246093750000000000000000.000000,793.124912,success,,,"{""p2_amp"": ""10.000000"", ""p4_res"": ""2.000000"", ""p1_freq"": ""1.000000"", ""p3_spin"": ""0.100000""}",,t
1745,hyper_lattice_shard_1745,Hyper Lattice Shard #1745,Hyper-Dimensional Grid,,,,,,,77390523246093750000000000000000.000000,793.124912,success,,,"{""p2_amp"": ""10.000000"", ""p4_res"": ""2.000000"", ""p1_freq"": ""1.000000"", ""p3_spin"": ""0.100000""}",,t
1746,hyper_lattice_shard_1746,Hyper Lattice Shard #1746,Hyper-Dimensional Grid,,,,,,,77390523246093750000000000000000.000000,793.124912,success,,,"{""p2_amp"": ""10.000000"", ""p4_res"": ""2.000000"", ""p1_freq"": ""1.000000"", ""p3_spin"": ""0.100000""}",,t
1747,hyper_lattice_shard_1747,Hyper Lattice Shard #1747,Hyper-Dimensional Grid,,,,,,,77390523246093750000000000000000.000000,793.124912,success,,,"{""p2_amp"": ""10.000000"", ""p4_res"": ""2.000000"", ""p1_freq"": ""1.000000"", ""p3_spin"": ""0.100000""}",,t
1748,hyper_lattice_shard_1748,Hyper Lattice Shard #1748,Hyper-Dimensional Grid,,,,,,,77390523246093750000000000000000.000000,793.124912,success,,,"{""p2_amp"": ""10.000000"", ""p4_res"": ""2.000000"", ""p1_freq"": ""1.000000"", ""p3_spin"": ""0.100000""}",,t
1749,hyper_lattice_shard_1749,Hyper Lattice Shard #1749,Hyper-Dimensional Grid,,,,,,,77390523246093750000000000000000.000000,793.124912,success,,,"{""p2_amp"": ""10.000000"", ""p4_res"": ""2.000000"", ""p1_freq"": ""1.000000"", ""p3_spin"": ""0.100000""}",,t
1750,hyper_lattice_shard_1750,Hyper Lattice Shard #1750,Hyper-Dimensional Grid,,,,,,,77390523246093750000000000000000.000000,793.124912,success,,,"{""p2_amp"": ""10.000000"", ""p4_res"": ""2.000000"", ""p1_freq"": ""1.000000"", ""p3_spin"": ""0.100000""}",,t
1751,hyper_lattice_shard_1751,Hyper Lattice Shard #1751,Hyper-Dimensional Grid,,,,,,,77390523246093750000000000000000.000000,793.124912,success,,,"{""p2_amp"": ""10.000000"", ""p4_res"": ""2.000000"", ""p1_freq"": ""1.000000"", ""p3_spin"": ""0.100000""}",,t
1752,hyper_lattice_shard_1752,Hyper Lattice Shard #1752,Hyper-Dimensional Grid,,,,,,,77390523246093750000000000000000.000000,793.124912,success,,,"{""p2_amp"": ""10.000000"", ""p4_res"": ""2.000000"", ""p1_freq"": ""1.000000"", ""p3_spin"": ""0.100000""}",,t
1753,hyper_lattice_shard_1753,Hyper Lattice Shard #1753,Hyper-Dimensional Grid,,,,,,,77390523246093750000000000000000.000000,793.124912,success,,,"{""p2_amp"": ""10.000000"", ""p4_res"": ""2.000000"", ""p1_freq"": ""1.000000"", ""p3_spin"": ""0.100000""}",,t
1754,hyper_lattice_shard_1754,Hyper Lattice Shard #1754,Hyper-Dimensional Grid,,,,,,,77390523246093750000000000000000.000000,793.124912,success,,,"{""p2_amp"": ""10.000000"", ""p4_res"": ""2.000000"", ""p1_freq"": ""1.000000"", ""p3_spin"": ""0.100000""}",,t
1755,hyper_lattice_shard_1755,Hyper Lattice Shard #1755,Hyper-Dimensional Grid,,,,,,,77390523246093750000000000000000.000000,793.124912,success,,,"{""p2_amp"": ""10.000000"", ""p4_res"": ""2.000000"", ""p1_freq"": ""1.000000"", ""p3_spin"": ""0.100000""}",,t
1756,hyper_lattice_shard_1756,Hyper Lattice Shard #1756,Hyper-Dimensional Grid,,,,,,,77390523246093750000000000000000.000000,793.124912,success,,,"{""p2_amp"": ""10.000000"", ""p4_res"": ""2.000000"", ""p1_freq"": ""1.000000"", ""p3_spin"": ""0.100000""}",,t
1757,hyper_lattice_shard_1757,Hyper Lattice Shard #1757,Hyper-Dimensional Grid,,,,,,,77390523246093750000000000000000.000000,793.124912,success,,,"{""p2_amp"": ""10.000000"", ""p4_res"": ""2.000000"", ""p1_freq"": ""1.000000"", ""p3_spin"": ""0.100000""}",,t
1758,hyper_lattice_shard_1758,Hyper Lattice Shard #1758,Hyper-Dimensional Grid,,,,,,,77390523246093750000000000000000.000000,793.124912,success,,,"{""p2_amp"": ""10.000000"", ""p4_res"": ""2.000000"", ""p1_freq"": ""1.000000"", ""p3_spin"": ""0.100000""}",,t
1759,hyper_lattice_shard_1759,Hyper Lattice Shard #1759,Hyper-Dimensional Grid,,,,,,,77390523246093750000000000000000.000000,793.124912,success,,,"{""p2_amp"": ""10.000000"", ""p4_res"": ""2.000000"", ""p1_freq"": ""1.000000"", ""p3_spin"": ""0.100000""}",,t
1760,hyper_lattice_shard_1760,Hyper Lattice Shard #1760,Hyper-Dimensional Grid,,,,,,,77390523246093750000000000000000.000000,793.124912,success,,,"{""p2_amp"": ""10.000000"", ""p4_res"": ""2.000000"", ""p1_freq"": ""1.000000"", ""p3_spin"": ""0.100000""}",,t
1761,hyper_lattice_shard_1761,Hyper Lattice Shard #1761,Hyper-Dimensional Grid,,,,,,,77390523246093750000000000000000.000000,793.124912,success,,,"{""p2_amp"": ""10.000000"", ""p4_res"": ""2.000000"", ""p1_freq"": ""1.000000"", ""p3_spin"": ""0.100000""}",,t
1762,hyper_lattice_shard_1762,Hyper Lattice Shard #1762,Hyper-Dimensional Grid,,,,,,,77390523246093750000000000000000.000000,793.124912,success,,,"{""p2_amp"": ""10.000000"", ""p4_res"": ""2.000000"", ""p1_freq"": ""1.000000"", ""p3_spin"": ""0.100000""}",,t
1763,hyper_lattice_shard_1763,Hyper Lattice Shard #1763,Hyper-Dimensional Grid,,,,,,,77390523246093750000000000000000.000000,793.124912,success,,,"{""p2_amp"": ""10.000000"", ""p4_res"": ""2.000000"", ""p1_freq"": ""1.000000"", ""p3_spin"": ""0.100000""}",,t
1764,hyper_lattice_shard_1764,Hyper Lattice Shard #1764,Hyper-Dimensional Grid,,,,,,,77390523246093750000000000000000.000000,793.124912,success,,,"{""p2_amp"": ""10.000000"", ""p4_res"": ""2.000000"", ""p1_freq"": ""1.000000"", ""p3_spin"": ""0.100000""}",,t
1765,hyper_lattice_shard_1765,Hyper Lattice Shard #1765,Hyper-Dimensional Grid,,,,,,,77390523246093750000000000000000.000000,793.124912,success,,,"{""p2_amp"": ""10.000000"", ""p4_res"": ""2.000000"", ""p1_freq"": ""1.000000"", ""p3_spin"": ""0.100000""}",,t
1766,hyper_lattice_shard_1766,Hyper Lattice Shard #1766,Hyper-Dimensional Grid,,,,,,,77390523246093750000000000000000.000000,793.124912,success,,,"{""p2_amp"": ""10.000000"", ""p4_res"": ""2.000000"", ""p1_freq"": ""1.000000"", ""p3_spin"": ""0.100000""}",,t
1767,hyper_lattice_shard_1767,Hyper Lattice Shard #1767,Hyper-Dimensional Grid,,,,,,,77390523246093750000000000000000.000000,793.124912,success,,,"{""p2_amp"": ""10.000000"", ""p4_res"": ""2.000000"", ""p1_freq"": ""1.000000"", ""p3_spin"": ""0.100000""}",,t
1768,hyper_lattice_shard_1768,Hyper Lattice Shard #1768,Hyper-Dimensional Grid,,,,,,,77390523246093750000000000000000.000000,793.124912,success,,,"{""p2_amp"": ""10.000000"", ""p4_res"": ""2.000000"", ""p1_freq"": ""1.000000"", ""p3_spin"": ""0.100000""}",,t
1769,hyper_lattice_shard_1769,Hyper Lattice Shard #1769,Hyper-Dimensional Grid,,,,,,,77390523246093750000000000000000.000000,793.124912,success,,,"{""p2_amp"": ""10.000000"", ""p4_res"": ""2.000000"", ""p1_freq"": ""1.000000"", ""p3_spin"": ""0.100000""}",,t
1770,hyper_lattice_shard_1770,Hyper Lattice Shard #1770,Hyper-Dimensional Grid,,,,,,,77390523246093750000000000000000.000000,793.124912,success,,,"{""p2_amp"": ""10.000000"", ""p4_res"": ""2.000000"", ""p1_freq"": ""1.000000"", ""p3_spin"": ""0.100000""}",,t
1771,hyper_lattice_shard_1771,Hyper Lattice Shard #1771,Hyper-Dimensional Grid,,,,,,,77390523246093750000000000000000.000000,793.124912,success,,,"{""p2_amp"": ""10.000000"", ""p4_res"": ""2.000000"", ""p1_freq"": ""1.000000"", ""p3_spin"": ""0.100000""}",,t
1772,hyper_lattice_shard_1772,Hyper Lattice Shard #1772,Hyper-Dimensional Grid,,,,,,,77390523246093750000000000000000.000000,793.124912,success,,,"{""p2_amp"": ""10.000000"", ""p4_res"": ""2.000000"", ""p1_freq"": ""1.000000"", ""p3_spin"": ""0.100000""}",,t
1773,hyper_lattice_shard_1773,Hyper Lattice Shard #1773,Hyper-Dimensional Grid,,,,,,,77390523246093750000000000000000.000000,793.124912,success,,,"{""p2_amp"": ""10.000000"", ""p4_res"": ""2.000000"", ""p1_freq"": ""1.000000"", ""p3_spin"": ""0.100000""}",,t
1774,hyper_lattice_shard_1774,Hyper Lattice Shard #1774,Hyper-Dimensional Grid,,,,,,,77390523246093750000000000000000.000000,793.124912,success,,,"{""p2_amp"": ""10.000000"", ""p4_res"": ""2.000000"", ""p1_freq"": ""1.000000"", ""p3_spin"": ""0.100000""}",,t
1775,hyper_lattice_shard_1775,Hyper Lattice Shard #1775,Hyper-Dimensional Grid,,,,,,,77390523246093750000000000000000.000000,793.124912,success,,,"{""p2_amp"": ""10.000000"", ""p4_res"": ""2.000000"", ""p1_freq"": ""1.000000"", ""p3_spin"": ""0.100000""}",,t
1776,hyper_lattice_shard_1776,Hyper Lattice Shard #1776,Hyper-Dimensional Grid,,,,,,,77390523246093750000000000000000.000000,793.124912,success,,,"{""p2_amp"": ""10.000000"", ""p4_res"": ""2.000000"", ""p1_freq"": ""1.000000"", ""p3_spin"": ""0.100000""}",,t
1777,hyper_lattice_shard_1777,Hyper Lattice Shard #1777,Hyper-Dimensional Grid,,,,,,,77390523246093750000000000000000.000000,793.124912,success,,,"{""p2_amp"": ""10.000000"", ""p4_res"": ""2.000000"", ""p1_freq"": ""1.000000"", ""p3_spin"": ""0.100000""}",,t
1778,hyper_lattice_shard_1778,Hyper Lattice Shard #1778,Hyper-Dimensional Grid,,,,,,,77390523246093750000000000000000.000000,793.124912,success,,,"{""p2_amp"": ""10.000000"", ""p4_res"": ""2.000000"", ""p1_freq"": ""1.000000"", ""p3_spin"": ""0.100000""}",,t
1779,hyper_lattice_shard_1779,Hyper Lattice Shard #1779,Hyper-Dimensional Grid,,,,,,,77390523246093750000000000000000.000000,793.124912,success,,,"{""p2_amp"": ""10.000000"", ""p4_res"": ""2.000000"", ""p1_freq"": ""1.000000"", ""p3_spin"": ""0.100000""}",,t
1780,hyper_lattice_shard_1780,Hyper Lattice Shard #1780,Hyper-Dimensional Grid,,,,,,,77390523246093750000000000000000.000000,793.124912,success,,,"{""p2_amp"": ""10.000000"", ""p4_res"": ""2.000000"", ""p1_freq"": ""1.000000"", ""p3_spin"": ""0.100000""}",,t
1781,hyper_lattice_shard_1781,Hyper Lattice Shard #1781,Hyper-Dimensional Grid,,,,,,,77390523246093750000000000000000.000000,793.124912,success,,,"{""p2_amp"": ""10.000000"", ""p4_res"": ""2.000000"", ""p1_freq"": ""1.000000"", ""p3_spin"": ""0.100000""}",,t
1782,hyper_lattice_shard_1782,Hyper Lattice Shard #1782,Hyper-Dimensional Grid,,,,,,,77390523246093750000000000000000.000000,793.124912,success,,,"{""p2_amp"": ""10.000000"", ""p4_res"": ""2.000000"", ""p1_freq"": ""1.000000"", ""p3_spin"": ""0.100000""}",,t
1783,hyper_lattice_shard_1783,Hyper Lattice Shard #1783,Hyper-Dimensional Grid,,,,,,,77390523246093750000000000000000.000000,793.124912,success,,,"{""p2_amp"": ""10.000000"", ""p4_res"": ""2.000000"", ""p1_freq"": ""1.000000"", ""p3_spin"": ""0.100000""}",,t
1784,hyper_lattice_shard_1784,Hyper Lattice Shard #1784,Hyper-Dimensional Grid,,,,,,,77390523246093750000000000000000.000000,793.124912,success,,,"{""p2_amp"": ""10.000000"", ""p4_res"": ""2.000000"", ""p1_freq"": ""1.000000"", ""p3_spin"": ""0.100000""}",,t
1785,hyper_lattice_shard_1785,Hyper Lattice Shard #1785,Hyper-Dimensional Grid,,,,,,,77390523246093750000000000000000.000000,793.124912,success,,,"{""p2_amp"": ""10.000000"", ""p4_res"": ""2.000000"", ""p1_freq"": ""1.000000"", ""p3_spin"": ""0.100000""}",,t
1786,hyper_lattice_shard_1786,Hyper Lattice Shard #1786,Hyper-Dimensional Grid,,,,,,,77390523246093750000000000000000.000000,793.124912,success,,,"{""p2_amp"": ""10.000000"", ""p4_res"": ""2.000000"", ""p1_freq"": ""1.000000"", ""p3_spin"": ""0.100000""}",,t
1787,hyper_lattice_shard_1787,Hyper Lattice Shard #1787,Hyper-Dimensional Grid,,,,,,,77390523246093750000000000000000.000000,793.124912,success,,,"{""p2_amp"": ""10.000000"", ""p4_res"": ""2.000000"", ""p1_freq"": ""1.000000"", ""p3_spin"": ""0.100000""}",,t
1788,hyper_lattice_shard_1788,Hyper Lattice Shard #1788,Hyper-Dimensional Grid,,,,,,,77390523246093750000000000000000.000000,793.124912,success,,,"{""p2_amp"": ""10.000000"", ""p4_res"": ""2.000000"", ""p1_freq"": ""1.000000"", ""p3_spin"": ""0.100000""}",,t
1789,hyper_lattice_shard_1789,Hyper Lattice Shard #1789,Hyper-Dimensional Grid,,,,,,,77390523246093750000000000000000.000000,793.124912,success,,,"{""p2_amp"": ""10.000000"", ""p4_res"": ""2.000000"", ""p1_freq"": ""1.000000"", ""p3_spin"": ""0.100000""}",,t
1790,hyper_lattice_shard_1790,Hyper Lattice Shard #1790,Hyper-Dimensional Grid,,,,,,,77390523246093750000000000000000.000000,793.124912,success,,,"{""p2_amp"": ""10.000000"", ""p4_res"": ""2.000000"", ""p1_freq"": ""1.000000"", ""p3_spin"": ""0.100000""}",,t
1791,hyper_lattice_shard_1791,Hyper Lattice Shard #1791,Hyper-Dimensional Grid,,,,,,,77390523246093750000000000000000.000000,793.124912,success,,,"{""p2_amp"": ""10.000000"", ""p4_res"": ""2.000000"", ""p1_freq"": ""1.000000"", ""p3_spin"": ""0.100000""}",,t
1792,hyper_lattice_shard_1792,Hyper Lattice Shard #1792,Hyper-Dimensional Grid,,,,,,,77390523246093750000000000000000.000000,793.124912,success,,,"{""p2_amp"": ""10.000000"", ""p4_res"": ""2.000000"", ""p1_freq"": ""1.000000"", ""p3_spin"": ""0.100000""}",,t
1793,hyper_lattice_shard_1793,Hyper Lattice Shard #1793,Hyper-Dimensional Grid,,,,,,,77390523246093750000000000000000.000000,793.124912,success,,,"{""p2_amp"": ""10.000000"", ""p4_res"": ""2.000000"", ""p1_freq"": ""1.000000"", ""p3_spin"": ""0.100000""}",,t
1794,hyper_lattice_shard_1794,Hyper Lattice Shard #1794,Hyper-Dimensional Grid,,,,,,,77390523246093750000000000000000.000000,793.124912,success,,,"{""p2_amp"": ""10.000000"", ""p4_res"": ""2.000000"", ""p1_freq"": ""1.000000"", ""p3_spin"": ""0.100000""}",,t
1795,hyper_lattice_shard_1795,Hyper Lattice Shard #1795,Hyper-Dimensional Grid,,,,,,,77390523246093750000000000000000.000000,793.124912,success,,,"{""p2_amp"": ""10.000000"", ""p4_res"": ""2.000000"", ""p1_freq"": ""1.000000"", ""p3_spin"": ""0.100000""}",,t
1796,hyper_lattice_shard_1796,Hyper Lattice Shard #1796,Hyper-Dimensional Grid,,,,,,,77390523246093750000000000000000.000000,793.124912,success,,,"{""p2_amp"": ""10.000000"", ""p4_res"": ""2.000000"", ""p1_freq"": ""1.000000"", ""p3_spin"": ""0.100000""}",,t
1797,hyper_lattice_shard_1797,Hyper Lattice Shard #1797,Hyper-Dimensional Grid,,,,,,,77390523246093750000000000000000.000000,793.124912,success,,,"{""p2_amp"": ""10.000000"", ""p4_res"": ""2.000000"", ""p1_freq"": ""1.000000"", ""p3_spin"": ""0.100000""}",,t
1798,hyper_lattice_shard_1798,Hyper Lattice Shard #1798,Hyper-Dimensional Grid,,,,,,,77390523246093750000000000000000.000000,793.124912,success,,,"{""p2_amp"": ""10.000000"", ""p4_res"": ""2.000000"", ""p1_freq"": ""1.000000"", ""p3_spin"": ""0.100000""}",,t
1799,hyper_lattice_shard_1799,Hyper Lattice Shard #1799,Hyper-Dimensional Grid,,,,,,,77390523246093750000000000000000.000000,793.124912,success,,,"{""p2_amp"": ""10.000000"", ""p4_res"": ""2.000000"", ""p1_freq"": ""1.000000"", ""p3_spin"": ""0.100000""}",,t
1800,hyper_lattice_shard_1800,Hyper Lattice Shard #1800,Hyper-Dimensional Grid,,,,,,,77390523246093750000000000000000.000000,793.124912,success,,,"{""p2_amp"": ""10.000000"", ""p4_res"": ""2.000000"", ""p1_freq"": ""1.000000"", ""p3_spin"": ""0.100000""}",,t
1801,hyper_lattice_shard_1801,Hyper Lattice Shard #1801,Hyper-Dimensional Grid,,,,,,,77390523246093750000000000000000.000000,793.124912,success,,,"{""p2_amp"": ""10.000000"", ""p4_res"": ""2.000000"", ""p1_freq"": ""1.000000"", ""p3_spin"": ""0.100000""}",,t
1802,hyper_lattice_shard_1802,Hyper Lattice Shard #1802,Hyper-Dimensional Grid,,,,,,,77390523246093750000000000000000.000000,793.124912,success,,,"{""p2_amp"": ""10.000000"", ""p4_res"": ""2.000000"", ""p1_freq"": ""1.000000"", ""p3_spin"": ""0.100000""}",,t
1803,hyper_lattice_shard_1803,Hyper Lattice Shard #1803,Hyper-Dimensional Grid,,,,,,,77390523246093750000000000000000.000000,793.124912,success,,,"{""p2_amp"": ""10.000000"", ""p4_res"": ""2.000000"", ""p1_freq"": ""1.000000"", ""p3_spin"": ""0.100000""}",,t
1804,hyper_lattice_shard_1804,Hyper Lattice Shard #1804,Hyper-Dimensional Grid,,,,,,,77390523246093750000000000000000.000000,793.124912,success,,,"{""p2_amp"": ""10.000000"", ""p4_res"": ""2.000000"", ""p1_freq"": ""1.000000"", ""p3_spin"": ""0.100000""}",,t
1805,hyper_lattice_shard_1805,Hyper Lattice Shard #1805,Hyper-Dimensional Grid,,,,,,,77390523246093750000000000000000.000000,793.124912,success,,,"{""p2_amp"": ""10.000000"", ""p4_res"": ""2.000000"", ""p1_freq"": ""1.000000"", ""p3_spin"": ""0.100000""}",,t
1806,hyper_lattice_shard_1806,Hyper Lattice Shard #1806,Hyper-Dimensional Grid,,,,,,,77390523246093750000000000000000.000000,793.124912,success,,,"{""p2_amp"": ""10.000000"", ""p4_res"": ""2.000000"", ""p1_freq"": ""1.000000"", ""p3_spin"": ""0.100000""}",,t
1807,hyper_lattice_shard_1807,Hyper Lattice Shard #1807,Hyper-Dimensional Grid,,,,,,,77390523246093750000000000000000.000000,793.124912,success,,,"{""p2_amp"": ""10.000000"", ""p4_res"": ""2.000000"", ""p1_freq"": ""1.000000"", ""p3_spin"": ""0.100000""}",,t
1808,hyper_lattice_shard_1808,Hyper Lattice Shard #1808,Hyper-Dimensional Grid,,,,,,,77390523246093750000000000000000.000000,793.124912,success,,,"{""p2_amp"": ""10.000000"", ""p4_res"": ""2.000000"", ""p1_freq"": ""1.000000"", ""p3_spin"": ""0.100000""}",,t
1809,hyper_lattice_shard_1809,Hyper Lattice Shard #1809,Hyper-Dimensional Grid,,,,,,,77390523246093750000000000000000.000000,793.124912,success,,,"{""p2_amp"": ""10.000000"", ""p4_res"": ""2.000000"", ""p1_freq"": ""1.000000"", ""p3_spin"": ""0.100000""}",,t
1810,hyper_lattice_shard_1810,Hyper Lattice Shard #1810,Hyper-Dimensional Grid,,,,,,,77390523246093750000000000000000.000000,793.124912,success,,,"{""p2_amp"": ""10.000000"", ""p4_res"": ""2.000000"", ""p1_freq"": ""1.000000"", ""p3_spin"": ""0.100000""}",,t
1811,hyper_lattice_shard_1811,Hyper Lattice Shard #1811,Hyper-Dimensional Grid,,,,,,,77390523246093750000000000000000.000000,793.124912,success,,,"{""p2_amp"": ""10.000000"", ""p4_res"": ""2.000000"", ""p1_freq"": ""1.000000"", ""p3_spin"": ""0.100000""}",,t
1812,hyper_lattice_shard_1812,Hyper Lattice Shard #1812,Hyper-Dimensional Grid,,,,,,,77390523246093750000000000000000.000000,793.124912,success,,,"{""p2_amp"": ""10.000000"", ""p4_res"": ""2.000000"", ""p1_freq"": ""1.000000"", ""p3_spin"": ""0.100000""}",,t
1813,hyper_lattice_shard_1813,Hyper Lattice Shard #1813,Hyper-Dimensional Grid,,,,,,,77390523246093750000000000000000.000000,793.124912,success,,,"{""p2_amp"": ""10.000000"", ""p4_res"": ""2.000000"", ""p1_freq"": ""1.000000"", ""p3_spin"": ""0.100000""}",,t
1814,hyper_lattice_shard_1814,Hyper Lattice Shard #1814,Hyper-Dimensional Grid,,,,,,,77390523246093750000000000000000.000000,793.124912,success,,,"{""p2_amp"": ""10.000000"", ""p4_res"": ""2.000000"", ""p1_freq"": ""1.000000"", ""p3_spin"": ""0.100000""}",,t
1815,hyper_lattice_shard_1815,Hyper Lattice Shard #1815,Hyper-Dimensional Grid,,,,,,,77390523246093750000000000000000.000000,793.124912,success,,,"{""p2_amp"": ""10.000000"", ""p4_res"": ""2.000000"", ""p1_freq"": ""1.000000"", ""p3_spin"": ""0.100000""}",,t
1816,hyper_lattice_shard_1816,Hyper Lattice Shard #1816,Hyper-Dimensional Grid,,,,,,,77390523246093750000000000000000.000000,793.124912,success,,,"{""p2_amp"": ""10.000000"", ""p4_res"": ""2.000000"", ""p1_freq"": ""1.000000"", ""p3_spin"": ""0.100000""}",,t
1817,hyper_lattice_shard_1817,Hyper Lattice Shard #1817,Hyper-Dimensional Grid,,,,,,,77390523246093750000000000000000.000000,793.124912,success,,,"{""p2_amp"": ""10.000000"", ""p4_res"": ""2.000000"", ""p1_freq"": ""1.000000"", ""p3_spin"": ""0.100000""}",,t
1818,hyper_lattice_shard_1818,Hyper Lattice Shard #1818,Hyper-Dimensional Grid,,,,,,,77390523246093750000000000000000.000000,793.124912,success,,,"{""p2_amp"": ""10.000000"", ""p4_res"": ""2.000000"", ""p1_freq"": ""1.000000"", ""p3_spin"": ""0.100000""}",,t
1819,hyper_lattice_shard_1819,Hyper Lattice Shard #1819,Hyper-Dimensional Grid,,,,,,,77390523246093750000000000000000.000000,793.124912,success,,,"{""p2_amp"": ""10.000000"", ""p4_res"": ""2.000000"", ""p1_freq"": ""1.000000"", ""p3_spin"": ""0.100000""}",,t
1820,hyper_lattice_shard_1820,Hyper Lattice Shard #1820,Hyper-Dimensional Grid,,,,,,,77390523246093750000000000000000.000000,793.124912,success,,,"{""p2_amp"": ""10.000000"", ""p4_res"": ""2.000000"", ""p1_freq"": ""1.000000"", ""p3_spin"": ""0.100000""}",,t
1821,hyper_lattice_shard_1821,Hyper Lattice Shard #1821,Hyper-Dimensional Grid,,,,,,,77390523246093750000000000000000.000000,793.124912,success,,,"{""p2_amp"": ""10.000000"", ""p4_res"": ""2.000000"", ""p1_freq"": ""1.000000"", ""p3_spin"": ""0.100000""}",,t
1822,hyper_lattice_shard_1822,Hyper Lattice Shard #1822,Hyper-Dimensional Grid,,,,,,,77390523246093750000000000000000.000000,793.124912,success,,,"{""p2_amp"": ""10.000000"", ""p4_res"": ""2.000000"", ""p1_freq"": ""1.000000"", ""p3_spin"": ""0.100000""}",,t
1823,hyper_lattice_shard_1823,Hyper Lattice Shard #1823,Hyper-Dimensional Grid,,,,,,,77390523246093750000000000000000.000000,793.124912,success,,,"{""p2_amp"": ""10.000000"", ""p4_res"": ""2.000000"", ""p1_freq"": ""1.000000"", ""p3_spin"": ""0.100000""}",,t
1824,hyper_lattice_shard_1824,Hyper Lattice Shard #1824,Hyper-Dimensional Grid,,,,,,,77390523246093750000000000000000.000000,793.124912,success,,,"{""p2_amp"": ""10.000000"", ""p4_res"": ""2.000000"", ""p1_freq"": ""1.000000"", ""p3_spin"": ""0.100000""}",,t
1825,hyper_lattice_shard_1825,Hyper Lattice Shard #1825,Hyper-Dimensional Grid,,,,,,,77390523246093750000000000000000.000000,793.124912,success,,,"{""p2_amp"": ""10.000000"", ""p4_res"": ""2.000000"", ""p1_freq"": ""1.000000"", ""p3_spin"": ""0.100000""}",,t
1826,hyper_lattice_shard_1826,Hyper Lattice Shard #1826,Hyper-Dimensional Grid,,,,,,,77390523246093750000000000000000.000000,793.124912,success,,,"{""p2_amp"": ""10.000000"", ""p4_res"": ""2.000000"", ""p1_freq"": ""1.000000"", ""p3_spin"": ""0.100000""}",,t
1827,hyper_lattice_shard_1827,Hyper Lattice Shard #1827,Hyper-Dimensional Grid,,,,,,,77390523246093750000000000000000.000000,793.124912,success,,,"{""p2_amp"": ""10.000000"", ""p4_res"": ""2.000000"", ""p1_freq"": ""1.000000"", ""p3_spin"": ""0.100000""}",,t
1828,hyper_lattice_shard_1828,Hyper Lattice Shard #1828,Hyper-Dimensional Grid,,,,,,,77390523246093750000000000000000.000000,793.124912,success,,,"{""p2_amp"": ""10.000000"", ""p4_res"": ""2.000000"", ""p1_freq"": ""1.000000"", ""p3_spin"": ""0.100000""}",,t
1829,hyper_lattice_shard_1829,Hyper Lattice Shard #1829,Hyper-Dimensional Grid,,,,,,,77390523246093750000000000000000.000000,793.124912,success,,,"{""p2_amp"": ""10.000000"", ""p4_res"": ""2.000000"", ""p1_freq"": ""1.000000"", ""p3_spin"": ""0.100000""}",,t
1830,hyper_lattice_shard_1830,Hyper Lattice Shard #1830,Hyper-Dimensional Grid,,,,,,,77390523246093750000000000000000.000000,793.124912,success,,,"{""p2_amp"": ""10.000000"", ""p4_res"": ""2.000000"", ""p1_freq"": ""1.000000"", ""p3_spin"": ""0.100000""}",,t
1831,hyper_lattice_shard_1831,Hyper Lattice Shard #1831,Hyper-Dimensional Grid,,,,,,,77390523246093750000000000000000.000000,793.124912,success,,,"{""p2_amp"": ""10.000000"", ""p4_res"": ""2.000000"", ""p1_freq"": ""1.000000"", ""p3_spin"": ""0.100000""}",,t
1832,hyper_lattice_shard_1832,Hyper Lattice Shard #1832,Hyper-Dimensional Grid,,,,,,,77390523246093750000000000000000.000000,793.124912,success,,,"{""p2_amp"": ""10.000000"", ""p4_res"": ""2.000000"", ""p1_freq"": ""1.000000"", ""p3_spin"": ""0.100000""}",,t
1833,hyper_lattice_shard_1833,Hyper Lattice Shard #1833,Hyper-Dimensional Grid,,,,,,,77390523246093750000000000000000.000000,793.124912,success,,,"{""p2_amp"": ""10.000000"", ""p4_res"": ""2.000000"", ""p1_freq"": ""1.000000"", ""p3_spin"": ""0.100000""}",,t
1834,hyper_lattice_shard_1834,Hyper Lattice Shard #1834,Hyper-Dimensional Grid,,,,,,,77390523246093750000000000000000.000000,793.124912,success,,,"{""p2_amp"": ""10.000000"", ""p4_res"": ""2.000000"", ""p1_freq"": ""1.000000"", ""p3_spin"": ""0.100000""}",,t
1835,hyper_lattice_shard_1835,Hyper Lattice Shard #1835,Hyper-Dimensional Grid,,,,,,,77390523246093750000000000000000.000000,793.124912,success,,,"{""p2_amp"": ""10.000000"", ""p4_res"": ""2.000000"", ""p1_freq"": ""1.000000"", ""p3_spin"": ""0.100000""}",,t
1836,hyper_lattice_shard_1836,Hyper Lattice Shard #1836,Hyper-Dimensional Grid,,,,,,,77390523246093750000000000000000.000000,793.124912,success,,,"{""p2_amp"": ""10.000000"", ""p4_res"": ""2.000000"", ""p1_freq"": ""1.000000"", ""p3_spin"": ""0.100000""}",,t
1837,hyper_lattice_shard_1837,Hyper Lattice Shard #1837,Hyper-Dimensional Grid,,,,,,,77390523246093750000000000000000.000000,793.124912,success,,,"{""p2_amp"": ""10.000000"", ""p4_res"": ""2.000000"", ""p1_freq"": ""1.000000"", ""p3_spin"": ""0.100000""}",,t
1838,hyper_lattice_shard_1838,Hyper Lattice Shard #1838,Hyper-Dimensional Grid,,,,,,,77390523246093750000000000000000.000000,793.124912,success,,,"{""p2_amp"": ""10.000000"", ""p4_res"": ""2.000000"", ""p1_freq"": ""1.000000"", ""p3_spin"": ""0.100000""}",,t
1839,hyper_lattice_shard_1839,Hyper Lattice Shard #1839,Hyper-Dimensional Grid,,,,,,,77390523246093750000000000000000.000000,793.124912,success,,,"{""p2_amp"": ""10.000000"", ""p4_res"": ""2.000000"", ""p1_freq"": ""1.000000"", ""p3_spin"": ""0.100000""}",,t
1840,hyper_lattice_shard_1840,Hyper Lattice Shard #1840,Hyper-Dimensional Grid,,,,,,,77390523246093750000000000000000.000000,793.124912,success,,,"{""p2_amp"": ""10.000000"", ""p4_res"": ""2.000000"", ""p1_freq"": ""1.000000"", ""p3_spin"": ""0.100000""}",,t
1841,hyper_lattice_shard_1841,Hyper Lattice Shard #1841,Hyper-Dimensional Grid,,,,,,,77390523246093750000000000000000.000000,793.124912,success,,,"{""p2_amp"": ""10.000000"", ""p4_res"": ""2.000000"", ""p1_freq"": ""1.000000"", ""p3_spin"": ""0.100000""}",,t
1842,hyper_lattice_shard_1842,Hyper Lattice Shard #1842,Hyper-Dimensional Grid,,,,,,,77390523246093750000000000000000.000000,793.124912,success,,,"{""p2_amp"": ""10.000000"", ""p4_res"": ""2.000000"", ""p1_freq"": ""1.000000"", ""p3_spin"": ""0.100000""}",,t
1843,hyper_lattice_shard_1843,Hyper Lattice Shard #1843,Hyper-Dimensional Grid,,,,,,,77390523246093750000000000000000.000000,793.124912,success,,,"{""p2_amp"": ""10.000000"", ""p4_res"": ""2.000000"", ""p1_freq"": ""1.000000"", ""p3_spin"": ""0.100000""}",,t
1844,hyper_lattice_shard_1844,Hyper Lattice Shard #1844,Hyper-Dimensional Grid,,,,,,,77390523246093750000000000000000.000000,793.124912,success,,,"{""p2_amp"": ""10.000000"", ""p4_res"": ""2.000000"", ""p1_freq"": ""1.000000"", ""p3_spin"": ""0.100000""}",,t
1845,hyper_lattice_shard_1845,Hyper Lattice Shard #1845,Hyper-Dimensional Grid,,,,,,,77390523246093750000000000000000.000000,793.124912,success,,,"{""p2_amp"": ""10.000000"", ""p4_res"": ""2.000000"", ""p1_freq"": ""1.000000"", ""p3_spin"": ""0.100000""}",,t
1846,hyper_lattice_shard_1846,Hyper Lattice Shard #1846,Hyper-Dimensional Grid,,,,,,,77390523246093750000000000000000.000000,793.124912,success,,,"{""p2_amp"": ""10.000000"", ""p4_res"": ""2.000000"", ""p1_freq"": ""1.000000"", ""p3_spin"": ""0.100000""}",,t
1847,hyper_lattice_shard_1847,Hyper Lattice Shard #1847,Hyper-Dimensional Grid,,,,,,,77390523246093750000000000000000.000000,793.124912,success,,,"{""p2_amp"": ""10.000000"", ""p4_res"": ""2.000000"", ""p1_freq"": ""1.000000"", ""p3_spin"": ""0.100000""}",,t
1848,hyper_lattice_shard_1848,Hyper Lattice Shard #1848,Hyper-Dimensional Grid,,,,,,,77390523246093750000000000000000.000000,793.124912,success,,,"{""p2_amp"": ""10.000000"", ""p4_res"": ""2.000000"", ""p1_freq"": ""1.000000"", ""p3_spin"": ""0.100000""}",,t
1849,hyper_lattice_shard_1849,Hyper Lattice Shard #1849,Hyper-Dimensional Grid,,,,,,,77390523246093750000000000000000.000000,793.124912,success,,,"{""p2_amp"": ""10.000000"", ""p4_res"": ""2.000000"", ""p1_freq"": ""1.000000"", ""p3_spin"": ""0.100000""}",,t
1850,hyper_lattice_shard_1850,Hyper Lattice Shard #1850,Hyper-Dimensional Grid,,,,,,,77390523246093750000000000000000.000000,793.124912,success,,,"{""p2_amp"": ""10.000000"", ""p4_res"": ""2.000000"", ""p1_freq"": ""1.000000"", ""p3_spin"": ""0.100000""}",,t
1851,hyper_lattice_shard_1851,Hyper Lattice Shard #1851,Hyper-Dimensional Grid,,,,,,,77390523246093750000000000000000.000000,793.124912,success,,,"{""p2_amp"": ""10.000000"", ""p4_res"": ""2.000000"", ""p1_freq"": ""1.000000"", ""p3_spin"": ""0.100000""}",,t
1852,hyper_lattice_shard_1852,Hyper Lattice Shard #1852,Hyper-Dimensional Grid,,,,,,,77390523246093750000000000000000.000000,793.124912,success,,,"{""p2_amp"": ""10.000000"", ""p4_res"": ""2.000000"", ""p1_freq"": ""1.000000"", ""p3_spin"": ""0.100000""}",,t
1853,hyper_lattice_shard_1853,Hyper Lattice Shard #1853,Hyper-Dimensional Grid,,,,,,,77390523246093750000000000000000.000000,793.124912,success,,,"{""p2_amp"": ""10.000000"", ""p4_res"": ""2.000000"", ""p1_freq"": ""1.000000"", ""p3_spin"": ""0.100000""}",,t
1854,hyper_lattice_shard_1854,Hyper Lattice Shard #1854,Hyper-Dimensional Grid,,,,,,,77390523246093750000000000000000.000000,793.124912,success,,,"{""p2_amp"": ""10.000000"", ""p4_res"": ""2.000000"", ""p1_freq"": ""1.000000"", ""p3_spin"": ""0.100000""}",,t
1855,hyper_lattice_shard_1855,Hyper Lattice Shard #1855,Hyper-Dimensional Grid,,,,,,,77390523246093750000000000000000.000000,793.124912,success,,,"{""p2_amp"": ""10.000000"", ""p4_res"": ""2.000000"", ""p1_freq"": ""1.000000"", ""p3_spin"": ""0.100000""}",,t
1856,hyper_lattice_shard_1856,Hyper Lattice Shard #1856,Hyper-Dimensional Grid,,,,,,,77390523246093750000000000000000.000000,793.124912,success,,,"{""p2_amp"": ""10.000000"", ""p4_res"": ""2.000000"", ""p1_freq"": ""1.000000"", ""p3_spin"": ""0.100000""}",,t
1857,hyper_lattice_shard_1857,Hyper Lattice Shard #1857,Hyper-Dimensional Grid,,,,,,,77390523246093750000000000000000.000000,793.124912,success,,,"{""p2_amp"": ""10.000000"", ""p4_res"": ""2.000000"", ""p1_freq"": ""1.000000"", ""p3_spin"": ""0.100000""}",,t
1858,hyper_lattice_shard_1858,Hyper Lattice Shard #1858,Hyper-Dimensional Grid,,,,,,,77390523246093750000000000000000.000000,793.124912,success,,,"{""p2_amp"": ""10.000000"", ""p4_res"": ""2.000000"", ""p1_freq"": ""1.000000"", ""p3_spin"": ""0.100000""}",,t
1859,hyper_lattice_shard_1859,Hyper Lattice Shard #1859,Hyper-Dimensional Grid,,,,,,,77390523246093750000000000000000.000000,793.124912,success,,,"{""p2_amp"": ""10.000000"", ""p4_res"": ""2.000000"", ""p1_freq"": ""1.000000"", ""p3_spin"": ""0.100000""}",,t
1860,hyper_lattice_shard_1860,Hyper Lattice Shard #1860,Hyper-Dimensional Grid,,,,,,,77390523246093750000000000000000.000000,793.124912,success,,,"{""p2_amp"": ""10.000000"", ""p4_res"": ""2.000000"", ""p1_freq"": ""1.000000"", ""p3_spin"": ""0.100000""}",,t
1861,hyper_lattice_shard_1861,Hyper Lattice Shard #1861,Hyper-Dimensional Grid,,,,,,,77390523246093750000000000000000.000000,793.124912,success,,,"{""p2_amp"": ""10.000000"", ""p4_res"": ""2.000000"", ""p1_freq"": ""1.000000"", ""p3_spin"": ""0.100000""}",,t
1862,hyper_lattice_shard_1862,Hyper Lattice Shard #1862,Hyper-Dimensional Grid,,,,,,,77390523246093750000000000000000.000000,793.124912,success,,,"{""p2_amp"": ""10.000000"", ""p4_res"": ""2.000000"", ""p1_freq"": ""1.000000"", ""p3_spin"": ""0.100000""}",,t
1863,hyper_lattice_shard_1863,Hyper Lattice Shard #1863,Hyper-Dimensional Grid,,,,,,,77390523246093750000000000000000.000000,793.124912,success,,,"{""p2_amp"": ""10.000000"", ""p4_res"": ""2.000000"", ""p1_freq"": ""1.000000"", ""p3_spin"": ""0.100000""}",,t
1864,hyper_lattice_shard_1864,Hyper Lattice Shard #1864,Hyper-Dimensional Grid,,,,,,,77390523246093750000000000000000.000000,793.124912,success,,,"{""p2_amp"": ""10.000000"", ""p4_res"": ""2.000000"", ""p1_freq"": ""1.000000"", ""p3_spin"": ""0.100000""}",,t
1865,hyper_lattice_shard_1865,Hyper Lattice Shard #1865,Hyper-Dimensional Grid,,,,,,,77390523246093750000000000000000.000000,793.124912,success,,,"{""p2_amp"": ""10.000000"", ""p4_res"": ""2.000000"", ""p1_freq"": ""1.000000"", ""p3_spin"": ""0.100000""}",,t
1866,hyper_lattice_shard_1866,Hyper Lattice Shard #1866,Hyper-Dimensional Grid,,,,,,,77390523246093750000000000000000.000000,793.124912,success,,,"{""p2_amp"": ""10.000000"", ""p4_res"": ""2.000000"", ""p1_freq"": ""1.000000"", ""p3_spin"": ""0.100000""}",,t
1867,hyper_lattice_shard_1867,Hyper Lattice Shard #1867,Hyper-Dimensional Grid,,,,,,,77390523246093750000000000000000.000000,793.124912,success,,,"{""p2_amp"": ""10.000000"", ""p4_res"": ""2.000000"", ""p1_freq"": ""1.000000"", ""p3_spin"": ""0.100000""}",,t
1868,hyper_lattice_shard_1868,Hyper Lattice Shard #1868,Hyper-Dimensional Grid,,,,,,,77390523246093750000000000000000.000000,793.124912,success,,,"{""p2_amp"": ""10.000000"", ""p4_res"": ""2.000000"", ""p1_freq"": ""1.000000"", ""p3_spin"": ""0.100000""}",,t
1869,hyper_lattice_shard_1869,Hyper Lattice Shard #1869,Hyper-Dimensional Grid,,,,,,,77390523246093750000000000000000.000000,793.124912,success,,,"{""p2_amp"": ""10.000000"", ""p4_res"": ""2.000000"", ""p1_freq"": ""1.000000"", ""p3_spin"": ""0.100000""}",,t
1870,hyper_lattice_shard_1870,Hyper Lattice Shard #1870,Hyper-Dimensional Grid,,,,,,,77390523246093750000000000000000.000000,793.124912,success,,,"{""p2_amp"": ""10.000000"", ""p4_res"": ""2.000000"", ""p1_freq"": ""1.000000"", ""p3_spin"": ""0.100000""}",,t
1871,hyper_lattice_shard_1871,Hyper Lattice Shard #1871,Hyper-Dimensional Grid,,,,,,,77390523246093750000000000000000.000000,793.124912,success,,,"{""p2_amp"": ""10.000000"", ""p4_res"": ""2.000000"", ""p1_freq"": ""1.000000"", ""p3_spin"": ""0.100000""}",,t
1872,hyper_lattice_shard_1872,Hyper Lattice Shard #1872,Hyper-Dimensional Grid,,,,,,,77390523246093750000000000000000.000000,793.124912,success,,,"{""p2_amp"": ""10.000000"", ""p4_res"": ""2.000000"", ""p1_freq"": ""1.000000"", ""p3_spin"": ""0.100000""}",,t
1873,hyper_lattice_shard_1873,Hyper Lattice Shard #1873,Hyper-Dimensional Grid,,,,,,,77390523246093750000000000000000.000000,793.124912,success,,,"{""p2_amp"": ""10.000000"", ""p4_res"": ""2.000000"", ""p1_freq"": ""1.000000"", ""p3_spin"": ""0.100000""}",,t
1874,hyper_lattice_shard_1874,Hyper Lattice Shard #1874,Hyper-Dimensional Grid,,,,,,,77390523246093750000000000000000.000000,793.124912,success,,,"{""p2_amp"": ""10.000000"", ""p4_res"": ""2.000000"", ""p1_freq"": ""1.000000"", ""p3_spin"": ""0.100000""}",,t
1875,hyper_lattice_shard_1875,Hyper Lattice Shard #1875,Hyper-Dimensional Grid,,,,,,,77390523246093750000000000000000.000000,793.124912,success,,,"{""p2_amp"": ""10.000000"", ""p4_res"": ""2.000000"", ""p1_freq"": ""1.000000"", ""p3_spin"": ""0.100000""}",,t
1876,hyper_lattice_shard_1876,Hyper Lattice Shard #1876,Hyper-Dimensional Grid,,,,,,,77390523246093750000000000000000.000000,793.124912,success,,,"{""p2_amp"": ""10.000000"", ""p4_res"": ""2.000000"", ""p1_freq"": ""1.000000"", ""p3_spin"": ""0.100000""}",,t
1877,hyper_lattice_shard_1877,Hyper Lattice Shard #1877,Hyper-Dimensional Grid,,,,,,,77390523246093750000000000000000.000000,793.124912,success,,,"{""p2_amp"": ""10.000000"", ""p4_res"": ""2.000000"", ""p1_freq"": ""1.000000"", ""p3_spin"": ""0.100000""}",,t
1878,hyper_lattice_shard_1878,Hyper Lattice Shard #1878,Hyper-Dimensional Grid,,,,,,,77390523246093750000000000000000.000000,793.124912,success,,,"{""p2_amp"": ""10.000000"", ""p4_res"": ""2.000000"", ""p1_freq"": ""1.000000"", ""p3_spin"": ""0.100000""}",,t
1879,hyper_lattice_shard_1879,Hyper Lattice Shard #1879,Hyper-Dimensional Grid,,,,,,,77390523246093750000000000000000.000000,793.124912,success,,,"{""p2_amp"": ""10.000000"", ""p4_res"": ""2.000000"", ""p1_freq"": ""1.000000"", ""p3_spin"": ""0.100000""}",,t
1880,hyper_lattice_shard_1880,Hyper Lattice Shard #1880,Hyper-Dimensional Grid,,,,,,,77390523246093750000000000000000.000000,793.124912,success,,,"{""p2_amp"": ""10.000000"", ""p4_res"": ""2.000000"", ""p1_freq"": ""1.000000"", ""p3_spin"": ""0.100000""}",,t
1881,hyper_lattice_shard_1881,Hyper Lattice Shard #1881,Hyper-Dimensional Grid,,,,,,,77390523246093750000000000000000.000000,793.124912,success,,,"{""p2_amp"": ""10.000000"", ""p4_res"": ""2.000000"", ""p1_freq"": ""1.000000"", ""p3_spin"": ""0.100000""}",,t
1882,hyper_lattice_shard_1882,Hyper Lattice Shard #1882,Hyper-Dimensional Grid,,,,,,,77390523246093750000000000000000.000000,793.124912,success,,,"{""p2_amp"": ""10.000000"", ""p4_res"": ""2.000000"", ""p1_freq"": ""1.000000"", ""p3_spin"": ""0.100000""}",,t
1883,hyper_lattice_shard_1883,Hyper Lattice Shard #1883,Hyper-Dimensional Grid,,,,,,,77390523246093750000000000000000.000000,793.124912,success,,,"{""p2_amp"": ""10.000000"", ""p4_res"": ""2.000000"", ""p1_freq"": ""1.000000"", ""p3_spin"": ""0.100000""}",,t
1884,hyper_lattice_shard_1884,Hyper Lattice Shard #1884,Hyper-Dimensional Grid,,,,,,,77390523246093750000000000000000.000000,793.124912,success,,,"{""p2_amp"": ""10.000000"", ""p4_res"": ""2.000000"", ""p1_freq"": ""1.000000"", ""p3_spin"": ""0.100000""}",,t
1885,hyper_lattice_shard_1885,Hyper Lattice Shard #1885,Hyper-Dimensional Grid,,,,,,,77390523246093750000000000000000.000000,793.124912,success,,,"{""p2_amp"": ""10.000000"", ""p4_res"": ""2.000000"", ""p1_freq"": ""1.000000"", ""p3_spin"": ""0.100000""}",,t
1886,hyper_lattice_shard_1886,Hyper Lattice Shard #1886,Hyper-Dimensional Grid,,,,,,,77390523246093750000000000000000.000000,793.124912,success,,,"{""p2_amp"": ""10.000000"", ""p4_res"": ""2.000000"", ""p1_freq"": ""1.000000"", ""p3_spin"": ""0.100000""}",,t
1887,hyper_lattice_shard_1887,Hyper Lattice Shard #1887,Hyper-Dimensional Grid,,,,,,,77390523246093750000000000000000.000000,793.124912,success,,,"{""p2_amp"": ""10.000000"", ""p4_res"": ""2.000000"", ""p1_freq"": ""1.000000"", ""p3_spin"": ""0.100000""}",,t
1888,hyper_lattice_shard_1888,Hyper Lattice Shard #1888,Hyper-Dimensional Grid,,,,,,,77390523246093750000000000000000.000000,793.124912,success,,,"{""p2_amp"": ""10.000000"", ""p4_res"": ""2.000000"", ""p1_freq"": ""1.000000"", ""p3_spin"": ""0.100000""}",,t
1889,hyper_lattice_shard_1889,Hyper Lattice Shard #1889,Hyper-Dimensional Grid,,,,,,,77390523246093750000000000000000.000000,793.124912,success,,,"{""p2_amp"": ""10.000000"", ""p4_res"": ""2.000000"", ""p1_freq"": ""1.000000"", ""p3_spin"": ""0.100000""}",,t
1890,hyper_lattice_shard_1890,Hyper Lattice Shard #1890,Hyper-Dimensional Grid,,,,,,,77390523246093750000000000000000.000000,793.124912,success,,,"{""p2_amp"": ""10.000000"", ""p4_res"": ""2.000000"", ""p1_freq"": ""1.000000"", ""p3_spin"": ""0.100000""}",,t
1891,hyper_lattice_shard_1891,Hyper Lattice Shard #1891,Hyper-Dimensional Grid,,,,,,,77390523246093750000000000000000.000000,793.124912,success,,,"{""p2_amp"": ""10.000000"", ""p4_res"": ""2.000000"", ""p1_freq"": ""1.000000"", ""p3_spin"": ""0.100000""}",,t
1892,hyper_lattice_shard_1892,Hyper Lattice Shard #1892,Hyper-Dimensional Grid,,,,,,,77390523246093750000000000000000.000000,793.124912,success,,,"{""p2_amp"": ""10.000000"", ""p4_res"": ""2.000000"", ""p1_freq"": ""1.000000"", ""p3_spin"": ""0.100000""}",,t
1893,hyper_lattice_shard_1893,Hyper Lattice Shard #1893,Hyper-Dimensional Grid,,,,,,,77390523246093750000000000000000.000000,793.124912,success,,,"{""p2_amp"": ""10.000000"", ""p4_res"": ""2.000000"", ""p1_freq"": ""1.000000"", ""p3_spin"": ""0.100000""}",,t
1894,hyper_lattice_shard_1894,Hyper Lattice Shard #1894,Hyper-Dimensional Grid,,,,,,,77390523246093750000000000000000.000000,793.124912,success,,,"{""p2_amp"": ""10.000000"", ""p4_res"": ""2.000000"", ""p1_freq"": ""1.000000"", ""p3_spin"": ""0.100000""}",,t
1895,hyper_lattice_shard_1895,Hyper Lattice Shard #1895,Hyper-Dimensional Grid,,,,,,,77390523246093750000000000000000.000000,793.124912,success,,,"{""p2_amp"": ""10.000000"", ""p4_res"": ""2.000000"", ""p1_freq"": ""1.000000"", ""p3_spin"": ""0.100000""}",,t
1896,hyper_lattice_shard_1896,Hyper Lattice Shard #1896,Hyper-Dimensional Grid,,,,,,,77390523246093750000000000000000.000000,793.124912,success,,,"{""p2_amp"": ""10.000000"", ""p4_res"": ""2.000000"", ""p1_freq"": ""1.000000"", ""p3_spin"": ""0.100000""}",,t
1897,hyper_lattice_shard_1897,Hyper Lattice Shard #1897,Hyper-Dimensional Grid,,,,,,,77390523246093750000000000000000.000000,793.124912,success,,,"{""p2_amp"": ""10.000000"", ""p4_res"": ""2.000000"", ""p1_freq"": ""1.000000"", ""p3_spin"": ""0.100000""}",,t
1898,hyper_lattice_shard_1898,Hyper Lattice Shard #1898,Hyper-Dimensional Grid,,,,,,,77390523246093750000000000000000.000000,793.124912,success,,,"{""p2_amp"": ""10.000000"", ""p4_res"": ""2.000000"", ""p1_freq"": ""1.000000"", ""p3_spin"": ""0.100000""}",,t
1899,hyper_lattice_shard_1899,Hyper Lattice Shard #1899,Hyper-Dimensional Grid,,,,,,,77390523246093750000000000000000.000000,793.124912,success,,,"{""p2_amp"": ""10.000000"", ""p4_res"": ""2.000000"", ""p1_freq"": ""1.000000"", ""p3_spin"": ""0.100000""}",,t
1900,hyper_lattice_shard_1900,Hyper Lattice Shard #1900,Hyper-Dimensional Grid,,,,,,,77390523246093750000000000000000.000000,793.124912,success,,,"{""p2_amp"": ""10.000000"", ""p4_res"": ""2.000000"", ""p1_freq"": ""1.000000"", ""p3_spin"": ""0.100000""}",,t
1901,hyper_lattice_shard_1901,Hyper Lattice Shard #1901,Hyper-Dimensional Grid,,,,,,,77390523246093750000000000000000.000000,793.124912,success,,,"{""p2_amp"": ""10.000000"", ""p4_res"": ""2.000000"", ""p1_freq"": ""1.000000"", ""p3_spin"": ""0.100000""}",,t
1902,hyper_lattice_shard_1902,Hyper Lattice Shard #1902,Hyper-Dimensional Grid,,,,,,,77390523246093750000000000000000.000000,793.124912,success,,,"{""p2_amp"": ""10.000000"", ""p4_res"": ""2.000000"", ""p1_freq"": ""1.000000"", ""p3_spin"": ""0.100000""}",,t
1903,hyper_lattice_shard_1903,Hyper Lattice Shard #1903,Hyper-Dimensional Grid,,,,,,,77390523246093750000000000000000.000000,793.124912,success,,,"{""p2_amp"": ""10.000000"", ""p4_res"": ""2.000000"", ""p1_freq"": ""1.000000"", ""p3_spin"": ""0.100000""}",,t
1904,hyper_lattice_shard_1904,Hyper Lattice Shard #1904,Hyper-Dimensional Grid,,,,,,,77390523246093750000000000000000.000000,793.124912,success,,,"{""p2_amp"": ""10.000000"", ""p4_res"": ""2.000000"", ""p1_freq"": ""1.000000"", ""p3_spin"": ""0.100000""}",,t
1905,hyper_lattice_shard_1905,Hyper Lattice Shard #1905,Hyper-Dimensional Grid,,,,,,,77390523246093750000000000000000.000000,793.124912,success,,,"{""p2_amp"": ""10.000000"", ""p4_res"": ""2.000000"", ""p1_freq"": ""1.000000"", ""p3_spin"": ""0.100000""}",,t
1906,hyper_lattice_shard_1906,Hyper Lattice Shard #1906,Hyper-Dimensional Grid,,,,,,,77390523246093750000000000000000.000000,793.124912,success,,,"{""p2_amp"": ""10.000000"", ""p4_res"": ""2.000000"", ""p1_freq"": ""1.000000"", ""p3_spin"": ""0.100000""}",,t
1907,hyper_lattice_shard_1907,Hyper Lattice Shard #1907,Hyper-Dimensional Grid,,,,,,,77390523246093750000000000000000.000000,793.124912,success,,,"{""p2_amp"": ""10.000000"", ""p4_res"": ""2.000000"", ""p1_freq"": ""1.000000"", ""p3_spin"": ""0.100000""}",,t
1908,hyper_lattice_shard_1908,Hyper Lattice Shard #1908,Hyper-Dimensional Grid,,,,,,,77390523246093750000000000000000.000000,793.124912,success,,,"{""p2_amp"": ""10.000000"", ""p4_res"": ""2.000000"", ""p1_freq"": ""1.000000"", ""p3_spin"": ""0.100000""}",,t
1909,hyper_lattice_shard_1909,Hyper Lattice Shard #1909,Hyper-Dimensional Grid,,,,,,,77390523246093750000000000000000.000000,793.124912,success,,,"{""p2_amp"": ""10.000000"", ""p4_res"": ""2.000000"", ""p1_freq"": ""1.000000"", ""p3_spin"": ""0.100000""}",,t
1910,hyper_lattice_shard_1910,Hyper Lattice Shard #1910,Hyper-Dimensional Grid,,,,,,,77390523246093750000000000000000.000000,793.124912,success,,,"{""p2_amp"": ""10.000000"", ""p4_res"": ""2.000000"", ""p1_freq"": ""1.000000"", ""p3_spin"": ""0.100000""}",,t
1911,hyper_lattice_shard_1911,Hyper Lattice Shard #1911,Hyper-Dimensional Grid,,,,,,,77390523246093750000000000000000.000000,793.124912,success,,,"{""p2_amp"": ""10.000000"", ""p4_res"": ""2.000000"", ""p1_freq"": ""1.000000"", ""p3_spin"": ""0.100000""}",,t
1912,hyper_lattice_shard_1912,Hyper Lattice Shard #1912,Hyper-Dimensional Grid,,,,,,,77390523246093750000000000000000.000000,793.124912,success,,,"{""p2_amp"": ""10.000000"", ""p4_res"": ""2.000000"", ""p1_freq"": ""1.000000"", ""p3_spin"": ""0.100000""}",,t
1913,hyper_lattice_shard_1913,Hyper Lattice Shard #1913,Hyper-Dimensional Grid,,,,,,,77390523246093750000000000000000.000000,793.124912,success,,,"{""p2_amp"": ""10.000000"", ""p4_res"": ""2.000000"", ""p1_freq"": ""1.000000"", ""p3_spin"": ""0.100000""}",,t
1914,hyper_lattice_shard_1914,Hyper Lattice Shard #1914,Hyper-Dimensional Grid,,,,,,,77390523246093750000000000000000.000000,793.124912,success,,,"{""p2_amp"": ""10.000000"", ""p4_res"": ""2.000000"", ""p1_freq"": ""1.000000"", ""p3_spin"": ""0.100000""}",,t
1915,hyper_lattice_shard_1915,Hyper Lattice Shard #1915,Hyper-Dimensional Grid,,,,,,,77390523246093750000000000000000.000000,793.124912,success,,,"{""p2_amp"": ""10.000000"", ""p4_res"": ""2.000000"", ""p1_freq"": ""1.000000"", ""p3_spin"": ""0.100000""}",,t
1916,hyper_lattice_shard_1916,Hyper Lattice Shard #1916,Hyper-Dimensional Grid,,,,,,,77390523246093750000000000000000.000000,793.124912,success,,,"{""p2_amp"": ""10.000000"", ""p4_res"": ""2.000000"", ""p1_freq"": ""1.000000"", ""p3_spin"": ""0.100000""}",,t
1917,hyper_lattice_shard_1917,Hyper Lattice Shard #1917,Hyper-Dimensional Grid,,,,,,,77390523246093750000000000000000.000000,793.124912,success,,,"{""p2_amp"": ""10.000000"", ""p4_res"": ""2.000000"", ""p1_freq"": ""1.000000"", ""p3_spin"": ""0.100000""}",,t
1918,hyper_lattice_shard_1918,Hyper Lattice Shard #1918,Hyper-Dimensional Grid,,,,,,,77390523246093750000000000000000.000000,793.124912,success,,,"{""p2_amp"": ""10.000000"", ""p4_res"": ""2.000000"", ""p1_freq"": ""1.000000"", ""p3_spin"": ""0.100000""}",,t
1919,hyper_lattice_shard_1919,Hyper Lattice Shard #1919,Hyper-Dimensional Grid,,,,,,,77390523246093750000000000000000.000000,793.124912,success,,,"{""p2_amp"": ""10.000000"", ""p4_res"": ""2.000000"", ""p1_freq"": ""1.000000"", ""p3_spin"": ""0.100000""}",,t
1920,hyper_lattice_shard_1920,Hyper Lattice Shard #1920,Hyper-Dimensional Grid,,,,,,,77390523246093750000000000000000.000000,793.124912,success,,,"{""p2_amp"": ""10.000000"", ""p4_res"": ""2.000000"", ""p1_freq"": ""1.000000"", ""p3_spin"": ""0.100000""}",,t
1921,hyper_lattice_shard_1921,Hyper Lattice Shard #1921,Hyper-Dimensional Grid,,,,,,,77390523246093750000000000000000.000000,793.124912,success,,,"{""p2_amp"": ""10.000000"", ""p4_res"": ""2.000000"", ""p1_freq"": ""1.000000"", ""p3_spin"": ""0.100000""}",,t
1922,hyper_lattice_shard_1922,Hyper Lattice Shard #1922,Hyper-Dimensional Grid,,,,,,,77390523246093750000000000000000.000000,793.124912,success,,,"{""p2_amp"": ""10.000000"", ""p4_res"": ""2.000000"", ""p1_freq"": ""1.000000"", ""p3_spin"": ""0.100000""}",,t
1923,hyper_lattice_shard_1923,Hyper Lattice Shard #1923,Hyper-Dimensional Grid,,,,,,,77390523246093750000000000000000.000000,793.124912,success,,,"{""p2_amp"": ""10.000000"", ""p4_res"": ""2.000000"", ""p1_freq"": ""1.000000"", ""p3_spin"": ""0.100000""}",,t
1924,hyper_lattice_shard_1924,Hyper Lattice Shard #1924,Hyper-Dimensional Grid,,,,,,,77390523246093750000000000000000.000000,793.124912,success,,,"{""p2_amp"": ""10.000000"", ""p4_res"": ""2.000000"", ""p1_freq"": ""1.000000"", ""p3_spin"": ""0.100000""}",,t
1925,hyper_lattice_shard_1925,Hyper Lattice Shard #1925,Hyper-Dimensional Grid,,,,,,,77390523246093750000000000000000.000000,793.124912,success,,,"{""p2_amp"": ""10.000000"", ""p4_res"": ""2.000000"", ""p1_freq"": ""1.000000"", ""p3_spin"": ""0.100000""}",,t
1926,hyper_lattice_shard_1926,Hyper Lattice Shard #1926,Hyper-Dimensional Grid,,,,,,,77390523246093750000000000000000.000000,793.124912,success,,,"{""p2_amp"": ""10.000000"", ""p4_res"": ""2.000000"", ""p1_freq"": ""1.000000"", ""p3_spin"": ""0.100000""}",,t
1927,hyper_lattice_shard_1927,Hyper Lattice Shard #1927,Hyper-Dimensional Grid,,,,,,,77390523246093750000000000000000.000000,793.124912,success,,,"{""p2_amp"": ""10.000000"", ""p4_res"": ""2.000000"", ""p1_freq"": ""1.000000"", ""p3_spin"": ""0.100000""}",,t
1928,hyper_lattice_shard_1928,Hyper Lattice Shard #1928,Hyper-Dimensional Grid,,,,,,,77390523246093750000000000000000.000000,793.124912,success,,,"{""p2_amp"": ""10.000000"", ""p4_res"": ""2.000000"", ""p1_freq"": ""1.000000"", ""p3_spin"": ""0.100000""}",,t
1929,hyper_lattice_shard_1929,Hyper Lattice Shard #1929,Hyper-Dimensional Grid,,,,,,,77390523246093750000000000000000.000000,793.124912,success,,,"{""p2_amp"": ""10.000000"", ""p4_res"": ""2.000000"", ""p1_freq"": ""1.000000"", ""p3_spin"": ""0.100000""}",,t
1930,hyper_lattice_shard_1930,Hyper Lattice Shard #1930,Hyper-Dimensional Grid,,,,,,,77390523246093750000000000000000.000000,793.124912,success,,,"{""p2_amp"": ""10.000000"", ""p4_res"": ""2.000000"", ""p1_freq"": ""1.000000"", ""p3_spin"": ""0.100000""}",,t
1931,hyper_lattice_shard_1931,Hyper Lattice Shard #1931,Hyper-Dimensional Grid,,,,,,,77390523246093750000000000000000.000000,793.124912,success,,,"{""p2_amp"": ""10.000000"", ""p4_res"": ""2.000000"", ""p1_freq"": ""1.000000"", ""p3_spin"": ""0.100000""}",,t
1932,hyper_lattice_shard_1932,Hyper Lattice Shard #1932,Hyper-Dimensional Grid,,,,,,,77390523246093750000000000000000.000000,793.124912,success,,,"{""p2_amp"": ""10.000000"", ""p4_res"": ""2.000000"", ""p1_freq"": ""1.000000"", ""p3_spin"": ""0.100000""}",,t
1933,hyper_lattice_shard_1933,Hyper Lattice Shard #1933,Hyper-Dimensional Grid,,,,,,,77390523246093750000000000000000.000000,793.124912,success,,,"{""p2_amp"": ""10.000000"", ""p4_res"": ""2.000000"", ""p1_freq"": ""1.000000"", ""p3_spin"": ""0.100000""}",,t
1934,hyper_lattice_shard_1934,Hyper Lattice Shard #1934,Hyper-Dimensional Grid,,,,,,,77390523246093750000000000000000.000000,793.124912,success,,,"{""p2_amp"": ""10.000000"", ""p4_res"": ""2.000000"", ""p1_freq"": ""1.000000"", ""p3_spin"": ""0.100000""}",,t
1935,hyper_lattice_shard_1935,Hyper Lattice Shard #1935,Hyper-Dimensional Grid,,,,,,,77390523246093750000000000000000.000000,793.124912,success,,,"{""p2_amp"": ""10.000000"", ""p4_res"": ""2.000000"", ""p1_freq"": ""1.000000"", ""p3_spin"": ""0.100000""}",,t
1936,hyper_lattice_shard_1936,Hyper Lattice Shard #1936,Hyper-Dimensional Grid,,,,,,,77390523246093750000000000000000.000000,793.124912,success,,,"{""p2_amp"": ""10.000000"", ""p4_res"": ""2.000000"", ""p1_freq"": ""1.000000"", ""p3_spin"": ""0.100000""}",,t
1937,hyper_lattice_shard_1937,Hyper Lattice Shard #1937,Hyper-Dimensional Grid,,,,,,,77390523246093750000000000000000.000000,793.124912,success,,,"{""p2_amp"": ""10.000000"", ""p4_res"": ""2.000000"", ""p1_freq"": ""1.000000"", ""p3_spin"": ""0.100000""}",,t
1938,hyper_lattice_shard_1938,Hyper Lattice Shard #1938,Hyper-Dimensional Grid,,,,,,,77390523246093750000000000000000.000000,793.124912,success,,,"{""p2_amp"": ""10.000000"", ""p4_res"": ""2.000000"", ""p1_freq"": ""1.000000"", ""p3_spin"": ""0.100000""}",,t
1939,hyper_lattice_shard_1939,Hyper Lattice Shard #1939,Hyper-Dimensional Grid,,,,,,,77390523246093750000000000000000.000000,793.124912,success,,,"{""p2_amp"": ""10.000000"", ""p4_res"": ""2.000000"", ""p1_freq"": ""1.000000"", ""p3_spin"": ""0.100000""}",,t
1940,hyper_lattice_shard_1940,Hyper Lattice Shard #1940,Hyper-Dimensional Grid,,,,,,,77390523246093750000000000000000.000000,793.124912,success,,,"{""p2_amp"": ""10.000000"", ""p4_res"": ""2.000000"", ""p1_freq"": ""1.000000"", ""p3_spin"": ""0.100000""}",,t
1941,hyper_lattice_shard_1941,Hyper Lattice Shard #1941,Hyper-Dimensional Grid,,,,,,,77390523246093750000000000000000.000000,793.124912,success,,,"{""p2_amp"": ""10.000000"", ""p4_res"": ""2.000000"", ""p1_freq"": ""1.000000"", ""p3_spin"": ""0.100000""}",,t
1942,hyper_lattice_shard_1942,Hyper Lattice Shard #1942,Hyper-Dimensional Grid,,,,,,,77390523246093750000000000000000.000000,793.124912,success,,,"{""p2_amp"": ""10.000000"", ""p4_res"": ""2.000000"", ""p1_freq"": ""1.000000"", ""p3_spin"": ""0.100000""}",,t
1943,hyper_lattice_shard_1943,Hyper Lattice Shard #1943,Hyper-Dimensional Grid,,,,,,,77390523246093750000000000000000.000000,793.124912,success,,,"{""p2_amp"": ""10.000000"", ""p4_res"": ""2.000000"", ""p1_freq"": ""1.000000"", ""p3_spin"": ""0.100000""}",,t
1944,hyper_lattice_shard_1944,Hyper Lattice Shard #1944,Hyper-Dimensional Grid,,,,,,,77390523246093750000000000000000.000000,793.124912,success,,,"{""p2_amp"": ""10.000000"", ""p4_res"": ""2.000000"", ""p1_freq"": ""1.000000"", ""p3_spin"": ""0.100000""}",,t
1945,hyper_lattice_shard_1945,Hyper Lattice Shard #1945,Hyper-Dimensional Grid,,,,,,,77390523246093750000000000000000.000000,793.124912,success,,,"{""p2_amp"": ""10.000000"", ""p4_res"": ""2.000000"", ""p1_freq"": ""1.000000"", ""p3_spin"": ""0.100000""}",,t
1946,hyper_lattice_shard_1946,Hyper Lattice Shard #1946,Hyper-Dimensional Grid,,,,,,,77390523246093750000000000000000.000000,793.124912,success,,,"{""p2_amp"": ""10.000000"", ""p4_res"": ""2.000000"", ""p1_freq"": ""1.000000"", ""p3_spin"": ""0.100000""}",,t
1947,hyper_lattice_shard_1947,Hyper Lattice Shard #1947,Hyper-Dimensional Grid,,,,,,,77390523246093750000000000000000.000000,793.124912,success,,,"{""p2_amp"": ""10.000000"", ""p4_res"": ""2.000000"", ""p1_freq"": ""1.000000"", ""p3_spin"": ""0.100000""}",,t
1948,hyper_lattice_shard_1948,Hyper Lattice Shard #1948,Hyper-Dimensional Grid,,,,,,,77390523246093750000000000000000.000000,793.124912,success,,,"{""p2_amp"": ""10.000000"", ""p4_res"": ""2.000000"", ""p1_freq"": ""1.000000"", ""p3_spin"": ""0.100000""}",,t
1949,hyper_lattice_shard_1949,Hyper Lattice Shard #1949,Hyper-Dimensional Grid,,,,,,,77390523246093750000000000000000.000000,793.124912,success,,,"{""p2_amp"": ""10.000000"", ""p4_res"": ""2.000000"", ""p1_freq"": ""1.000000"", ""p3_spin"": ""0.100000""}",,t
1950,hyper_lattice_shard_1950,Hyper Lattice Shard #1950,Hyper-Dimensional Grid,,,,,,,77390523246093750000000000000000.000000,793.124912,success,,,"{""p2_amp"": ""10.000000"", ""p4_res"": ""2.000000"", ""p1_freq"": ""1.000000"", ""p3_spin"": ""0.100000""}",,t
1951,hyper_lattice_shard_1951,Hyper Lattice Shard #1951,Hyper-Dimensional Grid,,,,,,,77390523246093750000000000000000.000000,793.124912,success,,,"{""p2_amp"": ""10.000000"", ""p4_res"": ""2.000000"", ""p1_freq"": ""1.000000"", ""p3_spin"": ""0.100000""}",,t
1952,hyper_lattice_shard_1952,Hyper Lattice Shard #1952,Hyper-Dimensional Grid,,,,,,,77390523246093750000000000000000.000000,793.124912,success,,,"{""p2_amp"": ""10.000000"", ""p4_res"": ""2.000000"", ""p1_freq"": ""1.000000"", ""p3_spin"": ""0.100000""}",,t
1953,hyper_lattice_shard_1953,Hyper Lattice Shard #1953,Hyper-Dimensional Grid,,,,,,,77390523246093750000000000000000.000000,793.124912,success,,,"{""p2_amp"": ""10.000000"", ""p4_res"": ""2.000000"", ""p1_freq"": ""1.000000"", ""p3_spin"": ""0.100000""}",,t
1954,hyper_lattice_shard_1954,Hyper Lattice Shard #1954,Hyper-Dimensional Grid,,,,,,,77390523246093750000000000000000.000000,793.124912,success,,,"{""p2_amp"": ""10.000000"", ""p4_res"": ""2.000000"", ""p1_freq"": ""1.000000"", ""p3_spin"": ""0.100000""}",,t
1955,hyper_lattice_shard_1955,Hyper Lattice Shard #1955,Hyper-Dimensional Grid,,,,,,,77390523246093750000000000000000.000000,793.124912,success,,,"{""p2_amp"": ""10.000000"", ""p4_res"": ""2.000000"", ""p1_freq"": ""1.000000"", ""p3_spin"": ""0.100000""}",,t
1956,hyper_lattice_shard_1956,Hyper Lattice Shard #1956,Hyper-Dimensional Grid,,,,,,,77390523246093750000000000000000.000000,793.124912,success,,,"{""p2_amp"": ""10.000000"", ""p4_res"": ""2.000000"", ""p1_freq"": ""1.000000"", ""p3_spin"": ""0.100000""}",,t
1957,hyper_lattice_shard_1957,Hyper Lattice Shard #1957,Hyper-Dimensional Grid,,,,,,,77390523246093750000000000000000.000000,793.124912,success,,,"{""p2_amp"": ""10.000000"", ""p4_res"": ""2.000000"", ""p1_freq"": ""1.000000"", ""p3_spin"": ""0.100000""}",,t
1958,hyper_lattice_shard_1958,Hyper Lattice Shard #1958,Hyper-Dimensional Grid,,,,,,,77390523246093750000000000000000.000000,793.124912,success,,,"{""p2_amp"": ""10.000000"", ""p4_res"": ""2.000000"", ""p1_freq"": ""1.000000"", ""p3_spin"": ""0.100000""}",,t
1959,hyper_lattice_shard_1959,Hyper Lattice Shard #1959,Hyper-Dimensional Grid,,,,,,,77390523246093750000000000000000.000000,793.124912,success,,,"{""p2_amp"": ""10.000000"", ""p4_res"": ""2.000000"", ""p1_freq"": ""1.000000"", ""p3_spin"": ""0.100000""}",,t
1960,hyper_lattice_shard_1960,Hyper Lattice Shard #1960,Hyper-Dimensional Grid,,,,,,,77390523246093750000000000000000.000000,793.124912,success,,,"{""p2_amp"": ""10.000000"", ""p4_res"": ""2.000000"", ""p1_freq"": ""1.000000"", ""p3_spin"": ""0.100000""}",,t
1961,hyper_lattice_shard_1961,Hyper Lattice Shard #1961,Hyper-Dimensional Grid,,,,,,,77390523246093750000000000000000.000000,793.124912,success,,,"{""p2_amp"": ""10.000000"", ""p4_res"": ""2.000000"", ""p1_freq"": ""1.000000"", ""p3_spin"": ""0.100000""}",,t
1962,hyper_lattice_shard_1962,Hyper Lattice Shard #1962,Hyper-Dimensional Grid,,,,,,,77390523246093750000000000000000.000000,793.124912,success,,,"{""p2_amp"": ""10.000000"", ""p4_res"": ""2.000000"", ""p1_freq"": ""1.000000"", ""p3_spin"": ""0.100000""}",,t
1963,hyper_lattice_shard_1963,Hyper Lattice Shard #1963,Hyper-Dimensional Grid,,,,,,,77390523246093750000000000000000.000000,793.124912,success,,,"{""p2_amp"": ""10.000000"", ""p4_res"": ""2.000000"", ""p1_freq"": ""1.000000"", ""p3_spin"": ""0.100000""}",,t
1964,hyper_lattice_shard_1964,Hyper Lattice Shard #1964,Hyper-Dimensional Grid,,,,,,,77390523246093750000000000000000.000000,793.124912,success,,,"{""p2_amp"": ""10.000000"", ""p4_res"": ""2.000000"", ""p1_freq"": ""1.000000"", ""p3_spin"": ""0.100000""}",,t
1965,hyper_lattice_shard_1965,Hyper Lattice Shard #1965,Hyper-Dimensional Grid,,,,,,,77390523246093750000000000000000.000000,793.124912,success,,,"{""p2_amp"": ""10.000000"", ""p4_res"": ""2.000000"", ""p1_freq"": ""1.000000"", ""p3_spin"": ""0.100000""}",,t
1966,hyper_lattice_shard_1966,Hyper Lattice Shard #1966,Hyper-Dimensional Grid,,,,,,,77390523246093750000000000000000.000000,793.124912,success,,,"{""p2_amp"": ""10.000000"", ""p4_res"": ""2.000000"", ""p1_freq"": ""1.000000"", ""p3_spin"": ""0.100000""}",,t
1967,hyper_lattice_shard_1967,Hyper Lattice Shard #1967,Hyper-Dimensional Grid,,,,,,,77390523246093750000000000000000.000000,793.124912,success,,,"{""p2_amp"": ""10.000000"", ""p4_res"": ""2.000000"", ""p1_freq"": ""1.000000"", ""p3_spin"": ""0.100000""}",,t
1968,hyper_lattice_shard_1968,Hyper Lattice Shard #1968,Hyper-Dimensional Grid,,,,,,,77390523246093750000000000000000.000000,793.124912,success,,,"{""p2_amp"": ""10.000000"", ""p4_res"": ""2.000000"", ""p1_freq"": ""1.000000"", ""p3_spin"": ""0.100000""}",,t
1969,hyper_lattice_shard_1969,Hyper Lattice Shard #1969,Hyper-Dimensional Grid,,,,,,,77390523246093750000000000000000.000000,793.124912,success,,,"{""p2_amp"": ""10.000000"", ""p4_res"": ""2.000000"", ""p1_freq"": ""1.000000"", ""p3_spin"": ""0.100000""}",,t
1970,hyper_lattice_shard_1970,Hyper Lattice Shard #1970,Hyper-Dimensional Grid,,,,,,,77390523246093750000000000000000.000000,793.124912,success,,,"{""p2_amp"": ""10.000000"", ""p4_res"": ""2.000000"", ""p1_freq"": ""1.000000"", ""p3_spin"": ""0.100000""}",,t
1971,hyper_lattice_shard_1971,Hyper Lattice Shard #1971,Hyper-Dimensional Grid,,,,,,,77390523246093750000000000000000.000000,793.124912,success,,,"{""p2_amp"": ""10.000000"", ""p4_res"": ""2.000000"", ""p1_freq"": ""1.000000"", ""p3_spin"": ""0.100000""}",,t
1972,hyper_lattice_shard_1972,Hyper Lattice Shard #1972,Hyper-Dimensional Grid,,,,,,,77390523246093750000000000000000.000000,793.124912,success,,,"{""p2_amp"": ""10.000000"", ""p4_res"": ""2.000000"", ""p1_freq"": ""1.000000"", ""p3_spin"": ""0.100000""}",,t
1973,hyper_lattice_shard_1973,Hyper Lattice Shard #1973,Hyper-Dimensional Grid,,,,,,,77390523246093750000000000000000.000000,793.124912,success,,,"{""p2_amp"": ""10.000000"", ""p4_res"": ""2.000000"", ""p1_freq"": ""1.000000"", ""p3_spin"": ""0.100000""}",,t
1974,hyper_lattice_shard_1974,Hyper Lattice Shard #1974,Hyper-Dimensional Grid,,,,,,,77390523246093750000000000000000.000000,793.124912,success,,,"{""p2_amp"": ""10.000000"", ""p4_res"": ""2.000000"", ""p1_freq"": ""1.000000"", ""p3_spin"": ""0.100000""}",,t
1975,hyper_lattice_shard_1975,Hyper Lattice Shard #1975,Hyper-Dimensional Grid,,,,,,,77390523246093750000000000000000.000000,793.124912,success,,,"{""p2_amp"": ""10.000000"", ""p4_res"": ""2.000000"", ""p1_freq"": ""1.000000"", ""p3_spin"": ""0.100000""}",,t
1976,hyper_lattice_shard_1976,Hyper Lattice Shard #1976,Hyper-Dimensional Grid,,,,,,,77390523246093750000000000000000.000000,793.124912,success,,,"{""p2_amp"": ""10.000000"", ""p4_res"": ""2.000000"", ""p1_freq"": ""1.000000"", ""p3_spin"": ""0.100000""}",,t
1977,hyper_lattice_shard_1977,Hyper Lattice Shard #1977,Hyper-Dimensional Grid,,,,,,,77390523246093750000000000000000.000000,793.124912,success,,,"{""p2_amp"": ""10.000000"", ""p4_res"": ""2.000000"", ""p1_freq"": ""1.000000"", ""p3_spin"": ""0.100000""}",,t
1978,hyper_lattice_shard_1978,Hyper Lattice Shard #1978,Hyper-Dimensional Grid,,,,,,,77390523246093750000000000000000.000000,793.124912,success,,,"{""p2_amp"": ""10.000000"", ""p4_res"": ""2.000000"", ""p1_freq"": ""1.000000"", ""p3_spin"": ""0.100000""}",,t
1979,hyper_lattice_shard_1979,Hyper Lattice Shard #1979,Hyper-Dimensional Grid,,,,,,,77390523246093750000000000000000.000000,793.124912,success,,,"{""p2_amp"": ""10.000000"", ""p4_res"": ""2.000000"", ""p1_freq"": ""1.000000"", ""p3_spin"": ""0.100000""}",,t
1980,hyper_lattice_shard_1980,Hyper Lattice Shard #1980,Hyper-Dimensional Grid,,,,,,,77390523246093750000000000000000.000000,793.124912,success,,,"{""p2_amp"": ""10.000000"", ""p4_res"": ""2.000000"", ""p1_freq"": ""1.000000"", ""p3_spin"": ""0.100000""}",,t
1981,hyper_lattice_shard_1981,Hyper Lattice Shard #1981,Hyper-Dimensional Grid,,,,,,,77390523246093750000000000000000.000000,793.124912,success,,,"{""p2_amp"": ""10.000000"", ""p4_res"": ""2.000000"", ""p1_freq"": ""1.000000"", ""p3_spin"": ""0.100000""}",,t
1982,hyper_lattice_shard_1982,Hyper Lattice Shard #1982,Hyper-Dimensional Grid,,,,,,,77390523246093750000000000000000.000000,793.124912,success,,,"{""p2_amp"": ""10.000000"", ""p4_res"": ""2.000000"", ""p1_freq"": ""1.000000"", ""p3_spin"": ""0.100000""}",,t
1983,hyper_lattice_shard_1983,Hyper Lattice Shard #1983,Hyper-Dimensional Grid,,,,,,,77390523246093750000000000000000.000000,793.124912,success,,,"{""p2_amp"": ""10.000000"", ""p4_res"": ""2.000000"", ""p1_freq"": ""1.000000"", ""p3_spin"": ""0.100000""}",,t
1984,hyper_lattice_shard_1984,Hyper Lattice Shard #1984,Hyper-Dimensional Grid,,,,,,,77390523246093750000000000000000.000000,793.124912,success,,,"{""p2_amp"": ""10.000000"", ""p4_res"": ""2.000000"", ""p1_freq"": ""1.000000"", ""p3_spin"": ""0.100000""}",,t
1985,hyper_lattice_shard_1985,Hyper Lattice Shard #1985,Hyper-Dimensional Grid,,,,,,,77390523246093750000000000000000.000000,793.124912,success,,,"{""p2_amp"": ""10.000000"", ""p4_res"": ""2.000000"", ""p1_freq"": ""1.000000"", ""p3_spin"": ""0.100000""}",,t
1986,hyper_lattice_shard_1986,Hyper Lattice Shard #1986,Hyper-Dimensional Grid,,,,,,,77390523246093750000000000000000.000000,793.124912,success,,,"{""p2_amp"": ""10.000000"", ""p4_res"": ""2.000000"", ""p1_freq"": ""1.000000"", ""p3_spin"": ""0.100000""}",,t
1987,hyper_lattice_shard_1987,Hyper Lattice Shard #1987,Hyper-Dimensional Grid,,,,,,,77390523246093750000000000000000.000000,793.124912,success,,,"{""p2_amp"": ""10.000000"", ""p4_res"": ""2.000000"", ""p1_freq"": ""1.000000"", ""p3_spin"": ""0.100000""}",,t
1988,hyper_lattice_shard_1988,Hyper Lattice Shard #1988,Hyper-Dimensional Grid,,,,,,,77390523246093750000000000000000.000000,793.124912,success,,,"{""p2_amp"": ""10.000000"", ""p4_res"": ""2.000000"", ""p1_freq"": ""1.000000"", ""p3_spin"": ""0.100000""}",,t
1989,hyper_lattice_shard_1989,Hyper Lattice Shard #1989,Hyper-Dimensional Grid,,,,,,,77390523246093750000000000000000.000000,793.124912,success,,,"{""p2_amp"": ""10.000000"", ""p4_res"": ""2.000000"", ""p1_freq"": ""1.000000"", ""p3_spin"": ""0.100000""}",,t
1990,hyper_lattice_shard_1990,Hyper Lattice Shard #1990,Hyper-Dimensional Grid,,,,,,,77390523246093750000000000000000.000000,793.124912,success,,,"{""p2_amp"": ""10.000000"", ""p4_res"": ""2.000000"", ""p1_freq"": ""1.000000"", ""p3_spin"": ""0.100000""}",,t
1991,hyper_lattice_shard_1991,Hyper Lattice Shard #1991,Hyper-Dimensional Grid,,,,,,,77390523246093750000000000000000.000000,793.124912,success,,,"{""p2_amp"": ""10.000000"", ""p4_res"": ""2.000000"", ""p1_freq"": ""1.000000"", ""p3_spin"": ""0.100000""}",,t
1992,hyper_lattice_shard_1992,Hyper Lattice Shard #1992,Hyper-Dimensional Grid,,,,,,,77390523246093750000000000000000.000000,793.124912,success,,,"{""p2_amp"": ""10.000000"", ""p4_res"": ""2.000000"", ""p1_freq"": ""1.000000"", ""p3_spin"": ""0.100000""}",,t
1993,hyper_lattice_shard_1993,Hyper Lattice Shard #1993,Hyper-Dimensional Grid,,,,,,,77390523246093750000000000000000.000000,793.124912,success,,,"{""p2_amp"": ""10.000000"", ""p4_res"": ""2.000000"", ""p1_freq"": ""1.000000"", ""p3_spin"": ""0.100000""}",,t
1994,hyper_lattice_shard_1994,Hyper Lattice Shard #1994,Hyper-Dimensional Grid,,,,,,,77390523246093750000000000000000.000000,793.124912,success,,,"{""p2_amp"": ""10.000000"", ""p4_res"": ""2.000000"", ""p1_freq"": ""1.000000"", ""p3_spin"": ""0.100000""}",,t
1995,hyper_lattice_shard_1995,Hyper Lattice Shard #1995,Hyper-Dimensional Grid,,,,,,,77390523246093750000000000000000.000000,793.124912,success,,,"{""p2_amp"": ""10.000000"", ""p4_res"": ""2.000000"", ""p1_freq"": ""1.000000"", ""p3_spin"": ""0.100000""}",,t
1996,hyper_lattice_shard_1996,Hyper Lattice Shard #1996,Hyper-Dimensional Grid,,,,,,,77390523246093750000000000000000.000000,793.124912,success,,,"{""p2_amp"": ""10.000000"", ""p4_res"": ""2.000000"", ""p1_freq"": ""1.000000"", ""p3_spin"": ""0.100000""}",,t
1997,hyper_lattice_shard_1997,Hyper Lattice Shard #1997,Hyper-Dimensional Grid,,,,,,,77390523246093750000000000000000.000000,793.124912,success,,,"{""p2_amp"": ""10.000000"", ""p4_res"": ""2.000000"", ""p1_freq"": ""1.000000"", ""p3_spin"": ""0.100000""}",,t
1998,hyper_lattice_shard_1998,Hyper Lattice Shard #1998,Hyper-Dimensional Grid,,,,,,,77390523246093750000000000000000.000000,793.124912,success,,,"{""p2_amp"": ""10.000000"", ""p4_res"": ""2.000000"", ""p1_freq"": ""1.000000"", ""p3_spin"": ""0.100000""}",,t
1999,hyper_lattice_shard_1999,Hyper Lattice Shard #1999,Hyper-Dimensional Grid,,,,,,,77390523246093750000000000000000.000000,793.124912,success,,,"{""p2_amp"": ""10.000000"", ""p4_res"": ""2.000000"", ""p1_freq"": ""1.000000"", ""p3_spin"": ""0.100000""}",,t
2000,hyper_lattice_shard_2000,Hyper Lattice Shard #2000,Hyper-Dimensional Grid,,,,,,,77390523246093750000000000000000.000000,793.124912,success,,,"{""p2_amp"": ""10.000000"", ""p4_res"": ""2.000000"", ""p1_freq"": ""1.000000"", ""p3_spin"": ""0.100000""}",,t
2001,hyper_lattice_shard_2001,Hyper Lattice Shard #2001,Hyper-Dimensional Grid,,,,,,,77390523246093750000000000000000.000000,793.124912,success,,,"{""p2_amp"": ""10.000000"", ""p4_res"": ""2.000000"", ""p1_freq"": ""1.000000"", ""p3_spin"": ""0.100000""}",,t
2002,hyper_lattice_shard_2002,Hyper Lattice Shard #2002,Hyper-Dimensional Grid,,,,,,,77390523246093750000000000000000.000000,793.124912,success,,,"{""p2_amp"": ""10.000000"", ""p4_res"": ""2.000000"", ""p1_freq"": ""1.000000"", ""p3_spin"": ""0.100000""}",,t
2003,hyper_lattice_shard_2003,Hyper Lattice Shard #2003,Hyper-Dimensional Grid,,,,,,,77390523246093750000000000000000.000000,793.124912,success,,,"{""p2_amp"": ""10.000000"", ""p4_res"": ""2.000000"", ""p1_freq"": ""1.000000"", ""p3_spin"": ""0.100000""}",,t
2004,hyper_lattice_shard_2004,Hyper Lattice Shard #2004,Hyper-Dimensional Grid,,,,,,,77390523246093750000000000000000.000000,793.124912,success,,,"{""p2_amp"": ""10.000000"", ""p4_res"": ""2.000000"", ""p1_freq"": ""1.000000"", ""p3_spin"": ""0.100000""}",,t
2005,hyper_lattice_shard_2005,Hyper Lattice Shard #2005,Hyper-Dimensional Grid,,,,,,,77390523246093750000000000000000.000000,793.124912,success,,,"{""p2_amp"": ""10.000000"", ""p4_res"": ""2.000000"", ""p1_freq"": ""1.000000"", ""p3_spin"": ""0.100000""}",,t
2006,hyper_lattice_shard_2006,Hyper Lattice Shard #2006,Hyper-Dimensional Grid,,,,,,,77390523246093750000000000000000.000000,793.124912,success,,,"{""p2_amp"": ""10.000000"", ""p4_res"": ""2.000000"", ""p1_freq"": ""1.000000"", ""p3_spin"": ""0.100000""}",,t
2007,hyper_lattice_shard_2007,Hyper Lattice Shard #2007,Hyper-Dimensional Grid,,,,,,,77390523246093750000000000000000.000000,793.124912,success,,,"{""p2_amp"": ""10.000000"", ""p4_res"": ""2.000000"", ""p1_freq"": ""1.000000"", ""p3_spin"": ""0.100000""}",,t
2008,hyper_lattice_shard_2008,Hyper Lattice Shard #2008,Hyper-Dimensional Grid,,,,,,,77390523246093750000000000000000.000000,793.124912,success,,,"{""p2_amp"": ""10.000000"", ""p4_res"": ""2.000000"", ""p1_freq"": ""1.000000"", ""p3_spin"": ""0.100000""}",,t
2009,hyper_lattice_shard_2009,Hyper Lattice Shard #2009,Hyper-Dimensional Grid,,,,,,,77390523246093750000000000000000.000000,793.124912,success,,,"{""p2_amp"": ""10.000000"", ""p4_res"": ""2.000000"", ""p1_freq"": ""1.000000"", ""p3_spin"": ""0.100000""}",,t
2010,hyper_lattice_shard_2010,Hyper Lattice Shard #2010,Hyper-Dimensional Grid,,,,,,,77390523246093750000000000000000.000000,793.124912,success,,,"{""p2_amp"": ""10.000000"", ""p4_res"": ""2.000000"", ""p1_freq"": ""1.000000"", ""p3_spin"": ""0.100000""}",,t
2011,hyper_lattice_shard_2011,Hyper Lattice Shard #2011,Hyper-Dimensional Grid,,,,,,,77390523246093750000000000000000.000000,793.124912,success,,,"{""p2_amp"": ""10.000000"", ""p4_res"": ""2.000000"", ""p1_freq"": ""1.000000"", ""p3_spin"": ""0.100000""}",,t
2012,hyper_lattice_shard_2012,Hyper Lattice Shard #2012,Hyper-Dimensional Grid,,,,,,,77390523246093750000000000000000.000000,793.124912,success,,,"{""p2_amp"": ""10.000000"", ""p4_res"": ""2.000000"", ""p1_freq"": ""1.000000"", ""p3_spin"": ""0.100000""}",,t
2013,hyper_lattice_shard_2013,Hyper Lattice Shard #2013,Hyper-Dimensional Grid,,,,,,,77390523246093750000000000000000.000000,793.124912,success,,,"{""p2_amp"": ""10.000000"", ""p4_res"": ""2.000000"", ""p1_freq"": ""1.000000"", ""p3_spin"": ""0.100000""}",,t
2014,hyper_lattice_shard_2014,Hyper Lattice Shard #2014,Hyper-Dimensional Grid,,,,,,,77390523246093750000000000000000.000000,793.124912,success,,,"{""p2_amp"": ""10.000000"", ""p4_res"": ""2.000000"", ""p1_freq"": ""1.000000"", ""p3_spin"": ""0.100000""}",,t
2015,hyper_lattice_shard_2015,Hyper Lattice Shard #2015,Hyper-Dimensional Grid,,,,,,,77390523246093750000000000000000.000000,793.124912,success,,,"{""p2_amp"": ""10.000000"", ""p4_res"": ""2.000000"", ""p1_freq"": ""1.000000"", ""p3_spin"": ""0.100000""}",,t
2016,hyper_lattice_shard_2016,Hyper Lattice Shard #2016,Hyper-Dimensional Grid,,,,,,,77390523246093750000000000000000.000000,793.124912,success,,,"{""p2_amp"": ""10.000000"", ""p4_res"": ""2.000000"", ""p1_freq"": ""1.000000"", ""p3_spin"": ""0.100000""}",,t
2017,hyper_lattice_shard_2017,Hyper Lattice Shard #2017,Hyper-Dimensional Grid,,,,,,,77390523246093750000000000000000.000000,793.124912,success,,,"{""p2_amp"": ""10.000000"", ""p4_res"": ""2.000000"", ""p1_freq"": ""1.000000"", ""p3_spin"": ""0.100000""}",,t
2018,hyper_lattice_shard_2018,Hyper Lattice Shard #2018,Hyper-Dimensional Grid,,,,,,,77390523246093750000000000000000.000000,793.124912,success,,,"{""p2_amp"": ""10.000000"", ""p4_res"": ""2.000000"", ""p1_freq"": ""1.000000"", ""p3_spin"": ""0.100000""}",,t
2019,hyper_lattice_shard_2019,Hyper Lattice Shard #2019,Hyper-Dimensional Grid,,,,,,,77390523246093750000000000000000.000000,793.124912,success,,,"{""p2_amp"": ""10.000000"", ""p4_res"": ""2.000000"", ""p1_freq"": ""1.000000"", ""p3_spin"": ""0.100000""}",,t
2020,hyper_lattice_shard_2020,Hyper Lattice Shard #2020,Hyper-Dimensional Grid,,,,,,,77390523246093750000000000000000.000000,793.124912,success,,,"{""p2_amp"": ""10.000000"", ""p4_res"": ""2.000000"", ""p1_freq"": ""1.000000"", ""p3_spin"": ""0.100000""}",,t
2021,hyper_lattice_shard_2021,Hyper Lattice Shard #2021,Hyper-Dimensional Grid,,,,,,,77390523246093750000000000000000.000000,793.124912,success,,,"{""p2_amp"": ""10.000000"", ""p4_res"": ""2.000000"", ""p1_freq"": ""1.000000"", ""p3_spin"": ""0.100000""}",,t
2022,hyper_lattice_shard_2022,Hyper Lattice Shard #2022,Hyper-Dimensional Grid,,,,,,,77390523246093750000000000000000.000000,793.124912,success,,,"{""p2_amp"": ""10.000000"", ""p4_res"": ""2.000000"", ""p1_freq"": ""1.000000"", ""p3_spin"": ""0.100000""}",,t
2023,hyper_lattice_shard_2023,Hyper Lattice Shard #2023,Hyper-Dimensional Grid,,,,,,,77390523246093750000000000000000.000000,793.124912,success,,,"{""p2_amp"": ""10.000000"", ""p4_res"": ""2.000000"", ""p1_freq"": ""1.000000"", ""p3_spin"": ""0.100000""}",,t
2024,hyper_lattice_shard_2024,Hyper Lattice Shard #2024,Hyper-Dimensional Grid,,,,,,,77390523246093750000000000000000.000000,793.124912,success,,,"{""p2_amp"": ""10.000000"", ""p4_res"": ""2.000000"", ""p1_freq"": ""1.000000"", ""p3_spin"": ""0.100000""}",,t
2025,hyper_lattice_shard_2025,Hyper Lattice Shard #2025,Hyper-Dimensional Grid,,,,,,,77390523246093750000000000000000.000000,793.124912,success,,,"{""p2_amp"": ""10.000000"", ""p4_res"": ""2.000000"", ""p1_freq"": ""1.000000"", ""p3_spin"": ""0.100000""}",,t
2026,hyper_lattice_shard_2026,Hyper Lattice Shard #2026,Hyper-Dimensional Grid,,,,,,,77390523246093750000000000000000.000000,793.124912,success,,,"{""p2_amp"": ""10.000000"", ""p4_res"": ""2.000000"", ""p1_freq"": ""1.000000"", ""p3_spin"": ""0.100000""}",,t
2027,hyper_lattice_shard_2027,Hyper Lattice Shard #2027,Hyper-Dimensional Grid,,,,,,,77390523246093750000000000000000.000000,793.124912,success,,,"{""p2_amp"": ""10.000000"", ""p4_res"": ""2.000000"", ""p1_freq"": ""1.000000"", ""p3_spin"": ""0.100000""}",,t
2028,hyper_lattice_shard_2028,Hyper Lattice Shard #2028,Hyper-Dimensional Grid,,,,,,,77390523246093750000000000000000.000000,793.124912,success,,,"{""p2_amp"": ""10.000000"", ""p4_res"": ""2.000000"", ""p1_freq"": ""1.000000"", ""p3_spin"": ""0.100000""}",,t
2029,hyper_lattice_shard_2029,Hyper Lattice Shard #2029,Hyper-Dimensional Grid,,,,,,,77390523246093750000000000000000.000000,793.124912,success,,,"{""p2_amp"": ""10.000000"", ""p4_res"": ""2.000000"", ""p1_freq"": ""1.000000"", ""p3_spin"": ""0.100000""}",,t
2030,hyper_lattice_shard_2030,Hyper Lattice Shard #2030,Hyper-Dimensional Grid,,,,,,,77390523246093750000000000000000.000000,793.124912,success,,,"{""p2_amp"": ""10.000000"", ""p4_res"": ""2.000000"", ""p1_freq"": ""1.000000"", ""p3_spin"": ""0.100000""}",,t
2031,hyper_lattice_shard_2031,Hyper Lattice Shard #2031,Hyper-Dimensional Grid,,,,,,,77390523246093750000000000000000.000000,793.124912,success,,,"{""p2_amp"": ""10.000000"", ""p4_res"": ""2.000000"", ""p1_freq"": ""1.000000"", ""p3_spin"": ""0.100000""}",,t
2032,hyper_lattice_shard_2032,Hyper Lattice Shard #2032,Hyper-Dimensional Grid,,,,,,,77390523246093750000000000000000.000000,793.124912,success,,,"{""p2_amp"": ""10.000000"", ""p4_res"": ""2.000000"", ""p1_freq"": ""1.000000"", ""p3_spin"": ""0.100000""}",,t
2033,hyper_lattice_shard_2033,Hyper Lattice Shard #2033,Hyper-Dimensional Grid,,,,,,,77390523246093750000000000000000.000000,793.124912,success,,,"{""p2_amp"": ""10.000000"", ""p4_res"": ""2.000000"", ""p1_freq"": ""1.000000"", ""p3_spin"": ""0.100000""}",,t
2034,hyper_lattice_shard_2034,Hyper Lattice Shard #2034,Hyper-Dimensional Grid,,,,,,,77390523246093750000000000000000.000000,793.124912,success,,,"{""p2_amp"": ""10.000000"", ""p4_res"": ""2.000000"", ""p1_freq"": ""1.000000"", ""p3_spin"": ""0.100000""}",,t
2035,hyper_lattice_shard_2035,Hyper Lattice Shard #2035,Hyper-Dimensional Grid,,,,,,,77390523246093750000000000000000.000000,793.124912,success,,,"{""p2_amp"": ""10.000000"", ""p4_res"": ""2.000000"", ""p1_freq"": ""1.000000"", ""p3_spin"": ""0.100000""}",,t
2036,hyper_lattice_shard_2036,Hyper Lattice Shard #2036,Hyper-Dimensional Grid,,,,,,,77390523246093750000000000000000.000000,793.124912,success,,,"{""p2_amp"": ""10.000000"", ""p4_res"": ""2.000000"", ""p1_freq"": ""1.000000"", ""p3_spin"": ""0.100000""}",,t
2037,hyper_lattice_shard_2037,Hyper Lattice Shard #2037,Hyper-Dimensional Grid,,,,,,,77390523246093750000000000000000.000000,793.124912,success,,,"{""p2_amp"": ""10.000000"", ""p4_res"": ""2.000000"", ""p1_freq"": ""1.000000"", ""p3_spin"": ""0.100000""}",,t
2038,hyper_lattice_shard_2038,Hyper Lattice Shard #2038,Hyper-Dimensional Grid,,,,,,,77390523246093750000000000000000.000000,793.124912,success,,,"{""p2_amp"": ""10.000000"", ""p4_res"": ""2.000000"", ""p1_freq"": ""1.000000"", ""p3_spin"": ""0.100000""}",,t
2039,hyper_lattice_shard_2039,Hyper Lattice Shard #2039,Hyper-Dimensional Grid,,,,,,,77390523246093750000000000000000.000000,793.124912,success,,,"{""p2_amp"": ""10.000000"", ""p4_res"": ""2.000000"", ""p1_freq"": ""1.000000"", ""p3_spin"": ""0.100000""}",,t
2040,hyper_lattice_shard_2040,Hyper Lattice Shard #2040,Hyper-Dimensional Grid,,,,,,,77390523246093750000000000000000.000000,793.124912,success,,,"{""p2_amp"": ""10.000000"", ""p4_res"": ""2.000000"", ""p1_freq"": ""1.000000"", ""p3_spin"": ""0.100000""}",,t
2041,hyper_lattice_shard_2041,Hyper Lattice Shard #2041,Hyper-Dimensional Grid,,,,,,,77390523246093750000000000000000.000000,793.124912,success,,,"{""p2_amp"": ""10.000000"", ""p4_res"": ""2.000000"", ""p1_freq"": ""1.000000"", ""p3_spin"": ""0.100000""}",,t
2042,hyper_lattice_shard_2042,Hyper Lattice Shard #2042,Hyper-Dimensional Grid,,,,,,,77390523246093750000000000000000.000000,793.124912,success,,,"{""p2_amp"": ""10.000000"", ""p4_res"": ""2.000000"", ""p1_freq"": ""1.000000"", ""p3_spin"": ""0.100000""}",,t
2043,hyper_lattice_shard_2043,Hyper Lattice Shard #2043,Hyper-Dimensional Grid,,,,,,,77390523246093750000000000000000.000000,793.124912,success,,,"{""p2_amp"": ""10.000000"", ""p4_res"": ""2.000000"", ""p1_freq"": ""1.000000"", ""p3_spin"": ""0.100000""}",,t
2044,hyper_lattice_shard_2044,Hyper Lattice Shard #2044,Hyper-Dimensional Grid,,,,,,,77390523246093750000000000000000.000000,793.124912,success,,,"{""p2_amp"": ""10.000000"", ""p4_res"": ""2.000000"", ""p1_freq"": ""1.000000"", ""p3_spin"": ""0.100000""}",,t
2045,hyper_lattice_shard_2045,Hyper Lattice Shard #2045,Hyper-Dimensional Grid,,,,,,,77390523246093750000000000000000.000000,793.124912,success,,,"{""p2_amp"": ""10.000000"", ""p4_res"": ""2.000000"", ""p1_freq"": ""1.000000"", ""p3_spin"": ""0.100000""}",,t
2046,hyper_lattice_shard_2046,Hyper Lattice Shard #2046,Hyper-Dimensional Grid,,,,,,,77390523246093750000000000000000.000000,793.124912,success,,,"{""p2_amp"": ""10.000000"", ""p4_res"": ""2.000000"", ""p1_freq"": ""1.000000"", ""p3_spin"": ""0.100000""}",,t
2047,hyper_lattice_shard_2047,Hyper Lattice Shard #2047,Hyper-Dimensional Grid,,,,,,,77390523246093750000000000000000.000000,793.124912,success,,,"{""p2_amp"": ""10.000000"", ""p4_res"": ""2.000000"", ""p1_freq"": ""1.000000"", ""p3_spin"": ""0.100000""}",,t
2048,hyper_lattice_shard_2048,Hyper Lattice Shard #2048,Hyper-Dimensional Grid,,,,,,,77390523246093750000000000000000.000000,793.124912,success,,,"{""p2_amp"": ""10.000000"", ""p4_res"": ""2.000000"", ""p1_freq"": ""1.000000"", ""p3_spin"": ""0.100000""}",,t
2049,hyper_lattice_shard_2049,Hyper Lattice Shard #2049,Hyper-Dimensional Grid,,,,,,,77390523246093750000000000000000.000000,793.124912,success,,,"{""p2_amp"": ""10.000000"", ""p4_res"": ""2.000000"", ""p1_freq"": ""1.000000"", ""p3_spin"": ""0.100000""}",,t
2050,hyper_lattice_shard_2050,Hyper Lattice Shard #2050,Hyper-Dimensional Grid,,,,,,,77390523246093750000000000000000.000000,793.124912,success,,,"{""p2_amp"": ""10.000000"", ""p4_res"": ""2.000000"", ""p1_freq"": ""1.000000"", ""p3_spin"": ""0.100000""}",,t
2051,hyper_lattice_shard_2051,Hyper Lattice Shard #2051,Hyper-Dimensional Grid,,,,,,,77390523246093750000000000000000.000000,793.124912,success,,,"{""p2_amp"": ""10.000000"", ""p4_res"": ""2.000000"", ""p1_freq"": ""1.000000"", ""p3_spin"": ""0.100000""}",,t
2052,hyper_lattice_shard_2052,Hyper Lattice Shard #2052,Hyper-Dimensional Grid,,,,,,,77390523246093750000000000000000.000000,793.124912,success,,,"{""p2_amp"": ""10.000000"", ""p4_res"": ""2.000000"", ""p1_freq"": ""1.000000"", ""p3_spin"": ""0.100000""}",,t
2053,hyper_lattice_shard_2053,Hyper Lattice Shard #2053,Hyper-Dimensional Grid,,,,,,,77390523246093750000000000000000.000000,793.124912,success,,,"{""p2_amp"": ""10.000000"", ""p4_res"": ""2.000000"", ""p1_freq"": ""1.000000"", ""p3_spin"": ""0.100000""}",,t
2054,hyper_lattice_shard_2054,Hyper Lattice Shard #2054,Hyper-Dimensional Grid,,,,,,,77390523246093750000000000000000.000000,793.124912,success,,,"{""p2_amp"": ""10.000000"", ""p4_res"": ""2.000000"", ""p1_freq"": ""1.000000"", ""p3_spin"": ""0.100000""}",,t
2055,hyper_lattice_shard_2055,Hyper Lattice Shard #2055,Hyper-Dimensional Grid,,,,,,,77390523246093750000000000000000.000000,793.124912,success,,,"{""p2_amp"": ""10.000000"", ""p4_res"": ""2.000000"", ""p1_freq"": ""1.000000"", ""p3_spin"": ""0.100000""}",,t
2056,hyper_lattice_shard_2056,Hyper Lattice Shard #2056,Hyper-Dimensional Grid,,,,,,,77390523246093750000000000000000.000000,793.124912,success,,,"{""p2_amp"": ""10.000000"", ""p4_res"": ""2.000000"", ""p1_freq"": ""1.000000"", ""p3_spin"": ""0.100000""}",,t
2057,hyper_lattice_shard_2057,Hyper Lattice Shard #2057,Hyper-Dimensional Grid,,,,,,,77390523246093750000000000000000.000000,793.124912,success,,,"{""p2_amp"": ""10.000000"", ""p4_res"": ""2.000000"", ""p1_freq"": ""1.000000"", ""p3_spin"": ""0.100000""}",,t
2058,hyper_lattice_shard_2058,Hyper Lattice Shard #2058,Hyper-Dimensional Grid,,,,,,,77390523246093750000000000000000.000000,793.124912,success,,,"{""p2_amp"": ""10.000000"", ""p4_res"": ""2.000000"", ""p1_freq"": ""1.000000"", ""p3_spin"": ""0.100000""}",,t
2059,hyper_lattice_shard_2059,Hyper Lattice Shard #2059,Hyper-Dimensional Grid,,,,,,,77390523246093750000000000000000.000000,793.124912,success,,,"{""p2_amp"": ""10.000000"", ""p4_res"": ""2.000000"", ""p1_freq"": ""1.000000"", ""p3_spin"": ""0.100000""}",,t
2060,hyper_lattice_shard_2060,Hyper Lattice Shard #2060,Hyper-Dimensional Grid,,,,,,,77390523246093750000000000000000.000000,793.124912,success,,,"{""p2_amp"": ""10.000000"", ""p4_res"": ""2.000000"", ""p1_freq"": ""1.000000"", ""p3_spin"": ""0.100000""}",,t
2061,hyper_lattice_shard_2061,Hyper Lattice Shard #2061,Hyper-Dimensional Grid,,,,,,,77390523246093750000000000000000.000000,793.124912,success,,,"{""p2_amp"": ""10.000000"", ""p4_res"": ""2.000000"", ""p1_freq"": ""1.000000"", ""p3_spin"": ""0.100000""}",,t
2062,hyper_lattice_shard_2062,Hyper Lattice Shard #2062,Hyper-Dimensional Grid,,,,,,,77390523246093750000000000000000.000000,793.124912,success,,,"{""p2_amp"": ""10.000000"", ""p4_res"": ""2.000000"", ""p1_freq"": ""1.000000"", ""p3_spin"": ""0.100000""}",,t
2063,hyper_lattice_shard_2063,Hyper Lattice Shard #2063,Hyper-Dimensional Grid,,,,,,,77390523246093750000000000000000.000000,793.124912,success,,,"{""p2_amp"": ""10.000000"", ""p4_res"": ""2.000000"", ""p1_freq"": ""1.000000"", ""p3_spin"": ""0.100000""}",,t
2064,hyper_lattice_shard_2064,Hyper Lattice Shard #2064,Hyper-Dimensional Grid,,,,,,,77390523246093750000000000000000.000000,793.124912,success,,,"{""p2_amp"": ""10.000000"", ""p4_res"": ""2.000000"", ""p1_freq"": ""1.000000"", ""p3_spin"": ""0.100000""}",,t
2065,hyper_lattice_shard_2065,Hyper Lattice Shard #2065,Hyper-Dimensional Grid,,,,,,,77390523246093750000000000000000.000000,793.124912,success,,,"{""p2_amp"": ""10.000000"", ""p4_res"": ""2.000000"", ""p1_freq"": ""1.000000"", ""p3_spin"": ""0.100000""}",,t
2066,hyper_lattice_shard_2066,Hyper Lattice Shard #2066,Hyper-Dimensional Grid,,,,,,,77390523246093750000000000000000.000000,793.124912,success,,,"{""p2_amp"": ""10.000000"", ""p4_res"": ""2.000000"", ""p1_freq"": ""1.000000"", ""p3_spin"": ""0.100000""}",,t
2067,hyper_lattice_shard_2067,Hyper Lattice Shard #2067,Hyper-Dimensional Grid,,,,,,,77390523246093750000000000000000.000000,793.124912,success,,,"{""p2_amp"": ""10.000000"", ""p4_res"": ""2.000000"", ""p1_freq"": ""1.000000"", ""p3_spin"": ""0.100000""}",,t
2068,hyper_lattice_shard_2068,Hyper Lattice Shard #2068,Hyper-Dimensional Grid,,,,,,,77390523246093750000000000000000.000000,793.124912,success,,,"{""p2_amp"": ""10.000000"", ""p4_res"": ""2.000000"", ""p1_freq"": ""1.000000"", ""p3_spin"": ""0.100000""}",,t
2069,hyper_lattice_shard_2069,Hyper Lattice Shard #2069,Hyper-Dimensional Grid,,,,,,,77390523246093750000000000000000.000000,793.124912,success,,,"{""p2_amp"": ""10.000000"", ""p4_res"": ""2.000000"", ""p1_freq"": ""1.000000"", ""p3_spin"": ""0.100000""}",,t
2070,hyper_lattice_shard_2070,Hyper Lattice Shard #2070,Hyper-Dimensional Grid,,,,,,,77390523246093750000000000000000.000000,793.124912,success,,,"{""p2_amp"": ""10.000000"", ""p4_res"": ""2.000000"", ""p1_freq"": ""1.000000"", ""p3_spin"": ""0.100000""}",,t
2071,hyper_lattice_shard_2071,Hyper Lattice Shard #2071,Hyper-Dimensional Grid,,,,,,,77390523246093750000000000000000.000000,793.124912,success,,,"{""p2_amp"": ""10.000000"", ""p4_res"": ""2.000000"", ""p1_freq"": ""1.000000"", ""p3_spin"": ""0.100000""}",,t
2072,hyper_lattice_shard_2072,Hyper Lattice Shard #2072,Hyper-Dimensional Grid,,,,,,,77390523246093750000000000000000.000000,793.124912,success,,,"{""p2_amp"": ""10.000000"", ""p4_res"": ""2.000000"", ""p1_freq"": ""1.000000"", ""p3_spin"": ""0.100000""}",,t
2073,hyper_lattice_shard_2073,Hyper Lattice Shard #2073,Hyper-Dimensional Grid,,,,,,,77390523246093750000000000000000.000000,793.124912,success,,,"{""p2_amp"": ""10.000000"", ""p4_res"": ""2.000000"", ""p1_freq"": ""1.000000"", ""p3_spin"": ""0.100000""}",,t
2074,hyper_lattice_shard_2074,Hyper Lattice Shard #2074,Hyper-Dimensional Grid,,,,,,,77390523246093750000000000000000.000000,793.124912,success,,,"{""p2_amp"": ""10.000000"", ""p4_res"": ""2.000000"", ""p1_freq"": ""1.000000"", ""p3_spin"": ""0.100000""}",,t
2075,hyper_lattice_shard_2075,Hyper Lattice Shard #2075,Hyper-Dimensional Grid,,,,,,,77390523246093750000000000000000.000000,793.124912,success,,,"{""p2_amp"": ""10.000000"", ""p4_res"": ""2.000000"", ""p1_freq"": ""1.000000"", ""p3_spin"": ""0.100000""}",,t
2076,hyper_lattice_shard_2076,Hyper Lattice Shard #2076,Hyper-Dimensional Grid,,,,,,,77390523246093750000000000000000.000000,793.124912,success,,,"{""p2_amp"": ""10.000000"", ""p4_res"": ""2.000000"", ""p1_freq"": ""1.000000"", ""p3_spin"": ""0.100000""}",,t
2077,hyper_lattice_shard_2077,Hyper Lattice Shard #2077,Hyper-Dimensional Grid,,,,,,,77390523246093750000000000000000.000000,793.124912,success,,,"{""p2_amp"": ""10.000000"", ""p4_res"": ""2.000000"", ""p1_freq"": ""1.000000"", ""p3_spin"": ""0.100000""}",,t
2078,hyper_lattice_shard_2078,Hyper Lattice Shard #2078,Hyper-Dimensional Grid,,,,,,,77390523246093750000000000000000.000000,793.124912,success,,,"{""p2_amp"": ""10.000000"", ""p4_res"": ""2.000000"", ""p1_freq"": ""1.000000"", ""p3_spin"": ""0.100000""}",,t
2079,hyper_lattice_shard_2079,Hyper Lattice Shard #2079,Hyper-Dimensional Grid,,,,,,,77390523246093750000000000000000.000000,793.124912,success,,,"{""p2_amp"": ""10.000000"", ""p4_res"": ""2.000000"", ""p1_freq"": ""1.000000"", ""p3_spin"": ""0.100000""}",,t
2080,hyper_lattice_shard_2080,Hyper Lattice Shard #2080,Hyper-Dimensional Grid,,,,,,,77390523246093750000000000000000.000000,793.124912,success,,,"{""p2_amp"": ""10.000000"", ""p4_res"": ""2.000000"", ""p1_freq"": ""1.000000"", ""p3_spin"": ""0.100000""}",,t
2081,hyper_lattice_shard_2081,Hyper Lattice Shard #2081,Hyper-Dimensional Grid,,,,,,,77390523246093750000000000000000.000000,793.124912,success,,,"{""p2_amp"": ""10.000000"", ""p4_res"": ""2.000000"", ""p1_freq"": ""1.000000"", ""p3_spin"": ""0.100000""}",,t
2082,hyper_lattice_shard_2082,Hyper Lattice Shard #2082,Hyper-Dimensional Grid,,,,,,,77390523246093750000000000000000.000000,793.124912,success,,,"{""p2_amp"": ""10.000000"", ""p4_res"": ""2.000000"", ""p1_freq"": ""1.000000"", ""p3_spin"": ""0.100000""}",,t
2083,hyper_lattice_shard_2083,Hyper Lattice Shard #2083,Hyper-Dimensional Grid,,,,,,,77390523246093750000000000000000.000000,793.124912,success,,,"{""p2_amp"": ""10.000000"", ""p4_res"": ""2.000000"", ""p1_freq"": ""1.000000"", ""p3_spin"": ""0.100000""}",,t
2084,hyper_lattice_shard_2084,Hyper Lattice Shard #2084,Hyper-Dimensional Grid,,,,,,,77390523246093750000000000000000.000000,793.124912,success,,,"{""p2_amp"": ""10.000000"", ""p4_res"": ""2.000000"", ""p1_freq"": ""1.000000"", ""p3_spin"": ""0.100000""}",,t
2085,hyper_lattice_shard_2085,Hyper Lattice Shard #2085,Hyper-Dimensional Grid,,,,,,,77390523246093750000000000000000.000000,793.124912,success,,,"{""p2_amp"": ""10.000000"", ""p4_res"": ""2.000000"", ""p1_freq"": ""1.000000"", ""p3_spin"": ""0.100000""}",,t
2086,hyper_lattice_shard_2086,Hyper Lattice Shard #2086,Hyper-Dimensional Grid,,,,,,,77390523246093750000000000000000.000000,793.124912,success,,,"{""p2_amp"": ""10.000000"", ""p4_res"": ""2.000000"", ""p1_freq"": ""1.000000"", ""p3_spin"": ""0.100000""}",,t
2087,hyper_lattice_shard_2087,Hyper Lattice Shard #2087,Hyper-Dimensional Grid,,,,,,,77390523246093750000000000000000.000000,793.124912,success,,,"{""p2_amp"": ""10.000000"", ""p4_res"": ""2.000000"", ""p1_freq"": ""1.000000"", ""p3_spin"": ""0.100000""}",,t
2088,hyper_lattice_shard_2088,Hyper Lattice Shard #2088,Hyper-Dimensional Grid,,,,,,,77390523246093750000000000000000.000000,793.124912,success,,,"{""p2_amp"": ""10.000000"", ""p4_res"": ""2.000000"", ""p1_freq"": ""1.000000"", ""p3_spin"": ""0.100000""}",,t
2089,hyper_lattice_shard_2089,Hyper Lattice Shard #2089,Hyper-Dimensional Grid,,,,,,,77390523246093750000000000000000.000000,793.124912,success,,,"{""p2_amp"": ""10.000000"", ""p4_res"": ""2.000000"", ""p1_freq"": ""1.000000"", ""p3_spin"": ""0.100000""}",,t
2090,hyper_lattice_shard_2090,Hyper Lattice Shard #2090,Hyper-Dimensional Grid,,,,,,,77390523246093750000000000000000.000000,793.124912,success,,,"{""p2_amp"": ""10.000000"", ""p4_res"": ""2.000000"", ""p1_freq"": ""1.000000"", ""p3_spin"": ""0.100000""}",,t
2091,hyper_lattice_shard_2091,Hyper Lattice Shard #2091,Hyper-Dimensional Grid,,,,,,,77390523246093750000000000000000.000000,793.124912,success,,,"{""p2_amp"": ""10.000000"", ""p4_res"": ""2.000000"", ""p1_freq"": ""1.000000"", ""p3_spin"": ""0.100000""}",,t
2092,hyper_lattice_shard_2092,Hyper Lattice Shard #2092,Hyper-Dimensional Grid,,,,,,,77390523246093750000000000000000.000000,793.124912,success,,,"{""p2_amp"": ""10.000000"", ""p4_res"": ""2.000000"", ""p1_freq"": ""1.000000"", ""p3_spin"": ""0.100000""}",,t
2093,hyper_lattice_shard_2093,Hyper Lattice Shard #2093,Hyper-Dimensional Grid,,,,,,,77390523246093750000000000000000.000000,793.124912,success,,,"{""p2_amp"": ""10.000000"", ""p4_res"": ""2.000000"", ""p1_freq"": ""1.000000"", ""p3_spin"": ""0.100000""}",,t
2094,hyper_lattice_shard_2094,Hyper Lattice Shard #2094,Hyper-Dimensional Grid,,,,,,,77390523246093750000000000000000.000000,793.124912,success,,,"{""p2_amp"": ""10.000000"", ""p4_res"": ""2.000000"", ""p1_freq"": ""1.000000"", ""p3_spin"": ""0.100000""}",,t
2095,hyper_lattice_shard_2095,Hyper Lattice Shard #2095,Hyper-Dimensional Grid,,,,,,,77390523246093750000000000000000.000000,793.124912,success,,,"{""p2_amp"": ""10.000000"", ""p4_res"": ""2.000000"", ""p1_freq"": ""1.000000"", ""p3_spin"": ""0.100000""}",,t
2096,hyper_lattice_shard_2096,Hyper Lattice Shard #2096,Hyper-Dimensional Grid,,,,,,,77390523246093750000000000000000.000000,793.124912,success,,,"{""p2_amp"": ""10.000000"", ""p4_res"": ""2.000000"", ""p1_freq"": ""1.000000"", ""p3_spin"": ""0.100000""}",,t
2097,hyper_lattice_shard_2097,Hyper Lattice Shard #2097,Hyper-Dimensional Grid,,,,,,,77390523246093750000000000000000.000000,793.124912,success,,,"{""p2_amp"": ""10.000000"", ""p4_res"": ""2.000000"", ""p1_freq"": ""1.000000"", ""p3_spin"": ""0.100000""}",,t
2098,hyper_lattice_shard_2098,Hyper Lattice Shard #2098,Hyper-Dimensional Grid,,,,,,,77390523246093750000000000000000.000000,793.124912,success,,,"{""p2_amp"": ""10.000000"", ""p4_res"": ""2.000000"", ""p1_freq"": ""1.000000"", ""p3_spin"": ""0.100000""}",,t
2099,hyper_lattice_shard_2099,Hyper Lattice Shard #2099,Hyper-Dimensional Grid,,,,,,,77390523246093750000000000000000.000000,793.124912,success,,,"{""p2_amp"": ""10.000000"", ""p4_res"": ""2.000000"", ""p1_freq"": ""1.000000"", ""p3_spin"": ""0.100000""}",,t
2100,hyper_lattice_shard_2100,Hyper Lattice Shard #2100,Hyper-Dimensional Grid,,,,,,,77390523246093750000000000000000.000000,793.124912,success,,,"{""p2_amp"": ""10.000000"", ""p4_res"": ""2.000000"", ""p1_freq"": ""1.000000"", ""p3_spin"": ""0.100000""}",,t
2101,hyper_lattice_shard_2101,Hyper Lattice Shard #2101,Hyper-Dimensional Grid,,,,,,,77390523246093750000000000000000.000000,793.124912,success,,,"{""p2_amp"": ""10.000000"", ""p4_res"": ""2.000000"", ""p1_freq"": ""1.000000"", ""p3_spin"": ""0.100000""}",,t
2102,hyper_lattice_shard_2102,Hyper Lattice Shard #2102,Hyper-Dimensional Grid,,,,,,,77390523246093750000000000000000.000000,793.124912,success,,,"{""p2_amp"": ""10.000000"", ""p4_res"": ""2.000000"", ""p1_freq"": ""1.000000"", ""p3_spin"": ""0.100000""}",,t
2103,hyper_lattice_shard_2103,Hyper Lattice Shard #2103,Hyper-Dimensional Grid,,,,,,,77390523246093750000000000000000.000000,793.124912,success,,,"{""p2_amp"": ""10.000000"", ""p4_res"": ""2.000000"", ""p1_freq"": ""1.000000"", ""p3_spin"": ""0.100000""}",,t
2104,hyper_lattice_shard_2104,Hyper Lattice Shard #2104,Hyper-Dimensional Grid,,,,,,,77390523246093750000000000000000.000000,793.124912,success,,,"{""p2_amp"": ""10.000000"", ""p4_res"": ""2.000000"", ""p1_freq"": ""1.000000"", ""p3_spin"": ""0.100000""}",,t
2105,hyper_lattice_shard_2105,Hyper Lattice Shard #2105,Hyper-Dimensional Grid,,,,,,,77390523246093750000000000000000.000000,793.124912,success,,,"{""p2_amp"": ""10.000000"", ""p4_res"": ""2.000000"", ""p1_freq"": ""1.000000"", ""p3_spin"": ""0.100000""}",,t
2106,hyper_lattice_shard_2106,Hyper Lattice Shard #2106,Hyper-Dimensional Grid,,,,,,,77390523246093750000000000000000.000000,793.124912,success,,,"{""p2_amp"": ""10.000000"", ""p4_res"": ""2.000000"", ""p1_freq"": ""1.000000"", ""p3_spin"": ""0.100000""}",,t
2107,hyper_lattice_shard_2107,Hyper Lattice Shard #2107,Hyper-Dimensional Grid,,,,,,,77390523246093750000000000000000.000000,793.124912,success,,,"{""p2_amp"": ""10.000000"", ""p4_res"": ""2.000000"", ""p1_freq"": ""1.000000"", ""p3_spin"": ""0.100000""}",,t
2108,hyper_lattice_shard_2108,Hyper Lattice Shard #2108,Hyper-Dimensional Grid,,,,,,,77390523246093750000000000000000.000000,793.124912,success,,,"{""p2_amp"": ""10.000000"", ""p4_res"": ""2.000000"", ""p1_freq"": ""1.000000"", ""p3_spin"": ""0.100000""}",,t
2109,hyper_lattice_shard_2109,Hyper Lattice Shard #2109,Hyper-Dimensional Grid,,,,,,,77390523246093750000000000000000.000000,793.124912,success,,,"{""p2_amp"": ""10.000000"", ""p4_res"": ""2.000000"", ""p1_freq"": ""1.000000"", ""p3_spin"": ""0.100000""}",,t
2110,hyper_lattice_shard_2110,Hyper Lattice Shard #2110,Hyper-Dimensional Grid,,,,,,,77390523246093750000000000000000.000000,793.124912,success,,,"{""p2_amp"": ""10.000000"", ""p4_res"": ""2.000000"", ""p1_freq"": ""1.000000"", ""p3_spin"": ""0.100000""}",,t
2111,hyper_lattice_shard_2111,Hyper Lattice Shard #2111,Hyper-Dimensional Grid,,,,,,,77390523246093750000000000000000.000000,793.124912,success,,,"{""p2_amp"": ""10.000000"", ""p4_res"": ""2.000000"", ""p1_freq"": ""1.000000"", ""p3_spin"": ""0.100000""}",,t
2112,hyper_lattice_shard_2112,Hyper Lattice Shard #2112,Hyper-Dimensional Grid,,,,,,,77390523246093750000000000000000.000000,793.124912,success,,,"{""p2_amp"": ""10.000000"", ""p4_res"": ""2.000000"", ""p1_freq"": ""1.000000"", ""p3_spin"": ""0.100000""}",,t
2113,hyper_lattice_shard_2113,Hyper Lattice Shard #2113,Hyper-Dimensional Grid,,,,,,,77390523246093750000000000000000.000000,793.124912,success,,,"{""p2_amp"": ""10.000000"", ""p4_res"": ""2.000000"", ""p1_freq"": ""1.000000"", ""p3_spin"": ""0.100000""}",,t
2114,hyper_lattice_shard_2114,Hyper Lattice Shard #2114,Hyper-Dimensional Grid,,,,,,,77390523246093750000000000000000.000000,793.124912,success,,,"{""p2_amp"": ""10.000000"", ""p4_res"": ""2.000000"", ""p1_freq"": ""1.000000"", ""p3_spin"": ""0.100000""}",,t
2115,hyper_lattice_shard_2115,Hyper Lattice Shard #2115,Hyper-Dimensional Grid,,,,,,,77390523246093750000000000000000.000000,793.124912,success,,,"{""p2_amp"": ""10.000000"", ""p4_res"": ""2.000000"", ""p1_freq"": ""1.000000"", ""p3_spin"": ""0.100000""}",,t
2116,hyper_lattice_shard_2116,Hyper Lattice Shard #2116,Hyper-Dimensional Grid,,,,,,,77390523246093750000000000000000.000000,793.124912,success,,,"{""p2_amp"": ""10.000000"", ""p4_res"": ""2.000000"", ""p1_freq"": ""1.000000"", ""p3_spin"": ""0.100000""}",,t
2117,hyper_lattice_shard_2117,Hyper Lattice Shard #2117,Hyper-Dimensional Grid,,,,,,,77390523246093750000000000000000.000000,793.124912,success,,,"{""p2_amp"": ""10.000000"", ""p4_res"": ""2.000000"", ""p1_freq"": ""1.000000"", ""p3_spin"": ""0.100000""}",,t
2118,hyper_lattice_shard_2118,Hyper Lattice Shard #2118,Hyper-Dimensional Grid,,,,,,,77390523246093750000000000000000.000000,793.124912,success,,,"{""p2_amp"": ""10.000000"", ""p4_res"": ""2.000000"", ""p1_freq"": ""1.000000"", ""p3_spin"": ""0.100000""}",,t
2119,hyper_lattice_shard_2119,Hyper Lattice Shard #2119,Hyper-Dimensional Grid,,,,,,,77390523246093750000000000000000.000000,793.124912,success,,,"{""p2_amp"": ""10.000000"", ""p4_res"": ""2.000000"", ""p1_freq"": ""1.000000"", ""p3_spin"": ""0.100000""}",,t
2120,hyper_lattice_shard_2120,Hyper Lattice Shard #2120,Hyper-Dimensional Grid,,,,,,,77390523246093750000000000000000.000000,793.124912,success,,,"{""p2_amp"": ""10.000000"", ""p4_res"": ""2.000000"", ""p1_freq"": ""1.000000"", ""p3_spin"": ""0.100000""}",,t
2121,hyper_lattice_shard_2121,Hyper Lattice Shard #2121,Hyper-Dimensional Grid,,,,,,,77390523246093750000000000000000.000000,793.124912,success,,,"{""p2_amp"": ""10.000000"", ""p4_res"": ""2.000000"", ""p1_freq"": ""1.000000"", ""p3_spin"": ""0.100000""}",,t
2122,hyper_lattice_shard_2122,Hyper Lattice Shard #2122,Hyper-Dimensional Grid,,,,,,,77390523246093750000000000000000.000000,793.124912,success,,,"{""p2_amp"": ""10.000000"", ""p4_res"": ""2.000000"", ""p1_freq"": ""1.000000"", ""p3_spin"": ""0.100000""}",,t
2123,hyper_lattice_shard_2123,Hyper Lattice Shard #2123,Hyper-Dimensional Grid,,,,,,,77390523246093750000000000000000.000000,793.124912,success,,,"{""p2_amp"": ""10.000000"", ""p4_res"": ""2.000000"", ""p1_freq"": ""1.000000"", ""p3_spin"": ""0.100000""}",,t
2124,hyper_lattice_shard_2124,Hyper Lattice Shard #2124,Hyper-Dimensional Grid,,,,,,,77390523246093750000000000000000.000000,793.124912,success,,,"{""p2_amp"": ""10.000000"", ""p4_res"": ""2.000000"", ""p1_freq"": ""1.000000"", ""p3_spin"": ""0.100000""}",,t
2125,hyper_lattice_shard_2125,Hyper Lattice Shard #2125,Hyper-Dimensional Grid,,,,,,,77390523246093750000000000000000.000000,793.124912,success,,,"{""p2_amp"": ""10.000000"", ""p4_res"": ""2.000000"", ""p1_freq"": ""1.000000"", ""p3_spin"": ""0.100000""}",,t
2126,hyper_lattice_shard_2126,Hyper Lattice Shard #2126,Hyper-Dimensional Grid,,,,,,,77390523246093750000000000000000.000000,793.124912,success,,,"{""p2_amp"": ""10.000000"", ""p4_res"": ""2.000000"", ""p1_freq"": ""1.000000"", ""p3_spin"": ""0.100000""}",,t
2127,hyper_lattice_shard_2127,Hyper Lattice Shard #2127,Hyper-Dimensional Grid,,,,,,,77390523246093750000000000000000.000000,793.124912,success,,,"{""p2_amp"": ""10.000000"", ""p4_res"": ""2.000000"", ""p1_freq"": ""1.000000"", ""p3_spin"": ""0.100000""}",,t
2128,hyper_lattice_shard_2128,Hyper Lattice Shard #2128,Hyper-Dimensional Grid,,,,,,,77390523246093750000000000000000.000000,793.124912,success,,,"{""p2_amp"": ""10.000000"", ""p4_res"": ""2.000000"", ""p1_freq"": ""1.000000"", ""p3_spin"": ""0.100000""}",,t
2129,hyper_lattice_shard_2129,Hyper Lattice Shard #2129,Hyper-Dimensional Grid,,,,,,,77390523246093750000000000000000.000000,793.124912,success,,,"{""p2_amp"": ""10.000000"", ""p4_res"": ""2.000000"", ""p1_freq"": ""1.000000"", ""p3_spin"": ""0.100000""}",,t
2130,hyper_lattice_shard_2130,Hyper Lattice Shard #2130,Hyper-Dimensional Grid,,,,,,,77390523246093750000000000000000.000000,793.124912,success,,,"{""p2_amp"": ""10.000000"", ""p4_res"": ""2.000000"", ""p1_freq"": ""1.000000"", ""p3_spin"": ""0.100000""}",,t
2131,hyper_lattice_shard_2131,Hyper Lattice Shard #2131,Hyper-Dimensional Grid,,,,,,,77390523246093750000000000000000.000000,793.124912,success,,,"{""p2_amp"": ""10.000000"", ""p4_res"": ""2.000000"", ""p1_freq"": ""1.000000"", ""p3_spin"": ""0.100000""}",,t
2132,hyper_lattice_shard_2132,Hyper Lattice Shard #2132,Hyper-Dimensional Grid,,,,,,,77390523246093750000000000000000.000000,793.124912,success,,,"{""p2_amp"": ""10.000000"", ""p4_res"": ""2.000000"", ""p1_freq"": ""1.000000"", ""p3_spin"": ""0.100000""}",,t
2133,hyper_lattice_shard_2133,Hyper Lattice Shard #2133,Hyper-Dimensional Grid,,,,,,,77390523246093750000000000000000.000000,793.124912,success,,,"{""p2_amp"": ""10.000000"", ""p4_res"": ""2.000000"", ""p1_freq"": ""1.000000"", ""p3_spin"": ""0.100000""}",,t
2134,hyper_lattice_shard_2134,Hyper Lattice Shard #2134,Hyper-Dimensional Grid,,,,,,,77390523246093750000000000000000.000000,793.124912,success,,,"{""p2_amp"": ""10.000000"", ""p4_res"": ""2.000000"", ""p1_freq"": ""1.000000"", ""p3_spin"": ""0.100000""}",,t
2135,hyper_lattice_shard_2135,Hyper Lattice Shard #2135,Hyper-Dimensional Grid,,,,,,,77390523246093750000000000000000.000000,793.124912,success,,,"{""p2_amp"": ""10.000000"", ""p4_res"": ""2.000000"", ""p1_freq"": ""1.000000"", ""p3_spin"": ""0.100000""}",,t
2136,hyper_lattice_shard_2136,Hyper Lattice Shard #2136,Hyper-Dimensional Grid,,,,,,,77390523246093750000000000000000.000000,793.124912,success,,,"{""p2_amp"": ""10.000000"", ""p4_res"": ""2.000000"", ""p1_freq"": ""1.000000"", ""p3_spin"": ""0.100000""}",,t
2137,hyper_lattice_shard_2137,Hyper Lattice Shard #2137,Hyper-Dimensional Grid,,,,,,,77390523246093750000000000000000.000000,793.124912,success,,,"{""p2_amp"": ""10.000000"", ""p4_res"": ""2.000000"", ""p1_freq"": ""1.000000"", ""p3_spin"": ""0.100000""}",,t
2138,hyper_lattice_shard_2138,Hyper Lattice Shard #2138,Hyper-Dimensional Grid,,,,,,,77390523246093750000000000000000.000000,793.124912,success,,,"{""p2_amp"": ""10.000000"", ""p4_res"": ""2.000000"", ""p1_freq"": ""1.000000"", ""p3_spin"": ""0.100000""}",,t
2139,hyper_lattice_shard_2139,Hyper Lattice Shard #2139,Hyper-Dimensional Grid,,,,,,,77390523246093750000000000000000.000000,793.124912,success,,,"{""p2_amp"": ""10.000000"", ""p4_res"": ""2.000000"", ""p1_freq"": ""1.000000"", ""p3_spin"": ""0.100000""}",,t
2140,hyper_lattice_shard_2140,Hyper Lattice Shard #2140,Hyper-Dimensional Grid,,,,,,,77390523246093750000000000000000.000000,793.124912,success,,,"{""p2_amp"": ""10.000000"", ""p4_res"": ""2.000000"", ""p1_freq"": ""1.000000"", ""p3_spin"": ""0.100000""}",,t
2141,hyper_lattice_shard_2141,Hyper Lattice Shard #2141,Hyper-Dimensional Grid,,,,,,,77390523246093750000000000000000.000000,793.124912,success,,,"{""p2_amp"": ""10.000000"", ""p4_res"": ""2.000000"", ""p1_freq"": ""1.000000"", ""p3_spin"": ""0.100000""}",,t
2142,hyper_lattice_shard_2142,Hyper Lattice Shard #2142,Hyper-Dimensional Grid,,,,,,,77390523246093750000000000000000.000000,793.124912,success,,,"{""p2_amp"": ""10.000000"", ""p4_res"": ""2.000000"", ""p1_freq"": ""1.000000"", ""p3_spin"": ""0.100000""}",,t
