id,shape_type,display_name,category,subcategory,description,source,priority,seo_keywords,canonical_url,is_active,created_at,updated_at,asset_value_usd,token_id,energy_hash,energy_rank,normalized_energy,pattern_discoveries,cross_learn_connections,base_energy,onchain_tx_hash,mint_status,erc20_contract_address
1478,frost_flower,Frost Flower,general,general,Parametric surface,formula_sync,0.8,"general, UUON, parametric surface",/shapes/frost-flower,t,2026-06-12T23:56:01.905Z,2026-06-12T23:56:01.905Z,75.350000,,,,,0,0,55000000000000000000000000000000,,success,0x425734a7fd13E9994b66a7909206007A1EF7030B
1684,spring,Mathematical Spring,general,general,Parametric surface,formula_sync,0.8,"general, UUON, parametric surface",/shapes/spring,t,2026-06-12T23:56:15.036Z,2026-06-12T23:56:15.036Z,75.350000,,,,,0,0,55000000000000000000000000000000,,success,0x425734a7fd13E9994b66a7909206007A1EF7030B
1934,letter-e,Letter E (Linguistic Geometry),general,general,Parametric surface,formula_sync,0.8,"general, UUON, parametric surface",/shapes/letter-e,t,2026-06-12T23:56:34.690Z,2026-06-12T23:56:34.690Z,75.350000,,,,,0,0,55000000000000000000000000000000,,success,0x425734a7fd13E9994b66a7909206007A1EF7030B
10,babylonian_sagittarius_pabilsag,Babylonian Sagittarius Pabilsag,babylonian-zodiac,Babylonian Zodiac,Babylonian Sagittarius Pabilsag - Babylonian Zodiac mathematical visualization,frontend,0.8,"Babylonian Sagittarius Pabilsag, Babylonian Zodiac, mathematical visualization, 3D geometry, parametric surface",/shape/babylonian_sagittarius_pabilsag,t,2025-12-04T10:34:40.589Z,2025-12-04T10:34:40.589Z,75.350000,,,,,0,0,55000000000000000000000000000000,,success,0x425734a7fd13E9994b66a7909206007A1EF7030B
1578,rutherford_nucleus,Rutherford Nucleus,general,general,Parametric surface,formula_sync,0.8,"general, UUON, parametric surface",/shapes/rutherford-nucleus,t,2026-06-12T23:56:08.473Z,2026-06-12T23:56:08.473Z,75.350000,,,,,0,0,55000000000000000000000000000000,,success,0x425734a7fd13E9994b66a7909206007A1EF7030B
834,gyroid_tpms,Gyroid TPMS,medical,tpms,Triply Periodic Minimal Surface,formula_sync,0.8,"medical, UUON, parametric surface",/shapes/gyroid-tpms,t,2026-06-12T23:55:22.433Z,2026-06-12T23:55:22.433Z,75.350000,,,,,0,0,55000000000000000000000000000000,,success,0x425734a7fd13E9994b66a7909206007A1EF7030B
1781,uuon-dyon-field,UUON Dyon Field,general,general,Parametric surface,formula_sync,0.8,"general, UUON, parametric surface",/shapes/uuon-dyon-field,t,2026-06-12T23:56:21.595Z,2026-06-12T23:56:21.595Z,75.350000,,,,,0,0,55000000000000000000000000000000,,success,0x425734a7fd13E9994b66a7909206007A1EF7030B
1918,temporal-engine,Temporal Engine Core,general,general,Parametric surface,formula_sync,0.8,"general, UUON, parametric surface",/shapes/temporal-engine,t,2026-06-12T23:56:28.146Z,2026-06-12T23:56:28.146Z,75.350000,,,,,0,0,55000000000000000000000000000000,,success,0x425734a7fd13E9994b66a7909206007A1EF7030B
1500,fractal_potential_well,Potential Well Map,fractal,fractal,Parametric surface,formula_sync,0.8,"fractal, UUON, parametric surface",/shapes/fractal-potential-well,t,2026-06-12T23:56:01.905Z,2026-06-12T23:56:01.905Z,75.350000,,,,,0,0,55000000000000000000000000000000,,success,0x425734a7fd13E9994b66a7909206007A1EF7030B
11,babylonian_capricorn_goat_fish,Babylonian Capricorn Goat Fish,babylonian-zodiac,Babylonian Zodiac,Babylonian Capricorn Goat Fish - Babylonian Zodiac mathematical visualization,frontend,0.8,"Babylonian Capricorn Goat Fish, Babylonian Zodiac, mathematical visualization, 3D geometry, parametric surface",/shape/babylonian_capricorn_goat_fish,t,2025-12-04T10:34:40.589Z,2025-12-04T10:34:40.589Z,75.350000,,,,,0,0,55000000000000000000000000000000,,success,0x425734a7fd13E9994b66a7909206007A1EF7030B
12,babylonian_aquarius_water_bearer,Babylonian Aquarius Water Bearer,babylonian-zodiac,Babylonian Zodiac,Babylonian Aquarius Water Bearer - Babylonian Zodiac mathematical visualization,frontend,0.8,"Babylonian Aquarius Water Bearer, Babylonian Zodiac, mathematical visualization, 3D geometry, parametric surface",/shape/babylonian_aquarius_water_bearer,t,2025-12-04T10:34:40.589Z,2025-12-04T10:34:40.589Z,75.350000,,,,,0,0,55000000000000000000000000000000,,success,0x425734a7fd13E9994b66a7909206007A1EF7030B
13,babylonian_pisces_fish_string,Babylonian Pisces Fish String,babylonian-zodiac,Babylonian Zodiac,Babylonian Pisces Fish String - Babylonian Zodiac mathematical visualization,frontend,0.8,"Babylonian Pisces Fish String, Babylonian Zodiac, mathematical visualization, 3D geometry, parametric surface",/shape/babylonian_pisces_fish_string,t,2025-12-04T10:34:40.589Z,2025-12-04T10:34:40.589Z,75.350000,,,,,0,0,55000000000000000000000000000000,,success,0x425734a7fd13E9994b66a7909206007A1EF7030B
14,sphere,Sphere,basic,Basic Shapes,Sphere - Basic Shapes mathematical visualization,frontend,0.8,"Sphere, Basic Shapes, mathematical visualization, 3D geometry, parametric surface",/shape/sphere,t,2025-12-04T10:34:40.589Z,2025-12-04T10:34:40.589Z,75.350000,,,,,0,0,55000000000000000000000000000000,,success,0x425734a7fd13E9994b66a7909206007A1EF7030B
15,cube,Cube,basic,Basic Shapes,Cube - Basic Shapes mathematical visualization,frontend,0.8,"Cube, Basic Shapes, mathematical visualization, 3D geometry, parametric surface",/shape/cube,t,2025-12-04T10:34:40.589Z,2025-12-04T10:34:40.589Z,75.350000,,,,,0,0,55000000000000000000000000000000,,success,0x425734a7fd13E9994b66a7909206007A1EF7030B
16,cylinder,Cylinder,basic,Basic Shapes,Cylinder - Basic Shapes mathematical visualization,frontend,0.8,"Cylinder, Basic Shapes, mathematical visualization, 3D geometry, parametric surface",/shape/cylinder,t,2025-12-04T10:34:40.589Z,2025-12-04T10:34:40.589Z,75.350000,,,,,0,0,55000000000000000000000000000000,,success,0x425734a7fd13E9994b66a7909206007A1EF7030B
17,cone,Cone,basic,Basic Shapes,Cone - Basic Shapes mathematical visualization,frontend,0.8,"Cone, Basic Shapes, mathematical visualization, 3D geometry, parametric surface",/shape/cone,t,2025-12-04T10:34:40.589Z,2025-12-04T10:34:40.589Z,75.350000,,,,,0,0,55000000000000000000000000000000,,success,0x425734a7fd13E9994b66a7909206007A1EF7030B
18,torus,Torus,basic,Basic Shapes,Torus - Basic Shapes mathematical visualization,frontend,0.8,"Torus, Basic Shapes, mathematical visualization, 3D geometry, parametric surface",/shape/torus,t,2025-12-04T10:34:40.589Z,2025-12-04T10:34:40.589Z,75.350000,,,,,0,0,55000000000000000000000000000000,,success,0x425734a7fd13E9994b66a7909206007A1EF7030B
19,tetrahedron,Tetrahedron,basic,Basic Shapes,Tetrahedron - Basic Shapes mathematical visualization,frontend,0.8,"Tetrahedron, Basic Shapes, mathematical visualization, 3D geometry, parametric surface",/shape/tetrahedron,t,2025-12-04T10:34:40.589Z,2025-12-04T10:34:40.589Z,75.350000,,,,,0,0,55000000000000000000000000000000,,success,0x425734a7fd13E9994b66a7909206007A1EF7030B
20,octahedron,Octahedron,basic,Basic Shapes,Octahedron - Basic Shapes mathematical visualization,frontend,0.8,"Octahedron, Basic Shapes, mathematical visualization, 3D geometry, parametric surface",/shape/octahedron,t,2025-12-04T10:34:40.589Z,2025-12-04T10:34:40.589Z,75.350000,,,,,0,0,55000000000000000000000000000000,,success,0x425734a7fd13E9994b66a7909206007A1EF7030B
21,icosahedron,Icosahedron,basic,Basic Shapes,Icosahedron - Basic Shapes mathematical visualization,frontend,0.8,"Icosahedron, Basic Shapes, mathematical visualization, 3D geometry, parametric surface",/shape/icosahedron,t,2025-12-04T10:34:40.589Z,2025-12-04T10:34:40.589Z,75.350000,,,,,0,0,55000000000000000000000000000000,,success,0x425734a7fd13E9994b66a7909206007A1EF7030B
22,dodecahedron,Dodecahedron,basic,Basic Shapes,Dodecahedron - Basic Shapes mathematical visualization,frontend,0.8,"Dodecahedron, Basic Shapes, mathematical visualization, 3D geometry, parametric surface",/shape/dodecahedron,t,2025-12-04T10:34:40.589Z,2025-12-04T10:34:40.589Z,75.350000,,,,,0,0,55000000000000000000000000000000,,success,0x425734a7fd13E9994b66a7909206007A1EF7030B
23,square,Square,basic,Basic Shapes,Square - Basic Shapes mathematical visualization,frontend,0.8,"Square, Basic Shapes, mathematical visualization, 3D geometry, parametric surface",/shape/square,t,2025-12-04T10:34:40.589Z,2025-12-04T10:34:40.589Z,75.350000,,,,,0,0,55000000000000000000000000000000,,success,0x425734a7fd13E9994b66a7909206007A1EF7030B
24,circle,Circle,basic,Basic Shapes,Circle - Basic Shapes mathematical visualization,frontend,0.8,"Circle, Basic Shapes, mathematical visualization, 3D geometry, parametric surface",/shape/circle,t,2025-12-04T10:34:40.589Z,2025-12-04T10:34:40.589Z,75.350000,,,,,0,0,55000000000000000000000000000000,,success,0x425734a7fd13E9994b66a7909206007A1EF7030B
26,rectangle,Rectangle,basic,Basic Shapes,Rectangle - Basic Shapes mathematical visualization,frontend,0.8,"Rectangle, Basic Shapes, mathematical visualization, 3D geometry, parametric surface",/shape/rectangle,t,2025-12-04T10:34:40.589Z,2025-12-04T10:34:40.589Z,75.350000,,,,,0,0,55000000000000000000000000000000,,success,0x425734a7fd13E9994b66a7909206007A1EF7030B
28,hexagon,Hexagon,basic,Basic Shapes,Hexagon - Basic Shapes mathematical visualization,frontend,0.8,"Hexagon, Basic Shapes, mathematical visualization, 3D geometry, parametric surface",/shape/hexagon,t,2025-12-04T10:34:40.589Z,2025-12-04T10:34:40.589Z,75.350000,,,,,0,0,55000000000000000000000000000000,,success,0x425734a7fd13E9994b66a7909206007A1EF7030B
30,star_3d,Star 3d,basic,Basic Shapes,Star 3d - Basic Shapes mathematical visualization,frontend,0.8,"Star 3d, Basic Shapes, mathematical visualization, 3D geometry, parametric surface",/shape/star_3d,t,2025-12-04T10:34:40.589Z,2025-12-04T10:34:40.589Z,75.350000,,,,,0,0,55000000000000000000000000000000,,success,0x425734a7fd13E9994b66a7909206007A1EF7030B
32,heart_shape,Heart Shape,basic,Basic Shapes,Heart Shape - Basic Shapes mathematical visualization,frontend,0.8,"Heart Shape, Basic Shapes, mathematical visualization, 3D geometry, parametric surface",/shape/heart_shape,t,2025-12-04T10:34:40.589Z,2025-12-04T10:34:40.589Z,75.350000,,,,,0,0,55000000000000000000000000000000,,success,0x425734a7fd13E9994b66a7909206007A1EF7030B
34,square_prism,Square Prism,basic,Basic Shapes,Square Prism - Basic Shapes mathematical visualization,frontend,0.8,"Square Prism, Basic Shapes, mathematical visualization, 3D geometry, parametric surface",/shape/square_prism,t,2025-12-04T10:34:40.589Z,2025-12-04T10:34:40.589Z,75.350000,,,,,0,0,55000000000000000000000000000000,,success,0x425734a7fd13E9994b66a7909206007A1EF7030B
36,hexagonal_prism,Hexagonal Prism,basic,Basic Shapes,Hexagonal Prism - Basic Shapes mathematical visualization,frontend,0.8,"Hexagonal Prism, Basic Shapes, mathematical visualization, 3D geometry, parametric surface",/shape/hexagonal_prism,t,2025-12-04T10:34:40.589Z,2025-12-04T10:34:40.589Z,75.350000,,,,,0,0,55000000000000000000000000000000,,success,0x425734a7fd13E9994b66a7909206007A1EF7030B
29,oval,Oval,basic,Basic Shapes,Oval - Basic Shapes mathematical visualization,frontend,0.8,"Oval, Basic Shapes, mathematical visualization, 3D geometry, parametric surface",/shape/oval,t,2025-12-04T10:34:40.589Z,2025-12-04T10:34:40.589Z,75.350000,,,,,0,0,55000000000000000000000000000000,,success,0x425734a7fd13E9994b66a7909206007A1EF7030B
38,octagonal_prism,Octagonal Prism,basic,Basic Shapes,Octagonal Prism - Basic Shapes mathematical visualization,frontend,0.8,"Octagonal Prism, Basic Shapes, mathematical visualization, 3D geometry, parametric surface",/shape/octagonal_prism,t,2025-12-04T10:34:40.589Z,2025-12-04T10:34:40.589Z,75.350000,,,,,0,0,55000000000000000000000000000000,,success,0x425734a7fd13E9994b66a7909206007A1EF7030B
40,decagonal_prism,Decagonal Prism,basic,Basic Shapes,Decagonal Prism - Basic Shapes mathematical visualization,frontend,0.8,"Decagonal Prism, Basic Shapes, mathematical visualization, 3D geometry, parametric surface",/shape/decagonal_prism,t,2025-12-04T10:34:40.589Z,2025-12-04T10:34:40.589Z,75.350000,,,,,0,0,55000000000000000000000000000000,,success,0x425734a7fd13E9994b66a7909206007A1EF7030B
42,dodecagonal_prism,Dodecagonal Prism,basic,Basic Shapes,Dodecagonal Prism - Basic Shapes mathematical visualization,frontend,0.8,"Dodecagonal Prism, Basic Shapes, mathematical visualization, 3D geometry, parametric surface",/shape/dodecagonal_prism,t,2025-12-04T10:34:40.589Z,2025-12-04T10:34:40.589Z,75.350000,,,,,0,0,55000000000000000000000000000000,,success,0x425734a7fd13E9994b66a7909206007A1EF7030B
44,trefoil_knot,Trefoil Knot,topology,Topology & Knots,Trefoil Knot - Topology & Knots mathematical visualization,frontend,0.8,"Trefoil Knot, Topology & Knots, mathematical visualization, 3D geometry, parametric surface",/shape/trefoil_knot,t,2025-12-04T10:34:40.589Z,2025-12-04T10:34:40.589Z,75.350000,,,,,0,0,55000000000000000000000000000000,,success,0x425734a7fd13E9994b66a7909206007A1EF7030B
46,mobius_strip,Mobius Strip,topology,Topology & Knots,Mobius Strip - Topology & Knots mathematical visualization,frontend,0.8,"Mobius Strip, Topology & Knots, mathematical visualization, 3D geometry, parametric surface",/shape/mobius_strip,t,2025-12-04T10:34:40.589Z,2025-12-04T10:34:40.589Z,75.350000,,,,,0,0,55000000000000000000000000000000,,success,0x425734a7fd13E9994b66a7909206007A1EF7030B
48,boy_surface,Boy Surface,topology,Topology & Knots,Boy Surface - Topology & Knots mathematical visualization,frontend,0.8,"Boy Surface, Topology & Knots, mathematical visualization, 3D geometry, parametric surface",/shape/boy_surface,t,2025-12-04T10:34:40.589Z,2025-12-04T10:34:40.589Z,75.350000,,,,,0,0,55000000000000000000000000000000,,success,0x425734a7fd13E9994b66a7909206007A1EF7030B
50,genus3_surface,Genus3 Surface,topology,Topology & Knots,Genus3 Surface - Topology & Knots mathematical visualization,frontend,0.8,"Genus3 Surface, Topology & Knots, mathematical visualization, 3D geometry, parametric surface",/shape/genus3_surface,t,2025-12-04T10:34:40.589Z,2025-12-04T10:34:40.589Z,75.350000,,,,,0,0,55000000000000000000000000000000,,success,0x425734a7fd13E9994b66a7909206007A1EF7030B
52,homotopy_deformation,Homotopy Deformation,topology,Topology & Knots,Homotopy Deformation - Topology & Knots mathematical visualization,frontend,0.8,"Homotopy Deformation, Topology & Knots, mathematical visualization, 3D geometry, parametric surface",/shape/homotopy_deformation,t,2025-12-04T10:34:40.589Z,2025-12-04T10:34:40.589Z,75.350000,,,,,0,0,55000000000000000000000000000000,,success,0x425734a7fd13E9994b66a7909206007A1EF7030B
54,torus_knot_2_3,Torus Knot 2 3,topology,Topology & Knots,Torus Knot 2 3 - Topology & Knots mathematical visualization,frontend,0.8,"Torus Knot 2 3, Topology & Knots, mathematical visualization, 3D geometry, parametric surface",/shape/torus_knot_2_3,t,2025-12-04T10:34:40.589Z,2025-12-04T10:34:40.589Z,75.350000,,,,,0,0,55000000000000000000000000000000,,success,0x425734a7fd13E9994b66a7909206007A1EF7030B
56,borromean_rings,Borromean Rings,topology,Topology & Knots,Borromean Rings - Topology & Knots mathematical visualization,frontend,0.8,"Borromean Rings, Topology & Knots, mathematical visualization, 3D geometry, parametric surface",/shape/borromean_rings,t,2025-12-04T10:34:40.589Z,2025-12-04T10:34:40.589Z,75.350000,,,,,0,0,55000000000000000000000000000000,,success,0x425734a7fd13E9994b66a7909206007A1EF7030B
58,whitehead_link,Whitehead Link,topology,Topology & Knots,Whitehead Link - Topology & Knots mathematical visualization,frontend,0.8,"Whitehead Link, Topology & Knots, mathematical visualization, 3D geometry, parametric surface",/shape/whitehead_link,t,2025-12-04T10:34:40.589Z,2025-12-04T10:34:40.589Z,75.350000,,,,,0,0,55000000000000000000000000000000,,success,0x425734a7fd13E9994b66a7909206007A1EF7030B
60,solomon_knot,Solomon Knot,topology,Topology & Knots,Solomon Knot - Topology & Knots mathematical visualization,frontend,0.8,"Solomon Knot, Topology & Knots, mathematical visualization, 3D geometry, parametric surface",/shape/solomon_knot,t,2025-12-04T10:34:40.589Z,2025-12-04T10:34:40.589Z,75.350000,,,,,0,0,55000000000000000000000000000000,,success,0x425734a7fd13E9994b66a7909206007A1EF7030B
62,celtic_knot,Celtic Knot,topology,Topology & Knots,Celtic Knot - Topology & Knots mathematical visualization,frontend,0.8,"Celtic Knot, Topology & Knots, mathematical visualization, 3D geometry, parametric surface",/shape/celtic_knot,t,2025-12-04T10:34:40.589Z,2025-12-04T10:34:40.589Z,75.350000,,,,,0,0,55000000000000000000000000000000,,success,0x425734a7fd13E9994b66a7909206007A1EF7030B
64,julia_3d,Julia 3d,fractals,Fractals,Julia 3d - Fractals mathematical visualization,frontend,0.8,"Julia 3d, Fractals, mathematical visualization, 3D geometry, parametric surface",/shape/julia_3d,t,2025-12-04T10:34:40.589Z,2025-12-04T10:34:40.589Z,75.350000,,,,,0,0,55000000000000000000000000000000,,success,0x425734a7fd13E9994b66a7909206007A1EF7030B
66,menger_sponge,Menger Sponge,fractals,Fractals,Menger Sponge - Fractals mathematical visualization,frontend,0.8,"Menger Sponge, Fractals, mathematical visualization, 3D geometry, parametric surface",/shape/menger_sponge,t,2025-12-04T10:34:40.589Z,2025-12-04T10:34:40.589Z,75.350000,,,,,0,0,55000000000000000000000000000000,,success,0x425734a7fd13E9994b66a7909206007A1EF7030B
68,dragon_curve_3d,Dragon Curve 3d,fractals,Fractals,Dragon Curve 3d - Fractals mathematical visualization,frontend,0.8,"Dragon Curve 3d, Fractals, mathematical visualization, 3D geometry, parametric surface",/shape/dragon_curve_3d,t,2025-12-04T10:34:40.589Z,2025-12-04T10:34:40.589Z,75.350000,,,,,0,0,55000000000000000000000000000000,,success,0x425734a7fd13E9994b66a7909206007A1EF7030B
70,peano_curve_3d,Peano Curve 3d,fractals,Fractals,Peano Curve 3d - Fractals mathematical visualization,frontend,0.8,"Peano Curve 3d, Fractals, mathematical visualization, 3D geometry, parametric surface",/shape/peano_curve_3d,t,2025-12-04T10:34:40.589Z,2025-12-04T10:34:40.589Z,75.350000,,,,,0,0,55000000000000000000000000000000,,success,0x425734a7fd13E9994b66a7909206007A1EF7030B
72,barnsley_fern_3d,Barnsley Fern 3d,fractals,Fractals,Barnsley Fern 3d - Fractals mathematical visualization,frontend,0.8,"Barnsley Fern 3d, Fractals, mathematical visualization, 3D geometry, parametric surface",/shape/barnsley_fern_3d,t,2025-12-04T10:34:40.589Z,2025-12-04T10:34:40.589Z,75.350000,,,,,0,0,55000000000000000000000000000000,,success,0x425734a7fd13E9994b66a7909206007A1EF7030B
25,triangle,Triangle,basic,Basic Shapes,Triangle - Basic Shapes mathematical visualization,frontend,0.8,"Triangle, Basic Shapes, mathematical visualization, 3D geometry, parametric surface",/shape/triangle,t,2025-12-04T10:34:40.589Z,2025-12-04T10:34:40.589Z,75.350000,,,,,0,0,55000000000000000000000000000000,,success,0x425734a7fd13E9994b66a7909206007A1EF7030B
27,pentagon,Pentagon,basic,Basic Shapes,Pentagon - Basic Shapes mathematical visualization,frontend,0.8,"Pentagon, Basic Shapes, mathematical visualization, 3D geometry, parametric surface",/shape/pentagon,t,2025-12-04T10:34:40.589Z,2025-12-04T10:34:40.589Z,75.350000,,,,,0,0,55000000000000000000000000000000,,success,0x425734a7fd13E9994b66a7909206007A1EF7030B
31,diamond,Diamond,basic,Basic Shapes,Diamond - Basic Shapes mathematical visualization,frontend,0.8,"Diamond, Basic Shapes, mathematical visualization, 3D geometry, parametric surface",/shape/diamond,t,2025-12-04T10:34:40.589Z,2025-12-04T10:34:40.589Z,75.350000,,,,,0,0,55000000000000000000000000000000,,success,0x425734a7fd13E9994b66a7909206007A1EF7030B
33,triangular_prism,Triangular Prism,basic,Basic Shapes,Triangular Prism - Basic Shapes mathematical visualization,frontend,0.8,"Triangular Prism, Basic Shapes, mathematical visualization, 3D geometry, parametric surface",/shape/triangular_prism,t,2025-12-04T10:34:40.589Z,2025-12-04T10:34:40.589Z,75.350000,,,,,0,0,55000000000000000000000000000000,,success,0x425734a7fd13E9994b66a7909206007A1EF7030B
35,pentagonal_prism,Pentagonal Prism,basic,Basic Shapes,Pentagonal Prism - Basic Shapes mathematical visualization,frontend,0.8,"Pentagonal Prism, Basic Shapes, mathematical visualization, 3D geometry, parametric surface",/shape/pentagonal_prism,t,2025-12-04T10:34:40.589Z,2025-12-04T10:34:40.589Z,75.350000,,,,,0,0,55000000000000000000000000000000,,success,0x425734a7fd13E9994b66a7909206007A1EF7030B
37,heptagonal_prism,Heptagonal Prism,basic,Basic Shapes,Heptagonal Prism - Basic Shapes mathematical visualization,frontend,0.8,"Heptagonal Prism, Basic Shapes, mathematical visualization, 3D geometry, parametric surface",/shape/heptagonal_prism,t,2025-12-04T10:34:40.589Z,2025-12-04T10:34:40.589Z,75.350000,,,,,0,0,55000000000000000000000000000000,,success,0x425734a7fd13E9994b66a7909206007A1EF7030B
39,nonagonal_prism,Nonagonal Prism,basic,Basic Shapes,Nonagonal Prism - Basic Shapes mathematical visualization,frontend,0.8,"Nonagonal Prism, Basic Shapes, mathematical visualization, 3D geometry, parametric surface",/shape/nonagonal_prism,t,2025-12-04T10:34:40.589Z,2025-12-04T10:34:40.589Z,75.350000,,,,,0,0,55000000000000000000000000000000,,success,0x425734a7fd13E9994b66a7909206007A1EF7030B
41,hendecagonal_prism,Hendecagonal Prism,basic,Basic Shapes,Hendecagonal Prism - Basic Shapes mathematical visualization,frontend,0.8,"Hendecagonal Prism, Basic Shapes, mathematical visualization, 3D geometry, parametric surface",/shape/hendecagonal_prism,t,2025-12-04T10:34:40.589Z,2025-12-04T10:34:40.589Z,75.350000,,,,,0,0,55000000000000000000000000000000,,success,0x425734a7fd13E9994b66a7909206007A1EF7030B
43,klein_bottle,Klein Bottle,topology,Topology & Knots,Klein Bottle - Topology & Knots mathematical visualization,frontend,0.8,"Klein Bottle, Topology & Knots, mathematical visualization, 3D geometry, parametric surface",/shape/klein_bottle,t,2025-12-04T10:34:40.589Z,2025-12-04T10:34:40.589Z,75.350000,,,,,0,0,55000000000000000000000000000000,,success,0x425734a7fd13E9994b66a7909206007A1EF7030B
45,figure8_knot,Figure8 Knot,topology,Topology & Knots,Figure8 Knot - Topology & Knots mathematical visualization,frontend,0.8,"Figure8 Knot, Topology & Knots, mathematical visualization, 3D geometry, parametric surface",/shape/figure8_knot,t,2025-12-04T10:34:40.589Z,2025-12-04T10:34:40.589Z,75.350000,,,,,0,0,55000000000000000000000000000000,,success,0x425734a7fd13E9994b66a7909206007A1EF7030B
47,cross_cap,Cross Cap,topology,Topology & Knots,Cross Cap - Topology & Knots mathematical visualization,frontend,0.8,"Cross Cap, Topology & Knots, mathematical visualization, 3D geometry, parametric surface",/shape/cross_cap,t,2025-12-04T10:34:40.589Z,2025-12-04T10:34:40.589Z,75.350000,,,,,0,0,55000000000000000000000000000000,,success,0x425734a7fd13E9994b66a7909206007A1EF7030B
49,genus2_surface,Genus2 Surface,topology,Topology & Knots,Genus2 Surface - Topology & Knots mathematical visualization,frontend,0.8,"Genus2 Surface, Topology & Knots, mathematical visualization, 3D geometry, parametric surface",/shape/genus2_surface,t,2025-12-04T10:34:40.589Z,2025-12-04T10:34:40.589Z,75.350000,,,,,0,0,55000000000000000000000000000000,,success,0x425734a7fd13E9994b66a7909206007A1EF7030B
51,fiber_bundle,Fiber Bundle,topology,Topology & Knots,Fiber Bundle - Topology & Knots mathematical visualization,frontend,0.8,"Fiber Bundle, Topology & Knots, mathematical visualization, 3D geometry, parametric surface",/shape/fiber_bundle,t,2025-12-04T10:34:40.589Z,2025-12-04T10:34:40.589Z,75.350000,,,,,0,0,55000000000000000000000000000000,,success,0x425734a7fd13E9994b66a7909206007A1EF7030B
53,seifert_surface,Seifert Surface,topology,Topology & Knots,Seifert Surface - Topology & Knots mathematical visualization,frontend,0.8,"Seifert Surface, Topology & Knots, mathematical visualization, 3D geometry, parametric surface",/shape/seifert_surface,t,2025-12-04T10:34:40.589Z,2025-12-04T10:34:40.589Z,75.350000,,,,,0,0,55000000000000000000000000000000,,success,0x425734a7fd13E9994b66a7909206007A1EF7030B
55,torus_knot_3_5,Torus Knot 3 5,topology,Topology & Knots,Torus Knot 3 5 - Topology & Knots mathematical visualization,frontend,0.8,"Torus Knot 3 5, Topology & Knots, mathematical visualization, 3D geometry, parametric surface",/shape/torus_knot_3_5,t,2025-12-04T10:34:40.589Z,2025-12-04T10:34:40.589Z,75.350000,,,,,0,0,55000000000000000000000000000000,,success,0x425734a7fd13E9994b66a7909206007A1EF7030B
57,hopf_link,Hopf Link,topology,Topology & Knots,Hopf Link - Topology & Knots mathematical visualization,frontend,0.8,"Hopf Link, Topology & Knots, mathematical visualization, 3D geometry, parametric surface",/shape/hopf_link,t,2025-12-04T10:34:40.589Z,2025-12-04T10:34:40.589Z,75.350000,,,,,0,0,55000000000000000000000000000000,,success,0x425734a7fd13E9994b66a7909206007A1EF7030B
59,chinese_button_knot,Chinese Button Knot,topology,Topology & Knots,Chinese Button Knot - Topology & Knots mathematical visualization,frontend,0.8,"Chinese Button Knot, Topology & Knots, mathematical visualization, 3D geometry, parametric surface",/shape/chinese_button_knot,t,2025-12-04T10:34:40.589Z,2025-12-04T10:34:40.589Z,75.350000,,,,,0,0,55000000000000000000000000000000,,success,0x425734a7fd13E9994b66a7909206007A1EF7030B
61,endless_knot,Endless Knot,topology,Topology & Knots,Endless Knot - Topology & Knots mathematical visualization,frontend,0.8,"Endless Knot, Topology & Knots, mathematical visualization, 3D geometry, parametric surface",/shape/endless_knot,t,2025-12-04T10:34:40.589Z,2025-12-04T10:34:40.589Z,75.350000,,,,,0,0,55000000000000000000000000000000,,success,0x425734a7fd13E9994b66a7909206007A1EF7030B
63,mandelbrot_3d,Mandelbrot 3d,fractals,Fractals,Mandelbrot 3d - Fractals mathematical visualization,frontend,0.8,"Mandelbrot 3d, Fractals, mathematical visualization, 3D geometry, parametric surface",/shape/mandelbrot_3d,t,2025-12-04T10:34:40.589Z,2025-12-04T10:34:40.589Z,75.350000,,,,,0,0,55000000000000000000000000000000,,success,0x425734a7fd13E9994b66a7909206007A1EF7030B
65,sierpinski_tetrahedron,Sierpinski Tetrahedron,fractals,Fractals,Sierpinski Tetrahedron - Fractals mathematical visualization,frontend,0.8,"Sierpinski Tetrahedron, Fractals, mathematical visualization, 3D geometry, parametric surface",/shape/sierpinski_tetrahedron,t,2025-12-04T10:34:40.589Z,2025-12-04T10:34:40.589Z,75.350000,,,,,0,0,55000000000000000000000000000000,,success,0x425734a7fd13E9994b66a7909206007A1EF7030B
67,koch_snowflake_3d,Koch Snowflake 3d,fractals,Fractals,Koch Snowflake 3d - Fractals mathematical visualization,frontend,0.8,"Koch Snowflake 3d, Fractals, mathematical visualization, 3D geometry, parametric surface",/shape/koch_snowflake_3d,t,2025-12-04T10:34:40.589Z,2025-12-04T10:34:40.589Z,75.350000,,,,,0,0,55000000000000000000000000000000,,success,0x425734a7fd13E9994b66a7909206007A1EF7030B
69,hilbert_curve_3d,Hilbert Curve 3d,fractals,Fractals,Hilbert Curve 3d - Fractals mathematical visualization,frontend,0.8,"Hilbert Curve 3d, Fractals, mathematical visualization, 3D geometry, parametric surface",/shape/hilbert_curve_3d,t,2025-12-04T10:34:40.589Z,2025-12-04T10:34:40.589Z,75.350000,,,,,0,0,55000000000000000000000000000000,,success,0x425734a7fd13E9994b66a7909206007A1EF7030B
71,apollonian_gasket,Apollonian Gasket,fractals,Fractals,Apollonian Gasket - Fractals mathematical visualization,frontend,0.8,"Apollonian Gasket, Fractals, mathematical visualization, 3D geometry, parametric surface",/shape/apollonian_gasket,t,2025-12-04T10:34:40.589Z,2025-12-04T10:34:40.589Z,75.350000,,,,,0,0,55000000000000000000000000000000,,success,0x425734a7fd13E9994b66a7909206007A1EF7030B
73,cantor_dust_3d,Cantor Dust 3d,fractals,Fractals,Cantor Dust 3d - Fractals mathematical visualization,frontend,0.8,"Cantor Dust 3d, Fractals, mathematical visualization, 3D geometry, parametric surface",/shape/cantor_dust_3d,t,2025-12-04T10:34:40.589Z,2025-12-04T10:34:40.589Z,75.350000,,,,,0,0,55000000000000000000000000000000,,success,0x425734a7fd13E9994b66a7909206007A1EF7030B
74,levy_c_curve,Levy C Curve,fractals,Fractals,Levy C Curve - Fractals mathematical visualization,frontend,0.8,"Levy C Curve, Fractals, mathematical visualization, 3D geometry, parametric surface",/shape/levy_c_curve,t,2025-12-04T10:34:40.589Z,2025-12-04T10:34:40.589Z,75.350000,,,,,0,0,55000000000000000000000000000000,,success,0x425734a7fd13E9994b66a7909206007A1EF7030B
76,moore_curve,Moore Curve,fractals,Fractals,Moore Curve - Fractals mathematical visualization,frontend,0.8,"Moore Curve, Fractals, mathematical visualization, 3D geometry, parametric surface",/shape/moore_curve,t,2025-12-04T10:34:40.589Z,2025-12-04T10:34:40.589Z,75.350000,,,,,0,0,55000000000000000000000000000000,,success,0x425734a7fd13E9994b66a7909206007A1EF7030B
78,strange_attractor,Strange Attractor,fractals,Fractals,Strange Attractor - Fractals mathematical visualization,frontend,0.8,"Strange Attractor, Fractals, mathematical visualization, 3D geometry, parametric surface",/shape/strange_attractor,t,2025-12-04T10:34:40.589Z,2025-12-04T10:34:40.589Z,75.350000,,,,,0,0,55000000000000000000000000000000,,success,0x425734a7fd13E9994b66a7909206007A1EF7030B
80,rossler_attractor,Rossler Attractor,fractals,Fractals,Rossler Attractor - Fractals mathematical visualization,frontend,0.8,"Rossler Attractor, Fractals, mathematical visualization, 3D geometry, parametric surface",/shape/rossler_attractor,t,2025-12-04T10:34:40.589Z,2025-12-04T10:34:40.589Z,75.350000,,,,,0,0,55000000000000000000000000000000,,success,0x425734a7fd13E9994b66a7909206007A1EF7030B
82,halvorsen_attractor,Halvorsen Attractor,fractals,Fractals,Halvorsen Attractor - Fractals mathematical visualization,frontend,0.8,"Halvorsen Attractor, Fractals, mathematical visualization, 3D geometry, parametric surface",/shape/halvorsen_attractor,t,2025-12-04T10:34:40.589Z,2025-12-04T10:34:40.589Z,75.350000,,,,,0,0,55000000000000000000000000000000,,success,0x425734a7fd13E9994b66a7909206007A1EF7030B
84,hydrogen_2s,Hydrogen 2s,quantum-mechanics,Quantum Mechanics,Hydrogen 2s - Quantum Mechanics mathematical visualization,frontend,0.8,"Hydrogen 2s, Quantum Mechanics, mathematical visualization, 3D geometry, parametric surface",/shape/hydrogen_2s,t,2025-12-04T10:34:40.589Z,2025-12-04T10:34:40.589Z,75.350000,,,,,0,0,55000000000000000000000000000000,,success,0x425734a7fd13E9994b66a7909206007A1EF7030B
822,smuon,Smuon,supersymmetry,Supersymmetry,Smuon - Supersymmetry mathematical visualization,frontend,0.8,"Smuon, Supersymmetry, mathematical visualization",/shape/smuon,t,2025-12-04T10:38:14.652Z,2025-12-04T10:38:14.652Z,75.350000,,,,,0,0,55000000000000000000000000000000,,success,0x425734a7fd13E9994b66a7909206007A1EF7030B
86,hydrogen_3s,Hydrogen 3s,quantum-mechanics,Quantum Mechanics,Hydrogen 3s - Quantum Mechanics mathematical visualization,frontend,0.8,"Hydrogen 3s, Quantum Mechanics, mathematical visualization, 3D geometry, parametric surface",/shape/hydrogen_3s,t,2025-12-04T10:34:40.589Z,2025-12-04T10:34:40.589Z,75.350000,,,,,0,0,55000000000000000000000000000000,,success,0x425734a7fd13E9994b66a7909206007A1EF7030B
88,hydrogen_3d,Hydrogen 3d,quantum-mechanics,Quantum Mechanics,Hydrogen 3d - Quantum Mechanics mathematical visualization,frontend,0.8,"Hydrogen 3d, Quantum Mechanics, mathematical visualization, 3D geometry, parametric surface",/shape/hydrogen_3d,t,2025-12-04T10:34:40.589Z,2025-12-04T10:34:40.589Z,75.350000,,,,,0,0,55000000000000000000000000000000,,success,0x425734a7fd13E9994b66a7909206007A1EF7030B
90,wave_function,Wave Function,quantum-mechanics,Quantum Mechanics,Wave Function - Quantum Mechanics mathematical visualization,frontend,0.8,"Wave Function, Quantum Mechanics, mathematical visualization, 3D geometry, parametric surface",/shape/wave_function,t,2025-12-04T10:34:40.589Z,2025-12-04T10:34:40.589Z,75.350000,,,,,0,0,55000000000000000000000000000000,,success,0x425734a7fd13E9994b66a7909206007A1EF7030B
92,quantum_tunneling,Quantum Tunneling,quantum-mechanics,Quantum Mechanics,Quantum Tunneling - Quantum Mechanics mathematical visualization,frontend,0.8,"Quantum Tunneling, Quantum Mechanics, mathematical visualization, 3D geometry, parametric surface",/shape/quantum_tunneling,t,2025-12-04T10:34:40.589Z,2025-12-04T10:34:40.589Z,75.350000,,,,,0,0,55000000000000000000000000000000,,success,0x425734a7fd13E9994b66a7909206007A1EF7030B
94,spin_state,Spin State,quantum-mechanics,Quantum Mechanics,Spin State - Quantum Mechanics mathematical visualization,frontend,0.8,"Spin State, Quantum Mechanics, mathematical visualization, 3D geometry, parametric surface",/shape/spin_state,t,2025-12-04T10:34:40.589Z,2025-12-04T10:34:40.589Z,75.350000,,,,,0,0,55000000000000000000000000000000,,success,0x425734a7fd13E9994b66a7909206007A1EF7030B
96,qubit_state,Qubit State,quantum-mechanics,Quantum Mechanics,Qubit State - Quantum Mechanics mathematical visualization,frontend,0.8,"Qubit State, Quantum Mechanics, mathematical visualization, 3D geometry, parametric surface",/shape/qubit_state,t,2025-12-04T10:34:40.589Z,2025-12-04T10:34:40.589Z,75.350000,,,,,0,0,55000000000000000000000000000000,,success,0x425734a7fd13E9994b66a7909206007A1EF7030B
98,superposition_state,Superposition State,quantum-mechanics,Quantum Mechanics,Superposition State - Quantum Mechanics mathematical visualization,frontend,0.8,"Superposition State, Quantum Mechanics, mathematical visualization, 3D geometry, parametric surface",/shape/superposition_state,t,2025-12-04T10:34:40.589Z,2025-12-04T10:34:40.589Z,75.350000,,,,,0,0,55000000000000000000000000000000,,success,0x425734a7fd13E9994b66a7909206007A1EF7030B
100,momentum_space,Momentum Space,quantum-mechanics,Quantum Mechanics,Momentum Space - Quantum Mechanics mathematical visualization,frontend,0.8,"Momentum Space, Quantum Mechanics, mathematical visualization, 3D geometry, parametric surface",/shape/momentum_space,t,2025-12-04T10:34:40.589Z,2025-12-04T10:34:40.589Z,75.350000,,,,,0,0,55000000000000000000000000000000,,success,0x425734a7fd13E9994b66a7909206007A1EF7030B
102,wigner_function,Wigner Function,quantum-mechanics,Quantum Mechanics,Wigner Function - Quantum Mechanics mathematical visualization,frontend,0.8,"Wigner Function, Quantum Mechanics, mathematical visualization, 3D geometry, parametric surface",/shape/wigner_function,t,2025-12-04T10:34:40.589Z,2025-12-04T10:34:40.589Z,75.350000,,,,,0,0,55000000000000000000000000000000,,success,0x425734a7fd13E9994b66a7909206007A1EF7030B
104,spin_foam,Spin Foam,quantum-gravity,Quantum Gravity,Spin Foam - Quantum Gravity mathematical visualization,frontend,0.8,"Spin Foam, Quantum Gravity, mathematical visualization, 3D geometry, parametric surface",/shape/spin_foam,t,2025-12-04T10:34:40.589Z,2025-12-04T10:34:40.589Z,75.350000,,,,,0,0,55000000000000000000000000000000,,success,0x425734a7fd13E9994b66a7909206007A1EF7030B
106,loop_quantum_gravity,Loop Quantum Gravity,quantum-gravity,Quantum Gravity,Loop Quantum Gravity - Quantum Gravity mathematical visualization,frontend,0.8,"Loop Quantum Gravity, Quantum Gravity, mathematical visualization, 3D geometry, parametric surface",/shape/loop_quantum_gravity,t,2025-12-04T10:34:40.589Z,2025-12-04T10:34:40.589Z,75.350000,,,,,0,0,55000000000000000000000000000000,,success,0x425734a7fd13E9994b66a7909206007A1EF7030B
108,causal_dynamical_triangulation,Causal Dynamical Triangulation,quantum-gravity,Quantum Gravity,Causal Dynamical Triangulation - Quantum Gravity mathematical visualization,frontend,0.8,"Causal Dynamical Triangulation, Quantum Gravity, mathematical visualization, 3D geometry, parametric surface",/shape/causal_dynamical_triangulation,t,2025-12-04T10:34:40.589Z,2025-12-04T10:34:40.589Z,75.350000,,,,,0,0,55000000000000000000000000000000,,success,0x425734a7fd13E9994b66a7909206007A1EF7030B
110,twistor_space,Twistor Space,quantum-gravity,Quantum Gravity,Twistor Space - Quantum Gravity mathematical visualization,frontend,0.8,"Twistor Space, Quantum Gravity, mathematical visualization, 3D geometry, parametric surface",/shape/twistor_space,t,2025-12-04T10:34:40.589Z,2025-12-04T10:34:40.589Z,75.350000,,,,,0,0,55000000000000000000000000000000,,success,0x425734a7fd13E9994b66a7909206007A1EF7030B
112,black_hole_entropy,Black Hole Entropy,quantum-gravity,Quantum Gravity,Black Hole Entropy - Quantum Gravity mathematical visualization,frontend,0.8,"Black Hole Entropy, Quantum Gravity, mathematical visualization, 3D geometry, parametric surface",/shape/black_hole_entropy,t,2025-12-04T10:34:40.589Z,2025-12-04T10:34:40.589Z,75.350000,,,,,0,0,55000000000000000000000000000000,,success,0x425734a7fd13E9994b66a7909206007A1EF7030B
114,ads_cft,Ads Cft,quantum-gravity,Quantum Gravity,Ads Cft - Quantum Gravity mathematical visualization,frontend,0.8,"Ads Cft, Quantum Gravity, mathematical visualization, 3D geometry, parametric surface",/shape/ads_cft,t,2025-12-04T10:34:40.589Z,2025-12-04T10:34:40.589Z,75.350000,,,,,0,0,55000000000000000000000000000000,,success,0x425734a7fd13E9994b66a7909206007A1EF7030B
116,entanglement_wedge,Entanglement Wedge,quantum-gravity,Quantum Gravity,Entanglement Wedge - Quantum Gravity mathematical visualization,frontend,0.8,"Entanglement Wedge, Quantum Gravity, mathematical visualization, 3D geometry, parametric surface",/shape/entanglement_wedge,t,2025-12-04T10:34:40.589Z,2025-12-04T10:34:40.589Z,75.350000,,,,,0,0,55000000000000000000000000000000,,success,0x425734a7fd13E9994b66a7909206007A1EF7030B
118,quantum_extremal_surface,Quantum Extremal Surface,quantum-gravity,Quantum Gravity,Quantum Extremal Surface - Quantum Gravity mathematical visualization,frontend,0.8,"Quantum Extremal Surface, Quantum Gravity, mathematical visualization, 3D geometry, parametric surface",/shape/quantum_extremal_surface,t,2025-12-04T10:34:40.589Z,2025-12-04T10:34:40.589Z,75.350000,,,,,0,0,55000000000000000000000000000000,,success,0x425734a7fd13E9994b66a7909206007A1EF7030B
166,kyber_lattice,Kyber Lattice,cryptography,Cryptography,Kyber Lattice - Cryptography mathematical visualization,frontend,0.8,"Kyber Lattice, Cryptography, mathematical visualization, 3D geometry, parametric surface",/shape/kyber_lattice,t,2025-12-04T10:34:40.589Z,2025-12-04T10:34:40.589Z,75.350000,,,,,0,0,55000000000000000000000000000000,,success,0x425734a7fd13E9994b66a7909206007A1EF7030B
75,gosper_curve,Gosper Curve,fractals,Fractals,Gosper Curve - Fractals mathematical visualization,frontend,0.8,"Gosper Curve, Fractals, mathematical visualization, 3D geometry, parametric surface",/shape/gosper_curve,t,2025-12-04T10:34:40.589Z,2025-12-04T10:34:40.589Z,75.350000,,,,,0,0,55000000000000000000000000000000,,success,0x425734a7fd13E9994b66a7909206007A1EF7030B
77,lindenmayer_tree,Lindenmayer Tree,fractals,Fractals,Lindenmayer Tree - Fractals mathematical visualization,frontend,0.8,"Lindenmayer Tree, Fractals, mathematical visualization, 3D geometry, parametric surface",/shape/lindenmayer_tree,t,2025-12-04T10:34:40.589Z,2025-12-04T10:34:40.589Z,75.350000,,,,,0,0,55000000000000000000000000000000,,success,0x425734a7fd13E9994b66a7909206007A1EF7030B
79,lorenz_attractor,Lorenz Attractor,fractals,Fractals,Lorenz Attractor - Fractals mathematical visualization,frontend,0.8,"Lorenz Attractor, Fractals, mathematical visualization, 3D geometry, parametric surface",/shape/lorenz_attractor,t,2025-12-04T10:34:40.589Z,2025-12-04T10:34:40.589Z,75.350000,,,,,0,0,55000000000000000000000000000000,,success,0x425734a7fd13E9994b66a7909206007A1EF7030B
81,chen_attractor,Chen Attractor,fractals,Fractals,Chen Attractor - Fractals mathematical visualization,frontend,0.8,"Chen Attractor, Fractals, mathematical visualization, 3D geometry, parametric surface",/shape/chen_attractor,t,2025-12-04T10:34:40.589Z,2025-12-04T10:34:40.589Z,75.350000,,,,,0,0,55000000000000000000000000000000,,success,0x425734a7fd13E9994b66a7909206007A1EF7030B
1683,horn,Mathematical Horn,general,general,Parametric surface,formula_sync,0.8,"general, UUON, parametric surface",/shapes/horn,t,2026-06-12T23:56:15.036Z,2026-06-12T23:56:15.036Z,75.350000,,,,,0,0,55000000000000000000000000000000,,success,0x425734a7fd13E9994b66a7909206007A1EF7030B
83,hydrogen_1s,Hydrogen 1s,quantum-mechanics,Quantum Mechanics,Hydrogen 1s - Quantum Mechanics mathematical visualization,frontend,0.8,"Hydrogen 1s, Quantum Mechanics, mathematical visualization, 3D geometry, parametric surface",/shape/hydrogen_1s,t,2025-12-04T10:34:40.589Z,2025-12-04T10:34:40.589Z,75.350000,,,,,0,0,55000000000000000000000000000000,,success,0x425734a7fd13E9994b66a7909206007A1EF7030B
85,hydrogen_2p,Hydrogen 2p,quantum-mechanics,Quantum Mechanics,Hydrogen 2p - Quantum Mechanics mathematical visualization,frontend,0.8,"Hydrogen 2p, Quantum Mechanics, mathematical visualization, 3D geometry, parametric surface",/shape/hydrogen_2p,t,2025-12-04T10:34:40.589Z,2025-12-04T10:34:40.589Z,75.350000,,,,,0,0,55000000000000000000000000000000,,success,0x425734a7fd13E9994b66a7909206007A1EF7030B
87,hydrogen_3p,Hydrogen 3p,quantum-mechanics,Quantum Mechanics,Hydrogen 3p - Quantum Mechanics mathematical visualization,frontend,0.8,"Hydrogen 3p, Quantum Mechanics, mathematical visualization, 3D geometry, parametric surface",/shape/hydrogen_3p,t,2025-12-04T10:34:40.589Z,2025-12-04T10:34:40.589Z,75.350000,,,,,0,0,55000000000000000000000000000000,,success,0x425734a7fd13E9994b66a7909206007A1EF7030B
89,schrodinger_wave,Schrodinger Wave,quantum-mechanics,Quantum Mechanics,Schrodinger Wave - Quantum Mechanics mathematical visualization,frontend,0.8,"Schrodinger Wave, Quantum Mechanics, mathematical visualization, 3D geometry, parametric surface",/shape/schrodinger_wave,t,2025-12-04T10:34:40.589Z,2025-12-04T10:34:40.589Z,75.350000,,,,,0,0,55000000000000000000000000000000,,success,0x425734a7fd13E9994b66a7909206007A1EF7030B
1666,mathematical_fragment,Mathematical Fragment,general,general,Parametric surface,formula_sync,0.8,"general, UUON, parametric surface",/shapes/mathematical-fragment,t,2026-06-12T23:56:15.036Z,2026-06-12T23:56:15.036Z,75.350000,,,,,0,0,55000000000000000000000000000000,,success,0x425734a7fd13E9994b66a7909206007A1EF7030B
91,probability_density,Probability Density,quantum-mechanics,Quantum Mechanics,Probability Density - Quantum Mechanics mathematical visualization,frontend,0.8,"Probability Density, Quantum Mechanics, mathematical visualization, 3D geometry, parametric surface",/shape/probability_density,t,2025-12-04T10:34:40.589Z,2025-12-04T10:34:40.589Z,75.350000,,,,,0,0,55000000000000000000000000000000,,success,0x425734a7fd13E9994b66a7909206007A1EF7030B
93,quantum_well,Quantum Well,quantum-mechanics,Quantum Mechanics,Quantum Well - Quantum Mechanics mathematical visualization,frontend,0.8,"Quantum Well, Quantum Mechanics, mathematical visualization, 3D geometry, parametric surface",/shape/quantum_well,t,2025-12-04T10:34:40.589Z,2025-12-04T10:34:40.589Z,75.350000,,,,,0,0,55000000000000000000000000000000,,success,0x425734a7fd13E9994b66a7909206007A1EF7030B
95,bloch_sphere,Bloch Sphere,quantum-mechanics,Quantum Mechanics,Bloch Sphere - Quantum Mechanics mathematical visualization,frontend,0.8,"Bloch Sphere, Quantum Mechanics, mathematical visualization, 3D geometry, parametric surface",/shape/bloch_sphere,t,2025-12-04T10:34:40.589Z,2025-12-04T10:34:40.589Z,75.350000,,,,,0,0,55000000000000000000000000000000,,success,0x425734a7fd13E9994b66a7909206007A1EF7030B
97,entanglement_state,Entanglement State,quantum-mechanics,Quantum Mechanics,Entanglement State - Quantum Mechanics mathematical visualization,frontend,0.8,"Entanglement State, Quantum Mechanics, mathematical visualization, 3D geometry, parametric surface",/shape/entanglement_state,t,2025-12-04T10:34:40.589Z,2025-12-04T10:34:40.589Z,75.350000,,,,,0,0,55000000000000000000000000000000,,success,0x425734a7fd13E9994b66a7909206007A1EF7030B
99,wave_packet,Wave Packet,quantum-mechanics,Quantum Mechanics,Wave Packet - Quantum Mechanics mathematical visualization,frontend,0.8,"Wave Packet, Quantum Mechanics, mathematical visualization, 3D geometry, parametric surface",/shape/wave_packet,t,2025-12-04T10:34:40.589Z,2025-12-04T10:34:40.589Z,75.350000,,,,,0,0,55000000000000000000000000000000,,success,0x425734a7fd13E9994b66a7909206007A1EF7030B
101,phase_space,Phase Space,quantum-mechanics,Quantum Mechanics,Phase Space - Quantum Mechanics mathematical visualization,frontend,0.8,"Phase Space, Quantum Mechanics, mathematical visualization, 3D geometry, parametric surface",/shape/phase_space,t,2025-12-04T10:34:40.589Z,2025-12-04T10:34:40.589Z,75.350000,,,,,0,0,55000000000000000000000000000000,,success,0x425734a7fd13E9994b66a7909206007A1EF7030B
103,husimi_distribution,Husimi Distribution,quantum-mechanics,Quantum Mechanics,Husimi Distribution - Quantum Mechanics mathematical visualization,frontend,0.8,"Husimi Distribution, Quantum Mechanics, mathematical visualization, 3D geometry, parametric surface",/shape/husimi_distribution,t,2025-12-04T10:34:40.589Z,2025-12-04T10:34:40.589Z,75.350000,,,,,0,0,55000000000000000000000000000000,,success,0x425734a7fd13E9994b66a7909206007A1EF7030B
105,spin_network,Spin Network,quantum-gravity,Quantum Gravity,Spin Network - Quantum Gravity mathematical visualization,frontend,0.8,"Spin Network, Quantum Gravity, mathematical visualization, 3D geometry, parametric surface",/shape/spin_network,t,2025-12-04T10:34:40.589Z,2025-12-04T10:34:40.589Z,75.350000,,,,,0,0,55000000000000000000000000000000,,success,0x425734a7fd13E9994b66a7909206007A1EF7030B
107,planck_scale_geometry,Planck Scale Geometry,quantum-gravity,Quantum Gravity,Planck Scale Geometry - Quantum Gravity mathematical visualization,frontend,0.8,"Planck Scale Geometry, Quantum Gravity, mathematical visualization, 3D geometry, parametric surface",/shape/planck_scale_geometry,t,2025-12-04T10:34:40.589Z,2025-12-04T10:34:40.589Z,75.350000,,,,,0,0,55000000000000000000000000000000,,success,0x425734a7fd13E9994b66a7909206007A1EF7030B
109,regge_calculus,Regge Calculus,quantum-gravity,Quantum Gravity,Regge Calculus - Quantum Gravity mathematical visualization,frontend,0.8,"Regge Calculus, Quantum Gravity, mathematical visualization, 3D geometry, parametric surface",/shape/regge_calculus,t,2025-12-04T10:34:40.589Z,2025-12-04T10:34:40.589Z,75.350000,,,,,0,0,55000000000000000000000000000000,,success,0x425734a7fd13E9994b66a7909206007A1EF7030B
111,penrose_diagram,Penrose Diagram,quantum-gravity,Quantum Gravity,Penrose Diagram - Quantum Gravity mathematical visualization,frontend,0.8,"Penrose Diagram, Quantum Gravity, mathematical visualization, 3D geometry, parametric surface",/shape/penrose_diagram,t,2025-12-04T10:34:40.589Z,2025-12-04T10:34:40.589Z,75.350000,,,,,0,0,55000000000000000000000000000000,,success,0x425734a7fd13E9994b66a7909206007A1EF7030B
113,holographic_principle,Holographic Principle,quantum-gravity,Quantum Gravity,Holographic Principle - Quantum Gravity mathematical visualization,frontend,0.8,"Holographic Principle, Quantum Gravity, mathematical visualization, 3D geometry, parametric surface",/shape/holographic_principle,t,2025-12-04T10:34:40.589Z,2025-12-04T10:34:40.589Z,75.350000,,,,,0,0,55000000000000000000000000000000,,success,0x425734a7fd13E9994b66a7909206007A1EF7030B
115,bulk_boundary,Bulk Boundary,quantum-gravity,Quantum Gravity,Bulk Boundary - Quantum Gravity mathematical visualization,frontend,0.8,"Bulk Boundary, Quantum Gravity, mathematical visualization, 3D geometry, parametric surface",/shape/bulk_boundary,t,2025-12-04T10:34:40.589Z,2025-12-04T10:34:40.589Z,75.350000,,,,,0,0,55000000000000000000000000000000,,success,0x425734a7fd13E9994b66a7909206007A1EF7030B
117,ryu_takayanagi,Ryu Takayanagi,quantum-gravity,Quantum Gravity,Ryu Takayanagi - Quantum Gravity mathematical visualization,frontend,0.8,"Ryu Takayanagi, Quantum Gravity, mathematical visualization, 3D geometry, parametric surface",/shape/ryu_takayanagi,t,2025-12-04T10:34:40.589Z,2025-12-04T10:34:40.589Z,75.350000,,,,,0,0,55000000000000000000000000000000,,success,0x425734a7fd13E9994b66a7909206007A1EF7030B
119,string_landscape,String Landscape,quantum-gravity,Quantum Gravity,String Landscape - Quantum Gravity mathematical visualization,frontend,0.8,"String Landscape, Quantum Gravity, mathematical visualization, 3D geometry, parametric surface",/shape/string_landscape,t,2025-12-04T10:34:40.589Z,2025-12-04T10:34:40.589Z,75.350000,,,,,0,0,55000000000000000000000000000000,,success,0x425734a7fd13E9994b66a7909206007A1EF7030B
167,dilithium_signature,Dilithium Signature,cryptography,Cryptography,Dilithium Signature - Cryptography mathematical visualization,frontend,0.8,"Dilithium Signature, Cryptography, mathematical visualization, 3D geometry, parametric surface",/shape/dilithium_signature,t,2025-12-04T10:34:40.589Z,2025-12-04T10:34:40.589Z,75.350000,,,,,0,0,55000000000000000000000000000000,,success,0x425734a7fd13E9994b66a7909206007A1EF7030B
120,flux_compactification,Flux Compactification,quantum-gravity,Quantum Gravity,Flux Compactification - Quantum Gravity mathematical visualization,frontend,0.8,"Flux Compactification, Quantum Gravity, mathematical visualization, 3D geometry, parametric surface",/shape/flux_compactification,t,2025-12-04T10:34:40.589Z,2025-12-04T10:34:40.589Z,75.350000,,,,,0,0,55000000000000000000000000000000,,success,0x425734a7fd13E9994b66a7909206007A1EF7030B
122,swampland,Swampland,quantum-gravity,Quantum Gravity,Swampland - Quantum Gravity mathematical visualization,frontend,0.8,"Swampland, Quantum Gravity, mathematical visualization, 3D geometry, parametric surface",/shape/swampland,t,2025-12-04T10:34:40.589Z,2025-12-04T10:34:40.589Z,75.350000,,,,,0,0,55000000000000000000000000000000,,success,0x425734a7fd13E9994b66a7909206007A1EF7030B
124,schwarzschild_metric,Schwarzschild Metric,general-relativity,General Relativity,Schwarzschild Metric - General Relativity mathematical visualization,frontend,0.8,"Schwarzschild Metric, General Relativity, mathematical visualization, 3D geometry, parametric surface",/shape/schwarzschild_metric,t,2025-12-04T10:34:40.589Z,2025-12-04T10:34:40.589Z,75.350000,,,,,0,0,55000000000000000000000000000000,,success,0x425734a7fd13E9994b66a7909206007A1EF7030B
126,reissner_nordstrom,Reissner Nordstrom,general-relativity,General Relativity,Reissner Nordstrom - General Relativity mathematical visualization,frontend,0.8,"Reissner Nordstrom, General Relativity, mathematical visualization, 3D geometry, parametric surface",/shape/reissner_nordstrom,t,2025-12-04T10:34:40.589Z,2025-12-04T10:34:40.589Z,75.350000,,,,,0,0,55000000000000000000000000000000,,success,0x425734a7fd13E9994b66a7909206007A1EF7030B
128,friedmann_metric,Friedmann Metric,general-relativity,General Relativity,Friedmann Metric - General Relativity mathematical visualization,frontend,0.8,"Friedmann Metric, General Relativity, mathematical visualization, 3D geometry, parametric surface",/shape/friedmann_metric,t,2025-12-04T10:34:40.589Z,2025-12-04T10:34:40.589Z,75.350000,,,,,0,0,55000000000000000000000000000000,,success,0x425734a7fd13E9994b66a7909206007A1EF7030B
192,centromere,Centromere,molecular-biology,Molecular Biology,Centromere - Molecular Biology mathematical visualization,frontend,0.8,"Centromere, Molecular Biology, mathematical visualization, 3D geometry, parametric surface",/shape/centromere,t,2025-12-04T10:34:40.589Z,2025-12-04T10:34:40.589Z,75.350000,,,,,0,0,55000000000000000000000000000000,,success,0x425734a7fd13E9994b66a7909206007A1EF7030B
130,anti_de_sitter,Anti De Sitter,general-relativity,General Relativity,Anti De Sitter - General Relativity mathematical visualization,frontend,0.8,"Anti De Sitter, General Relativity, mathematical visualization, 3D geometry, parametric surface",/shape/anti_de_sitter,t,2025-12-04T10:34:40.589Z,2025-12-04T10:34:40.589Z,75.350000,,,,,0,0,55000000000000000000000000000000,,success,0x425734a7fd13E9994b66a7909206007A1EF7030B
132,penrose_carter_diagram,Penrose Carter Diagram,general-relativity,General Relativity,Penrose Carter Diagram - General Relativity mathematical visualization,frontend,0.8,"Penrose Carter Diagram, General Relativity, mathematical visualization, 3D geometry, parametric surface",/shape/penrose_carter_diagram,t,2025-12-04T10:34:40.589Z,2025-12-04T10:34:40.589Z,75.350000,,,,,0,0,55000000000000000000000000000000,,success,0x425734a7fd13E9994b66a7909206007A1EF7030B
134,geodesic_deviation,Geodesic Deviation,general-relativity,General Relativity,Geodesic Deviation - General Relativity mathematical visualization,frontend,0.8,"Geodesic Deviation, General Relativity, mathematical visualization, 3D geometry, parametric surface",/shape/geodesic_deviation,t,2025-12-04T10:34:40.589Z,2025-12-04T10:34:40.589Z,75.350000,,,,,0,0,55000000000000000000000000000000,,success,0x425734a7fd13E9994b66a7909206007A1EF7030B
136,ricci_tensor,Ricci Tensor,general-relativity,General Relativity,Ricci Tensor - General Relativity mathematical visualization,frontend,0.8,"Ricci Tensor, General Relativity, mathematical visualization, 3D geometry, parametric surface",/shape/ricci_tensor,t,2025-12-04T10:34:40.589Z,2025-12-04T10:34:40.589Z,75.350000,,,,,0,0,55000000000000000000000000000000,,success,0x425734a7fd13E9994b66a7909206007A1EF7030B
138,einstein_tensor,Einstein Tensor,general-relativity,General Relativity,Einstein Tensor - General Relativity mathematical visualization,frontend,0.8,"Einstein Tensor, General Relativity, mathematical visualization, 3D geometry, parametric surface",/shape/einstein_tensor,t,2025-12-04T10:34:40.589Z,2025-12-04T10:34:40.589Z,75.350000,,,,,0,0,55000000000000000000000000000000,,success,0x425734a7fd13E9994b66a7909206007A1EF7030B
140,gravitational_lensing,Gravitational Lensing,general-relativity,General Relativity,Gravitational Lensing - General Relativity mathematical visualization,frontend,0.8,"Gravitational Lensing, General Relativity, mathematical visualization, 3D geometry, parametric surface",/shape/gravitational_lensing,t,2025-12-04T10:34:40.589Z,2025-12-04T10:34:40.589Z,75.350000,,,,,0,0,55000000000000000000000000000000,,success,0x425734a7fd13E9994b66a7909206007A1EF7030B
142,ergosphere,Ergosphere,general-relativity,General Relativity,Ergosphere - General Relativity mathematical visualization,frontend,0.8,"Ergosphere, General Relativity, mathematical visualization, 3D geometry, parametric surface",/shape/ergosphere,t,2025-12-04T10:34:40.589Z,2025-12-04T10:34:40.589Z,75.350000,,,,,0,0,55000000000000000000000000000000,,success,0x425734a7fd13E9994b66a7909206007A1EF7030B
144,singularity,Singularity,general-relativity,General Relativity,Singularity - General Relativity mathematical visualization,frontend,0.8,"Singularity, General Relativity, mathematical visualization, 3D geometry, parametric surface",/shape/singularity,t,2025-12-04T10:34:40.589Z,2025-12-04T10:34:40.589Z,75.350000,,,,,0,0,55000000000000000000000000000000,,success,0x425734a7fd13E9994b66a7909206007A1EF7030B
146,einstein_rosen_bridge,Einstein Rosen Bridge,general-relativity,General Relativity,Einstein Rosen Bridge - General Relativity mathematical visualization,frontend,0.8,"Einstein Rosen Bridge, General Relativity, mathematical visualization, 3D geometry, parametric surface",/shape/einstein_rosen_bridge,t,2025-12-04T10:34:40.589Z,2025-12-04T10:34:40.589Z,75.350000,,,,,0,0,55000000000000000000000000000000,,success,0x425734a7fd13E9994b66a7909206007A1EF7030B
148,godel_universe,Godel Universe,general-relativity,General Relativity,Godel Universe - General Relativity mathematical visualization,frontend,0.8,"Godel Universe, General Relativity, mathematical visualization, 3D geometry, parametric surface",/shape/godel_universe,t,2025-12-04T10:34:40.589Z,2025-12-04T10:34:40.589Z,75.350000,,,,,0,0,55000000000000000000000000000000,,success,0x425734a7fd13E9994b66a7909206007A1EF7030B
150,elliptic_curve_p256,Elliptic Curve P256,cryptography,Cryptography,Elliptic Curve P256 - Cryptography mathematical visualization,frontend,0.8,"Elliptic Curve P256, Cryptography, mathematical visualization, 3D geometry, parametric surface",/shape/elliptic_curve_p256,t,2025-12-04T10:34:40.589Z,2025-12-04T10:34:40.589Z,75.350000,,,,,0,0,55000000000000000000000000000000,,success,0x425734a7fd13E9994b66a7909206007A1EF7030B
152,rsa_modular_exponentiation,Rsa Modular Exponentiation,cryptography,Cryptography,Rsa Modular Exponentiation - Cryptography mathematical visualization,frontend,0.8,"Rsa Modular Exponentiation, Cryptography, mathematical visualization, 3D geometry, parametric surface",/shape/rsa_modular_exponentiation,t,2025-12-04T10:34:40.589Z,2025-12-04T10:34:40.589Z,75.350000,,,,,0,0,55000000000000000000000000000000,,success,0x425734a7fd13E9994b66a7909206007A1EF7030B
154,aes_sbox,Aes Sbox,cryptography,Cryptography,Aes Sbox - Cryptography mathematical visualization,frontend,0.8,"Aes Sbox, Cryptography, mathematical visualization, 3D geometry, parametric surface",/shape/aes_sbox,t,2025-12-04T10:34:40.589Z,2025-12-04T10:34:40.589Z,75.350000,,,,,0,0,55000000000000000000000000000000,,success,0x425734a7fd13E9994b66a7909206007A1EF7030B
156,merkle_tree,Merkle Tree,cryptography,Cryptography,Merkle Tree - Cryptography mathematical visualization,frontend,0.8,"Merkle Tree, Cryptography, mathematical visualization, 3D geometry, parametric surface",/shape/merkle_tree,t,2025-12-04T10:34:40.589Z,2025-12-04T10:34:40.589Z,75.350000,,,,,0,0,55000000000000000000000000000000,,success,0x425734a7fd13E9994b66a7909206007A1EF7030B
158,digital_signature,Digital Signature,cryptography,Cryptography,Digital Signature - Cryptography mathematical visualization,frontend,0.8,"Digital Signature, Cryptography, mathematical visualization, 3D geometry, parametric surface",/shape/digital_signature,t,2025-12-04T10:34:40.589Z,2025-12-04T10:34:40.589Z,75.350000,,,,,0,0,55000000000000000000000000000000,,success,0x425734a7fd13E9994b66a7909206007A1EF7030B
160,commitment_scheme,Commitment Scheme,cryptography,Cryptography,Commitment Scheme - Cryptography mathematical visualization,frontend,0.8,"Commitment Scheme, Cryptography, mathematical visualization, 3D geometry, parametric surface",/shape/commitment_scheme,t,2025-12-04T10:34:40.589Z,2025-12-04T10:34:40.589Z,75.350000,,,,,0,0,55000000000000000000000000000000,,success,0x425734a7fd13E9994b66a7909206007A1EF7030B
162,threshold_signature,Threshold Signature,cryptography,Cryptography,Threshold Signature - Cryptography mathematical visualization,frontend,0.8,"Threshold Signature, Cryptography, mathematical visualization, 3D geometry, parametric surface",/shape/threshold_signature,t,2025-12-04T10:34:40.589Z,2025-12-04T10:34:40.589Z,75.350000,,,,,0,0,55000000000000000000000000000000,,success,0x425734a7fd13E9994b66a7909206007A1EF7030B
164,lattice_based_crypto,Lattice Based Crypto,cryptography,Cryptography,Lattice Based Crypto - Cryptography mathematical visualization,frontend,0.8,"Lattice Based Crypto, Cryptography, mathematical visualization, 3D geometry, parametric surface",/shape/lattice_based_crypto,t,2025-12-04T10:34:40.589Z,2025-12-04T10:34:40.589Z,75.350000,,,,,0,0,55000000000000000000000000000000,,success,0x425734a7fd13E9994b66a7909206007A1EF7030B
288,prana_vortex,Prana Vortex,chakras,Chakras & Energy,Prana Vortex - Chakras & Energy mathematical visualization,frontend,0.8,"Prana Vortex, Chakras & Energy, mathematical visualization, 3D geometry, parametric surface",/shape/prana_vortex,t,2025-12-04T10:34:40.589Z,2025-12-04T10:34:40.589Z,75.350000,,,,,0,0,55000000000000000000000000000000,,success,0x425734a7fd13E9994b66a7909206007A1EF7030B
121,moduli_stabilization,Moduli Stabilization,quantum-gravity,Quantum Gravity,Moduli Stabilization - Quantum Gravity mathematical visualization,frontend,0.8,"Moduli Stabilization, Quantum Gravity, mathematical visualization, 3D geometry, parametric surface",/shape/moduli_stabilization,t,2025-12-04T10:34:40.589Z,2025-12-04T10:34:40.589Z,75.350000,,,,,0,0,55000000000000000000000000000000,,success,0x425734a7fd13E9994b66a7909206007A1EF7030B
123,distance_conjecture,Distance Conjecture,quantum-gravity,Quantum Gravity,Distance Conjecture - Quantum Gravity mathematical visualization,frontend,0.8,"Distance Conjecture, Quantum Gravity, mathematical visualization, 3D geometry, parametric surface",/shape/distance_conjecture,t,2025-12-04T10:34:40.589Z,2025-12-04T10:34:40.589Z,75.350000,,,,,0,0,55000000000000000000000000000000,,success,0x425734a7fd13E9994b66a7909206007A1EF7030B
125,kerr_metric,Kerr Metric,general-relativity,General Relativity,Kerr Metric - General Relativity mathematical visualization,frontend,0.8,"Kerr Metric, General Relativity, mathematical visualization, 3D geometry, parametric surface",/shape/kerr_metric,t,2025-12-04T10:34:40.589Z,2025-12-04T10:34:40.589Z,75.350000,,,,,0,0,55000000000000000000000000000000,,success,0x425734a7fd13E9994b66a7909206007A1EF7030B
127,kerr_newman,Kerr Newman,general-relativity,General Relativity,Kerr Newman - General Relativity mathematical visualization,frontend,0.8,"Kerr Newman, General Relativity, mathematical visualization, 3D geometry, parametric surface",/shape/kerr_newman,t,2025-12-04T10:34:40.589Z,2025-12-04T10:34:40.589Z,75.350000,,,,,0,0,55000000000000000000000000000000,,success,0x425734a7fd13E9994b66a7909206007A1EF7030B
129,de_sitter_space,De Sitter Space,general-relativity,General Relativity,De Sitter Space - General Relativity mathematical visualization,frontend,0.8,"De Sitter Space, General Relativity, mathematical visualization, 3D geometry, parametric surface",/shape/de_sitter_space,t,2025-12-04T10:34:40.589Z,2025-12-04T10:34:40.589Z,75.350000,,,,,0,0,55000000000000000000000000000000,,success,0x425734a7fd13E9994b66a7909206007A1EF7030B
131,minkowski_space,Minkowski Space,general-relativity,General Relativity,Minkowski Space - General Relativity mathematical visualization,frontend,0.8,"Minkowski Space, General Relativity, mathematical visualization, 3D geometry, parametric surface",/shape/minkowski_space,t,2025-12-04T10:34:40.589Z,2025-12-04T10:34:40.589Z,75.350000,,,,,0,0,55000000000000000000000000000000,,success,0x425734a7fd13E9994b66a7909206007A1EF7030B
133,light_cone_structure,Light Cone Structure,general-relativity,General Relativity,Light Cone Structure - General Relativity mathematical visualization,frontend,0.8,"Light Cone Structure, General Relativity, mathematical visualization, 3D geometry, parametric surface",/shape/light_cone_structure,t,2025-12-04T10:34:40.589Z,2025-12-04T10:34:40.589Z,75.350000,,,,,0,0,55000000000000000000000000000000,,success,0x425734a7fd13E9994b66a7909206007A1EF7030B
135,riemann_tensor,Riemann Tensor,general-relativity,General Relativity,Riemann Tensor - General Relativity mathematical visualization,frontend,0.8,"Riemann Tensor, General Relativity, mathematical visualization, 3D geometry, parametric surface",/shape/riemann_tensor,t,2025-12-04T10:34:40.589Z,2025-12-04T10:34:40.589Z,75.350000,,,,,0,0,55000000000000000000000000000000,,success,0x425734a7fd13E9994b66a7909206007A1EF7030B
137,weyl_tensor,Weyl Tensor,general-relativity,General Relativity,Weyl Tensor - General Relativity mathematical visualization,frontend,0.8,"Weyl Tensor, General Relativity, mathematical visualization, 3D geometry, parametric surface",/shape/weyl_tensor,t,2025-12-04T10:34:40.589Z,2025-12-04T10:34:40.589Z,75.350000,,,,,0,0,55000000000000000000000000000000,,success,0x425734a7fd13E9994b66a7909206007A1EF7030B
139,gravitational_wave,Gravitational Wave,general-relativity,General Relativity,Gravitational Wave - General Relativity mathematical visualization,frontend,0.8,"Gravitational Wave, General Relativity, mathematical visualization, 3D geometry, parametric surface",/shape/gravitational_wave,t,2025-12-04T10:34:40.589Z,2025-12-04T10:34:40.589Z,75.350000,,,,,0,0,55000000000000000000000000000000,,success,0x425734a7fd13E9994b66a7909206007A1EF7030B
141,frame_dragging,Frame Dragging,general-relativity,General Relativity,Frame Dragging - General Relativity mathematical visualization,frontend,0.8,"Frame Dragging, General Relativity, mathematical visualization, 3D geometry, parametric surface",/shape/frame_dragging,t,2025-12-04T10:34:40.589Z,2025-12-04T10:34:40.589Z,75.350000,,,,,0,0,55000000000000000000000000000000,,success,0x425734a7fd13E9994b66a7909206007A1EF7030B
143,event_horizon,Event Horizon,general-relativity,General Relativity,Event Horizon - General Relativity mathematical visualization,frontend,0.8,"Event Horizon, General Relativity, mathematical visualization, 3D geometry, parametric surface",/shape/event_horizon,t,2025-12-04T10:34:40.589Z,2025-12-04T10:34:40.589Z,75.350000,,,,,0,0,55000000000000000000000000000000,,success,0x425734a7fd13E9994b66a7909206007A1EF7030B
145,wormhole,Wormhole,general-relativity,General Relativity,Wormhole - General Relativity mathematical visualization,frontend,0.8,"Wormhole, General Relativity, mathematical visualization, 3D geometry, parametric surface",/shape/wormhole,t,2025-12-04T10:34:40.589Z,2025-12-04T10:34:40.589Z,75.350000,,,,,0,0,55000000000000000000000000000000,,success,0x425734a7fd13E9994b66a7909206007A1EF7030B
147,closed_timelike_curve,Closed Timelike Curve,general-relativity,General Relativity,Closed Timelike Curve - General Relativity mathematical visualization,frontend,0.8,"Closed Timelike Curve, General Relativity, mathematical visualization, 3D geometry, parametric surface",/shape/closed_timelike_curve,t,2025-12-04T10:34:40.589Z,2025-12-04T10:34:40.589Z,75.350000,,,,,0,0,55000000000000000000000000000000,,success,0x425734a7fd13E9994b66a7909206007A1EF7030B
149,elliptic_curve_secp256k1,Elliptic Curve Secp256k1,cryptography,Cryptography,Elliptic Curve Secp256k1 - Cryptography mathematical visualization,frontend,0.8,"Elliptic Curve Secp256k1, Cryptography, mathematical visualization, 3D geometry, parametric surface",/shape/elliptic_curve_secp256k1,t,2025-12-04T10:34:40.589Z,2025-12-04T10:34:40.589Z,75.350000,,,,,0,0,55000000000000000000000000000000,,success,0x425734a7fd13E9994b66a7909206007A1EF7030B
151,elliptic_curve_ed25519,Elliptic Curve Ed25519,cryptography,Cryptography,Elliptic Curve Ed25519 - Cryptography mathematical visualization,frontend,0.8,"Elliptic Curve Ed25519, Cryptography, mathematical visualization, 3D geometry, parametric surface",/shape/elliptic_curve_ed25519,t,2025-12-04T10:34:40.589Z,2025-12-04T10:34:40.589Z,75.350000,,,,,0,0,55000000000000000000000000000000,,success,0x425734a7fd13E9994b66a7909206007A1EF7030B
1668,gradient_descent_surface,Gradient Descent Optimization Surface,general,general,Parametric surface,formula_sync,0.8,"general, UUON, parametric surface",/shapes/gradient-descent-surface,t,2026-06-12T23:56:15.036Z,2026-06-12T23:56:15.036Z,75.350000,,,,,0,0,55000000000000000000000000000000,,success,0x425734a7fd13E9994b66a7909206007A1EF7030B
153,diffie_hellman_key_exchange,Diffie Hellman Key Exchange,cryptography,Cryptography,Diffie Hellman Key Exchange - Cryptography mathematical visualization,frontend,0.8,"Diffie Hellman Key Exchange, Cryptography, mathematical visualization, 3D geometry, parametric surface",/shape/diffie_hellman_key_exchange,t,2025-12-04T10:34:40.589Z,2025-12-04T10:34:40.589Z,75.350000,,,,,0,0,55000000000000000000000000000000,,success,0x425734a7fd13E9994b66a7909206007A1EF7030B
339,cosmic_web,Cosmic Web,cosmology,Cosmology,Cosmic Web - Cosmology mathematical visualization,frontend,0.8,"Cosmic Web, Cosmology, mathematical visualization, 3D geometry, parametric surface",/shape/cosmic_web,t,2025-12-04T10:34:40.589Z,2025-12-04T10:34:40.589Z,75.350000,,,,,0,0,55000000000000000000000000000000,,success,0x425734a7fd13E9994b66a7909206007A1EF7030B
155,sha256_compression,Sha256 Compression,cryptography,Cryptography,Sha256 Compression - Cryptography mathematical visualization,frontend,0.8,"Sha256 Compression, Cryptography, mathematical visualization, 3D geometry, parametric surface",/shape/sha256_compression,t,2025-12-04T10:34:40.589Z,2025-12-04T10:34:40.589Z,75.350000,,,,,0,0,55000000000000000000000000000000,,success,0x425734a7fd13E9994b66a7909206007A1EF7030B
157,hash_chain,Hash Chain,cryptography,Cryptography,Hash Chain - Cryptography mathematical visualization,frontend,0.8,"Hash Chain, Cryptography, mathematical visualization, 3D geometry, parametric surface",/shape/hash_chain,t,2025-12-04T10:34:40.589Z,2025-12-04T10:34:40.589Z,75.350000,,,,,0,0,55000000000000000000000000000000,,success,0x425734a7fd13E9994b66a7909206007A1EF7030B
159,zero_knowledge_proof,Zero Knowledge Proof,cryptography,Cryptography,Zero Knowledge Proof - Cryptography mathematical visualization,frontend,0.8,"Zero Knowledge Proof, Cryptography, mathematical visualization, 3D geometry, parametric surface",/shape/zero_knowledge_proof,t,2025-12-04T10:34:40.589Z,2025-12-04T10:34:40.589Z,75.350000,,,,,0,0,55000000000000000000000000000000,,success,0x425734a7fd13E9994b66a7909206007A1EF7030B
161,secret_sharing,Secret Sharing,cryptography,Cryptography,Secret Sharing - Cryptography mathematical visualization,frontend,0.8,"Secret Sharing, Cryptography, mathematical visualization, 3D geometry, parametric surface",/shape/secret_sharing,t,2025-12-04T10:34:40.589Z,2025-12-04T10:34:40.589Z,75.350000,,,,,0,0,55000000000000000000000000000000,,success,0x425734a7fd13E9994b66a7909206007A1EF7030B
290,energy_body,Energy Body,chakras,Chakras & Energy,Energy Body - Chakras & Energy mathematical visualization,frontend,0.8,"Energy Body, Chakras & Energy, mathematical visualization, 3D geometry, parametric surface",/shape/energy_body,t,2025-12-04T10:34:40.589Z,2025-12-04T10:34:40.589Z,75.350000,,,,,0,0,55000000000000000000000000000000,,success,0x425734a7fd13E9994b66a7909206007A1EF7030B
163,homomorphic_encryption,Homomorphic Encryption,cryptography,Cryptography,Homomorphic Encryption - Cryptography mathematical visualization,frontend,0.8,"Homomorphic Encryption, Cryptography, mathematical visualization, 3D geometry, parametric surface",/shape/homomorphic_encryption,t,2025-12-04T10:34:40.589Z,2025-12-04T10:34:40.589Z,75.350000,,,,,0,0,55000000000000000000000000000000,,success,0x425734a7fd13E9994b66a7909206007A1EF7030B
165,ntru_lattice,Ntru Lattice,cryptography,Cryptography,Ntru Lattice - Cryptography mathematical visualization,frontend,0.8,"Ntru Lattice, Cryptography, mathematical visualization, 3D geometry, parametric surface",/shape/ntru_lattice,t,2025-12-04T10:34:40.589Z,2025-12-04T10:34:40.589Z,75.350000,,,,,0,0,55000000000000000000000000000000,,success,0x425734a7fd13E9994b66a7909206007A1EF7030B
168,rainbow_signature,Rainbow Signature,cryptography,Cryptography,Rainbow Signature - Cryptography mathematical visualization,frontend,0.8,"Rainbow Signature, Cryptography, mathematical visualization, 3D geometry, parametric surface",/shape/rainbow_signature,t,2025-12-04T10:34:40.589Z,2025-12-04T10:34:40.589Z,75.350000,,,,,0,0,55000000000000000000000000000000,,success,0x425734a7fd13E9994b66a7909206007A1EF7030B
170,post_quantum_crypto,Post Quantum Crypto,cryptography,Cryptography,Post Quantum Crypto - Cryptography mathematical visualization,frontend,0.8,"Post Quantum Crypto, Cryptography, mathematical visualization, 3D geometry, parametric surface",/shape/post_quantum_crypto,t,2025-12-04T10:34:40.589Z,2025-12-04T10:34:40.589Z,75.350000,,,,,0,0,55000000000000000000000000000000,,success,0x425734a7fd13E9994b66a7909206007A1EF7030B
172,bb84_protocol,Bb84 Protocol,cryptography,Cryptography,Bb84 Protocol - Cryptography mathematical visualization,frontend,0.8,"Bb84 Protocol, Cryptography, mathematical visualization, 3D geometry, parametric surface",/shape/bb84_protocol,t,2025-12-04T10:34:40.589Z,2025-12-04T10:34:40.589Z,75.350000,,,,,0,0,55000000000000000000000000000000,,success,0x425734a7fd13E9994b66a7909206007A1EF7030B
174,rna_single_strand,Rna Single Strand,molecular-biology,Molecular Biology,Rna Single Strand - Molecular Biology mathematical visualization,frontend,0.8,"Rna Single Strand, Molecular Biology, mathematical visualization, 3D geometry, parametric surface",/shape/rna_single_strand,t,2025-12-04T10:34:40.589Z,2025-12-04T10:34:40.589Z,75.350000,,,,,0,0,55000000000000000000000000000000,,success,0x425734a7fd13E9994b66a7909206007A1EF7030B
176,protein_beta_sheet,Protein Beta Sheet,molecular-biology,Molecular Biology,Protein Beta Sheet - Molecular Biology mathematical visualization,frontend,0.8,"Protein Beta Sheet, Molecular Biology, mathematical visualization, 3D geometry, parametric surface",/shape/protein_beta_sheet,t,2025-12-04T10:34:40.589Z,2025-12-04T10:34:40.589Z,75.350000,,,,,0,0,55000000000000000000000000000000,,success,0x425734a7fd13E9994b66a7909206007A1EF7030B
178,lipid_bilayer,Lipid Bilayer,molecular-biology,Molecular Biology,Lipid Bilayer - Molecular Biology mathematical visualization,frontend,0.8,"Lipid Bilayer, Molecular Biology, mathematical visualization, 3D geometry, parametric surface",/shape/lipid_bilayer,t,2025-12-04T10:34:40.589Z,2025-12-04T10:34:40.589Z,75.350000,,,,,0,0,55000000000000000000000000000000,,success,0x425734a7fd13E9994b66a7909206007A1EF7030B
180,phospholipid,Phospholipid,molecular-biology,Molecular Biology,Phospholipid - Molecular Biology mathematical visualization,frontend,0.8,"Phospholipid, Molecular Biology, mathematical visualization, 3D geometry, parametric surface",/shape/phospholipid,t,2025-12-04T10:34:40.589Z,2025-12-04T10:34:40.589Z,75.350000,,,,,0,0,55000000000000000000000000000000,,success,0x425734a7fd13E9994b66a7909206007A1EF7030B
182,glycoprotein,Glycoprotein,molecular-biology,Molecular Biology,Glycoprotein - Molecular Biology mathematical visualization,frontend,0.8,"Glycoprotein, Molecular Biology, mathematical visualization, 3D geometry, parametric surface",/shape/glycoprotein,t,2025-12-04T10:34:40.589Z,2025-12-04T10:34:40.589Z,75.350000,,,,,0,0,55000000000000000000000000000000,,success,0x425734a7fd13E9994b66a7909206007A1EF7030B
184,mitochondria,Mitochondria,molecular-biology,Molecular Biology,Mitochondria - Molecular Biology mathematical visualization,frontend,0.8,"Mitochondria, Molecular Biology, mathematical visualization, 3D geometry, parametric surface",/shape/mitochondria,t,2025-12-04T10:34:40.589Z,2025-12-04T10:34:40.589Z,75.350000,,,,,0,0,55000000000000000000000000000000,,success,0x425734a7fd13E9994b66a7909206007A1EF7030B
186,golgi_apparatus,Golgi Apparatus,molecular-biology,Molecular Biology,Golgi Apparatus - Molecular Biology mathematical visualization,frontend,0.8,"Golgi Apparatus, Molecular Biology, mathematical visualization, 3D geometry, parametric surface",/shape/golgi_apparatus,t,2025-12-04T10:34:40.589Z,2025-12-04T10:34:40.589Z,75.350000,,,,,0,0,55000000000000000000000000000000,,success,0x425734a7fd13E9994b66a7909206007A1EF7030B
188,nucleus,Nucleus,molecular-biology,Molecular Biology,Nucleus - Molecular Biology mathematical visualization,frontend,0.8,"Nucleus, Molecular Biology, mathematical visualization, 3D geometry, parametric surface",/shape/nucleus,t,2025-12-04T10:34:40.589Z,2025-12-04T10:34:40.589Z,75.350000,,,,,0,0,55000000000000000000000000000000,,success,0x425734a7fd13E9994b66a7909206007A1EF7030B
190,chromatin,Chromatin,molecular-biology,Molecular Biology,Chromatin - Molecular Biology mathematical visualization,frontend,0.8,"Chromatin, Molecular Biology, mathematical visualization, 3D geometry, parametric surface",/shape/chromatin,t,2025-12-04T10:34:40.589Z,2025-12-04T10:34:40.589Z,75.350000,,,,,0,0,55000000000000000000000000000000,,success,0x425734a7fd13E9994b66a7909206007A1EF7030B
194,actin_filament,Actin Filament,molecular-biology,Molecular Biology,Actin Filament - Molecular Biology mathematical visualization,frontend,0.8,"Actin Filament, Molecular Biology, mathematical visualization, 3D geometry, parametric surface",/shape/actin_filament,t,2025-12-04T10:34:40.589Z,2025-12-04T10:34:40.589Z,75.350000,,,,,0,0,55000000000000000000000000000000,,success,0x425734a7fd13E9994b66a7909206007A1EF7030B
196,motor_protein,Motor Protein,molecular-biology,Molecular Biology,Motor Protein - Molecular Biology mathematical visualization,frontend,0.8,"Motor Protein, Molecular Biology, mathematical visualization, 3D geometry, parametric surface",/shape/motor_protein,t,2025-12-04T10:34:40.589Z,2025-12-04T10:34:40.589Z,75.350000,,,,,0,0,55000000000000000000000000000000,,success,0x425734a7fd13E9994b66a7909206007A1EF7030B
198,tesseract,Tesseract,4d-hyperdimensional,4D Hyperdimensional,Tesseract - 4D Hyperdimensional mathematical visualization,frontend,0.8,"Tesseract, 4D Hyperdimensional, mathematical visualization, 3D geometry, parametric surface",/shape/tesseract,t,2025-12-04T10:34:40.589Z,2025-12-04T10:34:40.589Z,75.350000,,,,,0,0,55000000000000000000000000000000,,success,0x425734a7fd13E9994b66a7909206007A1EF7030B
200,pentachoron,Pentachoron,4d-hyperdimensional,4D Hyperdimensional,Pentachoron - 4D Hyperdimensional mathematical visualization,frontend,0.8,"Pentachoron, 4D Hyperdimensional, mathematical visualization, 3D geometry, parametric surface",/shape/pentachoron,t,2025-12-04T10:34:40.589Z,2025-12-04T10:34:40.589Z,75.350000,,,,,0,0,55000000000000000000000000000000,,success,0x425734a7fd13E9994b66a7909206007A1EF7030B
202,icositetrachoron,Icositetrachoron,4d-hyperdimensional,4D Hyperdimensional,Icositetrachoron - 4D Hyperdimensional mathematical visualization,frontend,0.8,"Icositetrachoron, 4D Hyperdimensional, mathematical visualization, 3D geometry, parametric surface",/shape/icositetrachoron,t,2025-12-04T10:34:40.589Z,2025-12-04T10:34:40.589Z,75.350000,,,,,0,0,55000000000000000000000000000000,,success,0x425734a7fd13E9994b66a7909206007A1EF7030B
204,hexacosichoron,Hexacosichoron,4d-hyperdimensional,4D Hyperdimensional,Hexacosichoron - 4D Hyperdimensional mathematical visualization,frontend,0.8,"Hexacosichoron, 4D Hyperdimensional, mathematical visualization, 3D geometry, parametric surface",/shape/hexacosichoron,t,2025-12-04T10:34:40.589Z,2025-12-04T10:34:40.589Z,75.350000,,,,,0,0,55000000000000000000000000000000,,success,0x425734a7fd13E9994b66a7909206007A1EF7030B
206,rectified_tesseract,Rectified Tesseract,4d-hyperdimensional,4D Hyperdimensional,Rectified Tesseract - 4D Hyperdimensional mathematical visualization,frontend,0.8,"Rectified Tesseract, 4D Hyperdimensional, mathematical visualization, 3D geometry, parametric surface",/shape/rectified_tesseract,t,2025-12-04T10:34:40.589Z,2025-12-04T10:34:40.589Z,75.350000,,,,,0,0,55000000000000000000000000000000,,success,0x425734a7fd13E9994b66a7909206007A1EF7030B
208,runcitruncated_tesseract,Runcitruncated Tesseract,4d-hyperdimensional,4D Hyperdimensional,Runcitruncated Tesseract - 4D Hyperdimensional mathematical visualization,frontend,0.8,"Runcitruncated Tesseract, 4D Hyperdimensional, mathematical visualization, 3D geometry, parametric surface",/shape/runcitruncated_tesseract,t,2025-12-04T10:34:40.589Z,2025-12-04T10:34:40.589Z,75.350000,,,,,0,0,55000000000000000000000000000000,,success,0x425734a7fd13E9994b66a7909206007A1EF7030B
210,duoprism_4_4,Duoprism 4 4,4d-hyperdimensional,4D Hyperdimensional,Duoprism 4 4 - 4D Hyperdimensional mathematical visualization,frontend,0.8,"Duoprism 4 4, 4D Hyperdimensional, mathematical visualization, 3D geometry, parametric surface",/shape/duoprism_4_4,t,2025-12-04T10:34:40.589Z,2025-12-04T10:34:40.589Z,75.350000,,,,,0,0,55000000000000000000000000000000,,success,0x425734a7fd13E9994b66a7909206007A1EF7030B
212,duocylinder,Duocylinder,4d-hyperdimensional,4D Hyperdimensional,Duocylinder - 4D Hyperdimensional mathematical visualization,frontend,0.8,"Duocylinder, 4D Hyperdimensional, mathematical visualization, 3D geometry, parametric surface",/shape/duocylinder,t,2025-12-04T10:34:40.589Z,2025-12-04T10:34:40.589Z,75.350000,,,,,0,0,55000000000000000000000000000000,,success,0x425734a7fd13E9994b66a7909206007A1EF7030B
1480,rime_ice,Rime Ice Formation,general,general,Parametric surface,formula_sync,0.8,"general, UUON, parametric surface",/shapes/rime-ice,t,2026-06-12T23:56:01.905Z,2026-06-12T23:56:01.905Z,75.350000,,,,,0,0,55000000000000000000000000000000,,success,0x425734a7fd13E9994b66a7909206007A1EF7030B
169,sphincs_signature,Sphincs Signature,cryptography,Cryptography,Sphincs Signature - Cryptography mathematical visualization,frontend,0.8,"Sphincs Signature, Cryptography, mathematical visualization, 3D geometry, parametric surface",/shape/sphincs_signature,t,2025-12-04T10:34:40.589Z,2025-12-04T10:34:40.589Z,75.350000,,,,,0,0,55000000000000000000000000000000,,success,0x425734a7fd13E9994b66a7909206007A1EF7030B
171,quantum_key_distribution,Quantum Key Distribution,cryptography,Cryptography,Quantum Key Distribution - Cryptography mathematical visualization,frontend,0.8,"Quantum Key Distribution, Cryptography, mathematical visualization, 3D geometry, parametric surface",/shape/quantum_key_distribution,t,2025-12-04T10:34:40.589Z,2025-12-04T10:34:40.589Z,75.350000,,,,,0,0,55000000000000000000000000000000,,success,0x425734a7fd13E9994b66a7909206007A1EF7030B
173,dna_double_helix,Dna Double Helix,molecular-biology,Molecular Biology,Dna Double Helix - Molecular Biology mathematical visualization,frontend,0.8,"Dna Double Helix, Molecular Biology, mathematical visualization, 3D geometry, parametric surface",/shape/dna_double_helix,t,2025-12-04T10:34:40.589Z,2025-12-04T10:34:40.589Z,75.350000,,,,,0,0,55000000000000000000000000000000,,success,0x425734a7fd13E9994b66a7909206007A1EF7030B
175,protein_alpha_helix,Protein Alpha Helix,molecular-biology,Molecular Biology,Protein Alpha Helix - Molecular Biology mathematical visualization,frontend,0.8,"Protein Alpha Helix, Molecular Biology, mathematical visualization, 3D geometry, parametric surface",/shape/protein_alpha_helix,t,2025-12-04T10:34:40.589Z,2025-12-04T10:34:40.589Z,75.350000,,,,,0,0,55000000000000000000000000000000,,success,0x425734a7fd13E9994b66a7909206007A1EF7030B
177,protein_folding,Protein Folding,molecular-biology,Molecular Biology,Protein Folding - Molecular Biology mathematical visualization,frontend,0.8,"Protein Folding, Molecular Biology, mathematical visualization, 3D geometry, parametric surface",/shape/protein_folding,t,2025-12-04T10:34:40.589Z,2025-12-04T10:34:40.589Z,75.350000,,,,,0,0,55000000000000000000000000000000,,success,0x425734a7fd13E9994b66a7909206007A1EF7030B
179,cell_membrane,Cell Membrane,molecular-biology,Molecular Biology,Cell Membrane - Molecular Biology mathematical visualization,frontend,0.8,"Cell Membrane, Molecular Biology, mathematical visualization, 3D geometry, parametric surface",/shape/cell_membrane,t,2025-12-04T10:34:40.589Z,2025-12-04T10:34:40.589Z,75.350000,,,,,0,0,55000000000000000000000000000000,,success,0x425734a7fd13E9994b66a7909206007A1EF7030B
181,cholesterol,Cholesterol,molecular-biology,Molecular Biology,Cholesterol - Molecular Biology mathematical visualization,frontend,0.8,"Cholesterol, Molecular Biology, mathematical visualization, 3D geometry, parametric surface",/shape/cholesterol,t,2025-12-04T10:34:40.589Z,2025-12-04T10:34:40.589Z,75.350000,,,,,0,0,55000000000000000000000000000000,,success,0x425734a7fd13E9994b66a7909206007A1EF7030B
183,ribosome,Ribosome,molecular-biology,Molecular Biology,Ribosome - Molecular Biology mathematical visualization,frontend,0.8,"Ribosome, Molecular Biology, mathematical visualization, 3D geometry, parametric surface",/shape/ribosome,t,2025-12-04T10:34:40.589Z,2025-12-04T10:34:40.589Z,75.350000,,,,,0,0,55000000000000000000000000000000,,success,0x425734a7fd13E9994b66a7909206007A1EF7030B
185,endoplasmic_reticulum,Endoplasmic Reticulum,molecular-biology,Molecular Biology,Endoplasmic Reticulum - Molecular Biology mathematical visualization,frontend,0.8,"Endoplasmic Reticulum, Molecular Biology, mathematical visualization, 3D geometry, parametric surface",/shape/endoplasmic_reticulum,t,2025-12-04T10:34:40.589Z,2025-12-04T10:34:40.589Z,75.350000,,,,,0,0,55000000000000000000000000000000,,success,0x425734a7fd13E9994b66a7909206007A1EF7030B
187,lysosome,Lysosome,molecular-biology,Molecular Biology,Lysosome - Molecular Biology mathematical visualization,frontend,0.8,"Lysosome, Molecular Biology, mathematical visualization, 3D geometry, parametric surface",/shape/lysosome,t,2025-12-04T10:34:40.589Z,2025-12-04T10:34:40.589Z,75.350000,,,,,0,0,55000000000000000000000000000000,,success,0x425734a7fd13E9994b66a7909206007A1EF7030B
189,nucleolus,Nucleolus,molecular-biology,Molecular Biology,Nucleolus - Molecular Biology mathematical visualization,frontend,0.8,"Nucleolus, Molecular Biology, mathematical visualization, 3D geometry, parametric surface",/shape/nucleolus,t,2025-12-04T10:34:40.589Z,2025-12-04T10:34:40.589Z,75.350000,,,,,0,0,55000000000000000000000000000000,,success,0x425734a7fd13E9994b66a7909206007A1EF7030B
191,chromosome,Chromosome,molecular-biology,Molecular Biology,Chromosome - Molecular Biology mathematical visualization,frontend,0.8,"Chromosome, Molecular Biology, mathematical visualization, 3D geometry, parametric surface",/shape/chromosome,t,2025-12-04T10:34:40.589Z,2025-12-04T10:34:40.589Z,75.350000,,,,,0,0,55000000000000000000000000000000,,success,0x425734a7fd13E9994b66a7909206007A1EF7030B
193,microtubule,Microtubule,molecular-biology,Molecular Biology,Microtubule - Molecular Biology mathematical visualization,frontend,0.8,"Microtubule, Molecular Biology, mathematical visualization, 3D geometry, parametric surface",/shape/microtubule,t,2025-12-04T10:34:40.589Z,2025-12-04T10:34:40.589Z,75.350000,,,,,0,0,55000000000000000000000000000000,,success,0x425734a7fd13E9994b66a7909206007A1EF7030B
195,intermediate_filament,Intermediate Filament,molecular-biology,Molecular Biology,Intermediate Filament - Molecular Biology mathematical visualization,frontend,0.8,"Intermediate Filament, Molecular Biology, mathematical visualization, 3D geometry, parametric surface",/shape/intermediate_filament,t,2025-12-04T10:34:40.589Z,2025-12-04T10:34:40.589Z,75.350000,,,,,0,0,55000000000000000000000000000000,,success,0x425734a7fd13E9994b66a7909206007A1EF7030B
197,ion_channel,Ion Channel,molecular-biology,Molecular Biology,Ion Channel - Molecular Biology mathematical visualization,frontend,0.8,"Ion Channel, Molecular Biology, mathematical visualization, 3D geometry, parametric surface",/shape/ion_channel,t,2025-12-04T10:34:40.589Z,2025-12-04T10:34:40.589Z,75.350000,,,,,0,0,55000000000000000000000000000000,,success,0x425734a7fd13E9994b66a7909206007A1EF7030B
199,hypersphere,Hypersphere,4d-hyperdimensional,4D Hyperdimensional,Hypersphere - 4D Hyperdimensional mathematical visualization,frontend,0.8,"Hypersphere, 4D Hyperdimensional, mathematical visualization, 3D geometry, parametric surface",/shape/hypersphere,t,2025-12-04T10:34:40.589Z,2025-12-04T10:34:40.589Z,75.350000,,,,,0,0,55000000000000000000000000000000,,success,0x425734a7fd13E9994b66a7909206007A1EF7030B
201,hexadecachoron,Hexadecachoron,4d-hyperdimensional,4D Hyperdimensional,Hexadecachoron - 4D Hyperdimensional mathematical visualization,frontend,0.8,"Hexadecachoron, 4D Hyperdimensional, mathematical visualization, 3D geometry, parametric surface",/shape/hexadecachoron,t,2025-12-04T10:34:40.589Z,2025-12-04T10:34:40.589Z,75.350000,,,,,0,0,55000000000000000000000000000000,,success,0x425734a7fd13E9994b66a7909206007A1EF7030B
203,hecatonicosachoron,Hecatonicosachoron,4d-hyperdimensional,4D Hyperdimensional,Hecatonicosachoron - 4D Hyperdimensional mathematical visualization,frontend,0.8,"Hecatonicosachoron, 4D Hyperdimensional, mathematical visualization, 3D geometry, parametric surface",/shape/hecatonicosachoron,t,2025-12-04T10:34:40.589Z,2025-12-04T10:34:40.589Z,75.350000,,,,,0,0,55000000000000000000000000000000,,success,0x425734a7fd13E9994b66a7909206007A1EF7030B
205,grand_antiprism,Grand Antiprism,4d-hyperdimensional,4D Hyperdimensional,Grand Antiprism - 4D Hyperdimensional mathematical visualization,frontend,0.8,"Grand Antiprism, 4D Hyperdimensional, mathematical visualization, 3D geometry, parametric surface",/shape/grand_antiprism,t,2025-12-04T10:34:40.589Z,2025-12-04T10:34:40.589Z,75.350000,,,,,0,0,55000000000000000000000000000000,,success,0x425734a7fd13E9994b66a7909206007A1EF7030B
207,bitruncated_tesseract,Bitruncated Tesseract,4d-hyperdimensional,4D Hyperdimensional,Bitruncated Tesseract - 4D Hyperdimensional mathematical visualization,frontend,0.8,"Bitruncated Tesseract, 4D Hyperdimensional, mathematical visualization, 3D geometry, parametric surface",/shape/bitruncated_tesseract,t,2025-12-04T10:34:40.589Z,2025-12-04T10:34:40.589Z,75.350000,,,,,0,0,55000000000000000000000000000000,,success,0x425734a7fd13E9994b66a7909206007A1EF7030B
209,omnitruncated_tesseract,Omnitruncated Tesseract,4d-hyperdimensional,4D Hyperdimensional,Omnitruncated Tesseract - 4D Hyperdimensional mathematical visualization,frontend,0.8,"Omnitruncated Tesseract, 4D Hyperdimensional, mathematical visualization, 3D geometry, parametric surface",/shape/omnitruncated_tesseract,t,2025-12-04T10:34:40.589Z,2025-12-04T10:34:40.589Z,75.350000,,,,,0,0,55000000000000000000000000000000,,success,0x425734a7fd13E9994b66a7909206007A1EF7030B
211,duoprism_3_6,Duoprism 3 6,4d-hyperdimensional,4D Hyperdimensional,Duoprism 3 6 - 4D Hyperdimensional mathematical visualization,frontend,0.8,"Duoprism 3 6, 4D Hyperdimensional, mathematical visualization, 3D geometry, parametric surface",/shape/duoprism_3_6,t,2025-12-04T10:34:40.589Z,2025-12-04T10:34:40.589Z,75.350000,,,,,0,0,55000000000000000000000000000000,,success,0x425734a7fd13E9994b66a7909206007A1EF7030B
213,clifford_torus_4d,Clifford Torus 4d,4d-hyperdimensional,4D Hyperdimensional,Clifford Torus 4d - 4D Hyperdimensional mathematical visualization,frontend,0.8,"Clifford Torus 4d, 4D Hyperdimensional, mathematical visualization, 3D geometry, parametric surface",/shape/clifford_torus_4d,t,2025-12-04T10:34:40.589Z,2025-12-04T10:34:40.589Z,75.350000,,,,,0,0,55000000000000000000000000000000,,success,0x425734a7fd13E9994b66a7909206007A1EF7030B
214,hopf_fibration,Hopf Fibration,4d-hyperdimensional,4D Hyperdimensional,Hopf Fibration - 4D Hyperdimensional mathematical visualization,frontend,0.8,"Hopf Fibration, 4D Hyperdimensional, mathematical visualization, 3D geometry, parametric surface",/shape/hopf_fibration,t,2025-12-04T10:34:40.589Z,2025-12-04T10:34:40.589Z,75.350000,,,,,0,0,55000000000000000000000000000000,,success,0x425734a7fd13E9994b66a7909206007A1EF7030B
216,so4_rotation,So4 Rotation,4d-hyperdimensional,4D Hyperdimensional,So4 Rotation - 4D Hyperdimensional mathematical visualization,frontend,0.8,"So4 Rotation, 4D Hyperdimensional, mathematical visualization, 3D geometry, parametric surface",/shape/so4_rotation,t,2025-12-04T10:34:40.589Z,2025-12-04T10:34:40.589Z,75.350000,,,,,0,0,55000000000000000000000000000000,,success,0x425734a7fd13E9994b66a7909206007A1EF7030B
218,flower_of_life,Flower Of Life,sacred-geometry,Sacred Geometry,Flower Of Life - Sacred Geometry mathematical visualization,frontend,0.8,"Flower Of Life, Sacred Geometry, mathematical visualization, 3D geometry, parametric surface",/shape/flower_of_life,t,2025-12-04T10:34:40.589Z,2025-12-04T10:34:40.589Z,75.350000,,,,,0,0,55000000000000000000000000000000,,success,0x425734a7fd13E9994b66a7909206007A1EF7030B
1334,tidal_dynamics,🌙 Tidal Dynamics - Lunar Gravitational Pull,general,general,Parametric surface,formula_sync,0.8,"general, UUON, parametric surface",/shapes/tidal-dynamics,t,2026-06-12T23:55:55.335Z,2026-06-12T23:55:55.335Z,75.350000,,,,,0,0,55000000000000000000000000000000,,success,0x425734a7fd13E9994b66a7909206007A1EF7030B
220,tree_of_life,Tree Of Life,sacred-geometry,Sacred Geometry,Tree Of Life - Sacred Geometry mathematical visualization,frontend,0.8,"Tree Of Life, Sacred Geometry, mathematical visualization, 3D geometry, parametric surface",/shape/tree_of_life,t,2025-12-04T10:34:40.589Z,2025-12-04T10:34:40.589Z,75.350000,,,,,0,0,55000000000000000000000000000000,,success,0x425734a7fd13E9994b66a7909206007A1EF7030B
222,sri_yantra,Sri Yantra,sacred-geometry,Sacred Geometry,Sri Yantra - Sacred Geometry mathematical visualization,frontend,0.8,"Sri Yantra, Sacred Geometry, mathematical visualization, 3D geometry, parametric surface",/shape/sri_yantra,t,2025-12-04T10:34:40.589Z,2025-12-04T10:34:40.589Z,75.350000,,,,,0,0,55000000000000000000000000000000,,success,0x425734a7fd13E9994b66a7909206007A1EF7030B
224,golden_spiral,Golden Spiral,sacred-geometry,Sacred Geometry,Golden Spiral - Sacred Geometry mathematical visualization,frontend,0.8,"Golden Spiral, Sacred Geometry, mathematical visualization, 3D geometry, parametric surface",/shape/golden_spiral,t,2025-12-04T10:34:40.589Z,2025-12-04T10:34:40.589Z,75.350000,,,,,0,0,55000000000000000000000000000000,,success,0x425734a7fd13E9994b66a7909206007A1EF7030B
226,merkaba,Merkaba,sacred-geometry,Sacred Geometry,Merkaba - Sacred Geometry mathematical visualization,frontend,0.8,"Merkaba, Sacred Geometry, mathematical visualization, 3D geometry, parametric surface",/shape/merkaba,t,2025-12-04T10:34:40.589Z,2025-12-04T10:34:40.589Z,75.350000,,,,,0,0,55000000000000000000000000000000,,success,0x425734a7fd13E9994b66a7909206007A1EF7030B
228,fruit_of_life,Fruit Of Life,sacred-geometry,Sacred Geometry,Fruit Of Life - Sacred Geometry mathematical visualization,frontend,0.8,"Fruit Of Life, Sacred Geometry, mathematical visualization, 3D geometry, parametric surface",/shape/fruit_of_life,t,2025-12-04T10:34:40.589Z,2025-12-04T10:34:40.589Z,75.350000,,,,,0,0,55000000000000000000000000000000,,success,0x425734a7fd13E9994b66a7909206007A1EF7030B
230,genesis_pattern,Genesis Pattern,sacred-geometry,Sacred Geometry,Genesis Pattern - Sacred Geometry mathematical visualization,frontend,0.8,"Genesis Pattern, Sacred Geometry, mathematical visualization, 3D geometry, parametric surface",/shape/genesis_pattern,t,2025-12-04T10:34:40.589Z,2025-12-04T10:34:40.589Z,75.350000,,,,,0,0,55000000000000000000000000000000,,success,0x425734a7fd13E9994b66a7909206007A1EF7030B
232,vector_equilibrium,Vector Equilibrium,sacred-geometry,Sacred Geometry,Vector Equilibrium - Sacred Geometry mathematical visualization,frontend,0.8,"Vector Equilibrium, Sacred Geometry, mathematical visualization, 3D geometry, parametric surface",/shape/vector_equilibrium,t,2025-12-04T10:34:40.589Z,2025-12-04T10:34:40.589Z,75.350000,,,,,0,0,55000000000000000000000000000000,,success,0x425734a7fd13E9994b66a7909206007A1EF7030B
234,isotropic_vector_matrix,Isotropic Vector Matrix,sacred-geometry,Sacred Geometry,Isotropic Vector Matrix - Sacred Geometry mathematical visualization,frontend,0.8,"Isotropic Vector Matrix, Sacred Geometry, mathematical visualization, 3D geometry, parametric surface",/shape/isotropic_vector_matrix,t,2025-12-04T10:34:40.589Z,2025-12-04T10:34:40.589Z,75.350000,,,,,0,0,55000000000000000000000000000000,,success,0x425734a7fd13E9994b66a7909206007A1EF7030B
236,cubeoctahedron,Cubeoctahedron,sacred-geometry,Sacred Geometry,Cubeoctahedron - Sacred Geometry mathematical visualization,frontend,0.8,"Cubeoctahedron, Sacred Geometry, mathematical visualization, 3D geometry, parametric surface",/shape/cubeoctahedron,t,2025-12-04T10:34:40.589Z,2025-12-04T10:34:40.589Z,75.350000,,,,,0,0,55000000000000000000000000000000,,success,0x425734a7fd13E9994b66a7909206007A1EF7030B
238,m_theory,M Theory,theory-of-everything,Theory of Everything,M Theory - Theory of Everything mathematical visualization,frontend,0.8,"M Theory, Theory of Everything, mathematical visualization, 3D geometry, parametric surface",/shape/m_theory,t,2025-12-04T10:34:40.589Z,2025-12-04T10:34:40.589Z,75.350000,,,,,0,0,55000000000000000000000000000000,,success,0x425734a7fd13E9994b66a7909206007A1EF7030B
240,loop_quantum_gravity_toe,Loop Quantum Gravity Toe,theory-of-everything,Theory of Everything,Loop Quantum Gravity Toe - Theory of Everything mathematical visualization,frontend,0.8,"Loop Quantum Gravity Toe, Theory of Everything, mathematical visualization, 3D geometry, parametric surface",/shape/loop_quantum_gravity_toe,t,2025-12-04T10:34:40.589Z,2025-12-04T10:34:40.589Z,75.350000,,,,,0,0,55000000000000000000000000000000,,success,0x425734a7fd13E9994b66a7909206007A1EF7030B
242,causal_fermion_system,Causal Fermion System,theory-of-everything,Theory of Everything,Causal Fermion System - Theory of Everything mathematical visualization,frontend,0.8,"Causal Fermion System, Theory of Everything, mathematical visualization, 3D geometry, parametric surface",/shape/causal_fermion_system,t,2025-12-04T10:34:40.589Z,2025-12-04T10:34:40.589Z,75.350000,,,,,0,0,55000000000000000000000000000000,,success,0x425734a7fd13E9994b66a7909206007A1EF7030B
244,noncommutative_geometry,Noncommutative Geometry,theory-of-everything,Theory of Everything,Noncommutative Geometry - Theory of Everything mathematical visualization,frontend,0.8,"Noncommutative Geometry, Theory of Everything, mathematical visualization, 3D geometry, parametric surface",/shape/noncommutative_geometry,t,2025-12-04T10:34:40.589Z,2025-12-04T10:34:40.589Z,75.350000,,,,,0,0,55000000000000000000000000000000,,success,0x425734a7fd13E9994b66a7909206007A1EF7030B
823,stau,Stau,supersymmetry,Supersymmetry,Stau - Supersymmetry mathematical visualization,frontend,0.8,"Stau, Supersymmetry, mathematical visualization",/shape/stau,t,2025-12-04T10:38:14.652Z,2025-12-04T10:38:14.652Z,75.350000,,,,,0,0,55000000000000000000000000000000,,success,0x425734a7fd13E9994b66a7909206007A1EF7030B
246,asymptotic_safety,Asymptotic Safety,theory-of-everything,Theory of Everything,Asymptotic Safety - Theory of Everything mathematical visualization,frontend,0.8,"Asymptotic Safety, Theory of Everything, mathematical visualization, 3D geometry, parametric surface",/shape/asymptotic_safety,t,2025-12-04T10:34:40.589Z,2025-12-04T10:34:40.589Z,75.350000,,,,,0,0,55000000000000000000000000000000,,success,0x425734a7fd13E9994b66a7909206007A1EF7030B
248,entropic_gravity,Entropic Gravity,theory-of-everything,Theory of Everything,Entropic Gravity - Theory of Everything mathematical visualization,frontend,0.8,"Entropic Gravity, Theory of Everything, mathematical visualization, 3D geometry, parametric surface",/shape/entropic_gravity,t,2025-12-04T10:34:40.589Z,2025-12-04T10:34:40.589Z,75.350000,,,,,0,0,55000000000000000000000000000000,,success,0x425734a7fd13E9994b66a7909206007A1EF7030B
250,relative_locality,Relative Locality,theory-of-everything,Theory of Everything,Relative Locality - Theory of Everything mathematical visualization,frontend,0.8,"Relative Locality, Theory of Everything, mathematical visualization, 3D geometry, parametric surface",/shape/relative_locality,t,2025-12-04T10:34:40.589Z,2025-12-04T10:34:40.589Z,75.350000,,,,,0,0,55000000000000000000000000000000,,success,0x425734a7fd13E9994b66a7909206007A1EF7030B
252,deformed_special_relativity,Deformed Special Relativity,theory-of-everything,Theory of Everything,Deformed Special Relativity - Theory of Everything mathematical visualization,frontend,0.8,"Deformed Special Relativity, Theory of Everything, mathematical visualization, 3D geometry, parametric surface",/shape/deformed_special_relativity,t,2025-12-04T10:34:40.589Z,2025-12-04T10:34:40.589Z,75.350000,,,,,0,0,55000000000000000000000000000000,,success,0x425734a7fd13E9994b66a7909206007A1EF7030B
1325,antibiotic_resistance_mechanism,💊 Antibiotic Resistance - Efflux Pump,general,general,Parametric surface,formula_sync,0.8,"general, UUON, parametric surface",/shapes/antibiotic-resistance-mechanism,t,2026-06-12T23:55:48.770Z,2026-06-12T23:55:48.770Z,75.350000,,,,,0,0,55000000000000000000000000000000,,success,0x425734a7fd13E9994b66a7909206007A1EF7030B
254,simulation_hypothesis,Simulation Hypothesis,theory-of-everything,Theory of Everything,Simulation Hypothesis - Theory of Everything mathematical visualization,frontend,0.8,"Simulation Hypothesis, Theory of Everything, mathematical visualization, 3D geometry, parametric surface",/shape/simulation_hypothesis,t,2025-12-04T10:34:40.589Z,2025-12-04T10:34:40.589Z,75.350000,,,,,0,0,55000000000000000000000000000000,,success,0x425734a7fd13E9994b66a7909206007A1EF7030B
256,it_from_bit,It From Bit,theory-of-everything,Theory of Everything,It From Bit - Theory of Everything mathematical visualization,frontend,0.8,"It From Bit, Theory of Everything, mathematical visualization, 3D geometry, parametric surface",/shape/it_from_bit,t,2025-12-04T10:34:40.589Z,2025-12-04T10:34:40.589Z,75.350000,,,,,0,0,55000000000000000000000000000000,,success,0x425734a7fd13E9994b66a7909206007A1EF7030B
1482,diamond_dust,Diamond Dust Crystal,general,general,Parametric surface,formula_sync,0.8,"general, UUON, parametric surface",/shapes/diamond-dust,t,2026-06-12T23:56:01.905Z,2026-06-12T23:56:01.905Z,75.350000,,,,,0,0,55000000000000000000000000000000,,success,0x425734a7fd13E9994b66a7909206007A1EF7030B
215,quaternion_rotation,Quaternion Rotation,4d-hyperdimensional,4D Hyperdimensional,Quaternion Rotation - 4D Hyperdimensional mathematical visualization,frontend,0.8,"Quaternion Rotation, 4D Hyperdimensional, mathematical visualization, 3D geometry, parametric surface",/shape/quaternion_rotation,t,2025-12-04T10:34:40.589Z,2025-12-04T10:34:40.589Z,75.350000,,,,,0,0,55000000000000000000000000000000,,success,0x425734a7fd13E9994b66a7909206007A1EF7030B
217,spinor_4d,Spinor 4d,4d-hyperdimensional,4D Hyperdimensional,Spinor 4d - 4D Hyperdimensional mathematical visualization,frontend,0.8,"Spinor 4d, 4D Hyperdimensional, mathematical visualization, 3D geometry, parametric surface",/shape/spinor_4d,t,2025-12-04T10:34:40.589Z,2025-12-04T10:34:40.589Z,75.350000,,,,,0,0,55000000000000000000000000000000,,success,0x425734a7fd13E9994b66a7909206007A1EF7030B
219,seed_of_life,Seed Of Life,sacred-geometry,Sacred Geometry,Seed Of Life - Sacred Geometry mathematical visualization,frontend,0.8,"Seed Of Life, Sacred Geometry, mathematical visualization, 3D geometry, parametric surface",/shape/seed_of_life,t,2025-12-04T10:34:40.589Z,2025-12-04T10:34:40.589Z,75.350000,,,,,0,0,55000000000000000000000000000000,,success,0x425734a7fd13E9994b66a7909206007A1EF7030B
221,metatrons_cube,Metatrons Cube,sacred-geometry,Sacred Geometry,Metatrons Cube - Sacred Geometry mathematical visualization,frontend,0.8,"Metatrons Cube, Sacred Geometry, mathematical visualization, 3D geometry, parametric surface",/shape/metatrons_cube,t,2025-12-04T10:34:40.589Z,2025-12-04T10:34:40.589Z,75.350000,,,,,0,0,55000000000000000000000000000000,,success,0x425734a7fd13E9994b66a7909206007A1EF7030B
223,vesica_piscis,Vesica Piscis,sacred-geometry,Sacred Geometry,Vesica Piscis - Sacred Geometry mathematical visualization,frontend,0.8,"Vesica Piscis, Sacred Geometry, mathematical visualization, 3D geometry, parametric surface",/shape/vesica_piscis,t,2025-12-04T10:34:40.589Z,2025-12-04T10:34:40.589Z,75.350000,,,,,0,0,55000000000000000000000000000000,,success,0x425734a7fd13E9994b66a7909206007A1EF7030B
225,fibonacci_spiral,Fibonacci Spiral,sacred-geometry,Sacred Geometry,Fibonacci Spiral - Sacred Geometry mathematical visualization,frontend,0.8,"Fibonacci Spiral, Sacred Geometry, mathematical visualization, 3D geometry, parametric surface",/shape/fibonacci_spiral,t,2025-12-04T10:34:40.589Z,2025-12-04T10:34:40.589Z,75.350000,,,,,0,0,55000000000000000000000000000000,,success,0x425734a7fd13E9994b66a7909206007A1EF7030B
227,platonic_solids_nested,Platonic Solids Nested,sacred-geometry,Sacred Geometry,Platonic Solids Nested - Sacred Geometry mathematical visualization,frontend,0.8,"Platonic Solids Nested, Sacred Geometry, mathematical visualization, 3D geometry, parametric surface",/shape/platonic_solids_nested,t,2025-12-04T10:34:40.589Z,2025-12-04T10:34:40.589Z,75.350000,,,,,0,0,55000000000000000000000000000000,,success,0x425734a7fd13E9994b66a7909206007A1EF7030B
229,egg_of_life,Egg Of Life,sacred-geometry,Sacred Geometry,Egg Of Life - Sacred Geometry mathematical visualization,frontend,0.8,"Egg Of Life, Sacred Geometry, mathematical visualization, 3D geometry, parametric surface",/shape/egg_of_life,t,2025-12-04T10:34:40.589Z,2025-12-04T10:34:40.589Z,75.350000,,,,,0,0,55000000000000000000000000000000,,success,0x425734a7fd13E9994b66a7909206007A1EF7030B
231,torus_field,Torus Field,sacred-geometry,Sacred Geometry,Torus Field - Sacred Geometry mathematical visualization,frontend,0.8,"Torus Field, Sacred Geometry, mathematical visualization, 3D geometry, parametric surface",/shape/torus_field,t,2025-12-04T10:34:40.589Z,2025-12-04T10:34:40.589Z,75.350000,,,,,0,0,55000000000000000000000000000000,,success,0x425734a7fd13E9994b66a7909206007A1EF7030B
233,64_tetrahedron_grid,64 Tetrahedron Grid,sacred-geometry,Sacred Geometry,64 Tetrahedron Grid - Sacred Geometry mathematical visualization,frontend,0.8,"64 Tetrahedron Grid, Sacred Geometry, mathematical visualization, 3D geometry, parametric surface",/shape/64_tetrahedron_grid,t,2025-12-04T10:34:40.589Z,2025-12-04T10:34:40.589Z,75.350000,,,,,0,0,55000000000000000000000000000000,,success,0x425734a7fd13E9994b66a7909206007A1EF7030B
235,jitterbug,Jitterbug,sacred-geometry,Sacred Geometry,Jitterbug - Sacred Geometry mathematical visualization,frontend,0.8,"Jitterbug, Sacred Geometry, mathematical visualization, 3D geometry, parametric surface",/shape/jitterbug,t,2025-12-04T10:34:40.589Z,2025-12-04T10:34:40.589Z,75.350000,,,,,0,0,55000000000000000000000000000000,,success,0x425734a7fd13E9994b66a7909206007A1EF7030B
237,rhombic_dodecahedron,Rhombic Dodecahedron,sacred-geometry,Sacred Geometry,Rhombic Dodecahedron - Sacred Geometry mathematical visualization,frontend,0.8,"Rhombic Dodecahedron, Sacred Geometry, mathematical visualization, 3D geometry, parametric surface",/shape/rhombic_dodecahedron,t,2025-12-04T10:34:40.589Z,2025-12-04T10:34:40.589Z,75.350000,,,,,0,0,55000000000000000000000000000000,,success,0x425734a7fd13E9994b66a7909206007A1EF7030B
239,string_theory,String Theory,theory-of-everything,Theory of Everything,String Theory - Theory of Everything mathematical visualization,frontend,0.8,"String Theory, Theory of Everything, mathematical visualization, 3D geometry, parametric surface",/shape/string_theory,t,2025-12-04T10:34:40.589Z,2025-12-04T10:34:40.589Z,75.350000,,,,,0,0,55000000000000000000000000000000,,success,0x425734a7fd13E9994b66a7909206007A1EF7030B
241,e8_theory,E8 Theory,theory-of-everything,Theory of Everything,E8 Theory - Theory of Everything mathematical visualization,frontend,0.8,"E8 Theory, Theory of Everything, mathematical visualization, 3D geometry, parametric surface",/shape/e8_theory,t,2025-12-04T10:34:40.589Z,2025-12-04T10:34:40.589Z,75.350000,,,,,0,0,55000000000000000000000000000000,,success,0x425734a7fd13E9994b66a7909206007A1EF7030B
243,twistor_theory,Twistor Theory,theory-of-everything,Theory of Everything,Twistor Theory - Theory of Everything mathematical visualization,frontend,0.8,"Twistor Theory, Theory of Everything, mathematical visualization, 3D geometry, parametric surface",/shape/twistor_theory,t,2025-12-04T10:34:40.589Z,2025-12-04T10:34:40.589Z,75.350000,,,,,0,0,55000000000000000000000000000000,,success,0x425734a7fd13E9994b66a7909206007A1EF7030B
245,causal_set_theory,Causal Set Theory,theory-of-everything,Theory of Everything,Causal Set Theory - Theory of Everything mathematical visualization,frontend,0.8,"Causal Set Theory, Theory of Everything, mathematical visualization, 3D geometry, parametric surface",/shape/causal_set_theory,t,2025-12-04T10:34:40.589Z,2025-12-04T10:34:40.589Z,75.350000,,,,,0,0,55000000000000000000000000000000,,success,0x425734a7fd13E9994b66a7909206007A1EF7030B
247,emergent_gravity,Emergent Gravity,theory-of-everything,Theory of Everything,Emergent Gravity - Theory of Everything mathematical visualization,frontend,0.8,"Emergent Gravity, Theory of Everything, mathematical visualization, 3D geometry, parametric surface",/shape/emergent_gravity,t,2025-12-04T10:34:40.589Z,2025-12-04T10:34:40.589Z,75.350000,,,,,0,0,55000000000000000000000000000000,,success,0x425734a7fd13E9994b66a7909206007A1EF7030B
249,shape_dynamics,Shape Dynamics,theory-of-everything,Theory of Everything,Shape Dynamics - Theory of Everything mathematical visualization,frontend,0.8,"Shape Dynamics, Theory of Everything, mathematical visualization, 3D geometry, parametric surface",/shape/shape_dynamics,t,2025-12-04T10:34:40.589Z,2025-12-04T10:34:40.589Z,75.350000,,,,,0,0,55000000000000000000000000000000,,success,0x425734a7fd13E9994b66a7909206007A1EF7030B
251,doubly_special_relativity,Doubly Special Relativity,theory-of-everything,Theory of Everything,Doubly Special Relativity - Theory of Everything mathematical visualization,frontend,0.8,"Doubly Special Relativity, Theory of Everything, mathematical visualization, 3D geometry, parametric surface",/shape/doubly_special_relativity,t,2025-12-04T10:34:40.589Z,2025-12-04T10:34:40.589Z,75.350000,,,,,0,0,55000000000000000000000000000000,,success,0x425734a7fd13E9994b66a7909206007A1EF7030B
253,holographic_universe,Holographic Universe,theory-of-everything,Theory of Everything,Holographic Universe - Theory of Everything mathematical visualization,frontend,0.8,"Holographic Universe, Theory of Everything, mathematical visualization, 3D geometry, parametric surface",/shape/holographic_universe,t,2025-12-04T10:34:40.589Z,2025-12-04T10:34:40.589Z,75.350000,,,,,0,0,55000000000000000000000000000000,,success,0x425734a7fd13E9994b66a7909206007A1EF7030B
255,mathematical_universe,Mathematical Universe,theory-of-everything,Theory of Everything,Mathematical Universe - Theory of Everything mathematical visualization,frontend,0.8,"Mathematical Universe, Theory of Everything, mathematical visualization, 3D geometry, parametric surface",/shape/mathematical_universe,t,2025-12-04T10:34:40.589Z,2025-12-04T10:34:40.589Z,75.350000,,,,,0,0,55000000000000000000000000000000,,success,0x425734a7fd13E9994b66a7909206007A1EF7030B
257,participatory_universe,Participatory Universe,theory-of-everything,Theory of Everything,Participatory Universe - Theory of Everything mathematical visualization,frontend,0.8,"Participatory Universe, Theory of Everything, mathematical visualization, 3D geometry, parametric surface",/shape/participatory_universe,t,2025-12-04T10:34:40.589Z,2025-12-04T10:34:40.589Z,75.350000,,,,,0,0,55000000000000000000000000000000,,success,0x425734a7fd13E9994b66a7909206007A1EF7030B
692,sound_wave,Sound Wave,waves,Wave Algorithms,Sound Wave - Wave Algorithms mathematical visualization,frontend,0.8,"Sound Wave, Wave Algorithms, mathematical visualization",/shape/sound_wave,t,2025-12-04T10:38:14.652Z,2025-12-04T10:38:14.652Z,75.350000,,,,,0,0,55000000000000000000000000000000,,success,0x425734a7fd13E9994b66a7909206007A1EF7030B
258,bubble_sort_viz,Bubble Sort Viz,algorithms,Algorithms,Bubble Sort Viz - Algorithms mathematical visualization,frontend,0.8,"Bubble Sort Viz, Algorithms, mathematical visualization, 3D geometry, parametric surface",/shape/bubble_sort_viz,t,2025-12-04T10:34:40.589Z,2025-12-04T10:34:40.589Z,75.350000,,,,,0,0,55000000000000000000000000000000,,success,0x425734a7fd13E9994b66a7909206007A1EF7030B
260,merge_sort_viz,Merge Sort Viz,algorithms,Algorithms,Merge Sort Viz - Algorithms mathematical visualization,frontend,0.8,"Merge Sort Viz, Algorithms, mathematical visualization, 3D geometry, parametric surface",/shape/merge_sort_viz,t,2025-12-04T10:34:40.589Z,2025-12-04T10:34:40.589Z,75.350000,,,,,0,0,55000000000000000000000000000000,,success,0x425734a7fd13E9994b66a7909206007A1EF7030B
262,radix_sort_viz,Radix Sort Viz,algorithms,Algorithms,Radix Sort Viz - Algorithms mathematical visualization,frontend,0.8,"Radix Sort Viz, Algorithms, mathematical visualization, 3D geometry, parametric surface",/shape/radix_sort_viz,t,2025-12-04T10:34:40.589Z,2025-12-04T10:34:40.589Z,75.350000,,,,,0,0,55000000000000000000000000000000,,success,0x425734a7fd13E9994b66a7909206007A1EF7030B
264,avl_tree,Avl Tree,algorithms,Algorithms,Avl Tree - Algorithms mathematical visualization,frontend,0.8,"Avl Tree, Algorithms, mathematical visualization, 3D geometry, parametric surface",/shape/avl_tree,t,2025-12-04T10:34:40.589Z,2025-12-04T10:34:40.589Z,75.350000,,,,,0,0,55000000000000000000000000000000,,success,0x425734a7fd13E9994b66a7909206007A1EF7030B
266,b_tree,B Tree,algorithms,Algorithms,B Tree - Algorithms mathematical visualization,frontend,0.8,"B Tree, Algorithms, mathematical visualization, 3D geometry, parametric surface",/shape/b_tree,t,2025-12-04T10:34:40.589Z,2025-12-04T10:34:40.589Z,75.350000,,,,,0,0,55000000000000000000000000000000,,success,0x425734a7fd13E9994b66a7909206007A1EF7030B
268,hash_table,Hash Table,algorithms,Algorithms,Hash Table - Algorithms mathematical visualization,frontend,0.8,"Hash Table, Algorithms, mathematical visualization, 3D geometry, parametric surface",/shape/hash_table,t,2025-12-04T10:34:40.589Z,2025-12-04T10:34:40.589Z,75.350000,,,,,0,0,55000000000000000000000000000000,,success,0x425734a7fd13E9994b66a7909206007A1EF7030B
270,skip_list,Skip List,algorithms,Algorithms,Skip List - Algorithms mathematical visualization,frontend,0.8,"Skip List, Algorithms, mathematical visualization, 3D geometry, parametric surface",/shape/skip_list,t,2025-12-04T10:34:40.589Z,2025-12-04T10:34:40.589Z,75.350000,,,,,0,0,55000000000000000000000000000000,,success,0x425734a7fd13E9994b66a7909206007A1EF7030B
272,fenwick_tree,Fenwick Tree,algorithms,Algorithms,Fenwick Tree - Algorithms mathematical visualization,frontend,0.8,"Fenwick Tree, Algorithms, mathematical visualization, 3D geometry, parametric surface",/shape/fenwick_tree,t,2025-12-04T10:34:40.589Z,2025-12-04T10:34:40.589Z,75.350000,,,,,0,0,55000000000000000000000000000000,,success,0x425734a7fd13E9994b66a7909206007A1EF7030B
274,bellman_ford,Bellman Ford,algorithms,Algorithms,Bellman Ford - Algorithms mathematical visualization,frontend,0.8,"Bellman Ford, Algorithms, mathematical visualization, 3D geometry, parametric surface",/shape/bellman_ford,t,2025-12-04T10:34:40.589Z,2025-12-04T10:34:40.589Z,75.350000,,,,,0,0,55000000000000000000000000000000,,success,0x425734a7fd13E9994b66a7909206007A1EF7030B
276,a_star_search,A Star Search,algorithms,Algorithms,A Star Search - Algorithms mathematical visualization,frontend,0.8,"A Star Search, Algorithms, mathematical visualization, 3D geometry, parametric surface",/shape/a_star_search,t,2025-12-04T10:34:40.589Z,2025-12-04T10:34:40.589Z,75.350000,,,,,0,0,55000000000000000000000000000000,,success,0x425734a7fd13E9994b66a7909206007A1EF7030B
278,root_chakra,Root Chakra,chakras,Chakras & Energy,Root Chakra - Chakras & Energy mathematical visualization,frontend,0.8,"Root Chakra, Chakras & Energy, mathematical visualization, 3D geometry, parametric surface",/shape/root_chakra,t,2025-12-04T10:34:40.589Z,2025-12-04T10:34:40.589Z,75.350000,,,,,0,0,55000000000000000000000000000000,,success,0x425734a7fd13E9994b66a7909206007A1EF7030B
280,solar_plexus_chakra,Solar Plexus Chakra,chakras,Chakras & Energy,Solar Plexus Chakra - Chakras & Energy mathematical visualization,frontend,0.8,"Solar Plexus Chakra, Chakras & Energy, mathematical visualization, 3D geometry, parametric surface",/shape/solar_plexus_chakra,t,2025-12-04T10:34:40.589Z,2025-12-04T10:34:40.589Z,75.350000,,,,,0,0,55000000000000000000000000000000,,success,0x425734a7fd13E9994b66a7909206007A1EF7030B
1336,deep_sea_pressure,🌊 Deep Sea Pressure - Hadal Zone,general,general,Parametric surface,formula_sync,0.8,"general, UUON, parametric surface",/shapes/deep-sea-pressure,t,2026-06-12T23:55:55.335Z,2026-06-12T23:55:55.335Z,75.350000,,,,,0,0,55000000000000000000000000000000,,success,0x425734a7fd13E9994b66a7909206007A1EF7030B
282,throat_chakra,Throat Chakra,chakras,Chakras & Energy,Throat Chakra - Chakras & Energy mathematical visualization,frontend,0.8,"Throat Chakra, Chakras & Energy, mathematical visualization, 3D geometry, parametric surface",/shape/throat_chakra,t,2025-12-04T10:34:40.589Z,2025-12-04T10:34:40.589Z,75.350000,,,,,0,0,55000000000000000000000000000000,,success,0x425734a7fd13E9994b66a7909206007A1EF7030B
284,crown_chakra,Crown Chakra,chakras,Chakras & Energy,Crown Chakra - Chakras & Energy mathematical visualization,frontend,0.8,"Crown Chakra, Chakras & Energy, mathematical visualization, 3D geometry, parametric surface",/shape/crown_chakra,t,2025-12-04T10:34:40.589Z,2025-12-04T10:34:40.589Z,75.350000,,,,,0,0,55000000000000000000000000000000,,success,0x425734a7fd13E9994b66a7909206007A1EF7030B
286,aura_field,Aura Field,chakras,Chakras & Energy,Aura Field - Chakras & Energy mathematical visualization,frontend,0.8,"Aura Field, Chakras & Energy, mathematical visualization, 3D geometry, parametric surface",/shape/aura_field,t,2025-12-04T10:34:40.589Z,2025-12-04T10:34:40.589Z,75.350000,,,,,0,0,55000000000000000000000000000000,,success,0x425734a7fd13E9994b66a7909206007A1EF7030B
292,causal_body,Causal Body,chakras,Chakras & Energy,Causal Body - Chakras & Energy mathematical visualization,frontend,0.8,"Causal Body, Chakras & Energy, mathematical visualization, 3D geometry, parametric surface",/shape/causal_body,t,2025-12-04T10:34:40.589Z,2025-12-04T10:34:40.589Z,75.350000,,,,,0,0,55000000000000000000000000000000,,success,0x425734a7fd13E9994b66a7909206007A1EF7030B
294,multilayer_perceptron,Multilayer Perceptron,neural-networks,Neural Networks,Multilayer Perceptron - Neural Networks mathematical visualization,frontend,0.8,"Multilayer Perceptron, Neural Networks, mathematical visualization, 3D geometry, parametric surface",/shape/multilayer_perceptron,t,2025-12-04T10:34:40.589Z,2025-12-04T10:34:40.589Z,75.350000,,,,,0,0,55000000000000000000000000000000,,success,0x425734a7fd13E9994b66a7909206007A1EF7030B
296,pooling_layer,Pooling Layer,neural-networks,Neural Networks,Pooling Layer - Neural Networks mathematical visualization,frontend,0.8,"Pooling Layer, Neural Networks, mathematical visualization, 3D geometry, parametric surface",/shape/pooling_layer,t,2025-12-04T10:34:40.589Z,2025-12-04T10:34:40.589Z,75.350000,,,,,0,0,55000000000000000000000000000000,,success,0x425734a7fd13E9994b66a7909206007A1EF7030B
298,recurrent_cell,Recurrent Cell,neural-networks,Neural Networks,Recurrent Cell - Neural Networks mathematical visualization,frontend,0.8,"Recurrent Cell, Neural Networks, mathematical visualization, 3D geometry, parametric surface",/shape/recurrent_cell,t,2025-12-04T10:34:40.589Z,2025-12-04T10:34:40.589Z,75.350000,,,,,0,0,55000000000000000000000000000000,,success,0x425734a7fd13E9994b66a7909206007A1EF7030B
300,gru_cell,Gru Cell,neural-networks,Neural Networks,Gru Cell - Neural Networks mathematical visualization,frontend,0.8,"Gru Cell, Neural Networks, mathematical visualization, 3D geometry, parametric surface",/shape/gru_cell,t,2025-12-04T10:34:40.589Z,2025-12-04T10:34:40.589Z,75.350000,,,,,0,0,55000000000000000000000000000000,,success,0x425734a7fd13E9994b66a7909206007A1EF7030B
302,transformer_block,Transformer Block,neural-networks,Neural Networks,Transformer Block - Neural Networks mathematical visualization,frontend,0.8,"Transformer Block, Neural Networks, mathematical visualization, 3D geometry, parametric surface",/shape/transformer_block,t,2025-12-04T10:34:40.589Z,2025-12-04T10:34:40.589Z,75.350000,,,,,0,0,55000000000000000000000000000000,,success,0x425734a7fd13E9994b66a7909206007A1EF7030B
304,inception_module,Inception Module,neural-networks,Neural Networks,Inception Module - Neural Networks mathematical visualization,frontend,0.8,"Inception Module, Neural Networks, mathematical visualization, 3D geometry, parametric surface",/shape/inception_module,t,2025-12-04T10:34:40.589Z,2025-12-04T10:34:40.589Z,75.350000,,,,,0,0,55000000000000000000000000000000,,success,0x425734a7fd13E9994b66a7909206007A1EF7030B
306,unet_architecture,Unet Architecture,neural-networks,Neural Networks,Unet Architecture - Neural Networks mathematical visualization,frontend,0.8,"Unet Architecture, Neural Networks, mathematical visualization, 3D geometry, parametric surface",/shape/unet_architecture,t,2025-12-04T10:34:40.589Z,2025-12-04T10:34:40.589Z,75.350000,,,,,0,0,55000000000000000000000000000000,,success,0x425734a7fd13E9994b66a7909206007A1EF7030B
259,quick_sort_viz,Quick Sort Viz,algorithms,Algorithms,Quick Sort Viz - Algorithms mathematical visualization,frontend,0.8,"Quick Sort Viz, Algorithms, mathematical visualization, 3D geometry, parametric surface",/shape/quick_sort_viz,t,2025-12-04T10:34:40.589Z,2025-12-04T10:34:40.589Z,75.350000,,,,,0,0,55000000000000000000000000000000,,success,0x425734a7fd13E9994b66a7909206007A1EF7030B
261,heap_sort_viz,Heap Sort Viz,algorithms,Algorithms,Heap Sort Viz - Algorithms mathematical visualization,frontend,0.8,"Heap Sort Viz, Algorithms, mathematical visualization, 3D geometry, parametric surface",/shape/heap_sort_viz,t,2025-12-04T10:34:40.589Z,2025-12-04T10:34:40.589Z,75.350000,,,,,0,0,55000000000000000000000000000000,,success,0x425734a7fd13E9994b66a7909206007A1EF7030B
263,binary_search_tree,Binary Search Tree,algorithms,Algorithms,Binary Search Tree - Algorithms mathematical visualization,frontend,0.8,"Binary Search Tree, Algorithms, mathematical visualization, 3D geometry, parametric surface",/shape/binary_search_tree,t,2025-12-04T10:34:40.589Z,2025-12-04T10:34:40.589Z,75.350000,,,,,0,0,55000000000000000000000000000000,,success,0x425734a7fd13E9994b66a7909206007A1EF7030B
265,red_black_tree,Red Black Tree,algorithms,Algorithms,Red Black Tree - Algorithms mathematical visualization,frontend,0.8,"Red Black Tree, Algorithms, mathematical visualization, 3D geometry, parametric surface",/shape/red_black_tree,t,2025-12-04T10:34:40.589Z,2025-12-04T10:34:40.589Z,75.350000,,,,,0,0,55000000000000000000000000000000,,success,0x425734a7fd13E9994b66a7909206007A1EF7030B
267,trie,Trie,algorithms,Algorithms,Trie - Algorithms mathematical visualization,frontend,0.8,"Trie, Algorithms, mathematical visualization, 3D geometry, parametric surface",/shape/trie,t,2025-12-04T10:34:40.589Z,2025-12-04T10:34:40.589Z,75.350000,,,,,0,0,55000000000000000000000000000000,,success,0x425734a7fd13E9994b66a7909206007A1EF7030B
269,bloom_filter,Bloom Filter,algorithms,Algorithms,Bloom Filter - Algorithms mathematical visualization,frontend,0.8,"Bloom Filter, Algorithms, mathematical visualization, 3D geometry, parametric surface",/shape/bloom_filter,t,2025-12-04T10:34:40.589Z,2025-12-04T10:34:40.589Z,75.350000,,,,,0,0,55000000000000000000000000000000,,success,0x425734a7fd13E9994b66a7909206007A1EF7030B
271,segment_tree,Segment Tree,algorithms,Algorithms,Segment Tree - Algorithms mathematical visualization,frontend,0.8,"Segment Tree, Algorithms, mathematical visualization, 3D geometry, parametric surface",/shape/segment_tree,t,2025-12-04T10:34:40.589Z,2025-12-04T10:34:40.589Z,75.350000,,,,,0,0,55000000000000000000000000000000,,success,0x425734a7fd13E9994b66a7909206007A1EF7030B
273,dijkstra_path,Dijkstra Path,algorithms,Algorithms,Dijkstra Path - Algorithms mathematical visualization,frontend,0.8,"Dijkstra Path, Algorithms, mathematical visualization, 3D geometry, parametric surface",/shape/dijkstra_path,t,2025-12-04T10:34:40.589Z,2025-12-04T10:34:40.589Z,75.350000,,,,,0,0,55000000000000000000000000000000,,success,0x425734a7fd13E9994b66a7909206007A1EF7030B
275,floyd_warshall,Floyd Warshall,algorithms,Algorithms,Floyd Warshall - Algorithms mathematical visualization,frontend,0.8,"Floyd Warshall, Algorithms, mathematical visualization, 3D geometry, parametric surface",/shape/floyd_warshall,t,2025-12-04T10:34:40.589Z,2025-12-04T10:34:40.589Z,75.350000,,,,,0,0,55000000000000000000000000000000,,success,0x425734a7fd13E9994b66a7909206007A1EF7030B
277,dfs_bfs_graph,Dfs Bfs Graph,algorithms,Algorithms,Dfs Bfs Graph - Algorithms mathematical visualization,frontend,0.8,"Dfs Bfs Graph, Algorithms, mathematical visualization, 3D geometry, parametric surface",/shape/dfs_bfs_graph,t,2025-12-04T10:34:40.589Z,2025-12-04T10:34:40.589Z,75.350000,,,,,0,0,55000000000000000000000000000000,,success,0x425734a7fd13E9994b66a7909206007A1EF7030B
279,sacral_chakra,Sacral Chakra,chakras,Chakras & Energy,Sacral Chakra - Chakras & Energy mathematical visualization,frontend,0.8,"Sacral Chakra, Chakras & Energy, mathematical visualization, 3D geometry, parametric surface",/shape/sacral_chakra,t,2025-12-04T10:34:40.589Z,2025-12-04T10:34:40.589Z,75.350000,,,,,0,0,55000000000000000000000000000000,,success,0x425734a7fd13E9994b66a7909206007A1EF7030B
281,heart_chakra,Heart Chakra,chakras,Chakras & Energy,Heart Chakra - Chakras & Energy mathematical visualization,frontend,0.8,"Heart Chakra, Chakras & Energy, mathematical visualization, 3D geometry, parametric surface",/shape/heart_chakra,t,2025-12-04T10:34:40.589Z,2025-12-04T10:34:40.589Z,75.350000,,,,,0,0,55000000000000000000000000000000,,success,0x425734a7fd13E9994b66a7909206007A1EF7030B
283,third_eye_chakra,Third Eye Chakra,chakras,Chakras & Energy,Third Eye Chakra - Chakras & Energy mathematical visualization,frontend,0.8,"Third Eye Chakra, Chakras & Energy, mathematical visualization, 3D geometry, parametric surface",/shape/third_eye_chakra,t,2025-12-04T10:34:40.589Z,2025-12-04T10:34:40.589Z,75.350000,,,,,0,0,55000000000000000000000000000000,,success,0x425734a7fd13E9994b66a7909206007A1EF7030B
285,kundalini_energy,Kundalini Energy,chakras,Chakras & Energy,Kundalini Energy - Chakras & Energy mathematical visualization,frontend,0.8,"Kundalini Energy, Chakras & Energy, mathematical visualization, 3D geometry, parametric surface",/shape/kundalini_energy,t,2025-12-04T10:34:40.589Z,2025-12-04T10:34:40.589Z,75.350000,,,,,0,0,55000000000000000000000000000000,,success,0x425734a7fd13E9994b66a7909206007A1EF7030B
287,meridian_system,Meridian System,chakras,Chakras & Energy,Meridian System - Chakras & Energy mathematical visualization,frontend,0.8,"Meridian System, Chakras & Energy, mathematical visualization, 3D geometry, parametric surface",/shape/meridian_system,t,2025-12-04T10:34:40.589Z,2025-12-04T10:34:40.589Z,75.350000,,,,,0,0,55000000000000000000000000000000,,success,0x425734a7fd13E9994b66a7909206007A1EF7030B
289,chi_flow,Chi Flow,chakras,Chakras & Energy,Chi Flow - Chakras & Energy mathematical visualization,frontend,0.8,"Chi Flow, Chakras & Energy, mathematical visualization, 3D geometry, parametric surface",/shape/chi_flow,t,2025-12-04T10:34:40.589Z,2025-12-04T10:34:40.589Z,75.350000,,,,,0,0,55000000000000000000000000000000,,success,0x425734a7fd13E9994b66a7909206007A1EF7030B
291,subtle_body,Subtle Body,chakras,Chakras & Energy,Subtle Body - Chakras & Energy mathematical visualization,frontend,0.8,"Subtle Body, Chakras & Energy, mathematical visualization, 3D geometry, parametric surface",/shape/subtle_body,t,2025-12-04T10:34:40.589Z,2025-12-04T10:34:40.589Z,75.350000,,,,,0,0,55000000000000000000000000000000,,success,0x425734a7fd13E9994b66a7909206007A1EF7030B
293,perceptron,Perceptron,neural-networks,Neural Networks,Perceptron - Neural Networks mathematical visualization,frontend,0.8,"Perceptron, Neural Networks, mathematical visualization, 3D geometry, parametric surface",/shape/perceptron,t,2025-12-04T10:34:40.589Z,2025-12-04T10:34:40.589Z,75.350000,,,,,0,0,55000000000000000000000000000000,,success,0x425734a7fd13E9994b66a7909206007A1EF7030B
295,convolutional_layer,Convolutional Layer,neural-networks,Neural Networks,Convolutional Layer - Neural Networks mathematical visualization,frontend,0.8,"Convolutional Layer, Neural Networks, mathematical visualization, 3D geometry, parametric surface",/shape/convolutional_layer,t,2025-12-04T10:34:40.589Z,2025-12-04T10:34:40.589Z,75.350000,,,,,0,0,55000000000000000000000000000000,,success,0x425734a7fd13E9994b66a7909206007A1EF7030B
297,fully_connected,Fully Connected,neural-networks,Neural Networks,Fully Connected - Neural Networks mathematical visualization,frontend,0.8,"Fully Connected, Neural Networks, mathematical visualization, 3D geometry, parametric surface",/shape/fully_connected,t,2025-12-04T10:34:40.589Z,2025-12-04T10:34:40.589Z,75.350000,,,,,0,0,55000000000000000000000000000000,,success,0x425734a7fd13E9994b66a7909206007A1EF7030B
299,lstm_cell,Lstm Cell,neural-networks,Neural Networks,Lstm Cell - Neural Networks mathematical visualization,frontend,0.8,"Lstm Cell, Neural Networks, mathematical visualization, 3D geometry, parametric surface",/shape/lstm_cell,t,2025-12-04T10:34:40.589Z,2025-12-04T10:34:40.589Z,75.350000,,,,,0,0,55000000000000000000000000000000,,success,0x425734a7fd13E9994b66a7909206007A1EF7030B
301,attention_mechanism,Attention Mechanism,neural-networks,Neural Networks,Attention Mechanism - Neural Networks mathematical visualization,frontend,0.8,"Attention Mechanism, Neural Networks, mathematical visualization, 3D geometry, parametric surface",/shape/attention_mechanism,t,2025-12-04T10:34:40.589Z,2025-12-04T10:34:40.589Z,75.350000,,,,,0,0,55000000000000000000000000000000,,success,0x425734a7fd13E9994b66a7909206007A1EF7030B
303,residual_block,Residual Block,neural-networks,Neural Networks,Residual Block - Neural Networks mathematical visualization,frontend,0.8,"Residual Block, Neural Networks, mathematical visualization, 3D geometry, parametric surface",/shape/residual_block,t,2025-12-04T10:34:40.589Z,2025-12-04T10:34:40.589Z,75.350000,,,,,0,0,55000000000000000000000000000000,,success,0x425734a7fd13E9994b66a7909206007A1EF7030B
305,dense_block,Dense Block,neural-networks,Neural Networks,Dense Block - Neural Networks mathematical visualization,frontend,0.8,"Dense Block, Neural Networks, mathematical visualization, 3D geometry, parametric surface",/shape/dense_block,t,2025-12-04T10:34:40.589Z,2025-12-04T10:34:40.589Z,75.350000,,,,,0,0,55000000000000000000000000000000,,success,0x425734a7fd13E9994b66a7909206007A1EF7030B
307,gan_generator,Gan Generator,neural-networks,Neural Networks,Gan Generator - Neural Networks mathematical visualization,frontend,0.8,"Gan Generator, Neural Networks, mathematical visualization, 3D geometry, parametric surface",/shape/gan_generator,t,2025-12-04T10:34:40.589Z,2025-12-04T10:34:40.589Z,75.350000,,,,,0,0,55000000000000000000000000000000,,success,0x425734a7fd13E9994b66a7909206007A1EF7030B
308,autoencoder,Autoencoder,neural-networks,Neural Networks,Autoencoder - Neural Networks mathematical visualization,frontend,0.8,"Autoencoder, Neural Networks, mathematical visualization, 3D geometry, parametric surface",/shape/autoencoder,t,2025-12-04T10:34:40.589Z,2025-12-04T10:34:40.589Z,75.350000,,,,,0,0,55000000000000000000000000000000,,success,0x425734a7fd13E9994b66a7909206007A1EF7030B
310,diffusion_model,Diffusion Model,neural-networks,Neural Networks,Diffusion Model - Neural Networks mathematical visualization,frontend,0.8,"Diffusion Model, Neural Networks, mathematical visualization, 3D geometry, parametric surface",/shape/diffusion_model,t,2025-12-04T10:34:40.589Z,2025-12-04T10:34:40.589Z,75.350000,,,,,0,0,55000000000000000000000000000000,,success,0x425734a7fd13E9994b66a7909206007A1EF7030B
312,graph_neural_network,Graph Neural Network,neural-networks,Neural Networks,Graph Neural Network - Neural Networks mathematical visualization,frontend,0.8,"Graph Neural Network, Neural Networks, mathematical visualization, 3D geometry, parametric surface",/shape/graph_neural_network,t,2025-12-04T10:34:40.589Z,2025-12-04T10:34:40.589Z,75.350000,,,,,0,0,55000000000000000000000000000000,,success,0x425734a7fd13E9994b66a7909206007A1EF7030B
916,duoprism,Duoprism,4d-hyperdimensional,prisms,Product of two polygons in 4D,formula_sync,0.8,"4d-hyperdimensional, UUON, parametric surface",/shapes/duoprism,t,2026-06-12T23:55:22.433Z,2026-06-12T23:55:22.433Z,75.350000,,,,,0,0,55000000000000000000000000000000,,success,0x425734a7fd13E9994b66a7909206007A1EF7030B
314,hadamard_gate,Hadamard Gate,quantum-computing,Quantum Computing,Hadamard Gate - Quantum Computing mathematical visualization,frontend,0.8,"Hadamard Gate, Quantum Computing, mathematical visualization, 3D geometry, parametric surface",/shape/hadamard_gate,t,2025-12-04T10:34:40.589Z,2025-12-04T10:34:40.589Z,75.350000,,,,,0,0,55000000000000000000000000000000,,success,0x425734a7fd13E9994b66a7909206007A1EF7030B
1670,backpropagation_flow,Backpropagation Gradient Flow,general,general,Parametric surface,formula_sync,0.8,"general, UUON, parametric surface",/shapes/backpropagation-flow,t,2026-06-12T23:56:15.036Z,2026-06-12T23:56:15.036Z,75.350000,,,,,0,0,55000000000000000000000000000000,,success,0x425734a7fd13E9994b66a7909206007A1EF7030B
316,pauli_y_gate,Pauli Y Gate,quantum-computing,Quantum Computing,Pauli Y Gate - Quantum Computing mathematical visualization,frontend,0.8,"Pauli Y Gate, Quantum Computing, mathematical visualization, 3D geometry, parametric surface",/shape/pauli_y_gate,t,2025-12-04T10:34:40.589Z,2025-12-04T10:34:40.589Z,75.350000,,,,,0,0,55000000000000000000000000000000,,success,0x425734a7fd13E9994b66a7909206007A1EF7030B
318,cnot_gate,Cnot Gate,quantum-computing,Quantum Computing,Cnot Gate - Quantum Computing mathematical visualization,frontend,0.8,"Cnot Gate, Quantum Computing, mathematical visualization, 3D geometry, parametric surface",/shape/cnot_gate,t,2025-12-04T10:34:40.589Z,2025-12-04T10:34:40.589Z,75.350000,,,,,0,0,55000000000000000000000000000000,,success,0x425734a7fd13E9994b66a7909206007A1EF7030B
320,fredkin_gate,Fredkin Gate,quantum-computing,Quantum Computing,Fredkin Gate - Quantum Computing mathematical visualization,frontend,0.8,"Fredkin Gate, Quantum Computing, mathematical visualization, 3D geometry, parametric surface",/shape/fredkin_gate,t,2025-12-04T10:34:40.589Z,2025-12-04T10:34:40.589Z,75.350000,,,,,0,0,55000000000000000000000000000000,,success,0x425734a7fd13E9994b66a7909206007A1EF7030B
322,controlled_phase,Controlled Phase,quantum-computing,Quantum Computing,Controlled Phase - Quantum Computing mathematical visualization,frontend,0.8,"Controlled Phase, Quantum Computing, mathematical visualization, 3D geometry, parametric surface",/shape/controlled_phase,t,2025-12-04T10:34:40.589Z,2025-12-04T10:34:40.589Z,75.350000,,,,,0,0,55000000000000000000000000000000,,success,0x425734a7fd13E9994b66a7909206007A1EF7030B
324,grover_oracle,Grover Oracle,quantum-computing,Quantum Computing,Grover Oracle - Quantum Computing mathematical visualization,frontend,0.8,"Grover Oracle, Quantum Computing, mathematical visualization, 3D geometry, parametric surface",/shape/grover_oracle,t,2025-12-04T10:34:40.589Z,2025-12-04T10:34:40.589Z,75.350000,,,,,0,0,55000000000000000000000000000000,,success,0x425734a7fd13E9994b66a7909206007A1EF7030B
326,vqe_circuit,Vqe Circuit,quantum-computing,Quantum Computing,Vqe Circuit - Quantum Computing mathematical visualization,frontend,0.8,"Vqe Circuit, Quantum Computing, mathematical visualization, 3D geometry, parametric surface",/shape/vqe_circuit,t,2025-12-04T10:34:40.589Z,2025-12-04T10:34:40.589Z,75.350000,,,,,0,0,55000000000000000000000000000000,,success,0x425734a7fd13E9994b66a7909206007A1EF7030B
328,quantum_error_correction,Quantum Error Correction,quantum-computing,Quantum Computing,Quantum Error Correction - Quantum Computing mathematical visualization,frontend,0.8,"Quantum Error Correction, Quantum Computing, mathematical visualization, 3D geometry, parametric surface",/shape/quantum_error_correction,t,2025-12-04T10:34:40.589Z,2025-12-04T10:34:40.589Z,75.350000,,,,,0,0,55000000000000000000000000000000,,success,0x425734a7fd13E9994b66a7909206007A1EF7030B
330,stabilizer_state,Stabilizer State,quantum-computing,Quantum Computing,Stabilizer State - Quantum Computing mathematical visualization,frontend,0.8,"Stabilizer State, Quantum Computing, mathematical visualization, 3D geometry, parametric surface",/shape/stabilizer_state,t,2025-12-04T10:34:40.589Z,2025-12-04T10:34:40.589Z,75.350000,,,,,0,0,55000000000000000000000000000000,,success,0x425734a7fd13E9994b66a7909206007A1EF7030B
824,squark,Squark,supersymmetry,Supersymmetry,Squark - Supersymmetry mathematical visualization,frontend,0.8,"Squark, Supersymmetry, mathematical visualization",/shape/squark,t,2025-12-04T10:38:14.652Z,2025-12-04T10:38:14.652Z,75.350000,,,,,0,0,55000000000000000000000000000000,,success,0x425734a7fd13E9994b66a7909206007A1EF7030B
332,quantum_supremacy,Quantum Supremacy,quantum-computing,Quantum Computing,Quantum Supremacy - Quantum Computing mathematical visualization,frontend,0.8,"Quantum Supremacy, Quantum Computing, mathematical visualization, 3D geometry, parametric surface",/shape/quantum_supremacy,t,2025-12-04T10:34:40.589Z,2025-12-04T10:34:40.589Z,75.350000,,,,,0,0,55000000000000000000000000000000,,success,0x425734a7fd13E9994b66a7909206007A1EF7030B
334,cosmic_inflation,Cosmic Inflation,cosmology,Cosmology,Cosmic Inflation - Cosmology mathematical visualization,frontend,0.8,"Cosmic Inflation, Cosmology, mathematical visualization, 3D geometry, parametric surface",/shape/cosmic_inflation,t,2025-12-04T10:34:40.589Z,2025-12-04T10:34:40.589Z,75.350000,,,,,0,0,55000000000000000000000000000000,,success,0x425734a7fd13E9994b66a7909206007A1EF7030B
336,baryon_acoustic_oscillations,Baryon Acoustic Oscillations,cosmology,Cosmology,Baryon Acoustic Oscillations - Cosmology mathematical visualization,frontend,0.8,"Baryon Acoustic Oscillations, Cosmology, mathematical visualization, 3D geometry, parametric surface",/shape/baryon_acoustic_oscillations,t,2025-12-04T10:34:40.589Z,2025-12-04T10:34:40.589Z,75.350000,,,,,0,0,55000000000000000000000000000000,,success,0x425734a7fd13E9994b66a7909206007A1EF7030B
338,dark_energy_field,Dark Energy Field,cosmology,Cosmology,Dark Energy Field - Cosmology mathematical visualization,frontend,0.8,"Dark Energy Field, Cosmology, mathematical visualization, 3D geometry, parametric surface",/shape/dark_energy_field,t,2025-12-04T10:34:40.589Z,2025-12-04T10:34:40.589Z,75.350000,,,,,0,0,55000000000000000000000000000000,,success,0x425734a7fd13E9994b66a7909206007A1EF7030B
340,galaxy_cluster,Galaxy Cluster,cosmology,Cosmology,Galaxy Cluster - Cosmology mathematical visualization,frontend,0.8,"Galaxy Cluster, Cosmology, mathematical visualization, 3D geometry, parametric surface",/shape/galaxy_cluster,t,2025-12-04T10:34:40.589Z,2025-12-04T10:34:40.589Z,75.350000,,,,,0,0,55000000000000000000000000000000,,success,0x425734a7fd13E9994b66a7909206007A1EF7030B
342,filament_structure,Filament Structure,cosmology,Cosmology,Filament Structure - Cosmology mathematical visualization,frontend,0.8,"Filament Structure, Cosmology, mathematical visualization, 3D geometry, parametric surface",/shape/filament_structure,t,2025-12-04T10:34:40.589Z,2025-12-04T10:34:40.589Z,75.350000,,,,,0,0,55000000000000000000000000000000,,success,0x425734a7fd13E9994b66a7909206007A1EF7030B
344,cosmic_horizon,Cosmic Horizon,cosmology,Cosmology,Cosmic Horizon - Cosmology mathematical visualization,frontend,0.8,"Cosmic Horizon, Cosmology, mathematical visualization, 3D geometry, parametric surface",/shape/cosmic_horizon,t,2025-12-04T10:34:40.589Z,2025-12-04T10:34:40.589Z,75.350000,,,,,0,0,55000000000000000000000000000000,,success,0x425734a7fd13E9994b66a7909206007A1EF7030B
346,event_horizon_cosmology,Event Horizon Cosmology,cosmology,Cosmology,Event Horizon Cosmology - Cosmology mathematical visualization,frontend,0.8,"Event Horizon Cosmology, Cosmology, mathematical visualization, 3D geometry, parametric surface",/shape/event_horizon_cosmology,t,2025-12-04T10:34:40.589Z,2025-12-04T10:34:40.589Z,75.350000,,,,,0,0,55000000000000000000000000000000,,success,0x425734a7fd13E9994b66a7909206007A1EF7030B
348,eternal_inflation,Eternal Inflation,cosmology,Cosmology,Eternal Inflation - Cosmology mathematical visualization,frontend,0.8,"Eternal Inflation, Cosmology, mathematical visualization, 3D geometry, parametric surface",/shape/eternal_inflation,t,2025-12-04T10:34:40.589Z,2025-12-04T10:34:40.589Z,75.350000,,,,,0,0,55000000000000000000000000000000,,success,0x425734a7fd13E9994b66a7909206007A1EF7030B
350,big_bounce,Big Bounce,cosmology,Cosmology,Big Bounce - Cosmology mathematical visualization,frontend,0.8,"Big Bounce, Cosmology, mathematical visualization, 3D geometry, parametric surface",/shape/big_bounce,t,2025-12-04T10:34:40.589Z,2025-12-04T10:34:40.589Z,75.350000,,,,,0,0,55000000000000000000000000000000,,success,0x425734a7fd13E9994b66a7909206007A1EF7030B
352,heat_death,Heat Death,cosmology,Cosmology,Heat Death - Cosmology mathematical visualization,frontend,0.8,"Heat Death, Cosmology, mathematical visualization, 3D geometry, parametric surface",/shape/heat_death,t,2025-12-04T10:34:40.589Z,2025-12-04T10:34:40.589Z,75.350000,,,,,0,0,55000000000000000000000000000000,,success,0x425734a7fd13E9994b66a7909206007A1EF7030B
354,kerr_black_hole,Kerr Black Hole,black-holes,Black Holes,Kerr Black Hole - Black Holes mathematical visualization,frontend,0.8,"Kerr Black Hole, Black Holes, mathematical visualization, 3D geometry, parametric surface",/shape/kerr_black_hole,t,2025-12-04T10:34:40.589Z,2025-12-04T10:34:40.589Z,75.350000,,,,,0,0,55000000000000000000000000000000,,success,0x425734a7fd13E9994b66a7909206007A1EF7030B
309,variational_autoencoder,Variational Autoencoder,neural-networks,Neural Networks,Variational Autoencoder - Neural Networks mathematical visualization,frontend,0.8,"Variational Autoencoder, Neural Networks, mathematical visualization, 3D geometry, parametric surface",/shape/variational_autoencoder,t,2025-12-04T10:34:40.589Z,2025-12-04T10:34:40.589Z,75.350000,,,,,0,0,55000000000000000000000000000000,,success,0x425734a7fd13E9994b66a7909206007A1EF7030B
311,neural_ode,Neural Ode,neural-networks,Neural Networks,Neural Ode - Neural Networks mathematical visualization,frontend,0.8,"Neural Ode, Neural Networks, mathematical visualization, 3D geometry, parametric surface",/shape/neural_ode,t,2025-12-04T10:34:40.589Z,2025-12-04T10:34:40.589Z,75.350000,,,,,0,0,55000000000000000000000000000000,,success,0x425734a7fd13E9994b66a7909206007A1EF7030B
313,qubit,Qubit,quantum-computing,Quantum Computing,Qubit - Quantum Computing mathematical visualization,frontend,0.8,"Qubit, Quantum Computing, mathematical visualization, 3D geometry, parametric surface",/shape/qubit,t,2025-12-04T10:34:40.589Z,2025-12-04T10:34:40.589Z,75.350000,,,,,0,0,55000000000000000000000000000000,,success,0x425734a7fd13E9994b66a7909206007A1EF7030B
315,pauli_x_gate,Pauli X Gate,quantum-computing,Quantum Computing,Pauli X Gate - Quantum Computing mathematical visualization,frontend,0.8,"Pauli X Gate, Quantum Computing, mathematical visualization, 3D geometry, parametric surface",/shape/pauli_x_gate,t,2025-12-04T10:34:40.589Z,2025-12-04T10:34:40.589Z,75.350000,,,,,0,0,55000000000000000000000000000000,,success,0x425734a7fd13E9994b66a7909206007A1EF7030B
317,pauli_z_gate,Pauli Z Gate,quantum-computing,Quantum Computing,Pauli Z Gate - Quantum Computing mathematical visualization,frontend,0.8,"Pauli Z Gate, Quantum Computing, mathematical visualization, 3D geometry, parametric surface",/shape/pauli_z_gate,t,2025-12-04T10:34:40.589Z,2025-12-04T10:34:40.589Z,75.350000,,,,,0,0,55000000000000000000000000000000,,success,0x425734a7fd13E9994b66a7909206007A1EF7030B
319,toffoli_gate,Toffoli Gate,quantum-computing,Quantum Computing,Toffoli Gate - Quantum Computing mathematical visualization,frontend,0.8,"Toffoli Gate, Quantum Computing, mathematical visualization, 3D geometry, parametric surface",/shape/toffoli_gate,t,2025-12-04T10:34:40.589Z,2025-12-04T10:34:40.589Z,75.350000,,,,,0,0,55000000000000000000000000000000,,success,0x425734a7fd13E9994b66a7909206007A1EF7030B
321,swap_gate,Swap Gate,quantum-computing,Quantum Computing,Swap Gate - Quantum Computing mathematical visualization,frontend,0.8,"Swap Gate, Quantum Computing, mathematical visualization, 3D geometry, parametric surface",/shape/swap_gate,t,2025-12-04T10:34:40.589Z,2025-12-04T10:34:40.589Z,75.350000,,,,,0,0,55000000000000000000000000000000,,success,0x425734a7fd13E9994b66a7909206007A1EF7030B
323,quantum_fourier_transform,Quantum Fourier Transform,quantum-computing,Quantum Computing,Quantum Fourier Transform - Quantum Computing mathematical visualization,frontend,0.8,"Quantum Fourier Transform, Quantum Computing, mathematical visualization, 3D geometry, parametric surface",/shape/quantum_fourier_transform,t,2025-12-04T10:34:40.589Z,2025-12-04T10:34:40.589Z,75.350000,,,,,0,0,55000000000000000000000000000000,,success,0x425734a7fd13E9994b66a7909206007A1EF7030B
325,shor_factoring,Shor Factoring,quantum-computing,Quantum Computing,Shor Factoring - Quantum Computing mathematical visualization,frontend,0.8,"Shor Factoring, Quantum Computing, mathematical visualization, 3D geometry, parametric surface",/shape/shor_factoring,t,2025-12-04T10:34:40.589Z,2025-12-04T10:34:40.589Z,75.350000,,,,,0,0,55000000000000000000000000000000,,success,0x425734a7fd13E9994b66a7909206007A1EF7030B
327,qaoa_circuit,Qaoa Circuit,quantum-computing,Quantum Computing,Qaoa Circuit - Quantum Computing mathematical visualization,frontend,0.8,"Qaoa Circuit, Quantum Computing, mathematical visualization, 3D geometry, parametric surface",/shape/qaoa_circuit,t,2025-12-04T10:34:40.589Z,2025-12-04T10:34:40.589Z,75.350000,,,,,0,0,55000000000000000000000000000000,,success,0x425734a7fd13E9994b66a7909206007A1EF7030B
722,p_orbital_y,P Orbital Y,schrodinger,Schrödinger Equations,P Orbital Y - Schrödinger Equations mathematical visualization,frontend,0.8,"P Orbital Y, Schrödinger Equations, mathematical visualization",/shape/p_orbital_y,t,2025-12-04T10:38:14.652Z,2025-12-04T10:38:14.652Z,75.350000,,,,,0,0,55000000000000000000000000000000,,success,0x425734a7fd13E9994b66a7909206007A1EF7030B
329,surface_code,Surface Code,quantum-computing,Quantum Computing,Surface Code - Quantum Computing mathematical visualization,frontend,0.8,"Surface Code, Quantum Computing, mathematical visualization, 3D geometry, parametric surface",/shape/surface_code,t,2025-12-04T10:34:40.589Z,2025-12-04T10:34:40.589Z,75.350000,,,,,0,0,55000000000000000000000000000000,,success,0x425734a7fd13E9994b66a7909206007A1EF7030B
331,magic_state,Magic State,quantum-computing,Quantum Computing,Magic State - Quantum Computing mathematical visualization,frontend,0.8,"Magic State, Quantum Computing, mathematical visualization, 3D geometry, parametric surface",/shape/magic_state,t,2025-12-04T10:34:40.589Z,2025-12-04T10:34:40.589Z,75.350000,,,,,0,0,55000000000000000000000000000000,,success,0x425734a7fd13E9994b66a7909206007A1EF7030B
333,big_bang,Big Bang,cosmology,Cosmology,Big Bang - Cosmology mathematical visualization,frontend,0.8,"Big Bang, Cosmology, mathematical visualization, 3D geometry, parametric surface",/shape/big_bang,t,2025-12-04T10:34:40.589Z,2025-12-04T10:34:40.589Z,75.350000,,,,,0,0,55000000000000000000000000000000,,success,0x425734a7fd13E9994b66a7909206007A1EF7030B
335,cmb_power_spectrum,Cmb Power Spectrum,cosmology,Cosmology,Cmb Power Spectrum - Cosmology mathematical visualization,frontend,0.8,"Cmb Power Spectrum, Cosmology, mathematical visualization, 3D geometry, parametric surface",/shape/cmb_power_spectrum,t,2025-12-04T10:34:40.589Z,2025-12-04T10:34:40.589Z,75.350000,,,,,0,0,55000000000000000000000000000000,,success,0x425734a7fd13E9994b66a7909206007A1EF7030B
337,dark_matter_halo,Dark Matter Halo,cosmology,Cosmology,Dark Matter Halo - Cosmology mathematical visualization,frontend,0.8,"Dark Matter Halo, Cosmology, mathematical visualization, 3D geometry, parametric surface",/shape/dark_matter_halo,t,2025-12-04T10:34:40.589Z,2025-12-04T10:34:40.589Z,75.350000,,,,,0,0,55000000000000000000000000000000,,success,0x425734a7fd13E9994b66a7909206007A1EF7030B
341,void_structure,Void Structure,cosmology,Cosmology,Void Structure - Cosmology mathematical visualization,frontend,0.8,"Void Structure, Cosmology, mathematical visualization, 3D geometry, parametric surface",/shape/void_structure,t,2025-12-04T10:34:40.589Z,2025-12-04T10:34:40.589Z,75.350000,,,,,0,0,55000000000000000000000000000000,,success,0x425734a7fd13E9994b66a7909206007A1EF7030B
343,hubble_expansion,Hubble Expansion,cosmology,Cosmology,Hubble Expansion - Cosmology mathematical visualization,frontend,0.8,"Hubble Expansion, Cosmology, mathematical visualization, 3D geometry, parametric surface",/shape/hubble_expansion,t,2025-12-04T10:34:40.589Z,2025-12-04T10:34:40.589Z,75.350000,,,,,0,0,55000000000000000000000000000000,,success,0x425734a7fd13E9994b66a7909206007A1EF7030B
345,particle_horizon,Particle Horizon,cosmology,Cosmology,Particle Horizon - Cosmology mathematical visualization,frontend,0.8,"Particle Horizon, Cosmology, mathematical visualization, 3D geometry, parametric surface",/shape/particle_horizon,t,2025-12-04T10:34:40.589Z,2025-12-04T10:34:40.589Z,75.350000,,,,,0,0,55000000000000000000000000000000,,success,0x425734a7fd13E9994b66a7909206007A1EF7030B
347,multiverse_bubble,Multiverse Bubble,cosmology,Cosmology,Multiverse Bubble - Cosmology mathematical visualization,frontend,0.8,"Multiverse Bubble, Cosmology, mathematical visualization, 3D geometry, parametric surface",/shape/multiverse_bubble,t,2025-12-04T10:34:40.589Z,2025-12-04T10:34:40.589Z,75.350000,,,,,0,0,55000000000000000000000000000000,,success,0x425734a7fd13E9994b66a7909206007A1EF7030B
349,cyclic_universe,Cyclic Universe,cosmology,Cosmology,Cyclic Universe - Cosmology mathematical visualization,frontend,0.8,"Cyclic Universe, Cosmology, mathematical visualization, 3D geometry, parametric surface",/shape/cyclic_universe,t,2025-12-04T10:34:40.589Z,2025-12-04T10:34:40.589Z,75.350000,,,,,0,0,55000000000000000000000000000000,,success,0x425734a7fd13E9994b66a7909206007A1EF7030B
351,big_rip,Big Rip,cosmology,Cosmology,Big Rip - Cosmology mathematical visualization,frontend,0.8,"Big Rip, Cosmology, mathematical visualization, 3D geometry, parametric surface",/shape/big_rip,t,2025-12-04T10:34:40.589Z,2025-12-04T10:34:40.589Z,75.350000,,,,,0,0,55000000000000000000000000000000,,success,0x425734a7fd13E9994b66a7909206007A1EF7030B
353,schwarzschild_black_hole,Schwarzschild Black Hole,black-holes,Black Holes,Schwarzschild Black Hole - Black Holes mathematical visualization,frontend,0.8,"Schwarzschild Black Hole, Black Holes, mathematical visualization, 3D geometry, parametric surface",/shape/schwarzschild_black_hole,t,2025-12-04T10:34:40.589Z,2025-12-04T10:34:40.589Z,75.350000,,,,,0,0,55000000000000000000000000000000,,success,0x425734a7fd13E9994b66a7909206007A1EF7030B
355,reissner_nordstrom_bh,Reissner Nordstrom Bh,black-holes,Black Holes,Reissner Nordstrom Bh - Black Holes mathematical visualization,frontend,0.8,"Reissner Nordstrom Bh, Black Holes, mathematical visualization, 3D geometry, parametric surface",/shape/reissner_nordstrom_bh,t,2025-12-04T10:34:40.589Z,2025-12-04T10:34:40.589Z,75.350000,,,,,0,0,55000000000000000000000000000000,,success,0x425734a7fd13E9994b66a7909206007A1EF7030B
1938,letter-i,Letter I (Linguistic Geometry),general,general,Parametric surface,formula_sync,0.8,"general, UUON, parametric surface",/shapes/letter-i,t,2026-06-12T23:56:34.690Z,2026-06-12T23:56:34.690Z,75.350000,,,,,0,0,55000000000000000000000000000000,,success,0x425734a7fd13E9994b66a7909206007A1EF7030B
356,kerr_newman_bh,Kerr Newman Bh,black-holes,Black Holes,Kerr Newman Bh - Black Holes mathematical visualization,frontend,0.8,"Kerr Newman Bh, Black Holes, mathematical visualization, 3D geometry, parametric surface",/shape/kerr_newman_bh,t,2025-12-04T10:34:40.589Z,2025-12-04T10:34:40.589Z,75.350000,,,,,0,0,55000000000000000000000000000000,,success,0x425734a7fd13E9994b66a7909206007A1EF7030B
358,stellar_black_hole,Stellar Black Hole,black-holes,Black Holes,Stellar Black Hole - Black Holes mathematical visualization,frontend,0.8,"Stellar Black Hole, Black Holes, mathematical visualization, 3D geometry, parametric surface",/shape/stellar_black_hole,t,2025-12-04T10:34:40.589Z,2025-12-04T10:34:40.589Z,75.350000,,,,,0,0,55000000000000000000000000000000,,success,0x425734a7fd13E9994b66a7909206007A1EF7030B
360,supermassive_black_hole,Supermassive Black Hole,black-holes,Black Holes,Supermassive Black Hole - Black Holes mathematical visualization,frontend,0.8,"Supermassive Black Hole, Black Holes, mathematical visualization, 3D geometry, parametric surface",/shape/supermassive_black_hole,t,2025-12-04T10:34:40.589Z,2025-12-04T10:34:40.589Z,75.350000,,,,,0,0,55000000000000000000000000000000,,success,0x425734a7fd13E9994b66a7909206007A1EF7030B
362,hawking_radiation,Hawking Radiation,black-holes,Black Holes,Hawking Radiation - Black Holes mathematical visualization,frontend,0.8,"Hawking Radiation, Black Holes, mathematical visualization, 3D geometry, parametric surface",/shape/hawking_radiation,t,2025-12-04T10:34:40.589Z,2025-12-04T10:34:40.589Z,75.350000,,,,,0,0,55000000000000000000000000000000,,success,0x425734a7fd13E9994b66a7909206007A1EF7030B
364,relativistic_jet,Relativistic Jet,black-holes,Black Holes,Relativistic Jet - Black Holes mathematical visualization,frontend,0.8,"Relativistic Jet, Black Holes, mathematical visualization, 3D geometry, parametric surface",/shape/relativistic_jet,t,2025-12-04T10:34:40.589Z,2025-12-04T10:34:40.589Z,75.350000,,,,,0,0,55000000000000000000000000000000,,success,0x425734a7fd13E9994b66a7909206007A1EF7030B
366,innermost_stable_orbit,Innermost Stable Orbit,black-holes,Black Holes,Innermost Stable Orbit - Black Holes mathematical visualization,frontend,0.8,"Innermost Stable Orbit, Black Holes, mathematical visualization, 3D geometry, parametric surface",/shape/innermost_stable_orbit,t,2025-12-04T10:34:40.589Z,2025-12-04T10:34:40.589Z,75.350000,,,,,0,0,55000000000000000000000000000000,,success,0x425734a7fd13E9994b66a7909206007A1EF7030B
368,black_hole_merger,Black Hole Merger,black-holes,Black Holes,Black Hole Merger - Black Holes mathematical visualization,frontend,0.8,"Black Hole Merger, Black Holes, mathematical visualization, 3D geometry, parametric surface",/shape/black_hole_merger,t,2025-12-04T10:34:40.589Z,2025-12-04T10:34:40.589Z,75.350000,,,,,0,0,55000000000000000000000000000000,,success,0x425734a7fd13E9994b66a7909206007A1EF7030B
370,quasi_normal_modes,Quasi Normal Modes,black-holes,Black Holes,Quasi Normal Modes - Black Holes mathematical visualization,frontend,0.8,"Quasi Normal Modes, Black Holes, mathematical visualization, 3D geometry, parametric surface",/shape/quasi_normal_modes,t,2025-12-04T10:34:40.589Z,2025-12-04T10:34:40.589Z,75.350000,,,,,0,0,55000000000000000000000000000000,,success,0x425734a7fd13E9994b66a7909206007A1EF7030B
372,firewall_paradox,Firewall Paradox,black-holes,Black Holes,Firewall Paradox - Black Holes mathematical visualization,frontend,0.8,"Firewall Paradox, Black Holes, mathematical visualization, 3D geometry, parametric surface",/shape/firewall_paradox,t,2025-12-04T10:34:40.589Z,2025-12-04T10:34:40.589Z,75.350000,,,,,0,0,55000000000000000000000000000000,,success,0x425734a7fd13E9994b66a7909206007A1EF7030B
374,mod_3_ternary,Mod 3 Ternary,modulo-algorithms,Modulo Algorithms,Mod 3 Ternary - Modulo Algorithms mathematical visualization,frontend,0.8,"Mod 3 Ternary, Modulo Algorithms, mathematical visualization, 3D geometry, parametric surface",/shape/mod_3_ternary,t,2025-12-04T10:34:40.589Z,2025-12-04T10:34:40.589Z,75.350000,,,,,0,0,55000000000000000000000000000000,,success,0x425734a7fd13E9994b66a7909206007A1EF7030B
701,null_set_empty,Null Set Empty,set_theory,Set Theory,Null Set Empty - Set Theory mathematical visualization,frontend,0.8,"Null Set Empty, Set Theory, mathematical visualization",/shape/null_set_empty,t,2025-12-04T10:38:14.652Z,2025-12-04T10:38:14.652Z,75.350000,,,,,0,0,55000000000000000000000000000000,,success,0x425734a7fd13E9994b66a7909206007A1EF7030B
376,mod_6_hexary,Mod 6 Hexary,modulo-algorithms,Modulo Algorithms,Mod 6 Hexary - Modulo Algorithms mathematical visualization,frontend,0.8,"Mod 6 Hexary, Modulo Algorithms, mathematical visualization, 3D geometry, parametric surface",/shape/mod_6_hexary,t,2025-12-04T10:34:40.589Z,2025-12-04T10:34:40.589Z,75.350000,,,,,0,0,55000000000000000000000000000000,,success,0x425734a7fd13E9994b66a7909206007A1EF7030B
378,mod_8_octal,Mod 8 Octal,modulo-algorithms,Modulo Algorithms,Mod 8 Octal - Modulo Algorithms mathematical visualization,frontend,0.8,"Mod 8 Octal, Modulo Algorithms, mathematical visualization, 3D geometry, parametric surface",/shape/mod_8_octal,t,2025-12-04T10:34:40.589Z,2025-12-04T10:34:40.589Z,75.350000,,,,,0,0,55000000000000000000000000000000,,success,0x425734a7fd13E9994b66a7909206007A1EF7030B
380,mod_10_decimal,Mod 10 Decimal,modulo-algorithms,Modulo Algorithms,Mod 10 Decimal - Modulo Algorithms mathematical visualization,frontend,0.8,"Mod 10 Decimal, Modulo Algorithms, mathematical visualization, 3D geometry, parametric surface",/shape/mod_10_decimal,t,2025-12-04T10:34:40.589Z,2025-12-04T10:34:40.589Z,75.350000,,,,,0,0,55000000000000000000000000000000,,success,0x425734a7fd13E9994b66a7909206007A1EF7030B
357,primordial_black_hole,Primordial Black Hole,black-holes,Black Holes,Primordial Black Hole - Black Holes mathematical visualization,frontend,0.8,"Primordial Black Hole, Black Holes, mathematical visualization, 3D geometry, parametric surface",/shape/primordial_black_hole,t,2025-12-04T10:34:40.589Z,2025-12-04T10:34:40.589Z,75.350000,,,,,0,0,55000000000000000000000000000000,,success,0x425734a7fd13E9994b66a7909206007A1EF7030B
359,intermediate_black_hole,Intermediate Black Hole,black-holes,Black Holes,Intermediate Black Hole - Black Holes mathematical visualization,frontend,0.8,"Intermediate Black Hole, Black Holes, mathematical visualization, 3D geometry, parametric surface",/shape/intermediate_black_hole,t,2025-12-04T10:34:40.589Z,2025-12-04T10:34:40.589Z,75.350000,,,,,0,0,55000000000000000000000000000000,,success,0x425734a7fd13E9994b66a7909206007A1EF7030B
361,ultramassive_black_hole,Ultramassive Black Hole,black-holes,Black Holes,Ultramassive Black Hole - Black Holes mathematical visualization,frontend,0.8,"Ultramassive Black Hole, Black Holes, mathematical visualization, 3D geometry, parametric surface",/shape/ultramassive_black_hole,t,2025-12-04T10:34:40.589Z,2025-12-04T10:34:40.589Z,75.350000,,,,,0,0,55000000000000000000000000000000,,success,0x425734a7fd13E9994b66a7909206007A1EF7030B
363,accretion_disk,Accretion Disk,black-holes,Black Holes,Accretion Disk - Black Holes mathematical visualization,frontend,0.8,"Accretion Disk, Black Holes, mathematical visualization, 3D geometry, parametric surface",/shape/accretion_disk,t,2025-12-04T10:34:40.589Z,2025-12-04T10:34:40.589Z,75.350000,,,,,0,0,55000000000000000000000000000000,,success,0x425734a7fd13E9994b66a7909206007A1EF7030B
365,photon_sphere,Photon Sphere,black-holes,Black Holes,Photon Sphere - Black Holes mathematical visualization,frontend,0.8,"Photon Sphere, Black Holes, mathematical visualization, 3D geometry, parametric surface",/shape/photon_sphere,t,2025-12-04T10:34:40.589Z,2025-12-04T10:34:40.589Z,75.350000,,,,,0,0,55000000000000000000000000000000,,success,0x425734a7fd13E9994b66a7909206007A1EF7030B
367,penrose_process,Penrose Process,black-holes,Black Holes,Penrose Process - Black Holes mathematical visualization,frontend,0.8,"Penrose Process, Black Holes, mathematical visualization, 3D geometry, parametric surface",/shape/penrose_process,t,2025-12-04T10:34:40.589Z,2025-12-04T10:34:40.589Z,75.350000,,,,,0,0,55000000000000000000000000000000,,success,0x425734a7fd13E9994b66a7909206007A1EF7030B
369,ringdown,Ringdown,black-holes,Black Holes,Ringdown - Black Holes mathematical visualization,frontend,0.8,"Ringdown, Black Holes, mathematical visualization, 3D geometry, parametric surface",/shape/ringdown,t,2025-12-04T10:34:40.589Z,2025-12-04T10:34:40.589Z,75.350000,,,,,0,0,55000000000000000000000000000000,,success,0x425734a7fd13E9994b66a7909206007A1EF7030B
371,information_paradox,Information Paradox,black-holes,Black Holes,Information Paradox - Black Holes mathematical visualization,frontend,0.8,"Information Paradox, Black Holes, mathematical visualization, 3D geometry, parametric surface",/shape/information_paradox,t,2025-12-04T10:34:40.589Z,2025-12-04T10:34:40.589Z,75.350000,,,,,0,0,55000000000000000000000000000000,,success,0x425734a7fd13E9994b66a7909206007A1EF7030B
373,mod_2_binary,Mod 2 Binary,modulo-algorithms,Modulo Algorithms,Mod 2 Binary - Modulo Algorithms mathematical visualization,frontend,0.8,"Mod 2 Binary, Modulo Algorithms, mathematical visualization, 3D geometry, parametric surface",/shape/mod_2_binary,t,2025-12-04T10:34:40.589Z,2025-12-04T10:34:40.589Z,75.350000,,,,,0,0,55000000000000000000000000000000,,success,0x425734a7fd13E9994b66a7909206007A1EF7030B
375,mod_5_quinary,Mod 5 Quinary,modulo-algorithms,Modulo Algorithms,Mod 5 Quinary - Modulo Algorithms mathematical visualization,frontend,0.8,"Mod 5 Quinary, Modulo Algorithms, mathematical visualization, 3D geometry, parametric surface",/shape/mod_5_quinary,t,2025-12-04T10:34:40.589Z,2025-12-04T10:34:40.589Z,75.350000,,,,,0,0,55000000000000000000000000000000,,success,0x425734a7fd13E9994b66a7909206007A1EF7030B
377,mod_7_septenary,Mod 7 Septenary,modulo-algorithms,Modulo Algorithms,Mod 7 Septenary - Modulo Algorithms mathematical visualization,frontend,0.8,"Mod 7 Septenary, Modulo Algorithms, mathematical visualization, 3D geometry, parametric surface",/shape/mod_7_septenary,t,2025-12-04T10:34:40.589Z,2025-12-04T10:34:40.589Z,75.350000,,,,,0,0,55000000000000000000000000000000,,success,0x425734a7fd13E9994b66a7909206007A1EF7030B
379,mod_9_nonary,Mod 9 Nonary,modulo-algorithms,Modulo Algorithms,Mod 9 Nonary - Modulo Algorithms mathematical visualization,frontend,0.8,"Mod 9 Nonary, Modulo Algorithms, mathematical visualization, 3D geometry, parametric surface",/shape/mod_9_nonary,t,2025-12-04T10:34:40.589Z,2025-12-04T10:34:40.589Z,75.350000,,,,,0,0,55000000000000000000000000000000,,success,0x425734a7fd13E9994b66a7909206007A1EF7030B
381,mod_12_duodecimal,Mod 12 Duodecimal,modulo-algorithms,Modulo Algorithms,Mod 12 Duodecimal - Modulo Algorithms mathematical visualization,frontend,0.8,"Mod 12 Duodecimal, Modulo Algorithms, mathematical visualization, 3D geometry, parametric surface",/shape/mod_12_duodecimal,t,2025-12-04T10:34:40.589Z,2025-12-04T10:34:40.589Z,75.350000,,,,,0,0,55000000000000000000000000000000,,success,0x425734a7fd13E9994b66a7909206007A1EF7030B
382,mod_16_hexadecimal,Mod 16 Hexadecimal,modulo-algorithms,Modulo Algorithms,Mod 16 Hexadecimal - Modulo Algorithms mathematical visualization,frontend,0.8,"Mod 16 Hexadecimal, Modulo Algorithms, mathematical visualization, 3D geometry, parametric surface",/shape/mod_16_hexadecimal,t,2025-12-04T10:34:40.589Z,2025-12-04T10:34:40.589Z,75.350000,,,,,0,0,55000000000000000000000000000000,,success,0x425734a7fd13E9994b66a7909206007A1EF7030B
383,mod_60_sexagesimal,Mod 60 Sexagesimal,modulo-algorithms,Modulo Algorithms,Mod 60 Sexagesimal - Modulo Algorithms mathematical visualization,frontend,0.8,"Mod 60 Sexagesimal, Modulo Algorithms, mathematical visualization, 3D geometry, parametric surface",/shape/mod_60_sexagesimal,t,2025-12-04T10:34:40.589Z,2025-12-04T10:34:40.589Z,75.350000,,,,,0,0,55000000000000000000000000000000,,success,0x425734a7fd13E9994b66a7909206007A1EF7030B
384,mod_360_degrees,Mod 360 Degrees,modulo-algorithms,Modulo Algorithms,Mod 360 Degrees - Modulo Algorithms mathematical visualization,frontend,0.8,"Mod 360 Degrees, Modulo Algorithms, mathematical visualization, 3D geometry, parametric surface",/shape/mod_360_degrees,t,2025-12-04T10:34:40.589Z,2025-12-04T10:34:40.589Z,75.350000,,,,,0,0,55000000000000000000000000000000,,success,0x425734a7fd13E9994b66a7909206007A1EF7030B
385,chinese_remainder,Chinese Remainder,modulo-algorithms,Modulo Algorithms,Chinese Remainder - Modulo Algorithms mathematical visualization,frontend,0.8,"Chinese Remainder, Modulo Algorithms, mathematical visualization, 3D geometry, parametric surface",/shape/chinese_remainder,t,2025-12-04T10:34:40.589Z,2025-12-04T10:34:40.589Z,75.350000,,,,,0,0,55000000000000000000000000000000,,success,0x425734a7fd13E9994b66a7909206007A1EF7030B
386,fermat_little,Fermat Little,modulo-algorithms,Modulo Algorithms,Fermat Little - Modulo Algorithms mathematical visualization,frontend,0.8,"Fermat Little, Modulo Algorithms, mathematical visualization, 3D geometry, parametric surface",/shape/fermat_little,t,2025-12-04T10:34:40.589Z,2025-12-04T10:34:40.589Z,75.350000,,,,,0,0,55000000000000000000000000000000,,success,0x425734a7fd13E9994b66a7909206007A1EF7030B
387,euler_totient,Euler Totient,modulo-algorithms,Modulo Algorithms,Euler Totient - Modulo Algorithms mathematical visualization,frontend,0.8,"Euler Totient, Modulo Algorithms, mathematical visualization, 3D geometry, parametric surface",/shape/euler_totient,t,2025-12-04T10:34:40.589Z,2025-12-04T10:34:40.589Z,75.350000,,,,,0,0,55000000000000000000000000000000,,success,0x425734a7fd13E9994b66a7909206007A1EF7030B
388,quadratic_residue,Quadratic Residue,modulo-algorithms,Modulo Algorithms,Quadratic Residue - Modulo Algorithms mathematical visualization,frontend,0.8,"Quadratic Residue, Modulo Algorithms, mathematical visualization, 3D geometry, parametric surface",/shape/quadratic_residue,t,2025-12-04T10:34:40.589Z,2025-12-04T10:34:40.589Z,75.350000,,,,,0,0,55000000000000000000000000000000,,success,0x425734a7fd13E9994b66a7909206007A1EF7030B
389,legendre_symbol,Legendre Symbol,modulo-algorithms,Modulo Algorithms,Legendre Symbol - Modulo Algorithms mathematical visualization,frontend,0.8,"Legendre Symbol, Modulo Algorithms, mathematical visualization, 3D geometry, parametric surface",/shape/legendre_symbol,t,2025-12-04T10:34:40.589Z,2025-12-04T10:34:40.589Z,75.350000,,,,,0,0,55000000000000000000000000000000,,success,0x425734a7fd13E9994b66a7909206007A1EF7030B
390,jacobi_symbol,Jacobi Symbol,modulo-algorithms,Modulo Algorithms,Jacobi Symbol - Modulo Algorithms mathematical visualization,frontend,0.8,"Jacobi Symbol, Modulo Algorithms, mathematical visualization, 3D geometry, parametric surface",/shape/jacobi_symbol,t,2025-12-04T10:34:40.589Z,2025-12-04T10:34:40.589Z,75.350000,,,,,0,0,55000000000000000000000000000000,,success,0x425734a7fd13E9994b66a7909206007A1EF7030B
391,kronecker_symbol,Kronecker Symbol,modulo-algorithms,Modulo Algorithms,Kronecker Symbol - Modulo Algorithms mathematical visualization,frontend,0.8,"Kronecker Symbol, Modulo Algorithms, mathematical visualization, 3D geometry, parametric surface",/shape/kronecker_symbol,t,2025-12-04T10:34:40.589Z,2025-12-04T10:34:40.589Z,75.350000,,,,,0,0,55000000000000000000000000000000,,success,0x425734a7fd13E9994b66a7909206007A1EF7030B
392,primitive_root,Primitive Root,modulo-algorithms,Modulo Algorithms,Primitive Root - Modulo Algorithms mathematical visualization,frontend,0.8,"Primitive Root, Modulo Algorithms, mathematical visualization, 3D geometry, parametric surface",/shape/primitive_root,t,2025-12-04T10:34:40.589Z,2025-12-04T10:34:40.589Z,75.350000,,,,,0,0,55000000000000000000000000000000,,success,0x425734a7fd13E9994b66a7909206007A1EF7030B
394,cosine_wave,Cosine Wave,wave-functions,Wave Functions,Cosine Wave - Wave Functions mathematical visualization,frontend,0.8,"Cosine Wave, Wave Functions, mathematical visualization, 3D geometry, parametric surface",/shape/cosine_wave,t,2025-12-04T10:34:40.589Z,2025-12-04T10:34:40.589Z,75.350000,,,,,0,0,55000000000000000000000000000000,,success,0x425734a7fd13E9994b66a7909206007A1EF7030B
396,sawtooth_wave,Sawtooth Wave,wave-functions,Wave Functions,Sawtooth Wave - Wave Functions mathematical visualization,frontend,0.8,"Sawtooth Wave, Wave Functions, mathematical visualization, 3D geometry, parametric surface",/shape/sawtooth_wave,t,2025-12-04T10:34:40.589Z,2025-12-04T10:34:40.589Z,75.350000,,,,,0,0,55000000000000000000000000000000,,success,0x425734a7fd13E9994b66a7909206007A1EF7030B
398,triangle_wave,Triangle Wave,wave-functions,Wave Functions,Triangle Wave - Wave Functions mathematical visualization,frontend,0.8,"Triangle Wave, Wave Functions, mathematical visualization, 3D geometry, parametric surface",/shape/triangle_wave,t,2025-12-04T10:34:40.589Z,2025-12-04T10:34:40.589Z,75.350000,,,,,0,0,55000000000000000000000000000000,,success,0x425734a7fd13E9994b66a7909206007A1EF7030B
400,gaussian_wave,Gaussian Wave,wave-functions,Wave Functions,Gaussian Wave - Wave Functions mathematical visualization,frontend,0.8,"Gaussian Wave, Wave Functions, mathematical visualization, 3D geometry, parametric surface",/shape/gaussian_wave,t,2025-12-04T10:34:40.589Z,2025-12-04T10:34:40.589Z,75.350000,,,,,0,0,55000000000000000000000000000000,,success,0x425734a7fd13E9994b66a7909206007A1EF7030B
402,standing_wave,Standing Wave,wave-functions,Wave Functions,Standing Wave - Wave Functions mathematical visualization,frontend,0.8,"Standing Wave, Wave Functions, mathematical visualization, 3D geometry, parametric surface",/shape/standing_wave,t,2025-12-04T10:34:40.589Z,2025-12-04T10:34:40.589Z,75.350000,,,,,0,0,55000000000000000000000000000000,,success,0x425734a7fd13E9994b66a7909206007A1EF7030B
404,spherical_wave,Spherical Wave,wave-functions,Wave Functions,Spherical Wave - Wave Functions mathematical visualization,frontend,0.8,"Spherical Wave, Wave Functions, mathematical visualization, 3D geometry, parametric surface",/shape/spherical_wave,t,2025-12-04T10:34:40.589Z,2025-12-04T10:34:40.589Z,75.350000,,,,,0,0,55000000000000000000000000000000,,success,0x425734a7fd13E9994b66a7909206007A1EF7030B
406,plane_wave,Plane Wave,wave-functions,Wave Functions,Plane Wave - Wave Functions mathematical visualization,frontend,0.8,"Plane Wave, Wave Functions, mathematical visualization, 3D geometry, parametric surface",/shape/plane_wave,t,2025-12-04T10:34:40.589Z,2025-12-04T10:34:40.589Z,75.350000,,,,,0,0,55000000000000000000000000000000,,success,0x425734a7fd13E9994b66a7909206007A1EF7030B
408,wave_interference,Wave Interference,wave-functions,Wave Functions,Wave Interference - Wave Functions mathematical visualization,frontend,0.8,"Wave Interference, Wave Functions, mathematical visualization, 3D geometry, parametric surface",/shape/wave_interference,t,2025-12-04T10:34:40.589Z,2025-12-04T10:34:40.589Z,75.350000,,,,,0,0,55000000000000000000000000000000,,success,0x425734a7fd13E9994b66a7909206007A1EF7030B
410,wave_refraction,Wave Refraction,wave-functions,Wave Functions,Wave Refraction - Wave Functions mathematical visualization,frontend,0.8,"Wave Refraction, Wave Functions, mathematical visualization, 3D geometry, parametric surface",/shape/wave_refraction,t,2025-12-04T10:34:40.589Z,2025-12-04T10:34:40.589Z,75.350000,,,,,0,0,55000000000000000000000000000000,,success,0x425734a7fd13E9994b66a7909206007A1EF7030B
412,wave_dispersion,Wave Dispersion,wave-functions,Wave Functions,Wave Dispersion - Wave Functions mathematical visualization,frontend,0.8,"Wave Dispersion, Wave Functions, mathematical visualization, 3D geometry, parametric surface",/shape/wave_dispersion,t,2025-12-04T10:34:40.589Z,2025-12-04T10:34:40.589Z,75.350000,,,,,0,0,55000000000000000000000000000000,,success,0x425734a7fd13E9994b66a7909206007A1EF7030B
1484,fractal_cubic_z3,Cubic Mandelbrot (z³ + c),fractal,fractal,Parametric surface,formula_sync,0.8,"fractal, UUON, parametric surface",/shapes/fractal-cubic-z3,t,2026-06-12T23:56:01.905Z,2026-06-12T23:56:01.905Z,75.350000,,,,,0,0,55000000000000000000000000000000,,success,0x425734a7fd13E9994b66a7909206007A1EF7030B
414,rank_1_vector,Rank 1 Vector,tensor-algebra,Tensor Algebra,Rank 1 Vector - Tensor Algebra mathematical visualization,frontend,0.8,"Rank 1 Vector, Tensor Algebra, mathematical visualization, 3D geometry, parametric surface",/shape/rank_1_vector,t,2025-12-04T10:34:40.589Z,2025-12-04T10:34:40.589Z,75.350000,,,,,0,0,55000000000000000000000000000000,,success,0x425734a7fd13E9994b66a7909206007A1EF7030B
416,rank_3_tensor,Rank 3 Tensor,tensor-algebra,Tensor Algebra,Rank 3 Tensor - Tensor Algebra mathematical visualization,frontend,0.8,"Rank 3 Tensor, Tensor Algebra, mathematical visualization, 3D geometry, parametric surface",/shape/rank_3_tensor,t,2025-12-04T10:34:40.589Z,2025-12-04T10:34:40.589Z,75.350000,,,,,0,0,55000000000000000000000000000000,,success,0x425734a7fd13E9994b66a7909206007A1EF7030B
418,metric_tensor,Metric Tensor,tensor-algebra,Tensor Algebra,Metric Tensor - Tensor Algebra mathematical visualization,frontend,0.8,"Metric Tensor, Tensor Algebra, mathematical visualization, 3D geometry, parametric surface",/shape/metric_tensor,t,2025-12-04T10:34:40.589Z,2025-12-04T10:34:40.589Z,75.350000,,,,,0,0,55000000000000000000000000000000,,success,0x425734a7fd13E9994b66a7909206007A1EF7030B
420,electromagnetic_tensor,Electromagnetic Tensor,tensor-algebra,Tensor Algebra,Electromagnetic Tensor - Tensor Algebra mathematical visualization,frontend,0.8,"Electromagnetic Tensor, Tensor Algebra, mathematical visualization, 3D geometry, parametric surface",/shape/electromagnetic_tensor,t,2025-12-04T10:34:40.589Z,2025-12-04T10:34:40.589Z,75.350000,,,,,0,0,55000000000000000000000000000000,,success,0x425734a7fd13E9994b66a7909206007A1EF7030B
422,ricci_curvature,Ricci Curvature,tensor-algebra,Tensor Algebra,Ricci Curvature - Tensor Algebra mathematical visualization,frontend,0.8,"Ricci Curvature, Tensor Algebra, mathematical visualization, 3D geometry, parametric surface",/shape/ricci_curvature,t,2025-12-04T10:34:40.589Z,2025-12-04T10:34:40.589Z,75.350000,,,,,0,0,55000000000000000000000000000000,,success,0x425734a7fd13E9994b66a7909206007A1EF7030B
424,covariant_derivative,Covariant Derivative,tensor-algebra,Tensor Algebra,Covariant Derivative - Tensor Algebra mathematical visualization,frontend,0.8,"Covariant Derivative, Tensor Algebra, mathematical visualization, 3D geometry, parametric surface",/shape/covariant_derivative,t,2025-12-04T10:34:40.589Z,2025-12-04T10:34:40.589Z,75.350000,,,,,0,0,55000000000000000000000000000000,,success,0x425734a7fd13E9994b66a7909206007A1EF7030B
426,killing_vector,Killing Vector,tensor-algebra,Tensor Algebra,Killing Vector - Tensor Algebra mathematical visualization,frontend,0.8,"Killing Vector, Tensor Algebra, mathematical visualization, 3D geometry, parametric surface",/shape/killing_vector,t,2025-12-04T10:34:40.589Z,2025-12-04T10:34:40.589Z,75.350000,,,,,0,0,55000000000000000000000000000000,,success,0x425734a7fd13E9994b66a7909206007A1EF7030B
428,parallel_transport,Parallel Transport,tensor-algebra,Tensor Algebra,Parallel Transport - Tensor Algebra mathematical visualization,frontend,0.8,"Parallel Transport, Tensor Algebra, mathematical visualization, 3D geometry, parametric surface",/shape/parallel_transport,t,2025-12-04T10:34:40.589Z,2025-12-04T10:34:40.589Z,75.350000,,,,,0,0,55000000000000000000000000000000,,success,0x425734a7fd13E9994b66a7909206007A1EF7030B
430,curvature_2_form,Curvature 2 Form,tensor-algebra,Tensor Algebra,Curvature 2 Form - Tensor Algebra mathematical visualization,frontend,0.8,"Curvature 2 Form, Tensor Algebra, mathematical visualization, 3D geometry, parametric surface",/shape/curvature_2_form,t,2025-12-04T10:34:40.589Z,2025-12-04T10:34:40.589Z,75.350000,,,,,0,0,55000000000000000000000000000000,,success,0x425734a7fd13E9994b66a7909206007A1EF7030B
432,contorsion_tensor,Contorsion Tensor,tensor-algebra,Tensor Algebra,Contorsion Tensor - Tensor Algebra mathematical visualization,frontend,0.8,"Contorsion Tensor, Tensor Algebra, mathematical visualization, 3D geometry, parametric surface",/shape/contorsion_tensor,t,2025-12-04T10:34:40.589Z,2025-12-04T10:34:40.589Z,75.350000,,,,,0,0,55000000000000000000000000000000,,success,0x425734a7fd13E9994b66a7909206007A1EF7030B
434,vector_field,Vector Field,field-theory,Field Theory,Vector Field - Field Theory mathematical visualization,frontend,0.8,"Vector Field, Field Theory, mathematical visualization, 3D geometry, parametric surface",/shape/vector_field,t,2025-12-04T10:34:40.589Z,2025-12-04T10:34:40.589Z,75.350000,,,,,0,0,55000000000000000000000000000000,,success,0x425734a7fd13E9994b66a7909206007A1EF7030B
436,gauge_field,Gauge Field,field-theory,Field Theory,Gauge Field - Field Theory mathematical visualization,frontend,0.8,"Gauge Field, Field Theory, mathematical visualization, 3D geometry, parametric surface",/shape/gauge_field,t,2025-12-04T10:34:40.589Z,2025-12-04T10:34:40.589Z,75.350000,,,,,0,0,55000000000000000000000000000000,,success,0x425734a7fd13E9994b66a7909206007A1EF7030B
438,higgs_field,Higgs Field,field-theory,Field Theory,Higgs Field - Field Theory mathematical visualization,frontend,0.8,"Higgs Field, Field Theory, mathematical visualization, 3D geometry, parametric surface",/shape/higgs_field,t,2025-12-04T10:34:40.589Z,2025-12-04T10:34:40.589Z,75.350000,,,,,0,0,55000000000000000000000000000000,,success,0x425734a7fd13E9994b66a7909206007A1EF7030B
393,sine_wave,Sine Wave,wave-functions,Wave Functions,Sine Wave - Wave Functions mathematical visualization,frontend,0.8,"Sine Wave, Wave Functions, mathematical visualization, 3D geometry, parametric surface",/shape/sine_wave,t,2025-12-04T10:34:40.589Z,2025-12-04T10:34:40.589Z,75.350000,,,,,0,0,55000000000000000000000000000000,,success,0x425734a7fd13E9994b66a7909206007A1EF7030B
395,tangent_wave,Tangent Wave,wave-functions,Wave Functions,Tangent Wave - Wave Functions mathematical visualization,frontend,0.8,"Tangent Wave, Wave Functions, mathematical visualization, 3D geometry, parametric surface",/shape/tangent_wave,t,2025-12-04T10:34:40.589Z,2025-12-04T10:34:40.589Z,75.350000,,,,,0,0,55000000000000000000000000000000,,success,0x425734a7fd13E9994b66a7909206007A1EF7030B
397,square_wave,Square Wave,wave-functions,Wave Functions,Square Wave - Wave Functions mathematical visualization,frontend,0.8,"Square Wave, Wave Functions, mathematical visualization, 3D geometry, parametric surface",/shape/square_wave,t,2025-12-04T10:34:40.589Z,2025-12-04T10:34:40.589Z,75.350000,,,,,0,0,55000000000000000000000000000000,,success,0x425734a7fd13E9994b66a7909206007A1EF7030B
399,pulse_wave,Pulse Wave,wave-functions,Wave Functions,Pulse Wave - Wave Functions mathematical visualization,frontend,0.8,"Pulse Wave, Wave Functions, mathematical visualization, 3D geometry, parametric surface",/shape/pulse_wave,t,2025-12-04T10:34:40.589Z,2025-12-04T10:34:40.589Z,75.350000,,,,,0,0,55000000000000000000000000000000,,success,0x425734a7fd13E9994b66a7909206007A1EF7030B
401,soliton_wave,Soliton Wave,wave-functions,Wave Functions,Soliton Wave - Wave Functions mathematical visualization,frontend,0.8,"Soliton Wave, Wave Functions, mathematical visualization, 3D geometry, parametric surface",/shape/soliton_wave,t,2025-12-04T10:34:40.589Z,2025-12-04T10:34:40.589Z,75.350000,,,,,0,0,55000000000000000000000000000000,,success,0x425734a7fd13E9994b66a7909206007A1EF7030B
403,traveling_wave,Traveling Wave,wave-functions,Wave Functions,Traveling Wave - Wave Functions mathematical visualization,frontend,0.8,"Traveling Wave, Wave Functions, mathematical visualization, 3D geometry, parametric surface",/shape/traveling_wave,t,2025-12-04T10:34:40.589Z,2025-12-04T10:34:40.589Z,75.350000,,,,,0,0,55000000000000000000000000000000,,success,0x425734a7fd13E9994b66a7909206007A1EF7030B
771,graviton,Graviton,particle_physics,Particle Physics,Graviton - Particle Physics mathematical visualization,frontend,0.8,"Graviton, Particle Physics, mathematical visualization",/shape/graviton,t,2025-12-04T10:38:14.652Z,2025-12-04T10:38:14.652Z,75.350000,,,,,0,0,55000000000000000000000000000000,,success,0x425734a7fd13E9994b66a7909206007A1EF7030B
405,cylindrical_wave,Cylindrical Wave,wave-functions,Wave Functions,Cylindrical Wave - Wave Functions mathematical visualization,frontend,0.8,"Cylindrical Wave, Wave Functions, mathematical visualization, 3D geometry, parametric surface",/shape/cylindrical_wave,t,2025-12-04T10:34:40.589Z,2025-12-04T10:34:40.589Z,75.350000,,,,,0,0,55000000000000000000000000000000,,success,0x425734a7fd13E9994b66a7909206007A1EF7030B
407,wave_superposition,Wave Superposition,wave-functions,Wave Functions,Wave Superposition - Wave Functions mathematical visualization,frontend,0.8,"Wave Superposition, Wave Functions, mathematical visualization, 3D geometry, parametric surface",/shape/wave_superposition,t,2025-12-04T10:34:40.589Z,2025-12-04T10:34:40.589Z,75.350000,,,,,0,0,55000000000000000000000000000000,,success,0x425734a7fd13E9994b66a7909206007A1EF7030B
409,wave_diffraction,Wave Diffraction,wave-functions,Wave Functions,Wave Diffraction - Wave Functions mathematical visualization,frontend,0.8,"Wave Diffraction, Wave Functions, mathematical visualization, 3D geometry, parametric surface",/shape/wave_diffraction,t,2025-12-04T10:34:40.589Z,2025-12-04T10:34:40.589Z,75.350000,,,,,0,0,55000000000000000000000000000000,,success,0x425734a7fd13E9994b66a7909206007A1EF7030B
411,wave_reflection,Wave Reflection,wave-functions,Wave Functions,Wave Reflection - Wave Functions mathematical visualization,frontend,0.8,"Wave Reflection, Wave Functions, mathematical visualization, 3D geometry, parametric surface",/shape/wave_reflection,t,2025-12-04T10:34:40.589Z,2025-12-04T10:34:40.589Z,75.350000,,,,,0,0,55000000000000000000000000000000,,success,0x425734a7fd13E9994b66a7909206007A1EF7030B
413,rank_0_scalar,Rank 0 Scalar,tensor-algebra,Tensor Algebra,Rank 0 Scalar - Tensor Algebra mathematical visualization,frontend,0.8,"Rank 0 Scalar, Tensor Algebra, mathematical visualization, 3D geometry, parametric surface",/shape/rank_0_scalar,t,2025-12-04T10:34:40.589Z,2025-12-04T10:34:40.589Z,75.350000,,,,,0,0,55000000000000000000000000000000,,success,0x425734a7fd13E9994b66a7909206007A1EF7030B
415,rank_2_matrix,Rank 2 Matrix,tensor-algebra,Tensor Algebra,Rank 2 Matrix - Tensor Algebra mathematical visualization,frontend,0.8,"Rank 2 Matrix, Tensor Algebra, mathematical visualization, 3D geometry, parametric surface",/shape/rank_2_matrix,t,2025-12-04T10:34:40.589Z,2025-12-04T10:34:40.589Z,75.350000,,,,,0,0,55000000000000000000000000000000,,success,0x425734a7fd13E9994b66a7909206007A1EF7030B
417,rank_4_tensor,Rank 4 Tensor,tensor-algebra,Tensor Algebra,Rank 4 Tensor - Tensor Algebra mathematical visualization,frontend,0.8,"Rank 4 Tensor, Tensor Algebra, mathematical visualization, 3D geometry, parametric surface",/shape/rank_4_tensor,t,2025-12-04T10:34:40.589Z,2025-12-04T10:34:40.589Z,75.350000,,,,,0,0,55000000000000000000000000000000,,success,0x425734a7fd13E9994b66a7909206007A1EF7030B
419,stress_energy_tensor,Stress Energy Tensor,tensor-algebra,Tensor Algebra,Stress Energy Tensor - Tensor Algebra mathematical visualization,frontend,0.8,"Stress Energy Tensor, Tensor Algebra, mathematical visualization, 3D geometry, parametric surface",/shape/stress_energy_tensor,t,2025-12-04T10:34:40.589Z,2025-12-04T10:34:40.589Z,75.350000,,,,,0,0,55000000000000000000000000000000,,success,0x425734a7fd13E9994b66a7909206007A1EF7030B
421,riemann_curvature,Riemann Curvature,tensor-algebra,Tensor Algebra,Riemann Curvature - Tensor Algebra mathematical visualization,frontend,0.8,"Riemann Curvature, Tensor Algebra, mathematical visualization, 3D geometry, parametric surface",/shape/riemann_curvature,t,2025-12-04T10:34:40.589Z,2025-12-04T10:34:40.589Z,75.350000,,,,,0,0,55000000000000000000000000000000,,success,0x425734a7fd13E9994b66a7909206007A1EF7030B
423,christoffel_symbols,Christoffel Symbols,tensor-algebra,Tensor Algebra,Christoffel Symbols - Tensor Algebra mathematical visualization,frontend,0.8,"Christoffel Symbols, Tensor Algebra, mathematical visualization, 3D geometry, parametric surface",/shape/christoffel_symbols,t,2025-12-04T10:34:40.589Z,2025-12-04T10:34:40.589Z,75.350000,,,,,0,0,55000000000000000000000000000000,,success,0x425734a7fd13E9994b66a7909206007A1EF7030B
425,lie_derivative,Lie Derivative,tensor-algebra,Tensor Algebra,Lie Derivative - Tensor Algebra mathematical visualization,frontend,0.8,"Lie Derivative, Tensor Algebra, mathematical visualization, 3D geometry, parametric surface",/shape/lie_derivative,t,2025-12-04T10:34:40.589Z,2025-12-04T10:34:40.589Z,75.350000,,,,,0,0,55000000000000000000000000000000,,success,0x425734a7fd13E9994b66a7909206007A1EF7030B
427,geodesic_equation,Geodesic Equation,tensor-algebra,Tensor Algebra,Geodesic Equation - Tensor Algebra mathematical visualization,frontend,0.8,"Geodesic Equation, Tensor Algebra, mathematical visualization, 3D geometry, parametric surface",/shape/geodesic_equation,t,2025-12-04T10:34:40.589Z,2025-12-04T10:34:40.589Z,75.350000,,,,,0,0,55000000000000000000000000000000,,success,0x425734a7fd13E9994b66a7909206007A1EF7030B
429,holonomy,Holonomy,tensor-algebra,Tensor Algebra,Holonomy - Tensor Algebra mathematical visualization,frontend,0.8,"Holonomy, Tensor Algebra, mathematical visualization, 3D geometry, parametric surface",/shape/holonomy,t,2025-12-04T10:34:40.589Z,2025-12-04T10:34:40.589Z,75.350000,,,,,0,0,55000000000000000000000000000000,,success,0x425734a7fd13E9994b66a7909206007A1EF7030B
431,torsion_tensor,Torsion Tensor,tensor-algebra,Tensor Algebra,Torsion Tensor - Tensor Algebra mathematical visualization,frontend,0.8,"Torsion Tensor, Tensor Algebra, mathematical visualization, 3D geometry, parametric surface",/shape/torsion_tensor,t,2025-12-04T10:34:40.589Z,2025-12-04T10:34:40.589Z,75.350000,,,,,0,0,55000000000000000000000000000000,,success,0x425734a7fd13E9994b66a7909206007A1EF7030B
433,scalar_field,Scalar Field,field-theory,Field Theory,Scalar Field - Field Theory mathematical visualization,frontend,0.8,"Scalar Field, Field Theory, mathematical visualization, 3D geometry, parametric surface",/shape/scalar_field,t,2025-12-04T10:34:40.589Z,2025-12-04T10:34:40.589Z,75.350000,,,,,0,0,55000000000000000000000000000000,,success,0x425734a7fd13E9994b66a7909206007A1EF7030B
435,spinor_field,Spinor Field,field-theory,Field Theory,Spinor Field - Field Theory mathematical visualization,frontend,0.8,"Spinor Field, Field Theory, mathematical visualization, 3D geometry, parametric surface",/shape/spinor_field,t,2025-12-04T10:34:40.589Z,2025-12-04T10:34:40.589Z,75.350000,,,,,0,0,55000000000000000000000000000000,,success,0x425734a7fd13E9994b66a7909206007A1EF7030B
437,yang_mills_field,Yang Mills Field,field-theory,Field Theory,Yang Mills Field - Field Theory mathematical visualization,frontend,0.8,"Yang Mills Field, Field Theory, mathematical visualization, 3D geometry, parametric surface",/shape/yang_mills_field,t,2025-12-04T10:34:40.589Z,2025-12-04T10:34:40.589Z,75.350000,,,,,0,0,55000000000000000000000000000000,,success,0x425734a7fd13E9994b66a7909206007A1EF7030B
439,electromagnetic_field,Electromagnetic Field,field-theory,Field Theory,Electromagnetic Field - Field Theory mathematical visualization,frontend,0.8,"Electromagnetic Field, Field Theory, mathematical visualization, 3D geometry, parametric surface",/shape/electromagnetic_field,t,2025-12-04T10:34:40.589Z,2025-12-04T10:34:40.589Z,75.350000,,,,,0,0,55000000000000000000000000000000,,success,0x425734a7fd13E9994b66a7909206007A1EF7030B
440,gravitational_field,Gravitational Field,field-theory,Field Theory,Gravitational Field - Field Theory mathematical visualization,frontend,0.8,"Gravitational Field, Field Theory, mathematical visualization, 3D geometry, parametric surface",/shape/gravitational_field,t,2025-12-04T10:34:40.589Z,2025-12-04T10:34:40.589Z,75.350000,,,,,0,0,55000000000000000000000000000000,,success,0x425734a7fd13E9994b66a7909206007A1EF7030B
442,strong_field,Strong Field,field-theory,Field Theory,Strong Field - Field Theory mathematical visualization,frontend,0.8,"Strong Field, Field Theory, mathematical visualization, 3D geometry, parametric surface",/shape/strong_field,t,2025-12-04T10:34:40.589Z,2025-12-04T10:34:40.589Z,75.350000,,,,,0,0,55000000000000000000000000000000,,success,0x425734a7fd13E9994b66a7909206007A1EF7030B
444,quintessence_field,Quintessence Field,field-theory,Field Theory,Quintessence Field - Field Theory mathematical visualization,frontend,0.8,"Quintessence Field, Field Theory, mathematical visualization, 3D geometry, parametric surface",/shape/quintessence_field,t,2025-12-04T10:34:40.589Z,2025-12-04T10:34:40.589Z,75.350000,,,,,0,0,55000000000000000000000000000000,,success,0x425734a7fd13E9994b66a7909206007A1EF7030B
446,dilaton_field,Dilaton Field,field-theory,Field Theory,Dilaton Field - Field Theory mathematical visualization,frontend,0.8,"Dilaton Field, Field Theory, mathematical visualization, 3D geometry, parametric surface",/shape/dilaton_field,t,2025-12-04T10:34:40.589Z,2025-12-04T10:34:40.589Z,75.350000,,,,,0,0,55000000000000000000000000000000,,success,0x425734a7fd13E9994b66a7909206007A1EF7030B
448,topological_field,Topological Field,field-theory,Field Theory,Topological Field - Field Theory mathematical visualization,frontend,0.8,"Topological Field, Field Theory, mathematical visualization, 3D geometry, parametric surface",/shape/topological_field,t,2025-12-04T10:34:40.589Z,2025-12-04T10:34:40.589Z,75.350000,,,,,0,0,55000000000000000000000000000000,,success,0x425734a7fd13E9994b66a7909206007A1EF7030B
450,chiral_field,Chiral Field,field-theory,Field Theory,Chiral Field - Field Theory mathematical visualization,frontend,0.8,"Chiral Field, Field Theory, mathematical visualization, 3D geometry, parametric surface",/shape/chiral_field,t,2025-12-04T10:34:40.589Z,2025-12-04T10:34:40.589Z,75.350000,,,,,0,0,55000000000000000000000000000000,,success,0x425734a7fd13E9994b66a7909206007A1EF7030B
452,string_field,String Field,field-theory,Field Theory,String Field - Field Theory mathematical visualization,frontend,0.8,"String Field, Field Theory, mathematical visualization, 3D geometry, parametric surface",/shape/string_field,t,2025-12-04T10:34:40.589Z,2025-12-04T10:34:40.589Z,75.350000,,,,,0,0,55000000000000000000000000000000,,success,0x425734a7fd13E9994b66a7909206007A1EF7030B
454,singleton_set,Singleton Set,set-theory,Set Theory,Singleton Set - Set Theory mathematical visualization,frontend,0.8,"Singleton Set, Set Theory, mathematical visualization, 3D geometry, parametric surface",/shape/singleton_set,t,2025-12-04T10:34:40.589Z,2025-12-04T10:34:40.589Z,75.350000,,,,,0,0,55000000000000000000000000000000,,success,0x425734a7fd13E9994b66a7909206007A1EF7030B
456,infinite_set,Infinite Set,set-theory,Set Theory,Infinite Set - Set Theory mathematical visualization,frontend,0.8,"Infinite Set, Set Theory, mathematical visualization, 3D geometry, parametric surface",/shape/infinite_set,t,2025-12-04T10:34:40.589Z,2025-12-04T10:34:40.589Z,75.350000,,,,,0,0,55000000000000000000000000000000,,success,0x425734a7fd13E9994b66a7909206007A1EF7030B
458,uncountable_set,Uncountable Set,set-theory,Set Theory,Uncountable Set - Set Theory mathematical visualization,frontend,0.8,"Uncountable Set, Set Theory, mathematical visualization, 3D geometry, parametric surface",/shape/uncountable_set,t,2025-12-04T10:34:40.589Z,2025-12-04T10:34:40.589Z,75.350000,,,,,0,0,55000000000000000000000000000000,,success,0x425734a7fd13E9994b66a7909206007A1EF7030B
460,intersection_venn,Intersection Venn,set-theory,Set Theory,Intersection Venn - Set Theory mathematical visualization,frontend,0.8,"Intersection Venn, Set Theory, mathematical visualization, 3D geometry, parametric surface",/shape/intersection_venn,t,2025-12-04T10:34:40.589Z,2025-12-04T10:34:40.589Z,75.350000,,,,,0,0,55000000000000000000000000000000,,success,0x425734a7fd13E9994b66a7909206007A1EF7030B
462,complement_venn,Complement Venn,set-theory,Set Theory,Complement Venn - Set Theory mathematical visualization,frontend,0.8,"Complement Venn, Set Theory, mathematical visualization, 3D geometry, parametric surface",/shape/complement_venn,t,2025-12-04T10:34:40.589Z,2025-12-04T10:34:40.589Z,75.350000,,,,,0,0,55000000000000000000000000000000,,success,0x425734a7fd13E9994b66a7909206007A1EF7030B
464,proper_subset,Proper Subset,set-theory,Set Theory,Proper Subset - Set Theory mathematical visualization,frontend,0.8,"Proper Subset, Set Theory, mathematical visualization, 3D geometry, parametric surface",/shape/proper_subset,t,2025-12-04T10:34:40.589Z,2025-12-04T10:34:40.589Z,75.350000,,,,,0,0,55000000000000000000000000000000,,success,0x425734a7fd13E9994b66a7909206007A1EF7030B
466,cartesian_product,Cartesian Product,set-theory,Set Theory,Cartesian Product - Set Theory mathematical visualization,frontend,0.8,"Cartesian Product, Set Theory, mathematical visualization, 3D geometry, parametric surface",/shape/cartesian_product,t,2025-12-04T10:34:40.589Z,2025-12-04T10:34:40.589Z,75.350000,,,,,0,0,55000000000000000000000000000000,,success,0x425734a7fd13E9994b66a7909206007A1EF7030B
468,cardinal_number,Cardinal Number,set-theory,Set Theory,Cardinal Number - Set Theory mathematical visualization,frontend,0.8,"Cardinal Number, Set Theory, mathematical visualization, 3D geometry, parametric surface",/shape/cardinal_number,t,2025-12-04T10:34:40.589Z,2025-12-04T10:34:40.589Z,75.350000,,,,,0,0,55000000000000000000000000000000,,success,0x425734a7fd13E9994b66a7909206007A1EF7030B
470,continuum_cardinality,Continuum Cardinality,set-theory,Set Theory,Continuum Cardinality - Set Theory mathematical visualization,frontend,0.8,"Continuum Cardinality, Set Theory, mathematical visualization, 3D geometry, parametric surface",/shape/continuum_cardinality,t,2025-12-04T10:34:40.589Z,2025-12-04T10:34:40.589Z,75.350000,,,,,0,0,55000000000000000000000000000000,,success,0x425734a7fd13E9994b66a7909206007A1EF7030B
472,well_ordering,Well Ordering,set-theory,Set Theory,Well Ordering - Set Theory mathematical visualization,frontend,0.8,"Well Ordering, Set Theory, mathematical visualization, 3D geometry, parametric surface",/shape/well_ordering,t,2025-12-04T10:34:40.589Z,2025-12-04T10:34:40.589Z,75.350000,,,,,0,0,55000000000000000000000000000000,,success,0x425734a7fd13E9994b66a7909206007A1EF7030B
474,shannon_entropy,Shannon Entropy,entropic-principles,Entropic Principles,Shannon Entropy - Entropic Principles mathematical visualization,frontend,0.8,"Shannon Entropy, Entropic Principles, mathematical visualization, 3D geometry, parametric surface",/shape/shannon_entropy,t,2025-12-04T10:34:40.589Z,2025-12-04T10:34:40.589Z,75.350000,,,,,0,0,55000000000000000000000000000000,,success,0x425734a7fd13E9994b66a7909206007A1EF7030B
476,renyi_entropy,Renyi Entropy,entropic-principles,Entropic Principles,Renyi Entropy - Entropic Principles mathematical visualization,frontend,0.8,"Renyi Entropy, Entropic Principles, mathematical visualization, 3D geometry, parametric surface",/shape/renyi_entropy,t,2025-12-04T10:34:40.589Z,2025-12-04T10:34:40.589Z,75.350000,,,,,0,0,55000000000000000000000000000000,,success,0x425734a7fd13E9994b66a7909206007A1EF7030B
478,thermodynamic_arrow,Thermodynamic Arrow,entropic-principles,Entropic Principles,Thermodynamic Arrow - Entropic Principles mathematical visualization,frontend,0.8,"Thermodynamic Arrow, Entropic Principles, mathematical visualization, 3D geometry, parametric surface",/shape/thermodynamic_arrow,t,2025-12-04T10:34:40.589Z,2025-12-04T10:34:40.589Z,75.350000,,,,,0,0,55000000000000000000000000000000,,success,0x425734a7fd13E9994b66a7909206007A1EF7030B
1330,food_web_network,🕸️ Food Web - Trophic Network,general,general,Parametric surface,formula_sync,0.8,"general, UUON, parametric surface",/shapes/food-web-network,t,2026-06-12T23:55:48.770Z,2026-06-12T23:55:48.770Z,75.350000,,,,,0,0,55000000000000000000000000000000,,success,0x425734a7fd13E9994b66a7909206007A1EF7030B
480,psychological_arrow,Psychological Arrow,entropic-principles,Entropic Principles,Psychological Arrow - Entropic Principles mathematical visualization,frontend,0.8,"Psychological Arrow, Entropic Principles, mathematical visualization, 3D geometry, parametric surface",/shape/psychological_arrow,t,2025-12-04T10:34:40.589Z,2025-12-04T10:34:40.589Z,75.350000,,,,,0,0,55000000000000000000000000000000,,success,0x425734a7fd13E9994b66a7909206007A1EF7030B
482,quantum_arrow,Quantum Arrow,entropic-principles,Entropic Principles,Quantum Arrow - Entropic Principles mathematical visualization,frontend,0.8,"Quantum Arrow, Entropic Principles, mathematical visualization, 3D geometry, parametric surface",/shape/quantum_arrow,t,2025-12-04T10:34:40.589Z,2025-12-04T10:34:40.589Z,75.350000,,,,,0,0,55000000000000000000000000000000,,success,0x425734a7fd13E9994b66a7909206007A1EF7030B
484,maximum_entropy,Maximum Entropy,entropic-principles,Entropic Principles,Maximum Entropy - Entropic Principles mathematical visualization,frontend,0.8,"Maximum Entropy, Entropic Principles, mathematical visualization, 3D geometry, parametric surface",/shape/maximum_entropy,t,2025-12-04T10:34:40.589Z,2025-12-04T10:34:40.589Z,75.350000,,,,,0,0,55000000000000000000000000000000,,success,0x425734a7fd13E9994b66a7909206007A1EF7030B
486,entropy_gradient,Entropy Gradient,entropic-principles,Entropic Principles,Entropy Gradient - Entropic Principles mathematical visualization,frontend,0.8,"Entropy Gradient, Entropic Principles, mathematical visualization, 3D geometry, parametric surface",/shape/entropy_gradient,t,2025-12-04T10:34:40.589Z,2025-12-04T10:34:40.589Z,75.350000,,,,,0,0,55000000000000000000000000000000,,success,0x425734a7fd13E9994b66a7909206007A1EF7030B
441,weak_field,Weak Field,field-theory,Field Theory,Weak Field - Field Theory mathematical visualization,frontend,0.8,"Weak Field, Field Theory, mathematical visualization, 3D geometry, parametric surface",/shape/weak_field,t,2025-12-04T10:34:40.589Z,2025-12-04T10:34:40.589Z,75.350000,,,,,0,0,55000000000000000000000000000000,,success,0x425734a7fd13E9994b66a7909206007A1EF7030B
443,inflaton_field,Inflaton Field,field-theory,Field Theory,Inflaton Field - Field Theory mathematical visualization,frontend,0.8,"Inflaton Field, Field Theory, mathematical visualization, 3D geometry, parametric surface",/shape/inflaton_field,t,2025-12-04T10:34:40.589Z,2025-12-04T10:34:40.589Z,75.350000,,,,,0,0,55000000000000000000000000000000,,success,0x425734a7fd13E9994b66a7909206007A1EF7030B
1672,spin_orbit_coupling,Spin-Orbit Coupling,general,general,Parametric surface,formula_sync,0.8,"general, UUON, parametric surface",/shapes/spin-orbit-coupling,t,2026-06-12T23:56:15.036Z,2026-06-12T23:56:15.036Z,75.350000,,,,,0,0,55000000000000000000000000000000,,success,0x425734a7fd13E9994b66a7909206007A1EF7030B
445,axion_field,Axion Field,field-theory,Field Theory,Axion Field - Field Theory mathematical visualization,frontend,0.8,"Axion Field, Field Theory, mathematical visualization, 3D geometry, parametric surface",/shape/axion_field,t,2025-12-04T10:34:40.589Z,2025-12-04T10:34:40.589Z,75.350000,,,,,0,0,55000000000000000000000000000000,,success,0x425734a7fd13E9994b66a7909206007A1EF7030B
447,moduli_field,Moduli Field,field-theory,Field Theory,Moduli Field - Field Theory mathematical visualization,frontend,0.8,"Moduli Field, Field Theory, mathematical visualization, 3D geometry, parametric surface",/shape/moduli_field,t,2025-12-04T10:34:40.589Z,2025-12-04T10:34:40.589Z,75.350000,,,,,0,0,55000000000000000000000000000000,,success,0x425734a7fd13E9994b66a7909206007A1EF7030B
449,conformal_field,Conformal Field,field-theory,Field Theory,Conformal Field - Field Theory mathematical visualization,frontend,0.8,"Conformal Field, Field Theory, mathematical visualization, 3D geometry, parametric surface",/shape/conformal_field,t,2025-12-04T10:34:40.589Z,2025-12-04T10:34:40.589Z,75.350000,,,,,0,0,55000000000000000000000000000000,,success,0x425734a7fd13E9994b66a7909206007A1EF7030B
451,supersymmetric_field,Supersymmetric Field,field-theory,Field Theory,Supersymmetric Field - Field Theory mathematical visualization,frontend,0.8,"Supersymmetric Field, Field Theory, mathematical visualization, 3D geometry, parametric surface",/shape/supersymmetric_field,t,2025-12-04T10:34:40.589Z,2025-12-04T10:34:40.589Z,75.350000,,,,,0,0,55000000000000000000000000000000,,success,0x425734a7fd13E9994b66a7909206007A1EF7030B
453,empty_set,Empty Set,set-theory,Set Theory,Empty Set - Set Theory mathematical visualization,frontend,0.8,"Empty Set, Set Theory, mathematical visualization, 3D geometry, parametric surface",/shape/empty_set,t,2025-12-04T10:34:40.589Z,2025-12-04T10:34:40.589Z,75.350000,,,,,0,0,55000000000000000000000000000000,,success,0x425734a7fd13E9994b66a7909206007A1EF7030B
455,finite_set,Finite Set,set-theory,Set Theory,Finite Set - Set Theory mathematical visualization,frontend,0.8,"Finite Set, Set Theory, mathematical visualization, 3D geometry, parametric surface",/shape/finite_set,t,2025-12-04T10:34:40.589Z,2025-12-04T10:34:40.589Z,75.350000,,,,,0,0,55000000000000000000000000000000,,success,0x425734a7fd13E9994b66a7909206007A1EF7030B
457,countable_set,Countable Set,set-theory,Set Theory,Countable Set - Set Theory mathematical visualization,frontend,0.8,"Countable Set, Set Theory, mathematical visualization, 3D geometry, parametric surface",/shape/countable_set,t,2025-12-04T10:34:40.589Z,2025-12-04T10:34:40.589Z,75.350000,,,,,0,0,55000000000000000000000000000000,,success,0x425734a7fd13E9994b66a7909206007A1EF7030B
459,union_venn,Union Venn,set-theory,Set Theory,Union Venn - Set Theory mathematical visualization,frontend,0.8,"Union Venn, Set Theory, mathematical visualization, 3D geometry, parametric surface",/shape/union_venn,t,2025-12-04T10:34:40.589Z,2025-12-04T10:34:40.589Z,75.350000,,,,,0,0,55000000000000000000000000000000,,success,0x425734a7fd13E9994b66a7909206007A1EF7030B
461,difference_venn,Difference Venn,set-theory,Set Theory,Difference Venn - Set Theory mathematical visualization,frontend,0.8,"Difference Venn, Set Theory, mathematical visualization, 3D geometry, parametric surface",/shape/difference_venn,t,2025-12-04T10:34:40.589Z,2025-12-04T10:34:40.589Z,75.350000,,,,,0,0,55000000000000000000000000000000,,success,0x425734a7fd13E9994b66a7909206007A1EF7030B
463,subset_relation,Subset Relation,set-theory,Set Theory,Subset Relation - Set Theory mathematical visualization,frontend,0.8,"Subset Relation, Set Theory, mathematical visualization, 3D geometry, parametric surface",/shape/subset_relation,t,2025-12-04T10:34:40.589Z,2025-12-04T10:34:40.589Z,75.350000,,,,,0,0,55000000000000000000000000000000,,success,0x425734a7fd13E9994b66a7909206007A1EF7030B
465,power_set,Power Set,set-theory,Set Theory,Power Set - Set Theory mathematical visualization,frontend,0.8,"Power Set, Set Theory, mathematical visualization, 3D geometry, parametric surface",/shape/power_set,t,2025-12-04T10:34:40.589Z,2025-12-04T10:34:40.589Z,75.350000,,,,,0,0,55000000000000000000000000000000,,success,0x425734a7fd13E9994b66a7909206007A1EF7030B
467,ordinal_number,Ordinal Number,set-theory,Set Theory,Ordinal Number - Set Theory mathematical visualization,frontend,0.8,"Ordinal Number, Set Theory, mathematical visualization, 3D geometry, parametric surface",/shape/ordinal_number,t,2025-12-04T10:34:40.589Z,2025-12-04T10:34:40.589Z,75.350000,,,,,0,0,55000000000000000000000000000000,,success,0x425734a7fd13E9994b66a7909206007A1EF7030B
469,transfinite_ordinal,Transfinite Ordinal,set-theory,Set Theory,Transfinite Ordinal - Set Theory mathematical visualization,frontend,0.8,"Transfinite Ordinal, Set Theory, mathematical visualization, 3D geometry, parametric surface",/shape/transfinite_ordinal,t,2025-12-04T10:34:40.589Z,2025-12-04T10:34:40.589Z,75.350000,,,,,0,0,55000000000000000000000000000000,,success,0x425734a7fd13E9994b66a7909206007A1EF7030B
471,axiom_of_choice,Axiom Of Choice,set-theory,Set Theory,Axiom Of Choice - Set Theory mathematical visualization,frontend,0.8,"Axiom Of Choice, Set Theory, mathematical visualization, 3D geometry, parametric surface",/shape/axiom_of_choice,t,2025-12-04T10:34:40.589Z,2025-12-04T10:34:40.589Z,75.350000,,,,,0,0,55000000000000000000000000000000,,success,0x425734a7fd13E9994b66a7909206007A1EF7030B
473,boltzmann_entropy,Boltzmann Entropy,entropic-principles,Entropic Principles,Boltzmann Entropy - Entropic Principles mathematical visualization,frontend,0.8,"Boltzmann Entropy, Entropic Principles, mathematical visualization, 3D geometry, parametric surface",/shape/boltzmann_entropy,t,2025-12-04T10:34:40.589Z,2025-12-04T10:34:40.589Z,75.350000,,,,,0,0,55000000000000000000000000000000,,success,0x425734a7fd13E9994b66a7909206007A1EF7030B
475,von_neumann_entropy,Von Neumann Entropy,entropic-principles,Entropic Principles,Von Neumann Entropy - Entropic Principles mathematical visualization,frontend,0.8,"Von Neumann Entropy, Entropic Principles, mathematical visualization, 3D geometry, parametric surface",/shape/von_neumann_entropy,t,2025-12-04T10:34:40.589Z,2025-12-04T10:34:40.589Z,75.350000,,,,,0,0,55000000000000000000000000000000,,success,0x425734a7fd13E9994b66a7909206007A1EF7030B
477,tsallis_entropy,Tsallis Entropy,entropic-principles,Entropic Principles,Tsallis Entropy - Entropic Principles mathematical visualization,frontend,0.8,"Tsallis Entropy, Entropic Principles, mathematical visualization, 3D geometry, parametric surface",/shape/tsallis_entropy,t,2025-12-04T10:34:40.589Z,2025-12-04T10:34:40.589Z,75.350000,,,,,0,0,55000000000000000000000000000000,,success,0x425734a7fd13E9994b66a7909206007A1EF7030B
479,cosmological_arrow,Cosmological Arrow,entropic-principles,Entropic Principles,Cosmological Arrow - Entropic Principles mathematical visualization,frontend,0.8,"Cosmological Arrow, Entropic Principles, mathematical visualization, 3D geometry, parametric surface",/shape/cosmological_arrow,t,2025-12-04T10:34:40.589Z,2025-12-04T10:34:40.589Z,75.350000,,,,,0,0,55000000000000000000000000000000,,success,0x425734a7fd13E9994b66a7909206007A1EF7030B
481,radiative_arrow,Radiative Arrow,entropic-principles,Entropic Principles,Radiative Arrow - Entropic Principles mathematical visualization,frontend,0.8,"Radiative Arrow, Entropic Principles, mathematical visualization, 3D geometry, parametric surface",/shape/radiative_arrow,t,2025-12-04T10:34:40.589Z,2025-12-04T10:34:40.589Z,75.350000,,,,,0,0,55000000000000000000000000000000,,success,0x425734a7fd13E9994b66a7909206007A1EF7030B
483,entropy_production,Entropy Production,entropic-principles,Entropic Principles,Entropy Production - Entropic Principles mathematical visualization,frontend,0.8,"Entropy Production, Entropic Principles, mathematical visualization, 3D geometry, parametric surface",/shape/entropy_production,t,2025-12-04T10:34:40.589Z,2025-12-04T10:34:40.589Z,75.350000,,,,,0,0,55000000000000000000000000000000,,success,0x425734a7fd13E9994b66a7909206007A1EF7030B
485,minimum_entropy,Minimum Entropy,entropic-principles,Entropic Principles,Minimum Entropy - Entropic Principles mathematical visualization,frontend,0.8,"Minimum Entropy, Entropic Principles, mathematical visualization, 3D geometry, parametric surface",/shape/minimum_entropy,t,2025-12-04T10:34:40.589Z,2025-12-04T10:34:40.589Z,75.350000,,,,,0,0,55000000000000000000000000000000,,success,0x425734a7fd13E9994b66a7909206007A1EF7030B
487,entropy_fluctuation,Entropy Fluctuation,entropic-principles,Entropic Principles,Entropy Fluctuation - Entropic Principles mathematical visualization,frontend,0.8,"Entropy Fluctuation, Entropic Principles, mathematical visualization, 3D geometry, parametric surface",/shape/entropy_fluctuation,t,2025-12-04T10:34:40.589Z,2025-12-04T10:34:40.589Z,75.350000,,,,,0,0,55000000000000000000000000000000,,success,0x425734a7fd13E9994b66a7909206007A1EF7030B
488,information_entropy,Information Entropy,entropic-principles,Entropic Principles,Information Entropy - Entropic Principles mathematical visualization,frontend,0.8,"Information Entropy, Entropic Principles, mathematical visualization, 3D geometry, parametric surface",/shape/information_entropy,t,2025-12-04T10:34:40.589Z,2025-12-04T10:34:40.589Z,75.350000,,,,,0,0,55000000000000000000000000000000,,success,0x425734a7fd13E9994b66a7909206007A1EF7030B
490,black_hole_entropy_viz,Black Hole Entropy Viz,entropic-principles,Entropic Principles,Black Hole Entropy Viz - Entropic Principles mathematical visualization,frontend,0.8,"Black Hole Entropy Viz, Entropic Principles, mathematical visualization, 3D geometry, parametric surface",/shape/black_hole_entropy_viz,t,2025-12-04T10:34:40.589Z,2025-12-04T10:34:40.589Z,75.350000,,,,,0,0,55000000000000000000000000000000,,success,0x425734a7fd13E9994b66a7909206007A1EF7030B
492,area_law,Area Law,entropic-principles,Entropic Principles,Area Law - Entropic Principles mathematical visualization,frontend,0.8,"Area Law, Entropic Principles, mathematical visualization, 3D geometry, parametric surface",/shape/area_law,t,2025-12-04T10:34:40.589Z,2025-12-04T10:34:40.589Z,75.350000,,,,,0,0,55000000000000000000000000000000,,success,0x425734a7fd13E9994b66a7909206007A1EF7030B
494,acas_beacon_secondary,Acas Beacon Secondary,uuon-acas,UUON ACAS Systems,Acas Beacon Secondary - UUON ACAS Systems mathematical visualization,frontend,0.8,"Acas Beacon Secondary, UUON ACAS Systems, mathematical visualization, 3D geometry, parametric surface",/shape/acas_beacon_secondary,t,2025-12-04T10:34:40.589Z,2025-12-04T10:34:40.589Z,75.350000,,,,,0,0,55000000000000000000000000000000,,success,0x425734a7fd13E9994b66a7909206007A1EF7030B
496,acas_grid_cell,Acas Grid Cell,uuon-acas,UUON ACAS Systems,Acas Grid Cell - UUON ACAS Systems mathematical visualization,frontend,0.8,"Acas Grid Cell, UUON ACAS Systems, mathematical visualization, 3D geometry, parametric surface",/shape/acas_grid_cell,t,2025-12-04T10:34:40.589Z,2025-12-04T10:34:40.589Z,75.350000,,,,,0,0,55000000000000000000000000000000,,success,0x425734a7fd13E9994b66a7909206007A1EF7030B
498,uuon_foundation_logo,Uuon Foundation Logo,uuon-acas,UUON ACAS Systems,Uuon Foundation Logo - UUON ACAS Systems mathematical visualization,frontend,0.8,"Uuon Foundation Logo, UUON ACAS Systems, mathematical visualization, 3D geometry, parametric surface",/shape/uuon_foundation_logo,t,2025-12-04T10:34:40.589Z,2025-12-04T10:34:40.589Z,75.350000,,,,,0,0,55000000000000000000000000000000,,success,0x425734a7fd13E9994b66a7909206007A1EF7030B
500,uuon_network_topology,Uuon Network Topology,uuon-acas,UUON ACAS Systems,Uuon Network Topology - UUON ACAS Systems mathematical visualization,frontend,0.8,"Uuon Network Topology, UUON ACAS Systems, mathematical visualization, 3D geometry, parametric surface",/shape/uuon_network_topology,t,2025-12-04T10:34:40.589Z,2025-12-04T10:34:40.589Z,75.350000,,,,,0,0,55000000000000000000000000000000,,success,0x425734a7fd13E9994b66a7909206007A1EF7030B
502,uuon_validator_node,Uuon Validator Node,uuon-acas,UUON ACAS Systems,Uuon Validator Node - UUON ACAS Systems mathematical visualization,frontend,0.8,"Uuon Validator Node, UUON ACAS Systems, mathematical visualization, 3D geometry, parametric surface",/shape/uuon_validator_node,t,2025-12-04T10:34:40.589Z,2025-12-04T10:34:40.589Z,75.350000,,,,,0,0,55000000000000000000000000000000,,success,0x425734a7fd13E9994b66a7909206007A1EF7030B
504,acas_trajectory_prediction,Acas Trajectory Prediction,uuon-acas,UUON ACAS Systems,Acas Trajectory Prediction - UUON ACAS Systems mathematical visualization,frontend,0.8,"Acas Trajectory Prediction, UUON ACAS Systems, mathematical visualization, 3D geometry, parametric surface",/shape/acas_trajectory_prediction,t,2025-12-04T10:34:40.589Z,2025-12-04T10:34:40.589Z,75.350000,,,,,0,0,55000000000000000000000000000000,,success,0x425734a7fd13E9994b66a7909206007A1EF7030B
506,acas_traffic_alert,Acas Traffic Alert,uuon-acas,UUON ACAS Systems,Acas Traffic Alert - UUON ACAS Systems mathematical visualization,frontend,0.8,"Acas Traffic Alert, UUON ACAS Systems, mathematical visualization, 3D geometry, parametric surface",/shape/acas_traffic_alert,t,2025-12-04T10:34:40.589Z,2025-12-04T10:34:40.589Z,75.350000,,,,,0,0,55000000000000000000000000000000,,success,0x425734a7fd13E9994b66a7909206007A1EF7030B
508,uuon_smart_contract,Uuon Smart Contract,uuon-acas,UUON ACAS Systems,Uuon Smart Contract - UUON ACAS Systems mathematical visualization,frontend,0.8,"Uuon Smart Contract, UUON ACAS Systems, mathematical visualization, 3D geometry, parametric surface",/shape/uuon_smart_contract,t,2025-12-04T10:34:40.589Z,2025-12-04T10:34:40.589Z,75.350000,,,,,0,0,55000000000000000000000000000000,,success,0x425734a7fd13E9994b66a7909206007A1EF7030B
510,quantum_kernel,Quantum Kernel,quantum-machine-learning,Quantum Machine Learning,Quantum Kernel - Quantum Machine Learning mathematical visualization,frontend,0.8,"Quantum Kernel, Quantum Machine Learning, mathematical visualization, 3D geometry, parametric surface",/shape/quantum_kernel,t,2025-12-04T10:34:40.589Z,2025-12-04T10:34:40.589Z,75.350000,,,,,0,0,55000000000000000000000000000000,,success,0x425734a7fd13E9994b66a7909206007A1EF7030B
512,variational_circuit,Variational Circuit,quantum-machine-learning,Quantum Machine Learning,Variational Circuit - Quantum Machine Learning mathematical visualization,frontend,0.8,"Variational Circuit, Quantum Machine Learning, mathematical visualization, 3D geometry, parametric surface",/shape/variational_circuit,t,2025-12-04T10:34:40.589Z,2025-12-04T10:34:40.589Z,75.350000,,,,,0,0,55000000000000000000000000000000,,success,0x425734a7fd13E9994b66a7909206007A1EF7030B
514,ansatz_layer,Ansatz Layer,quantum-machine-learning,Quantum Machine Learning,Ansatz Layer - Quantum Machine Learning mathematical visualization,frontend,0.8,"Ansatz Layer, Quantum Machine Learning, mathematical visualization, 3D geometry, parametric surface",/shape/ansatz_layer,t,2025-12-04T10:34:40.589Z,2025-12-04T10:34:40.589Z,75.350000,,,,,0,0,55000000000000000000000000000000,,success,0x425734a7fd13E9994b66a7909206007A1EF7030B
516,quantum_regressor,Quantum Regressor,quantum-machine-learning,Quantum Machine Learning,Quantum Regressor - Quantum Machine Learning mathematical visualization,frontend,0.8,"Quantum Regressor, Quantum Machine Learning, mathematical visualization, 3D geometry, parametric surface",/shape/quantum_regressor,t,2025-12-04T10:34:40.589Z,2025-12-04T10:34:40.589Z,75.350000,,,,,0,0,55000000000000000000000000000000,,success,0x425734a7fd13E9994b66a7909206007A1EF7030B
518,quantum_gan,Quantum Gan,quantum-machine-learning,Quantum Machine Learning,Quantum Gan - Quantum Machine Learning mathematical visualization,frontend,0.8,"Quantum Gan, Quantum Machine Learning, mathematical visualization, 3D geometry, parametric surface",/shape/quantum_gan,t,2025-12-04T10:34:40.589Z,2025-12-04T10:34:40.589Z,75.350000,,,,,0,0,55000000000000000000000000000000,,success,0x425734a7fd13E9994b66a7909206007A1EF7030B
520,barren_plateau,Barren Plateau,quantum-machine-learning,Quantum Machine Learning,Barren Plateau - Quantum Machine Learning mathematical visualization,frontend,0.8,"Barren Plateau, Quantum Machine Learning, mathematical visualization, 3D geometry, parametric surface",/shape/barren_plateau,t,2025-12-04T10:34:40.589Z,2025-12-04T10:34:40.589Z,75.350000,,,,,0,0,55000000000000000000000000000000,,success,0x425734a7fd13E9994b66a7909206007A1EF7030B
522,entangling_capacity,Entangling Capacity,quantum-machine-learning,Quantum Machine Learning,Entangling Capacity - Quantum Machine Learning mathematical visualization,frontend,0.8,"Entangling Capacity, Quantum Machine Learning, mathematical visualization, 3D geometry, parametric surface",/shape/entangling_capacity,t,2025-12-04T10:34:40.589Z,2025-12-04T10:34:40.589Z,75.350000,,,,,0,0,55000000000000000000000000000000,,success,0x425734a7fd13E9994b66a7909206007A1EF7030B
524,quantum_advantage,Quantum Advantage,quantum-machine-learning,Quantum Machine Learning,Quantum Advantage - Quantum Machine Learning mathematical visualization,frontend,0.8,"Quantum Advantage, Quantum Machine Learning, mathematical visualization, 3D geometry, parametric surface",/shape/quantum_advantage,t,2025-12-04T10:34:40.589Z,2025-12-04T10:34:40.589Z,75.350000,,,,,0,0,55000000000000000000000000000000,,success,0x425734a7fd13E9994b66a7909206007A1EF7030B
526,noise_resilient_circuit,Noise Resilient Circuit,quantum-machine-learning,Quantum Machine Learning,Noise Resilient Circuit - Quantum Machine Learning mathematical visualization,frontend,0.8,"Noise Resilient Circuit, Quantum Machine Learning, mathematical visualization, 3D geometry, parametric surface",/shape/noise_resilient_circuit,t,2025-12-04T10:34:40.589Z,2025-12-04T10:34:40.589Z,75.350000,,,,,0,0,55000000000000000000000000000000,,success,0x425734a7fd13E9994b66a7909206007A1EF7030B
528,quantum_natural_gradient,Quantum Natural Gradient,quantum-machine-learning,Quantum Machine Learning,Quantum Natural Gradient - Quantum Machine Learning mathematical visualization,frontend,0.8,"Quantum Natural Gradient, Quantum Machine Learning, mathematical visualization, 3D geometry, parametric surface",/shape/quantum_natural_gradient,t,2025-12-04T10:34:40.589Z,2025-12-04T10:34:40.589Z,75.350000,,,,,0,0,55000000000000000000000000000000,,success,0x425734a7fd13E9994b66a7909206007A1EF7030B
489,entanglement_entropy,Entanglement Entropy,entropic-principles,Entropic Principles,Entanglement Entropy - Entropic Principles mathematical visualization,frontend,0.8,"Entanglement Entropy, Entropic Principles, mathematical visualization, 3D geometry, parametric surface",/shape/entanglement_entropy,t,2025-12-04T10:34:40.589Z,2025-12-04T10:34:40.589Z,75.350000,,,,,0,0,55000000000000000000000000000000,,success,0x425734a7fd13E9994b66a7909206007A1EF7030B
491,holographic_entropy,Holographic Entropy,entropic-principles,Entropic Principles,Holographic Entropy - Entropic Principles mathematical visualization,frontend,0.8,"Holographic Entropy, Entropic Principles, mathematical visualization, 3D geometry, parametric surface",/shape/holographic_entropy,t,2025-12-04T10:34:40.589Z,2025-12-04T10:34:40.589Z,75.350000,,,,,0,0,55000000000000000000000000000000,,success,0x425734a7fd13E9994b66a7909206007A1EF7030B
493,acas_beacon_primary,Acas Beacon Primary,uuon-acas,UUON ACAS Systems,Acas Beacon Primary - UUON ACAS Systems mathematical visualization,frontend,0.8,"Acas Beacon Primary, UUON ACAS Systems, mathematical visualization, 3D geometry, parametric surface",/shape/acas_beacon_primary,t,2025-12-04T10:34:40.589Z,2025-12-04T10:34:40.589Z,75.350000,,,,,0,0,55000000000000000000000000000000,,success,0x425734a7fd13E9994b66a7909206007A1EF7030B
495,acas_network_node,Acas Network Node,uuon-acas,UUON ACAS Systems,Acas Network Node - UUON ACAS Systems mathematical visualization,frontend,0.8,"Acas Network Node, UUON ACAS Systems, mathematical visualization, 3D geometry, parametric surface",/shape/acas_network_node,t,2025-12-04T10:34:40.589Z,2025-12-04T10:34:40.589Z,75.350000,,,,,0,0,55000000000000000000000000000000,,success,0x425734a7fd13E9994b66a7909206007A1EF7030B
497,acas_quantum_state,Acas Quantum State,uuon-acas,UUON ACAS Systems,Acas Quantum State - UUON ACAS Systems mathematical visualization,frontend,0.8,"Acas Quantum State, UUON ACAS Systems, mathematical visualization, 3D geometry, parametric surface",/shape/acas_quantum_state,t,2025-12-04T10:34:40.589Z,2025-12-04T10:34:40.589Z,75.350000,,,,,0,0,55000000000000000000000000000000,,success,0x425734a7fd13E9994b66a7909206007A1EF7030B
1332,sediment_layer_formation,🏔️ Sediment Layers - Stratigraphic Column,general,general,Parametric surface,formula_sync,0.8,"general, UUON, parametric surface",/shapes/sediment-layer-formation,t,2026-06-12T23:55:48.770Z,2026-06-12T23:55:48.770Z,75.350000,,,,,0,0,55000000000000000000000000000000,,success,0x425734a7fd13E9994b66a7909206007A1EF7030B
499,uuon_token_symbol,Uuon Token Symbol,uuon-acas,UUON ACAS Systems,Uuon Token Symbol - UUON ACAS Systems mathematical visualization,frontend,0.8,"Uuon Token Symbol, UUON ACAS Systems, mathematical visualization, 3D geometry, parametric surface",/shape/uuon_token_symbol,t,2025-12-04T10:34:40.589Z,2025-12-04T10:34:40.589Z,75.350000,,,,,0,0,55000000000000000000000000000000,,success,0x425734a7fd13E9994b66a7909206007A1EF7030B
501,uuon_consensus_mechanism,Uuon Consensus Mechanism,uuon-acas,UUON ACAS Systems,Uuon Consensus Mechanism - UUON ACAS Systems mathematical visualization,frontend,0.8,"Uuon Consensus Mechanism, UUON ACAS Systems, mathematical visualization, 3D geometry, parametric surface",/shape/uuon_consensus_mechanism,t,2025-12-04T10:34:40.589Z,2025-12-04T10:34:40.589Z,75.350000,,,,,0,0,55000000000000000000000000000000,,success,0x425734a7fd13E9994b66a7909206007A1EF7030B
503,acas_collision_avoidance,Acas Collision Avoidance,uuon-acas,UUON ACAS Systems,Acas Collision Avoidance - UUON ACAS Systems mathematical visualization,frontend,0.8,"Acas Collision Avoidance, UUON ACAS Systems, mathematical visualization, 3D geometry, parametric surface",/shape/acas_collision_avoidance,t,2025-12-04T10:34:40.589Z,2025-12-04T10:34:40.589Z,75.350000,,,,,0,0,55000000000000000000000000000000,,success,0x425734a7fd13E9994b66a7909206007A1EF7030B
505,acas_resolution_advisory,Acas Resolution Advisory,uuon-acas,UUON ACAS Systems,Acas Resolution Advisory - UUON ACAS Systems mathematical visualization,frontend,0.8,"Acas Resolution Advisory, UUON ACAS Systems, mathematical visualization, 3D geometry, parametric surface",/shape/acas_resolution_advisory,t,2025-12-04T10:34:40.589Z,2025-12-04T10:34:40.589Z,75.350000,,,,,0,0,55000000000000000000000000000000,,success,0x425734a7fd13E9994b66a7909206007A1EF7030B
507,acas_surveillance,Acas Surveillance,uuon-acas,UUON ACAS Systems,Acas Surveillance - UUON ACAS Systems mathematical visualization,frontend,0.8,"Acas Surveillance, UUON ACAS Systems, mathematical visualization, 3D geometry, parametric surface",/shape/acas_surveillance,t,2025-12-04T10:34:40.589Z,2025-12-04T10:34:40.589Z,75.350000,,,,,0,0,55000000000000000000000000000000,,success,0x425734a7fd13E9994b66a7909206007A1EF7030B
509,uuon_governance_dao,Uuon Governance Dao,uuon-acas,UUON ACAS Systems,Uuon Governance Dao - UUON ACAS Systems mathematical visualization,frontend,0.8,"Uuon Governance Dao, UUON ACAS Systems, mathematical visualization, 3D geometry, parametric surface",/shape/uuon_governance_dao,t,2025-12-04T10:34:40.589Z,2025-12-04T10:34:40.589Z,75.350000,,,,,0,0,55000000000000000000000000000000,,success,0x425734a7fd13E9994b66a7909206007A1EF7030B
1674,fermi_surface,Fermi Surface,general,general,Parametric surface,formula_sync,0.8,"general, UUON, parametric surface",/shapes/fermi-surface,t,2026-06-12T23:56:15.036Z,2026-06-12T23:56:15.036Z,75.350000,,,,,0,0,55000000000000000000000000000000,,success,0x425734a7fd13E9994b66a7909206007A1EF7030B
511,quantum_feature_map,Quantum Feature Map,quantum-machine-learning,Quantum Machine Learning,Quantum Feature Map - Quantum Machine Learning mathematical visualization,frontend,0.8,"Quantum Feature Map, Quantum Machine Learning, mathematical visualization, 3D geometry, parametric surface",/shape/quantum_feature_map,t,2025-12-04T10:34:40.589Z,2025-12-04T10:34:40.589Z,75.350000,,,,,0,0,55000000000000000000000000000000,,success,0x425734a7fd13E9994b66a7909206007A1EF7030B
513,parametric_gate,Parametric Gate,quantum-machine-learning,Quantum Machine Learning,Parametric Gate - Quantum Machine Learning mathematical visualization,frontend,0.8,"Parametric Gate, Quantum Machine Learning, mathematical visualization, 3D geometry, parametric surface",/shape/parametric_gate,t,2025-12-04T10:34:40.589Z,2025-12-04T10:34:40.589Z,75.350000,,,,,0,0,55000000000000000000000000000000,,success,0x425734a7fd13E9994b66a7909206007A1EF7030B
515,quantum_classifier,Quantum Classifier,quantum-machine-learning,Quantum Machine Learning,Quantum Classifier - Quantum Machine Learning mathematical visualization,frontend,0.8,"Quantum Classifier, Quantum Machine Learning, mathematical visualization, 3D geometry, parametric surface",/shape/quantum_classifier,t,2025-12-04T10:34:40.589Z,2025-12-04T10:34:40.589Z,75.350000,,,,,0,0,55000000000000000000000000000000,,success,0x425734a7fd13E9994b66a7909206007A1EF7030B
517,quantum_autoencoder,Quantum Autoencoder,quantum-machine-learning,Quantum Machine Learning,Quantum Autoencoder - Quantum Machine Learning mathematical visualization,frontend,0.8,"Quantum Autoencoder, Quantum Machine Learning, mathematical visualization, 3D geometry, parametric surface",/shape/quantum_autoencoder,t,2025-12-04T10:34:40.589Z,2025-12-04T10:34:40.589Z,75.350000,,,,,0,0,55000000000000000000000000000000,,success,0x425734a7fd13E9994b66a7909206007A1EF7030B
519,quantum_boltzmann,Quantum Boltzmann,quantum-machine-learning,Quantum Machine Learning,Quantum Boltzmann - Quantum Machine Learning mathematical visualization,frontend,0.8,"Quantum Boltzmann, Quantum Machine Learning, mathematical visualization, 3D geometry, parametric surface",/shape/quantum_boltzmann,t,2025-12-04T10:34:40.589Z,2025-12-04T10:34:40.589Z,75.350000,,,,,0,0,55000000000000000000000000000000,,success,0x425734a7fd13E9994b66a7909206007A1EF7030B
521,expressibility,Expressibility,quantum-machine-learning,Quantum Machine Learning,Expressibility - Quantum Machine Learning mathematical visualization,frontend,0.8,"Expressibility, Quantum Machine Learning, mathematical visualization, 3D geometry, parametric surface",/shape/expressibility,t,2025-12-04T10:34:40.589Z,2025-12-04T10:34:40.589Z,75.350000,,,,,0,0,55000000000000000000000000000000,,success,0x425734a7fd13E9994b66a7909206007A1EF7030B
523,trainability,Trainability,quantum-machine-learning,Quantum Machine Learning,Trainability - Quantum Machine Learning mathematical visualization,frontend,0.8,"Trainability, Quantum Machine Learning, mathematical visualization, 3D geometry, parametric surface",/shape/trainability,t,2025-12-04T10:34:40.589Z,2025-12-04T10:34:40.589Z,75.350000,,,,,0,0,55000000000000000000000000000000,,success,0x425734a7fd13E9994b66a7909206007A1EF7030B
525,hybrid_classical_quantum,Hybrid Classical Quantum,quantum-machine-learning,Quantum Machine Learning,Hybrid Classical Quantum - Quantum Machine Learning mathematical visualization,frontend,0.8,"Hybrid Classical Quantum, Quantum Machine Learning, mathematical visualization, 3D geometry, parametric surface",/shape/hybrid_classical_quantum,t,2025-12-04T10:34:40.589Z,2025-12-04T10:34:40.589Z,75.350000,,,,,0,0,55000000000000000000000000000000,,success,0x425734a7fd13E9994b66a7909206007A1EF7030B
527,error_mitigated_vqe,Error Mitigated Vqe,quantum-machine-learning,Quantum Machine Learning,Error Mitigated Vqe - Quantum Machine Learning mathematical visualization,frontend,0.8,"Error Mitigated Vqe, Quantum Machine Learning, mathematical visualization, 3D geometry, parametric surface",/shape/error_mitigated_vqe,t,2025-12-04T10:34:40.589Z,2025-12-04T10:34:40.589Z,75.350000,,,,,0,0,55000000000000000000000000000000,,success,0x425734a7fd13E9994b66a7909206007A1EF7030B
529,quantum_fisher,Quantum Fisher,quantum-machine-learning,Quantum Machine Learning,Quantum Fisher - Quantum Machine Learning mathematical visualization,frontend,0.8,"Quantum Fisher, Quantum Machine Learning, mathematical visualization, 3D geometry, parametric surface",/shape/quantum_fisher,t,2025-12-04T10:34:40.589Z,2025-12-04T10:34:40.589Z,75.350000,,,,,0,0,55000000000000000000000000000000,,success,0x425734a7fd13E9994b66a7909206007A1EF7030B
530,iceberg_system,Iceberg System,ten_percent_systems,10% Systems,Iceberg System - 10% Systems mathematical visualization,frontend,0.8,"Iceberg System, 10% Systems, mathematical visualization",/shape/iceberg_system,t,2025-12-04T10:38:14.652Z,2025-12-04T10:38:14.652Z,75.350000,,,,,0,0,55000000000000000000000000000000,,success,0x425734a7fd13E9994b66a7909206007A1EF7030B
531,dna_expression_system,Dna Expression System,ten_percent_systems,10% Systems,Dna Expression System - 10% Systems mathematical visualization,frontend,0.8,"Dna Expression System, 10% Systems, mathematical visualization",/shape/dna_expression_system,t,2025-12-04T10:38:14.652Z,2025-12-04T10:38:14.652Z,75.350000,,,,,0,0,55000000000000000000000000000000,,success,0x425734a7fd13E9994b66a7909206007A1EF7030B
532,em_spectrum_system,Em Spectrum System,ten_percent_systems,10% Systems,Em Spectrum System - 10% Systems mathematical visualization,frontend,0.8,"Em Spectrum System, 10% Systems, mathematical visualization",/shape/em_spectrum_system,t,2025-12-04T10:38:14.652Z,2025-12-04T10:38:14.652Z,75.350000,,,,,0,0,55000000000000000000000000000000,,success,0x425734a7fd13E9994b66a7909206007A1EF7030B
533,universe_distribution_system,Universe Distribution System,ten_percent_systems,10% Systems,Universe Distribution System - 10% Systems mathematical visualization,frontend,0.8,"Universe Distribution System, 10% Systems, mathematical visualization",/shape/universe_distribution_system,t,2025-12-04T10:38:14.652Z,2025-12-04T10:38:14.652Z,75.350000,,,,,0,0,55000000000000000000000000000000,,success,0x425734a7fd13E9994b66a7909206007A1EF7030B
534,ocean_exploration_system,Ocean Exploration System,ten_percent_systems,10% Systems,Ocean Exploration System - 10% Systems mathematical visualization,frontend,0.8,"Ocean Exploration System, 10% Systems, mathematical visualization",/shape/ocean_exploration_system,t,2025-12-04T10:38:14.652Z,2025-12-04T10:38:14.652Z,75.350000,,,,,0,0,55000000000000000000000000000000,,success,0x425734a7fd13E9994b66a7909206007A1EF7030B
535,neural_network_layers_system,Neural Network Layers System,ten_percent_systems,10% Systems,Neural Network Layers System - 10% Systems mathematical visualization,frontend,0.8,"Neural Network Layers System, 10% Systems, mathematical visualization",/shape/neural_network_layers_system,t,2025-12-04T10:38:14.652Z,2025-12-04T10:38:14.652Z,75.350000,,,,,0,0,55000000000000000000000000000000,,success,0x425734a7fd13E9994b66a7909206007A1EF7030B
536,tree_root_crown_system,Tree Root Crown System,ten_percent_systems,10% Systems,Tree Root Crown System - 10% Systems mathematical visualization,frontend,0.8,"Tree Root Crown System, 10% Systems, mathematical visualization",/shape/tree_root_crown_system,t,2025-12-04T10:38:14.652Z,2025-12-04T10:38:14.652Z,75.350000,,,,,0,0,55000000000000000000000000000000,,success,0x425734a7fd13E9994b66a7909206007A1EF7030B
537,quantum_superposition_system,Quantum Superposition System,ten_percent_systems,10% Systems,Quantum Superposition System - 10% Systems mathematical visualization,frontend,0.8,"Quantum Superposition System, 10% Systems, mathematical visualization",/shape/quantum_superposition_system,t,2025-12-04T10:38:14.652Z,2025-12-04T10:38:14.652Z,75.350000,,,,,0,0,55000000000000000000000000000000,,success,0x425734a7fd13E9994b66a7909206007A1EF7030B
538,computer_processes_system,Computer Processes System,ten_percent_systems,10% Systems,Computer Processes System - 10% Systems mathematical visualization,frontend,0.8,"Computer Processes System, 10% Systems, mathematical visualization",/shape/computer_processes_system,t,2025-12-04T10:38:14.652Z,2025-12-04T10:38:14.652Z,75.350000,,,,,0,0,55000000000000000000000000000000,,success,0x425734a7fd13E9994b66a7909206007A1EF7030B
539,thought_speech_system,Thought Speech System,ten_percent_systems,10% Systems,Thought Speech System - 10% Systems mathematical visualization,frontend,0.8,"Thought Speech System, 10% Systems, mathematical visualization",/shape/thought_speech_system,t,2025-12-04T10:38:14.652Z,2025-12-04T10:38:14.652Z,75.350000,,,,,0,0,55000000000000000000000000000000,,success,0x425734a7fd13E9994b66a7909206007A1EF7030B
540,genetic_evolution_system,Genetic Evolution System,ten_percent_systems,10% Systems,Genetic Evolution System - 10% Systems mathematical visualization,frontend,0.8,"Genetic Evolution System, 10% Systems, mathematical visualization",/shape/genetic_evolution_system,t,2025-12-04T10:38:14.652Z,2025-12-04T10:38:14.652Z,75.350000,,,,,0,0,55000000000000000000000000000000,,success,0x425734a7fd13E9994b66a7909206007A1EF7030B
541,consciousness_processing_system,Consciousness Processing System,ten_percent_systems,10% Systems,Consciousness Processing System - 10% Systems mathematical visualization,frontend,0.8,"Consciousness Processing System, 10% Systems, mathematical visualization",/shape/consciousness_processing_system,t,2025-12-04T10:38:14.652Z,2025-12-04T10:38:14.652Z,75.350000,,,,,0,0,55000000000000000000000000000000,,success,0x425734a7fd13E9994b66a7909206007A1EF7030B
542,economic_activity_system,Economic Activity System,ten_percent_systems,10% Systems,Economic Activity System - 10% Systems mathematical visualization,frontend,0.8,"Economic Activity System, 10% Systems, mathematical visualization",/shape/economic_activity_system,t,2025-12-04T10:38:14.652Z,2025-12-04T10:38:14.652Z,75.350000,,,,,0,0,55000000000000000000000000000000,,success,0x425734a7fd13E9994b66a7909206007A1EF7030B
543,social_data_system,Social Data System,ten_percent_systems,10% Systems,Social Data System - 10% Systems mathematical visualization,frontend,0.8,"Social Data System, 10% Systems, mathematical visualization",/shape/social_data_system,t,2025-12-04T10:38:14.652Z,2025-12-04T10:38:14.652Z,75.350000,,,,,0,0,55000000000000000000000000000000,,success,0x425734a7fd13E9994b66a7909206007A1EF7030B
544,language_communication_system,Language Communication System,ten_percent_systems,10% Systems,Language Communication System - 10% Systems mathematical visualization,frontend,0.8,"Language Communication System, 10% Systems, mathematical visualization",/shape/language_communication_system,t,2025-12-04T10:38:14.652Z,2025-12-04T10:38:14.652Z,75.350000,,,,,0,0,55000000000000000000000000000000,,success,0x425734a7fd13E9994b66a7909206007A1EF7030B
545,internet_infrastructure_system,Internet Infrastructure System,ten_percent_systems,10% Systems,Internet Infrastructure System - 10% Systems mathematical visualization,frontend,0.8,"Internet Infrastructure System, 10% Systems, mathematical visualization",/shape/internet_infrastructure_system,t,2025-12-04T10:38:14.652Z,2025-12-04T10:38:14.652Z,75.350000,,,,,0,0,55000000000000000000000000000000,,success,0x425734a7fd13E9994b66a7909206007A1EF7030B
546,human_energy_system,Human Energy System,ten_percent_systems,10% Systems,Human Energy System - 10% Systems mathematical visualization,frontend,0.8,"Human Energy System, 10% Systems, mathematical visualization",/shape/human_energy_system,t,2025-12-04T10:38:14.652Z,2025-12-04T10:38:14.652Z,75.350000,,,,,0,0,55000000000000000000000000000000,,success,0x425734a7fd13E9994b66a7909206007A1EF7030B
547,combined_ten_percent_master,Combined Ten Percent Master,ten_percent_systems,10% Systems,Combined Ten Percent Master - 10% Systems mathematical visualization,frontend,0.8,"Combined Ten Percent Master, 10% Systems, mathematical visualization",/shape/combined_ten_percent_master,t,2025-12-04T10:38:14.652Z,2025-12-04T10:38:14.652Z,75.350000,,,,,0,0,55000000000000000000000000000000,,success,0x425734a7fd13E9994b66a7909206007A1EF7030B
548,spacetime_interval_ds2,Spacetime Interval Ds2,general_relativity,General Relativity,Spacetime Interval Ds2 - General Relativity mathematical visualization,frontend,0.8,"Spacetime Interval Ds2, General Relativity, mathematical visualization",/shape/spacetime_interval_ds2,t,2025-12-04T10:38:14.652Z,2025-12-04T10:38:14.652Z,75.350000,,,,,0,0,55000000000000000000000000000000,,success,0x425734a7fd13E9994b66a7909206007A1EF7030B
549,metric_tensor_surface,Metric Tensor Surface,general_relativity,General Relativity,Metric Tensor Surface - General Relativity mathematical visualization,frontend,0.8,"Metric Tensor Surface, General Relativity, mathematical visualization",/shape/metric_tensor_surface,t,2025-12-04T10:38:14.652Z,2025-12-04T10:38:14.652Z,75.350000,,,,,0,0,55000000000000000000000000000000,,success,0x425734a7fd13E9994b66a7909206007A1EF7030B
550,einstein_field_equations,Einstein Field Equations,general_relativity,General Relativity,Einstein Field Equations - General Relativity mathematical visualization,frontend,0.8,"Einstein Field Equations, General Relativity, mathematical visualization",/shape/einstein_field_equations,t,2025-12-04T10:38:14.652Z,2025-12-04T10:38:14.652Z,75.350000,,,,,0,0,55000000000000000000000000000000,,success,0x425734a7fd13E9994b66a7909206007A1EF7030B
551,einstein_tensor_field,Einstein Tensor Field,general_relativity,General Relativity,Einstein Tensor Field - General Relativity mathematical visualization,frontend,0.8,"Einstein Tensor Field, General Relativity, mathematical visualization",/shape/einstein_tensor_field,t,2025-12-04T10:38:14.652Z,2025-12-04T10:38:14.652Z,75.350000,,,,,0,0,55000000000000000000000000000000,,success,0x425734a7fd13E9994b66a7909206007A1EF7030B
552,ricci_scalar_curvature,Ricci Scalar Curvature,general_relativity,General Relativity,Ricci Scalar Curvature - General Relativity mathematical visualization,frontend,0.8,"Ricci Scalar Curvature, General Relativity, mathematical visualization",/shape/ricci_scalar_curvature,t,2025-12-04T10:38:14.652Z,2025-12-04T10:38:14.652Z,75.350000,,,,,0,0,55000000000000000000000000000000,,success,0x425734a7fd13E9994b66a7909206007A1EF7030B
553,riemann_curvature_tensor,Riemann Curvature Tensor,general_relativity,General Relativity,Riemann Curvature Tensor - General Relativity mathematical visualization,frontend,0.8,"Riemann Curvature Tensor, General Relativity, mathematical visualization",/shape/riemann_curvature_tensor,t,2025-12-04T10:38:14.652Z,2025-12-04T10:38:14.652Z,75.350000,,,,,0,0,55000000000000000000000000000000,,success,0x425734a7fd13E9994b66a7909206007A1EF7030B
554,christoffel_symbols_field,Christoffel Symbols Field,general_relativity,General Relativity,Christoffel Symbols Field - General Relativity mathematical visualization,frontend,0.8,"Christoffel Symbols Field, General Relativity, mathematical visualization",/shape/christoffel_symbols_field,t,2025-12-04T10:38:14.652Z,2025-12-04T10:38:14.652Z,75.350000,,,,,0,0,55000000000000000000000000000000,,success,0x425734a7fd13E9994b66a7909206007A1EF7030B
556,photon_geodesic_null,Photon Geodesic Null,general_relativity,General Relativity,Photon Geodesic Null - General Relativity mathematical visualization,frontend,0.8,"Photon Geodesic Null, General Relativity, mathematical visualization",/shape/photon_geodesic_null,t,2025-12-04T10:38:14.652Z,2025-12-04T10:38:14.652Z,75.350000,,,,,0,0,55000000000000000000000000000000,,success,0x425734a7fd13E9994b66a7909206007A1EF7030B
557,proper_time_surface,Proper Time Surface,general_relativity,General Relativity,Proper Time Surface - General Relativity mathematical visualization,frontend,0.8,"Proper Time Surface, General Relativity, mathematical visualization",/shape/proper_time_surface,t,2025-12-04T10:38:14.652Z,2025-12-04T10:38:14.652Z,75.350000,,,,,0,0,55000000000000000000000000000000,,success,0x425734a7fd13E9994b66a7909206007A1EF7030B
559,energy_density_t00,Energy Density T00,general_relativity,General Relativity,Energy Density T00 - General Relativity mathematical visualization,frontend,0.8,"Energy Density T00, General Relativity, mathematical visualization",/shape/energy_density_t00,t,2025-12-04T10:38:14.652Z,2025-12-04T10:38:14.652Z,75.350000,,,,,0,0,55000000000000000000000000000000,,success,0x425734a7fd13E9994b66a7909206007A1EF7030B
560,lorentz_factor_gamma,Lorentz Factor Gamma,general_relativity,General Relativity,Lorentz Factor Gamma - General Relativity mathematical visualization,frontend,0.8,"Lorentz Factor Gamma, General Relativity, mathematical visualization",/shape/lorentz_factor_gamma,t,2025-12-04T10:38:14.652Z,2025-12-04T10:38:14.652Z,75.350000,,,,,0,0,55000000000000000000000000000000,,success,0x425734a7fd13E9994b66a7909206007A1EF7030B
561,lorentz_transformation,Lorentz Transformation,general_relativity,General Relativity,Lorentz Transformation - General Relativity mathematical visualization,frontend,0.8,"Lorentz Transformation, General Relativity, mathematical visualization",/shape/lorentz_transformation,t,2025-12-04T10:38:14.652Z,2025-12-04T10:38:14.652Z,75.350000,,,,,0,0,55000000000000000000000000000000,,success,0x425734a7fd13E9994b66a7909206007A1EF7030B
562,sr_time_dilation,Sr Time Dilation,general_relativity,General Relativity,Sr Time Dilation - General Relativity mathematical visualization,frontend,0.8,"Sr Time Dilation, General Relativity, mathematical visualization",/shape/sr_time_dilation,t,2025-12-04T10:38:14.652Z,2025-12-04T10:38:14.652Z,75.350000,,,,,0,0,55000000000000000000000000000000,,success,0x425734a7fd13E9994b66a7909206007A1EF7030B
563,length_contraction,Length Contraction,general_relativity,General Relativity,Length Contraction - General Relativity mathematical visualization,frontend,0.8,"Length Contraction, General Relativity, mathematical visualization",/shape/length_contraction,t,2025-12-04T10:38:14.652Z,2025-12-04T10:38:14.652Z,75.350000,,,,,0,0,55000000000000000000000000000000,,success,0x425734a7fd13E9994b66a7909206007A1EF7030B
564,gravitational_time_dilation,Gravitational Time Dilation,general_relativity,General Relativity,Gravitational Time Dilation - General Relativity mathematical visualization,frontend,0.8,"Gravitational Time Dilation, General Relativity, mathematical visualization",/shape/gravitational_time_dilation,t,2025-12-04T10:38:14.652Z,2025-12-04T10:38:14.652Z,75.350000,,,,,0,0,55000000000000000000000000000000,,success,0x425734a7fd13E9994b66a7909206007A1EF7030B
565,gravitational_redshift,Gravitational Redshift,general_relativity,General Relativity,Gravitational Redshift - General Relativity mathematical visualization,frontend,0.8,"Gravitational Redshift, General Relativity, mathematical visualization",/shape/gravitational_redshift,t,2025-12-04T10:38:14.652Z,2025-12-04T10:38:14.652Z,75.350000,,,,,0,0,55000000000000000000000000000000,,success,0x425734a7fd13E9994b66a7909206007A1EF7030B
566,minkowski_flat_spacetime,Minkowski Flat Spacetime,general_relativity,General Relativity,Minkowski Flat Spacetime - General Relativity mathematical visualization,frontend,0.8,"Minkowski Flat Spacetime, General Relativity, mathematical visualization",/shape/minkowski_flat_spacetime,t,2025-12-04T10:38:14.652Z,2025-12-04T10:38:14.652Z,75.350000,,,,,0,0,55000000000000000000000000000000,,success,0x425734a7fd13E9994b66a7909206007A1EF7030B
567,schwarzschild_metric_spacetime,Schwarzschild Metric Spacetime,general_relativity,General Relativity,Schwarzschild Metric Spacetime - General Relativity mathematical visualization,frontend,0.8,"Schwarzschild Metric Spacetime, General Relativity, mathematical visualization",/shape/schwarzschild_metric_spacetime,t,2025-12-04T10:38:14.652Z,2025-12-04T10:38:14.652Z,75.350000,,,,,0,0,55000000000000000000000000000000,,success,0x425734a7fd13E9994b66a7909206007A1EF7030B
568,kerr_rotating_black_hole,Kerr Rotating Black Hole,general_relativity,General Relativity,Kerr Rotating Black Hole - General Relativity mathematical visualization,frontend,0.8,"Kerr Rotating Black Hole, General Relativity, mathematical visualization",/shape/kerr_rotating_black_hole,t,2025-12-04T10:38:14.652Z,2025-12-04T10:38:14.652Z,75.350000,,,,,0,0,55000000000000000000000000000000,,success,0x425734a7fd13E9994b66a7909206007A1EF7030B
569,flrw_cosmological_metric,Flrw Cosmological Metric,general_relativity,General Relativity,Flrw Cosmological Metric - General Relativity mathematical visualization,frontend,0.8,"Flrw Cosmological Metric, General Relativity, mathematical visualization",/shape/flrw_cosmological_metric,t,2025-12-04T10:38:14.652Z,2025-12-04T10:38:14.652Z,75.350000,,,,,0,0,55000000000000000000000000000000,,success,0x425734a7fd13E9994b66a7909206007A1EF7030B
570,weak_field_approximation,Weak Field Approximation,general_relativity,General Relativity,Weak Field Approximation - General Relativity mathematical visualization,frontend,0.8,"Weak Field Approximation, General Relativity, mathematical visualization",/shape/weak_field_approximation,t,2025-12-04T10:38:14.652Z,2025-12-04T10:38:14.652Z,75.350000,,,,,0,0,55000000000000000000000000000000,,success,0x425734a7fd13E9994b66a7909206007A1EF7030B
572,light_deflection_angle,Light Deflection Angle,general_relativity,General Relativity,Light Deflection Angle - General Relativity mathematical visualization,frontend,0.8,"Light Deflection Angle, General Relativity, mathematical visualization",/shape/light_deflection_angle,t,2025-12-04T10:38:14.652Z,2025-12-04T10:38:14.652Z,75.350000,,,,,0,0,55000000000000000000000000000000,,success,0x425734a7fd13E9994b66a7909206007A1EF7030B
573,adm_decomposition_3plus1,Adm Decomposition 3plus1,general_relativity,General Relativity,Adm Decomposition 3plus1 - General Relativity mathematical visualization,frontend,0.8,"Adm Decomposition 3plus1, General Relativity, mathematical visualization",/shape/adm_decomposition_3plus1,t,2025-12-04T10:38:14.652Z,2025-12-04T10:38:14.652Z,75.350000,,,,,0,0,55000000000000000000000000000000,,success,0x425734a7fd13E9994b66a7909206007A1EF7030B
574,extrinsic_curvature_kij,Extrinsic Curvature Kij,general_relativity,General Relativity,Extrinsic Curvature Kij - General Relativity mathematical visualization,frontend,0.8,"Extrinsic Curvature Kij, General Relativity, mathematical visualization",/shape/extrinsic_curvature_kij,t,2025-12-04T10:38:14.652Z,2025-12-04T10:38:14.652Z,75.350000,,,,,0,0,55000000000000000000000000000000,,success,0x425734a7fd13E9994b66a7909206007A1EF7030B
575,hamiltonian_constraint,Hamiltonian Constraint,general_relativity,General Relativity,Hamiltonian Constraint - General Relativity mathematical visualization,frontend,0.8,"Hamiltonian Constraint, General Relativity, mathematical visualization",/shape/hamiltonian_constraint,t,2025-12-04T10:38:14.652Z,2025-12-04T10:38:14.652Z,75.350000,,,,,0,0,55000000000000000000000000000000,,success,0x425734a7fd13E9994b66a7909206007A1EF7030B
576,momentum_constraint,Momentum Constraint,general_relativity,General Relativity,Momentum Constraint - General Relativity mathematical visualization,frontend,0.8,"Momentum Constraint, General Relativity, mathematical visualization",/shape/momentum_constraint,t,2025-12-04T10:38:14.652Z,2025-12-04T10:38:14.652Z,75.350000,,,,,0,0,55000000000000000000000000000000,,success,0x425734a7fd13E9994b66a7909206007A1EF7030B
577,bssn_conformal_metric,Bssn Conformal Metric,general_relativity,General Relativity,Bssn Conformal Metric - General Relativity mathematical visualization,frontend,0.8,"Bssn Conformal Metric, General Relativity, mathematical visualization",/shape/bssn_conformal_metric,t,2025-12-04T10:38:14.652Z,2025-12-04T10:38:14.652Z,75.350000,,,,,0,0,55000000000000000000000000000000,,success,0x425734a7fd13E9994b66a7909206007A1EF7030B
693,brain_wave,Brain Wave,waves,Wave Algorithms,Brain Wave - Wave Algorithms mathematical visualization,frontend,0.8,"Brain Wave, Wave Algorithms, mathematical visualization",/shape/brain_wave,t,2025-12-04T10:38:14.652Z,2025-12-04T10:38:14.652Z,75.350000,,,,,0,0,55000000000000000000000000000000,,success,0x425734a7fd13E9994b66a7909206007A1EF7030B
578,bssn_tracefree_extrinsic,Bssn Tracefree Extrinsic,general_relativity,General Relativity,Bssn Tracefree Extrinsic - General Relativity mathematical visualization,frontend,0.8,"Bssn Tracefree Extrinsic, General Relativity, mathematical visualization",/shape/bssn_tracefree_extrinsic,t,2025-12-04T10:38:14.652Z,2025-12-04T10:38:14.652Z,75.350000,,,,,0,0,55000000000000000000000000000000,,success,0x425734a7fd13E9994b66a7909206007A1EF7030B
579,bssn_conformal_connection,Bssn Conformal Connection,general_relativity,General Relativity,Bssn Conformal Connection - General Relativity mathematical visualization,frontend,0.8,"Bssn Conformal Connection, General Relativity, mathematical visualization",/shape/bssn_conformal_connection,t,2025-12-04T10:38:14.652Z,2025-12-04T10:38:14.652Z,75.350000,,,,,0,0,55000000000000000000000000000000,,success,0x425734a7fd13E9994b66a7909206007A1EF7030B
580,bssn_evolution_equations,Bssn Evolution Equations,general_relativity,General Relativity,Bssn Evolution Equations - General Relativity mathematical visualization,frontend,0.8,"Bssn Evolution Equations, General Relativity, mathematical visualization",/shape/bssn_evolution_equations,t,2025-12-04T10:38:14.652Z,2025-12-04T10:38:14.652Z,75.350000,,,,,0,0,55000000000000000000000000000000,,success,0x425734a7fd13E9994b66a7909206007A1EF7030B
581,discrete_spacetime_graph,Discrete Spacetime Graph,quantum_gravity,Quantum Gravity,Discrete Spacetime Graph - Quantum Gravity mathematical visualization,frontend,0.8,"Discrete Spacetime Graph, Quantum Gravity, mathematical visualization",/shape/discrete_spacetime_graph,t,2025-12-04T10:38:14.652Z,2025-12-04T10:38:14.652Z,75.350000,,,,,0,0,55000000000000000000000000000000,,success,0x425734a7fd13E9994b66a7909206007A1EF7030B
582,planck_units_visualization,Planck Units Visualization,quantum_gravity,Quantum Gravity,Planck Units Visualization - Quantum Gravity mathematical visualization,frontend,0.8,"Planck Units Visualization, Quantum Gravity, mathematical visualization",/shape/planck_units_visualization,t,2025-12-04T10:38:14.652Z,2025-12-04T10:38:14.652Z,75.350000,,,,,0,0,55000000000000000000000000000000,,success,0x425734a7fd13E9994b66a7909206007A1EF7030B
1062,handle_body,Handlebody,topology,manifolds,3-manifold built from handles,formula_sync,0.8,"topology, UUON, parametric surface",/shapes/handle-body,t,2026-06-12T23:55:35.647Z,2026-06-12T23:55:35.647Z,75.350000,,,,,0,0,55000000000000000000000000000000,,success,0x425734a7fd13E9994b66a7909206007A1EF7030B
583,wheeler_dewitt_equation,Wheeler Dewitt Equation,quantum_gravity,Quantum Gravity,Wheeler Dewitt Equation - Quantum Gravity mathematical visualization,frontend,0.8,"Wheeler Dewitt Equation, Quantum Gravity, mathematical visualization",/shape/wheeler_dewitt_equation,t,2025-12-04T10:38:14.652Z,2025-12-04T10:38:14.652Z,75.350000,,,,,0,0,55000000000000000000000000000000,,success,0x425734a7fd13E9994b66a7909206007A1EF7030B
584,loop_quantum_area_spectrum,Loop Quantum Area Spectrum,quantum_gravity,Quantum Gravity,Loop Quantum Area Spectrum - Quantum Gravity mathematical visualization,frontend,0.8,"Loop Quantum Area Spectrum, Quantum Gravity, mathematical visualization",/shape/loop_quantum_area_spectrum,t,2025-12-04T10:38:14.652Z,2025-12-04T10:38:14.652Z,75.350000,,,,,0,0,55000000000000000000000000000000,,success,0x425734a7fd13E9994b66a7909206007A1EF7030B
585,loop_quantum_volume_spectrum,Loop Quantum Volume Spectrum,quantum_gravity,Quantum Gravity,Loop Quantum Volume Spectrum - Quantum Gravity mathematical visualization,frontend,0.8,"Loop Quantum Volume Spectrum, Quantum Gravity, mathematical visualization",/shape/loop_quantum_volume_spectrum,t,2025-12-04T10:38:14.652Z,2025-12-04T10:38:14.652Z,75.350000,,,,,0,0,55000000000000000000000000000000,,success,0x425734a7fd13E9994b66a7909206007A1EF7030B
586,spin_network_vertex,Spin Network Vertex,quantum_gravity,Quantum Gravity,Spin Network Vertex - Quantum Gravity mathematical visualization,frontend,0.8,"Spin Network Vertex, Quantum Gravity, mathematical visualization",/shape/spin_network_vertex,t,2025-12-04T10:38:14.652Z,2025-12-04T10:38:14.652Z,75.350000,,,,,0,0,55000000000000000000000000000000,,success,0x425734a7fd13E9994b66a7909206007A1EF7030B
1326,microbiome_ecosystem,🌿 Microbiome Ecosystem - Species Diversity,general,general,Parametric surface,formula_sync,0.8,"general, UUON, parametric surface",/shapes/microbiome-ecosystem,t,2026-06-12T23:55:48.770Z,2026-06-12T23:55:48.770Z,75.350000,,,,,0,0,55000000000000000000000000000000,,success,0x425734a7fd13E9994b66a7909206007A1EF7030B
587,spin_foam_amplitude,Spin Foam Amplitude,quantum_gravity,Quantum Gravity,Spin Foam Amplitude - Quantum Gravity mathematical visualization,frontend,0.8,"Spin Foam Amplitude, Quantum Gravity, mathematical visualization",/shape/spin_foam_amplitude,t,2025-12-04T10:38:14.652Z,2025-12-04T10:38:14.652Z,75.350000,,,,,0,0,55000000000000000000000000000000,,success,0x425734a7fd13E9994b66a7909206007A1EF7030B
588,ryu_takayanagi_entropy,Ryu Takayanagi Entropy,quantum_gravity,Quantum Gravity,Ryu Takayanagi Entropy - Quantum Gravity mathematical visualization,frontend,0.8,"Ryu Takayanagi Entropy, Quantum Gravity, mathematical visualization",/shape/ryu_takayanagi_entropy,t,2025-12-04T10:38:14.652Z,2025-12-04T10:38:14.652Z,75.350000,,,,,0,0,55000000000000000000000000000000,,success,0x425734a7fd13E9994b66a7909206007A1EF7030B
589,tensor_network_spacetime,Tensor Network Spacetime,quantum_gravity,Quantum Gravity,Tensor Network Spacetime - Quantum Gravity mathematical visualization,frontend,0.8,"Tensor Network Spacetime, Quantum Gravity, mathematical visualization",/shape/tensor_network_spacetime,t,2025-12-04T10:38:14.652Z,2025-12-04T10:38:14.652Z,75.350000,,,,,0,0,55000000000000000000000000000000,,success,0x425734a7fd13E9994b66a7909206007A1EF7030B
590,ads_cft_correspondence,Ads Cft Correspondence,quantum_gravity,Quantum Gravity,Ads Cft Correspondence - Quantum Gravity mathematical visualization,frontend,0.8,"Ads Cft Correspondence, Quantum Gravity, mathematical visualization",/shape/ads_cft_correspondence,t,2025-12-04T10:38:14.652Z,2025-12-04T10:38:14.652Z,75.350000,,,,,0,0,55000000000000000000000000000000,,success,0x425734a7fd13E9994b66a7909206007A1EF7030B
591,holographic_boundary,Holographic Boundary,quantum_gravity,Quantum Gravity,Holographic Boundary - Quantum Gravity mathematical visualization,frontend,0.8,"Holographic Boundary, Quantum Gravity, mathematical visualization",/shape/holographic_boundary,t,2025-12-04T10:38:14.652Z,2025-12-04T10:38:14.652Z,75.350000,,,,,0,0,55000000000000000000000000000000,,success,0x425734a7fd13E9994b66a7909206007A1EF7030B
592,nambu_goto_string,Nambu Goto String,quantum_gravity,Quantum Gravity,Nambu Goto String - Quantum Gravity mathematical visualization,frontend,0.8,"Nambu Goto String, Quantum Gravity, mathematical visualization",/shape/nambu_goto_string,t,2025-12-04T10:38:14.652Z,2025-12-04T10:38:14.652Z,75.350000,,,,,0,0,55000000000000000000000000000000,,success,0x425734a7fd13E9994b66a7909206007A1EF7030B
593,extra_dimensions_10d,Extra Dimensions 10d,quantum_gravity,Quantum Gravity,Extra Dimensions 10d - Quantum Gravity mathematical visualization,frontend,0.8,"Extra Dimensions 10d, Quantum Gravity, mathematical visualization",/shape/extra_dimensions_10d,t,2025-12-04T10:38:14.652Z,2025-12-04T10:38:14.652Z,75.350000,,,,,0,0,55000000000000000000000000000000,,success,0x425734a7fd13E9994b66a7909206007A1EF7030B
594,kaluza_klein_compactification,Kaluza Klein Compactification,quantum_gravity,Quantum Gravity,Kaluza Klein Compactification - Quantum Gravity mathematical visualization,frontend,0.8,"Kaluza Klein Compactification, Quantum Gravity, mathematical visualization",/shape/kaluza_klein_compactification,t,2025-12-04T10:38:14.652Z,2025-12-04T10:38:14.652Z,75.350000,,,,,0,0,55000000000000000000000000000000,,success,0x425734a7fd13E9994b66a7909206007A1EF7030B
595,braneworld_model,Braneworld Model,quantum_gravity,Quantum Gravity,Braneworld Model - Quantum Gravity mathematical visualization,frontend,0.8,"Braneworld Model, Quantum Gravity, mathematical visualization",/shape/braneworld_model,t,2025-12-04T10:38:14.652Z,2025-12-04T10:38:14.652Z,75.350000,,,,,0,0,55000000000000000000000000000000,,success,0x425734a7fd13E9994b66a7909206007A1EF7030B
596,black_hole_interior,Black Hole Interior,quantum_gravity,Quantum Gravity,Black Hole Interior - Quantum Gravity mathematical visualization,frontend,0.8,"Black Hole Interior, Quantum Gravity, mathematical visualization",/shape/black_hole_interior,t,2025-12-04T10:38:14.652Z,2025-12-04T10:38:14.652Z,75.350000,,,,,0,0,55000000000000000000000000000000,,success,0x425734a7fd13E9994b66a7909206007A1EF7030B
597,hawking_radiation_spectrum,Hawking Radiation Spectrum,quantum_gravity,Quantum Gravity,Hawking Radiation Spectrum - Quantum Gravity mathematical visualization,frontend,0.8,"Hawking Radiation Spectrum, Quantum Gravity, mathematical visualization",/shape/hawking_radiation_spectrum,t,2025-12-04T10:38:14.652Z,2025-12-04T10:38:14.652Z,75.350000,,,,,0,0,55000000000000000000000000000000,,success,0x425734a7fd13E9994b66a7909206007A1EF7030B
598,information_paradox_surface,Information Paradox Surface,quantum_gravity,Quantum Gravity,Information Paradox Surface - Quantum Gravity mathematical visualization,frontend,0.8,"Information Paradox Surface, Quantum Gravity, mathematical visualization",/shape/information_paradox_surface,t,2025-12-04T10:38:14.652Z,2025-12-04T10:38:14.652Z,75.350000,,,,,0,0,55000000000000000000000000000000,,success,0x425734a7fd13E9994b66a7909206007A1EF7030B
599,quantum_cosmology_wave,Quantum Cosmology Wave,quantum_gravity,Quantum Gravity,Quantum Cosmology Wave - Quantum Gravity mathematical visualization,frontend,0.8,"Quantum Cosmology Wave, Quantum Gravity, mathematical visualization",/shape/quantum_cosmology_wave,t,2025-12-04T10:38:14.652Z,2025-12-04T10:38:14.652Z,75.350000,,,,,0,0,55000000000000000000000000000000,,success,0x425734a7fd13E9994b66a7909206007A1EF7030B
600,big_bang_singularity,Big Bang Singularity,quantum_gravity,Quantum Gravity,Big Bang Singularity - Quantum Gravity mathematical visualization,frontend,0.8,"Big Bang Singularity, Quantum Gravity, mathematical visualization",/shape/big_bang_singularity,t,2025-12-04T10:38:14.652Z,2025-12-04T10:38:14.652Z,75.350000,,,,,0,0,55000000000000000000000000000000,,success,0x425734a7fd13E9994b66a7909206007A1EF7030B
601,multiverse_landscape,Multiverse Landscape,quantum_gravity,Quantum Gravity,Multiverse Landscape - Quantum Gravity mathematical visualization,frontend,0.8,"Multiverse Landscape, Quantum Gravity, mathematical visualization",/shape/multiverse_landscape,t,2025-12-04T10:38:14.652Z,2025-12-04T10:38:14.652Z,75.350000,,,,,0,0,55000000000000000000000000000000,,success,0x425734a7fd13E9994b66a7909206007A1EF7030B
602,brane_tension_visualization,Brane Tension Visualization,quantum_gravity,Quantum Gravity,Brane Tension Visualization - Quantum Gravity mathematical visualization,frontend,0.8,"Brane Tension Visualization, Quantum Gravity, mathematical visualization",/shape/brane_tension_visualization,t,2025-12-04T10:38:14.652Z,2025-12-04T10:38:14.652Z,75.350000,,,,,0,0,55000000000000000000000000000000,,success,0x425734a7fd13E9994b66a7909206007A1EF7030B
603,universe_wave_function,Universe Wave Function,quantum_gravity,Quantum Gravity,Universe Wave Function - Quantum Gravity mathematical visualization,frontend,0.8,"Universe Wave Function, Quantum Gravity, mathematical visualization",/shape/universe_wave_function,t,2025-12-04T10:38:14.652Z,2025-12-04T10:38:14.652Z,75.350000,,,,,0,0,55000000000000000000000000000000,,success,0x425734a7fd13E9994b66a7909206007A1EF7030B
604,wheeler_dewitt_minisuperspace,Wheeler Dewitt Minisuperspace,quantum_gravity,Quantum Gravity,Wheeler Dewitt Minisuperspace - Quantum Gravity mathematical visualization,frontend,0.8,"Wheeler Dewitt Minisuperspace, Quantum Gravity, mathematical visualization",/shape/wheeler_dewitt_minisuperspace,t,2025-12-04T10:38:14.652Z,2025-12-04T10:38:14.652Z,75.350000,,,,,0,0,55000000000000000000000000000000,,success,0x425734a7fd13E9994b66a7909206007A1EF7030B
605,quantum_tunneling_universe,Quantum Tunneling Universe,quantum_gravity,Quantum Gravity,Quantum Tunneling Universe - Quantum Gravity mathematical visualization,frontend,0.8,"Quantum Tunneling Universe, Quantum Gravity, mathematical visualization",/shape/quantum_tunneling_universe,t,2025-12-04T10:38:14.652Z,2025-12-04T10:38:14.652Z,75.350000,,,,,0,0,55000000000000000000000000000000,,success,0x425734a7fd13E9994b66a7909206007A1EF7030B
606,hartle_hawking_no_boundary,Hartle Hawking No Boundary,quantum_gravity,Quantum Gravity,Hartle Hawking No Boundary - Quantum Gravity mathematical visualization,frontend,0.8,"Hartle Hawking No Boundary, Quantum Gravity, mathematical visualization",/shape/hartle_hawking_no_boundary,t,2025-12-04T10:38:14.652Z,2025-12-04T10:38:14.652Z,75.350000,,,,,0,0,55000000000000000000000000000000,,success,0x425734a7fd13E9994b66a7909206007A1EF7030B
607,causal_set_poset,Causal Set Poset,quantum_gravity,Quantum Gravity,Causal Set Poset - Quantum Gravity mathematical visualization,frontend,0.8,"Causal Set Poset, Quantum Gravity, mathematical visualization",/shape/causal_set_poset,t,2025-12-04T10:38:14.652Z,2025-12-04T10:38:14.652Z,75.350000,,,,,0,0,55000000000000000000000000000000,,success,0x425734a7fd13E9994b66a7909206007A1EF7030B
608,causal_volume_counting,Causal Volume Counting,quantum_gravity,Quantum Gravity,Causal Volume Counting - Quantum Gravity mathematical visualization,frontend,0.8,"Causal Volume Counting, Quantum Gravity, mathematical visualization",/shape/causal_volume_counting,t,2025-12-04T10:38:14.652Z,2025-12-04T10:38:14.652Z,75.350000,,,,,0,0,55000000000000000000000000000000,,success,0x425734a7fd13E9994b66a7909206007A1EF7030B
609,causal_set_sprinkling,Causal Set Sprinkling,quantum_gravity,Quantum Gravity,Causal Set Sprinkling - Quantum Gravity mathematical visualization,frontend,0.8,"Causal Set Sprinkling, Quantum Gravity, mathematical visualization",/shape/causal_set_sprinkling,t,2025-12-04T10:38:14.652Z,2025-12-04T10:38:14.652Z,75.350000,,,,,0,0,55000000000000000000000000000000,,success,0x425734a7fd13E9994b66a7909206007A1EF7030B
610,ricci_flow_evolution,Ricci Flow Evolution,quantum_gravity,Quantum Gravity,Ricci Flow Evolution - Quantum Gravity mathematical visualization,frontend,0.8,"Ricci Flow Evolution, Quantum Gravity, mathematical visualization",/shape/ricci_flow_evolution,t,2025-12-04T10:38:14.652Z,2025-12-04T10:38:14.652Z,75.350000,,,,,0,0,55000000000000000000000000000000,,success,0x425734a7fd13E9994b66a7909206007A1EF7030B
611,f_r_modified_gravity,F R Modified Gravity,quantum_gravity,Quantum Gravity,F R Modified Gravity - Quantum Gravity mathematical visualization,frontend,0.8,"F R Modified Gravity, Quantum Gravity, mathematical visualization",/shape/f_r_modified_gravity,t,2025-12-04T10:38:14.652Z,2025-12-04T10:38:14.652Z,75.350000,,,,,0,0,55000000000000000000000000000000,,success,0x425734a7fd13E9994b66a7909206007A1EF7030B
612,scalar_tensor_gravity,Scalar Tensor Gravity,quantum_gravity,Quantum Gravity,Scalar Tensor Gravity - Quantum Gravity mathematical visualization,frontend,0.8,"Scalar Tensor Gravity, Quantum Gravity, mathematical visualization",/shape/scalar_tensor_gravity,t,2025-12-04T10:38:14.652Z,2025-12-04T10:38:14.652Z,75.350000,,,,,0,0,55000000000000000000000000000000,,success,0x425734a7fd13E9994b66a7909206007A1EF7030B
613,bekenstein_hawking_entropy,Bekenstein Hawking Entropy,quantum_gravity,Quantum Gravity,Bekenstein Hawking Entropy - Quantum Gravity mathematical visualization,frontend,0.8,"Bekenstein Hawking Entropy, Quantum Gravity, mathematical visualization",/shape/bekenstein_hawking_entropy,t,2025-12-04T10:38:14.652Z,2025-12-04T10:38:14.652Z,75.350000,,,,,0,0,55000000000000000000000000000000,,success,0x425734a7fd13E9994b66a7909206007A1EF7030B
614,landauer_principle,Landauer Principle,quantum_gravity,Quantum Gravity,Landauer Principle - Quantum Gravity mathematical visualization,frontend,0.8,"Landauer Principle, Quantum Gravity, mathematical visualization",/shape/landauer_principle,t,2025-12-04T10:38:14.652Z,2025-12-04T10:38:14.652Z,75.350000,,,,,0,0,55000000000000000000000000000000,,success,0x425734a7fd13E9994b66a7909206007A1EF7030B
615,universe_computation,Universe Computation,quantum_gravity,Quantum Gravity,Universe Computation - Quantum Gravity mathematical visualization,frontend,0.8,"Universe Computation, Quantum Gravity, mathematical visualization",/shape/universe_computation,t,2025-12-04T10:38:14.652Z,2025-12-04T10:38:14.652Z,75.350000,,,,,0,0,55000000000000000000000000000000,,success,0x425734a7fd13E9994b66a7909206007A1EF7030B
616,quantum_error_correction_geometry,Quantum Error Correction Geometry,quantum_gravity,Quantum Gravity,Quantum Error Correction Geometry - Quantum Gravity mathematical visualization,frontend,0.8,"Quantum Error Correction Geometry, Quantum Gravity, mathematical visualization",/shape/quantum_error_correction_geometry,t,2025-12-04T10:38:14.652Z,2025-12-04T10:38:14.652Z,75.350000,,,,,0,0,55000000000000000000000000000000,,success,0x425734a7fd13E9994b66a7909206007A1EF7030B
617,discretized_einstein_hilbert,Discretized Einstein Hilbert,quantum_gravity,Quantum Gravity,Discretized Einstein Hilbert - Quantum Gravity mathematical visualization,frontend,0.8,"Discretized Einstein Hilbert, Quantum Gravity, mathematical visualization",/shape/discretized_einstein_hilbert,t,2025-12-04T10:38:14.652Z,2025-12-04T10:38:14.652Z,75.350000,,,,,0,0,55000000000000000000000000000000,,success,0x425734a7fd13E9994b66a7909206007A1EF7030B
618,regge_calculus_deficit,Regge Calculus Deficit,quantum_gravity,Quantum Gravity,Regge Calculus Deficit - Quantum Gravity mathematical visualization,frontend,0.8,"Regge Calculus Deficit, Quantum Gravity, mathematical visualization",/shape/regge_calculus_deficit,t,2025-12-04T10:38:14.652Z,2025-12-04T10:38:14.652Z,75.350000,,,,,0,0,55000000000000000000000000000000,,success,0x425734a7fd13E9994b66a7909206007A1EF7030B
619,finite_difference_curvature,Finite Difference Curvature,quantum_gravity,Quantum Gravity,Finite Difference Curvature - Quantum Gravity mathematical visualization,frontend,0.8,"Finite Difference Curvature, Quantum Gravity, mathematical visualization",/shape/finite_difference_curvature,t,2025-12-04T10:38:14.652Z,2025-12-04T10:38:14.652Z,75.350000,,,,,0,0,55000000000000000000000000000000,,success,0x425734a7fd13E9994b66a7909206007A1EF7030B
620,tensor_network_evolution,Tensor Network Evolution,quantum_gravity,Quantum Gravity,Tensor Network Evolution - Quantum Gravity mathematical visualization,frontend,0.8,"Tensor Network Evolution, Quantum Gravity, mathematical visualization",/shape/tensor_network_evolution,t,2025-12-04T10:38:14.652Z,2025-12-04T10:38:14.652Z,75.350000,,,,,0,0,55000000000000000000000000000000,,success,0x425734a7fd13E9994b66a7909206007A1EF7030B
621,lattice_spacetime_node,Lattice Spacetime Node,quantum_gravity,Quantum Gravity,Lattice Spacetime Node - Quantum Gravity mathematical visualization,frontend,0.8,"Lattice Spacetime Node, Quantum Gravity, mathematical visualization",/shape/lattice_spacetime_node,t,2025-12-04T10:38:14.652Z,2025-12-04T10:38:14.652Z,75.350000,,,,,0,0,55000000000000000000000000000000,,success,0x425734a7fd13E9994b66a7909206007A1EF7030B
622,tetrahedral_quantum_geometry,Tetrahedral Quantum Geometry,quantum_gravity,Quantum Gravity,Tetrahedral Quantum Geometry - Quantum Gravity mathematical visualization,frontend,0.8,"Tetrahedral Quantum Geometry, Quantum Gravity, mathematical visualization",/shape/tetrahedral_quantum_geometry,t,2025-12-04T10:38:14.652Z,2025-12-04T10:38:14.652Z,75.350000,,,,,0,0,55000000000000000000000000000000,,success,0x425734a7fd13E9994b66a7909206007A1EF7030B
623,harmonic_phi_geometry,Harmonic Phi Geometry,quantum_gravity,Quantum Gravity,Harmonic Phi Geometry - Quantum Gravity mathematical visualization,frontend,0.8,"Harmonic Phi Geometry, Quantum Gravity, mathematical visualization",/shape/harmonic_phi_geometry,t,2025-12-04T10:38:14.652Z,2025-12-04T10:38:14.652Z,75.350000,,,,,0,0,55000000000000000000000000000000,,success,0x425734a7fd13E9994b66a7909206007A1EF7030B
624,scalar_field_inflation,Scalar Field Inflation,cosmic_history_gaps,Cosmic History Gaps,Scalar Field Inflation - Cosmic History Gaps mathematical visualization,frontend,0.8,"Scalar Field Inflation, Cosmic History Gaps, mathematical visualization",/shape/scalar_field_inflation,t,2025-12-04T10:38:14.652Z,2025-12-04T10:38:14.652Z,75.350000,,,,,0,0,55000000000000000000000000000000,,success,0x425734a7fd13E9994b66a7909206007A1EF7030B
625,quantum_foam_structure,Quantum Foam Structure,cosmic_history_gaps,Cosmic History Gaps,Quantum Foam Structure - Cosmic History Gaps mathematical visualization,frontend,0.8,"Quantum Foam Structure, Cosmic History Gaps, mathematical visualization",/shape/quantum_foam_structure,t,2025-12-04T10:38:14.652Z,2025-12-04T10:38:14.652Z,75.350000,,,,,0,0,55000000000000000000000000000000,,success,0x425734a7fd13E9994b66a7909206007A1EF7030B
626,cosmic_inflation_exponential,Cosmic Inflation Exponential,cosmic_history_gaps,Cosmic History Gaps,Cosmic Inflation Exponential - Cosmic History Gaps mathematical visualization,frontend,0.8,"Cosmic Inflation Exponential, Cosmic History Gaps, mathematical visualization",/shape/cosmic_inflation_exponential,t,2025-12-04T10:38:14.652Z,2025-12-04T10:38:14.652Z,75.350000,,,,,0,0,55000000000000000000000000000000,,success,0x425734a7fd13E9994b66a7909206007A1EF7030B
627,primordial_gravitational_waves,Primordial Gravitational Waves,cosmic_history_gaps,Cosmic History Gaps,Primordial Gravitational Waves - Cosmic History Gaps mathematical visualization,frontend,0.8,"Primordial Gravitational Waves, Cosmic History Gaps, mathematical visualization",/shape/primordial_gravitational_waves,t,2025-12-04T10:38:14.652Z,2025-12-04T10:38:14.652Z,75.350000,,,,,0,0,55000000000000000000000000000000,,success,0x425734a7fd13E9994b66a7909206007A1EF7030B
628,inflaton_potential_landscape,Inflaton Potential Landscape,cosmic_history_gaps,Cosmic History Gaps,Inflaton Potential Landscape - Cosmic History Gaps mathematical visualization,frontend,0.8,"Inflaton Potential Landscape, Cosmic History Gaps, mathematical visualization",/shape/inflaton_potential_landscape,t,2025-12-04T10:38:14.652Z,2025-12-04T10:38:14.652Z,75.350000,,,,,0,0,55000000000000000000000000000000,,success,0x425734a7fd13E9994b66a7909206007A1EF7030B
629,electroweak_phase_transition,Electroweak Phase Transition,cosmic_history_gaps,Cosmic History Gaps,Electroweak Phase Transition - Cosmic History Gaps mathematical visualization,frontend,0.8,"Electroweak Phase Transition, Cosmic History Gaps, mathematical visualization",/shape/electroweak_phase_transition,t,2025-12-04T10:38:14.652Z,2025-12-04T10:38:14.652Z,75.350000,,,,,0,0,55000000000000000000000000000000,,success,0x425734a7fd13E9994b66a7909206007A1EF7030B
630,sphaleron_transitions,Sphaleron Transitions,cosmic_history_gaps,Cosmic History Gaps,Sphaleron Transitions - Cosmic History Gaps mathematical visualization,frontend,0.8,"Sphaleron Transitions, Cosmic History Gaps, mathematical visualization",/shape/sphaleron_transitions,t,2025-12-04T10:38:14.652Z,2025-12-04T10:38:14.652Z,75.350000,,,,,0,0,55000000000000000000000000000000,,success,0x425734a7fd13E9994b66a7909206007A1EF7030B
631,cp_violation_mechanisms,Cp Violation Mechanisms,cosmic_history_gaps,Cosmic History Gaps,Cp Violation Mechanisms - Cosmic History Gaps mathematical visualization,frontend,0.8,"Cp Violation Mechanisms, Cosmic History Gaps, mathematical visualization",/shape/cp_violation_mechanisms,t,2025-12-04T10:38:14.652Z,2025-12-04T10:38:14.652Z,75.350000,,,,,0,0,55000000000000000000000000000000,,success,0x425734a7fd13E9994b66a7909206007A1EF7030B
632,dark_matter_halo_structure,Dark Matter Halo Structure,cosmic_history_gaps,Cosmic History Gaps,Dark Matter Halo Structure - Cosmic History Gaps mathematical visualization,frontend,0.8,"Dark Matter Halo Structure, Cosmic History Gaps, mathematical visualization",/shape/dark_matter_halo_structure,t,2025-12-04T10:38:14.652Z,2025-12-04T10:38:14.652Z,75.350000,,,,,0,0,55000000000000000000000000000000,,success,0x425734a7fd13E9994b66a7909206007A1EF7030B
633,wimp_dark_matter_detection,Wimp Dark Matter Detection,cosmic_history_gaps,Cosmic History Gaps,Wimp Dark Matter Detection - Cosmic History Gaps mathematical visualization,frontend,0.8,"Wimp Dark Matter Detection, Cosmic History Gaps, mathematical visualization",/shape/wimp_dark_matter_detection,t,2025-12-04T10:38:14.652Z,2025-12-04T10:38:14.652Z,75.350000,,,,,0,0,55000000000000000000000000000000,,success,0x425734a7fd13E9994b66a7909206007A1EF7030B
634,axion_field_oscillations,Axion Field Oscillations,cosmic_history_gaps,Cosmic History Gaps,Axion Field Oscillations - Cosmic History Gaps mathematical visualization,frontend,0.8,"Axion Field Oscillations, Cosmic History Gaps, mathematical visualization",/shape/axion_field_oscillations,t,2025-12-04T10:38:14.652Z,2025-12-04T10:38:14.652Z,75.350000,,,,,0,0,55000000000000000000000000000000,,success,0x425734a7fd13E9994b66a7909206007A1EF7030B
635,phantom_dark_energy,Phantom Dark Energy,cosmic_history_gaps,Cosmic History Gaps,Phantom Dark Energy - Cosmic History Gaps mathematical visualization,frontend,0.8,"Phantom Dark Energy, Cosmic History Gaps, mathematical visualization",/shape/phantom_dark_energy,t,2025-12-04T10:38:14.652Z,2025-12-04T10:38:14.652Z,75.350000,,,,,0,0,55000000000000000000000000000000,,success,0x425734a7fd13E9994b66a7909206007A1EF7030B
637,primordial_star_formation,Primordial Star Formation,cosmic_history_gaps,Cosmic History Gaps,Primordial Star Formation - Cosmic History Gaps mathematical visualization,frontend,0.8,"Primordial Star Formation, Cosmic History Gaps, mathematical visualization",/shape/primordial_star_formation,t,2025-12-04T10:38:14.652Z,2025-12-04T10:38:14.652Z,75.350000,,,,,0,0,55000000000000000000000000000000,,success,0x425734a7fd13E9994b66a7909206007A1EF7030B
638,cosmic_web_filaments,Cosmic Web Filaments,cosmic_history_gaps,Cosmic History Gaps,Cosmic Web Filaments - Cosmic History Gaps mathematical visualization,frontend,0.8,"Cosmic Web Filaments, Cosmic History Gaps, mathematical visualization",/shape/cosmic_web_filaments,t,2025-12-04T10:38:14.652Z,2025-12-04T10:38:14.652Z,75.350000,,,,,0,0,55000000000000000000000000000000,,success,0x425734a7fd13E9994b66a7909206007A1EF7030B
639,reionization_bubbles,Reionization Bubbles,cosmic_history_gaps,Cosmic History Gaps,Reionization Bubbles - Cosmic History Gaps mathematical visualization,frontend,0.8,"Reionization Bubbles, Cosmic History Gaps, mathematical visualization",/shape/reionization_bubbles,t,2025-12-04T10:38:14.652Z,2025-12-04T10:38:14.652Z,75.350000,,,,,0,0,55000000000000000000000000000000,,success,0x425734a7fd13E9994b66a7909206007A1EF7030B
640,supermassive_black_hole_formation,Supermassive Black Hole Formation,cosmic_history_gaps,Cosmic History Gaps,Supermassive Black Hole Formation - Cosmic History Gaps mathematical visualization,frontend,0.8,"Supermassive Black Hole Formation, Cosmic History Gaps, mathematical visualization",/shape/supermassive_black_hole_formation,t,2025-12-04T10:38:14.652Z,2025-12-04T10:38:14.652Z,75.350000,,,,,0,0,55000000000000000000000000000000,,success,0x425734a7fd13E9994b66a7909206007A1EF7030B
641,quasar_accretion_disk,Quasar Accretion Disk,cosmic_history_gaps,Cosmic History Gaps,Quasar Accretion Disk - Cosmic History Gaps mathematical visualization,frontend,0.8,"Quasar Accretion Disk, Cosmic History Gaps, mathematical visualization",/shape/quasar_accretion_disk,t,2025-12-04T10:38:14.652Z,2025-12-04T10:38:14.652Z,75.350000,,,,,0,0,55000000000000000000000000000000,,success,0x425734a7fd13E9994b66a7909206007A1EF7030B
642,primordial_black_hole_merger,Primordial Black Hole Merger,cosmic_history_gaps,Cosmic History Gaps,Primordial Black Hole Merger - Cosmic History Gaps mathematical visualization,frontend,0.8,"Primordial Black Hole Merger, Cosmic History Gaps, mathematical visualization",/shape/primordial_black_hole_merger,t,2025-12-04T10:38:14.652Z,2025-12-04T10:38:14.652Z,75.350000,,,,,0,0,55000000000000000000000000000000,,success,0x425734a7fd13E9994b66a7909206007A1EF7030B
643,galaxy_formation_simulation,Galaxy Formation Simulation,cosmic_history_gaps,Cosmic History Gaps,Galaxy Formation Simulation - Cosmic History Gaps mathematical visualization,frontend,0.8,"Galaxy Formation Simulation, Cosmic History Gaps, mathematical visualization",/shape/galaxy_formation_simulation,t,2025-12-04T10:38:14.652Z,2025-12-04T10:38:14.652Z,75.350000,,,,,0,0,55000000000000000000000000000000,,success,0x425734a7fd13E9994b66a7909206007A1EF7030B
644,stellar_feedback_mechanisms,Stellar Feedback Mechanisms,cosmic_history_gaps,Cosmic History Gaps,Stellar Feedback Mechanisms - Cosmic History Gaps mathematical visualization,frontend,0.8,"Stellar Feedback Mechanisms, Cosmic History Gaps, mathematical visualization",/shape/stellar_feedback_mechanisms,t,2025-12-04T10:38:14.652Z,2025-12-04T10:38:14.652Z,75.350000,,,,,0,0,55000000000000000000000000000000,,success,0x425734a7fd13E9994b66a7909206007A1EF7030B
645,dwarf_galaxy_evolution,Dwarf Galaxy Evolution,cosmic_history_gaps,Cosmic History Gaps,Dwarf Galaxy Evolution - Cosmic History Gaps mathematical visualization,frontend,0.8,"Dwarf Galaxy Evolution, Cosmic History Gaps, mathematical visualization",/shape/dwarf_galaxy_evolution,t,2025-12-04T10:38:14.652Z,2025-12-04T10:38:14.652Z,75.350000,,,,,0,0,55000000000000000000000000000000,,success,0x425734a7fd13E9994b66a7909206007A1EF7030B
646,fine_tuning_parameters,Fine Tuning Parameters,cosmic_history_gaps,Cosmic History Gaps,Fine Tuning Parameters - Cosmic History Gaps mathematical visualization,frontend,0.8,"Fine Tuning Parameters, Cosmic History Gaps, mathematical visualization",/shape/fine_tuning_parameters,t,2025-12-04T10:38:14.652Z,2025-12-04T10:38:14.652Z,75.350000,,,,,0,0,55000000000000000000000000000000,,success,0x425734a7fd13E9994b66a7909206007A1EF7030B
647,anthropic_principle_surface,Anthropic Principle Surface,entropic_principles,Entropic Principles,Anthropic Principle Surface - Entropic Principles mathematical visualization,frontend,0.8,"Anthropic Principle Surface, Entropic Principles, mathematical visualization",/shape/anthropic_principle_surface,t,2025-12-04T10:38:14.652Z,2025-12-04T10:38:14.652Z,75.350000,,,,,0,0,55000000000000000000000000000000,,success,0x425734a7fd13E9994b66a7909206007A1EF7030B
648,anthropic_fine_tuning,Anthropic Fine Tuning,entropic_principles,Entropic Principles,Anthropic Fine Tuning - Entropic Principles mathematical visualization,frontend,0.8,"Anthropic Fine Tuning, Entropic Principles, mathematical visualization",/shape/anthropic_fine_tuning,t,2025-12-04T10:38:14.652Z,2025-12-04T10:38:14.652Z,75.350000,,,,,0,0,55000000000000000000000000000000,,success,0x425734a7fd13E9994b66a7909206007A1EF7030B
649,boltzmann_entropy_landscape,Boltzmann Entropy Landscape,entropic_principles,Entropic Principles,Boltzmann Entropy Landscape - Entropic Principles mathematical visualization,frontend,0.8,"Boltzmann Entropy Landscape, Entropic Principles, mathematical visualization",/shape/boltzmann_entropy_landscape,t,2025-12-04T10:38:14.652Z,2025-12-04T10:38:14.652Z,75.350000,,,,,0,0,55000000000000000000000000000000,,success,0x425734a7fd13E9994b66a7909206007A1EF7030B
650,entropy_production_flow,Entropy Production Flow,entropic_principles,Entropic Principles,Entropy Production Flow - Entropic Principles mathematical visualization,frontend,0.8,"Entropy Production Flow, Entropic Principles, mathematical visualization",/shape/entropy_production_flow,t,2025-12-04T10:38:14.652Z,2025-12-04T10:38:14.652Z,75.350000,,,,,0,0,55000000000000000000000000000000,,success,0x425734a7fd13E9994b66a7909206007A1EF7030B
652,causal_entropic_principle,Causal Entropic Principle,entropic_principles,Entropic Principles,Causal Entropic Principle - Entropic Principles mathematical visualization,frontend,0.8,"Causal Entropic Principle, Entropic Principles, mathematical visualization",/shape/causal_entropic_principle,t,2025-12-04T10:38:14.652Z,2025-12-04T10:38:14.652Z,75.350000,,,,,0,0,55000000000000000000000000000000,,success,0x425734a7fd13E9994b66a7909206007A1EF7030B
653,cep_universe_selection,Cep Universe Selection,entropic_principles,Entropic Principles,Cep Universe Selection - Entropic Principles mathematical visualization,frontend,0.8,"Cep Universe Selection, Entropic Principles, mathematical visualization",/shape/cep_universe_selection,t,2025-12-04T10:38:14.652Z,2025-12-04T10:38:14.652Z,75.350000,,,,,0,0,55000000000000000000000000000000,,success,0x425734a7fd13E9994b66a7909206007A1EF7030B
654,cep_entropy_observer_fusion,Cep Entropy Observer Fusion,entropic_principles,Entropic Principles,Cep Entropy Observer Fusion - Entropic Principles mathematical visualization,frontend,0.8,"Cep Entropy Observer Fusion, Entropic Principles, mathematical visualization",/shape/cep_entropy_observer_fusion,t,2025-12-04T10:38:14.652Z,2025-12-04T10:38:14.652Z,75.350000,,,,,0,0,55000000000000000000000000000000,,success,0x425734a7fd13E9994b66a7909206007A1EF7030B
1327,plant_hormone_signaling,🌿 Plant Hormone Signaling - Auxin Transport,general,general,Parametric surface,formula_sync,0.8,"general, UUON, parametric surface",/shapes/plant-hormone-signaling,t,2026-06-12T23:55:48.770Z,2026-06-12T23:55:48.770Z,75.350000,,,,,0,0,55000000000000000000000000000000,,success,0x425734a7fd13E9994b66a7909206007A1EF7030B
655,cosmic_entropy_budget,Cosmic Entropy Budget,entropic_principles,Entropic Principles,Cosmic Entropy Budget - Entropic Principles mathematical visualization,frontend,0.8,"Cosmic Entropy Budget, Entropic Principles, mathematical visualization",/shape/cosmic_entropy_budget,t,2025-12-04T10:38:14.652Z,2025-12-04T10:38:14.652Z,75.350000,,,,,0,0,55000000000000000000000000000000,,success,0x425734a7fd13E9994b66a7909206007A1EF7030B
656,boltzmann_brain_probability,Boltzmann Brain Probability,entropic_principles,Entropic Principles,Boltzmann Brain Probability - Entropic Principles mathematical visualization,frontend,0.8,"Boltzmann Brain Probability, Entropic Principles, mathematical visualization",/shape/boltzmann_brain_probability,t,2025-12-04T10:38:14.652Z,2025-12-04T10:38:14.652Z,75.350000,,,,,0,0,55000000000000000000000000000000,,success,0x425734a7fd13E9994b66a7909206007A1EF7030B
657,heat_death_horizon,Heat Death Horizon,entropic_principles,Entropic Principles,Heat Death Horizon - Entropic Principles mathematical visualization,frontend,0.8,"Heat Death Horizon, Entropic Principles, mathematical visualization",/shape/heat_death_horizon,t,2025-12-04T10:38:14.652Z,2025-12-04T10:38:14.652Z,75.350000,,,,,0,0,55000000000000000000000000000000,,success,0x425734a7fd13E9994b66a7909206007A1EF7030B
658,shannon_entropy_surface,Shannon Entropy Surface,entropic_principles,Entropic Principles,Shannon Entropy Surface - Entropic Principles mathematical visualization,frontend,0.8,"Shannon Entropy Surface, Entropic Principles, mathematical visualization",/shape/shannon_entropy_surface,t,2025-12-04T10:38:14.652Z,2025-12-04T10:38:14.652Z,75.350000,,,,,0,0,55000000000000000000000000000000,,success,0x425734a7fd13E9994b66a7909206007A1EF7030B
660,holographic_entropy_bound,Holographic Entropy Bound,entropic_principles,Entropic Principles,Holographic Entropy Bound - Entropic Principles mathematical visualization,frontend,0.8,"Holographic Entropy Bound, Entropic Principles, mathematical visualization",/shape/holographic_entropy_bound,t,2025-12-04T10:38:14.652Z,2025-12-04T10:38:14.652Z,75.350000,,,,,0,0,55000000000000000000000000000000,,success,0x425734a7fd13E9994b66a7909206007A1EF7030B
661,causal_horizon_boundary,Causal Horizon Boundary,entropic_principles,Entropic Principles,Causal Horizon Boundary - Entropic Principles mathematical visualization,frontend,0.8,"Causal Horizon Boundary, Entropic Principles, mathematical visualization",/shape/causal_horizon_boundary,t,2025-12-04T10:38:14.652Z,2025-12-04T10:38:14.652Z,75.350000,,,,,0,0,55000000000000000000000000000000,,success,0x425734a7fd13E9994b66a7909206007A1EF7030B
662,cosmological_constant_cep,Cosmological Constant Cep,entropic_principles,Entropic Principles,Cosmological Constant Cep - Entropic Principles mathematical visualization,frontend,0.8,"Cosmological Constant Cep, Entropic Principles, mathematical visualization",/shape/cosmological_constant_cep,t,2025-12-04T10:38:14.652Z,2025-12-04T10:38:14.652Z,75.350000,,,,,0,0,55000000000000000000000000000000,,success,0x425734a7fd13E9994b66a7909206007A1EF7030B
663,density_fluctuation_q_cep,Density Fluctuation Q Cep,entropic_principles,Entropic Principles,Density Fluctuation Q Cep - Entropic Principles mathematical visualization,frontend,0.8,"Density Fluctuation Q Cep, Entropic Principles, mathematical visualization",/shape/density_fluctuation_q_cep,t,2025-12-04T10:38:14.652Z,2025-12-04T10:38:14.652Z,75.350000,,,,,0,0,55000000000000000000000000000000,,success,0x425734a7fd13E9994b66a7909206007A1EF7030B
664,euclidean_algorithm,Euclidean Algorithm,original_algorithms,Original Algorithms,Euclidean Algorithm - Original Algorithms mathematical visualization,frontend,0.8,"Euclidean Algorithm, Original Algorithms, mathematical visualization",/shape/euclidean_algorithm,t,2025-12-04T10:38:14.652Z,2025-12-04T10:38:14.652Z,75.350000,,,,,0,0,55000000000000000000000000000000,,success,0x425734a7fd13E9994b66a7909206007A1EF7030B
665,sieve_eratosthenes,Sieve Eratosthenes,original_algorithms,Original Algorithms,Sieve Eratosthenes - Original Algorithms mathematical visualization,frontend,0.8,"Sieve Eratosthenes, Original Algorithms, mathematical visualization",/shape/sieve_eratosthenes,t,2025-12-04T10:38:14.652Z,2025-12-04T10:38:14.652Z,75.350000,,,,,0,0,55000000000000000000000000000000,,success,0x425734a7fd13E9994b66a7909206007A1EF7030B
666,babylonian_square_root,Babylonian Square Root,original_algorithms,Original Algorithms,Babylonian Square Root - Original Algorithms mathematical visualization,frontend,0.8,"Babylonian Square Root, Original Algorithms, mathematical visualization",/shape/babylonian_square_root,t,2025-12-04T10:38:14.652Z,2025-12-04T10:38:14.652Z,75.350000,,,,,0,0,55000000000000000000000000000000,,success,0x425734a7fd13E9994b66a7909206007A1EF7030B
667,newton_raphson,Newton Raphson,original_algorithms,Original Algorithms,Newton Raphson - Original Algorithms mathematical visualization,frontend,0.8,"Newton Raphson, Original Algorithms, mathematical visualization",/shape/newton_raphson,t,2025-12-04T10:38:14.652Z,2025-12-04T10:38:14.652Z,75.350000,,,,,0,0,55000000000000000000000000000000,,success,0x425734a7fd13E9994b66a7909206007A1EF7030B
668,fibonacci_spiral_enhanced,Fibonacci Spiral Enhanced,original_algorithms,Original Algorithms,Fibonacci Spiral Enhanced - Original Algorithms mathematical visualization,frontend,0.8,"Fibonacci Spiral Enhanced, Original Algorithms, mathematical visualization",/shape/fibonacci_spiral_enhanced,t,2025-12-04T10:38:14.652Z,2025-12-04T10:38:14.652Z,75.350000,,,,,0,0,55000000000000000000000000000000,,success,0x425734a7fd13E9994b66a7909206007A1EF7030B
1676,hash_function_distribution,Hash Function Distribution,general,general,Parametric surface,formula_sync,0.8,"general, UUON, parametric surface",/shapes/hash-function-distribution,t,2026-06-12T23:56:15.036Z,2026-06-12T23:56:15.036Z,75.350000,,,,,0,0,55000000000000000000000000000000,,success,0x425734a7fd13E9994b66a7909206007A1EF7030B
669,kepler_planetary_motion,Kepler Planetary Motion,original_algorithms,Original Algorithms,Kepler Planetary Motion - Original Algorithms mathematical visualization,frontend,0.8,"Kepler Planetary Motion, Original Algorithms, mathematical visualization",/shape/kepler_planetary_motion,t,2025-12-04T10:38:14.652Z,2025-12-04T10:38:14.652Z,75.350000,,,,,0,0,55000000000000000000000000000000,,success,0x425734a7fd13E9994b66a7909206007A1EF7030B
670,diffusion_heat_equation,Diffusion Heat Equation,original_algorithms,Original Algorithms,Diffusion Heat Equation - Original Algorithms mathematical visualization,frontend,0.8,"Diffusion Heat Equation, Original Algorithms, mathematical visualization",/shape/diffusion_heat_equation,t,2025-12-04T10:38:14.652Z,2025-12-04T10:38:14.652Z,75.350000,,,,,0,0,55000000000000000000000000000000,,success,0x425734a7fd13E9994b66a7909206007A1EF7030B
671,crystal_lattice_fcc,Crystal Lattice Fcc,original_algorithms,Original Algorithms,Crystal Lattice Fcc - Original Algorithms mathematical visualization,frontend,0.8,"Crystal Lattice Fcc, Original Algorithms, mathematical visualization",/shape/crystal_lattice_fcc,t,2025-12-04T10:38:14.652Z,2025-12-04T10:38:14.652Z,75.350000,,,,,0,0,55000000000000000000000000000000,,success,0x425734a7fd13E9994b66a7909206007A1EF7030B
672,binary_tree_traversal,Binary Tree Traversal,original_algorithms,Original Algorithms,Binary Tree Traversal - Original Algorithms mathematical visualization,frontend,0.8,"Binary Tree Traversal, Original Algorithms, mathematical visualization",/shape/binary_tree_traversal,t,2025-12-04T10:38:14.652Z,2025-12-04T10:38:14.652Z,75.350000,,,,,0,0,55000000000000000000000000000000,,success,0x425734a7fd13E9994b66a7909206007A1EF7030B
673,quicksort_partition_tree,Quicksort Partition Tree,original_algorithms,Original Algorithms,Quicksort Partition Tree - Original Algorithms mathematical visualization,frontend,0.8,"Quicksort Partition Tree, Original Algorithms, mathematical visualization",/shape/quicksort_partition_tree,t,2025-12-04T10:38:14.652Z,2025-12-04T10:38:14.652Z,75.350000,,,,,0,0,55000000000000000000000000000000,,success,0x425734a7fd13E9994b66a7909206007A1EF7030B
674,dna_replication_algorithm,Dna Replication Algorithm,original_algorithms,Original Algorithms,Dna Replication Algorithm - Original Algorithms mathematical visualization,frontend,0.8,"Dna Replication Algorithm, Original Algorithms, mathematical visualization",/shape/dna_replication_algorithm,t,2025-12-04T10:38:14.652Z,2025-12-04T10:38:14.652Z,75.350000,,,,,0,0,55000000000000000000000000000000,,success,0x425734a7fd13E9994b66a7909206007A1EF7030B
675,einstein_mass_energy,Einstein Mass Energy,original_algorithms,Original Algorithms,Einstein Mass Energy - Original Algorithms mathematical visualization,frontend,0.8,"Einstein Mass Energy, Original Algorithms, mathematical visualization",/shape/einstein_mass_energy,t,2025-12-04T10:38:14.652Z,2025-12-04T10:38:14.652Z,75.350000,,,,,0,0,55000000000000000000000000000000,,success,0x425734a7fd13E9994b66a7909206007A1EF7030B
676,einstein_energy_per_mass,Einstein Energy Per Mass,original_algorithms,Original Algorithms,Einstein Energy Per Mass - Original Algorithms mathematical visualization,frontend,0.8,"Einstein Energy Per Mass, Original Algorithms, mathematical visualization",/shape/einstein_energy_per_mass,t,2025-12-04T10:38:14.652Z,2025-12-04T10:38:14.652Z,75.350000,,,,,0,0,55000000000000000000000000000000,,success,0x425734a7fd13E9994b66a7909206007A1EF7030B
677,einstein_mass_from_energy,Einstein Mass From Energy,original_algorithms,Original Algorithms,Einstein Mass From Energy - Original Algorithms mathematical visualization,frontend,0.8,"Einstein Mass From Energy, Original Algorithms, mathematical visualization",/shape/einstein_mass_from_energy,t,2025-12-04T10:38:14.652Z,2025-12-04T10:38:14.652Z,75.350000,,,,,0,0,55000000000000000000000000000000,,success,0x425734a7fd13E9994b66a7909206007A1EF7030B
678,einstein_multiplicative_form,Einstein Multiplicative Form,original_algorithms,Original Algorithms,Einstein Multiplicative Form - Original Algorithms mathematical visualization,frontend,0.8,"Einstein Multiplicative Form, Original Algorithms, mathematical visualization",/shape/einstein_multiplicative_form,t,2025-12-04T10:38:14.652Z,2025-12-04T10:38:14.652Z,75.350000,,,,,0,0,55000000000000000000000000000000,,success,0x425734a7fd13E9994b66a7909206007A1EF7030B
918,cubinder,Cubinder,4d-hyperdimensional,round,Cube × circle in 4D,formula_sync,0.8,"4d-hyperdimensional, UUON, parametric surface",/shapes/cubinder,t,2026-06-12T23:55:22.433Z,2026-06-12T23:55:22.433Z,75.350000,,,,,0,0,55000000000000000000000000000000,,success,0x425734a7fd13E9994b66a7909206007A1EF7030B
679,einstein_absolute_magnitude,Einstein Absolute Magnitude,original_algorithms,Original Algorithms,Einstein Absolute Magnitude - Original Algorithms mathematical visualization,frontend,0.8,"Einstein Absolute Magnitude, Original Algorithms, mathematical visualization",/shape/einstein_absolute_magnitude,t,2025-12-04T10:38:14.652Z,2025-12-04T10:38:14.652Z,75.350000,,,,,0,0,55000000000000000000000000000000,,success,0x425734a7fd13E9994b66a7909206007A1EF7030B
680,einstein_tensor_product,Einstein Tensor Product,original_algorithms,Original Algorithms,Einstein Tensor Product - Original Algorithms mathematical visualization,frontend,0.8,"Einstein Tensor Product, Original Algorithms, mathematical visualization",/shape/einstein_tensor_product,t,2025-12-04T10:38:14.652Z,2025-12-04T10:38:14.652Z,75.350000,,,,,0,0,55000000000000000000000000000000,,success,0x425734a7fd13E9994b66a7909206007A1EF7030B
681,einstein_dot_product,Einstein Dot Product,original_algorithms,Original Algorithms,Einstein Dot Product - Original Algorithms mathematical visualization,frontend,0.8,"Einstein Dot Product, Original Algorithms, mathematical visualization",/shape/einstein_dot_product,t,2025-12-04T10:38:14.652Z,2025-12-04T10:38:14.652Z,75.350000,,,,,0,0,55000000000000000000000000000000,,success,0x425734a7fd13E9994b66a7909206007A1EF7030B
682,einstein_exponential_form,Einstein Exponential Form,original_algorithms,Original Algorithms,Einstein Exponential Form - Original Algorithms mathematical visualization,frontend,0.8,"Einstein Exponential Form, Original Algorithms, mathematical visualization",/shape/einstein_exponential_form,t,2025-12-04T10:38:14.652Z,2025-12-04T10:38:14.652Z,75.350000,,,,,0,0,55000000000000000000000000000000,,success,0x425734a7fd13E9994b66a7909206007A1EF7030B
683,relativistic_energy_momentum,Relativistic Energy Momentum,original_algorithms,Original Algorithms,Relativistic Energy Momentum - Original Algorithms mathematical visualization,frontend,0.8,"Relativistic Energy Momentum, Original Algorithms, mathematical visualization",/shape/relativistic_energy_momentum,t,2025-12-04T10:38:14.652Z,2025-12-04T10:38:14.652Z,75.350000,,,,,0,0,55000000000000000000000000000000,,success,0x425734a7fd13E9994b66a7909206007A1EF7030B
684,quantum_energy_frequency,Quantum Energy Frequency,original_algorithms,Original Algorithms,Quantum Energy Frequency - Original Algorithms mathematical visualization,frontend,0.8,"Quantum Energy Frequency, Original Algorithms, mathematical visualization",/shape/quantum_energy_frequency,t,2025-12-04T10:38:14.652Z,2025-12-04T10:38:14.652Z,75.350000,,,,,0,0,55000000000000000000000000000000,,success,0x425734a7fd13E9994b66a7909206007A1EF7030B
685,thermal_energy_boltzmann,Thermal Energy Boltzmann,original_algorithms,Original Algorithms,Thermal Energy Boltzmann - Original Algorithms mathematical visualization,frontend,0.8,"Thermal Energy Boltzmann, Original Algorithms, mathematical visualization",/shape/thermal_energy_boltzmann,t,2025-12-04T10:38:14.652Z,2025-12-04T10:38:14.652Z,75.350000,,,,,0,0,55000000000000000000000000000000,,success,0x425734a7fd13E9994b66a7909206007A1EF7030B
686,newton_force_acceleration,Newton Force Acceleration,original_algorithms,Original Algorithms,Newton Force Acceleration - Original Algorithms mathematical visualization,frontend,0.8,"Newton Force Acceleration, Original Algorithms, mathematical visualization",/shape/newton_force_acceleration,t,2025-12-04T10:38:14.652Z,2025-12-04T10:38:14.652Z,75.350000,,,,,0,0,55000000000000000000000000000000,,success,0x425734a7fd13E9994b66a7909206007A1EF7030B
687,momentum_force_law,Momentum Force Law,original_algorithms,Original Algorithms,Momentum Force Law - Original Algorithms mathematical visualization,frontend,0.8,"Momentum Force Law, Original Algorithms, mathematical visualization",/shape/momentum_force_law,t,2025-12-04T10:38:14.652Z,2025-12-04T10:38:14.652Z,75.350000,,,,,0,0,55000000000000000000000000000000,,success,0x425734a7fd13E9994b66a7909206007A1EF7030B
688,work_energy_theorem,Work Energy Theorem,original_algorithms,Original Algorithms,Work Energy Theorem - Original Algorithms mathematical visualization,frontend,0.8,"Work Energy Theorem, Original Algorithms, mathematical visualization",/shape/work_energy_theorem,t,2025-12-04T10:38:14.652Z,2025-12-04T10:38:14.652Z,75.350000,,,,,0,0,55000000000000000000000000000000,,success,0x425734a7fd13E9994b66a7909206007A1EF7030B
689,gravitational_force_law,Gravitational Force Law,original_algorithms,Original Algorithms,Gravitational Force Law - Original Algorithms mathematical visualization,frontend,0.8,"Gravitational Force Law, Original Algorithms, mathematical visualization",/shape/gravitational_force_law,t,2025-12-04T10:38:14.652Z,2025-12-04T10:38:14.652Z,75.350000,,,,,0,0,55000000000000000000000000000000,,success,0x425734a7fd13E9994b66a7909206007A1EF7030B
690,lorentz_electromagnetic_force,Lorentz Electromagnetic Force,original_algorithms,Original Algorithms,Lorentz Electromagnetic Force - Original Algorithms mathematical visualization,frontend,0.8,"Lorentz Electromagnetic Force, Original Algorithms, mathematical visualization",/shape/lorentz_electromagnetic_force,t,2025-12-04T10:38:14.652Z,2025-12-04T10:38:14.652Z,75.350000,,,,,0,0,55000000000000000000000000000000,,success,0x425734a7fd13E9994b66a7909206007A1EF7030B
691,electromagnetic_wave,Electromagnetic Wave,waves,Wave Algorithms,Electromagnetic Wave - Wave Algorithms mathematical visualization,frontend,0.8,"Electromagnetic Wave, Wave Algorithms, mathematical visualization",/shape/electromagnetic_wave,t,2025-12-04T10:38:14.652Z,2025-12-04T10:38:14.652Z,75.350000,,,,,0,0,55000000000000000000000000000000,,success,0x425734a7fd13E9994b66a7909206007A1EF7030B
694,seismic_wave,Seismic Wave,waves,Wave Algorithms,Seismic Wave - Wave Algorithms mathematical visualization,frontend,0.8,"Seismic Wave, Wave Algorithms, mathematical visualization",/shape/seismic_wave,t,2025-12-04T10:38:14.652Z,2025-12-04T10:38:14.652Z,75.350000,,,,,0,0,55000000000000000000000000000000,,success,0x425734a7fd13E9994b66a7909206007A1EF7030B
695,ocean_wave,Ocean Wave,waves,Wave Algorithms,Ocean Wave - Wave Algorithms mathematical visualization,frontend,0.8,"Ocean Wave, Wave Algorithms, mathematical visualization",/shape/ocean_wave,t,2025-12-04T10:38:14.652Z,2025-12-04T10:38:14.652Z,75.350000,,,,,0,0,55000000000000000000000000000000,,success,0x425734a7fd13E9994b66a7909206007A1EF7030B
697,cardiac_wave,Cardiac Wave,waves,Wave Algorithms,Cardiac Wave - Wave Algorithms mathematical visualization,frontend,0.8,"Cardiac Wave, Wave Algorithms, mathematical visualization",/shape/cardiac_wave,t,2025-12-04T10:38:14.652Z,2025-12-04T10:38:14.652Z,75.350000,,,,,0,0,55000000000000000000000000000000,,success,0x425734a7fd13E9994b66a7909206007A1EF7030B
698,quantum_wave,Quantum Wave,waves,Wave Algorithms,Quantum Wave - Wave Algorithms mathematical visualization,frontend,0.8,"Quantum Wave, Wave Algorithms, mathematical visualization",/shape/quantum_wave,t,2025-12-04T10:38:14.652Z,2025-12-04T10:38:14.652Z,75.350000,,,,,0,0,55000000000000000000000000000000,,success,0x425734a7fd13E9994b66a7909206007A1EF7030B
699,atmospheric_wave,Atmospheric Wave,waves,Wave Algorithms,Atmospheric Wave - Wave Algorithms mathematical visualization,frontend,0.8,"Atmospheric Wave, Wave Algorithms, mathematical visualization",/shape/atmospheric_wave,t,2025-12-04T10:38:14.652Z,2025-12-04T10:38:14.652Z,75.350000,,,,,0,0,55000000000000000000000000000000,,success,0x425734a7fd13E9994b66a7909206007A1EF7030B
700,circadian_wave,Circadian Wave,waves,Wave Algorithms,Circadian Wave - Wave Algorithms mathematical visualization,frontend,0.8,"Circadian Wave, Wave Algorithms, mathematical visualization",/shape/circadian_wave,t,2025-12-04T10:38:14.652Z,2025-12-04T10:38:14.652Z,75.350000,,,,,0,0,55000000000000000000000000000000,,success,0x425734a7fd13E9994b66a7909206007A1EF7030B
707,universal_set,Universal Set,set_theory,Set Theory,Universal Set - Set Theory mathematical visualization,frontend,0.8,"Universal Set, Set Theory, mathematical visualization",/shape/universal_set,t,2025-12-04T10:38:14.652Z,2025-12-04T10:38:14.652Z,75.350000,,,,,0,0,55000000000000000000000000000000,,success,0x425734a7fd13E9994b66a7909206007A1EF7030B
708,equivalent_sets,Equivalent Sets,set_theory,Set Theory,Equivalent Sets - Set Theory mathematical visualization,frontend,0.8,"Equivalent Sets, Set Theory, mathematical visualization",/shape/equivalent_sets,t,2025-12-04T10:38:14.652Z,2025-12-04T10:38:14.652Z,75.350000,,,,,0,0,55000000000000000000000000000000,,success,0x425734a7fd13E9994b66a7909206007A1EF7030B
709,equal_sets,Equal Sets,set_theory,Set Theory,Equal Sets - Set Theory mathematical visualization,frontend,0.8,"Equal Sets, Set Theory, mathematical visualization",/shape/equal_sets,t,2025-12-04T10:38:14.652Z,2025-12-04T10:38:14.652Z,75.350000,,,,,0,0,55000000000000000000000000000000,,success,0x425734a7fd13E9994b66a7909206007A1EF7030B
710,super_set,Super Set,set_theory,Set Theory,Super Set - Set Theory mathematical visualization,frontend,0.8,"Super Set, Set Theory, mathematical visualization",/shape/super_set,t,2025-12-04T10:38:14.652Z,2025-12-04T10:38:14.652Z,75.350000,,,,,0,0,55000000000000000000000000000000,,success,0x425734a7fd13E9994b66a7909206007A1EF7030B
711,venn_diagram_sets,Venn Diagram Sets,set_theory,Set Theory,Venn Diagram Sets - Set Theory mathematical visualization,frontend,0.8,"Venn Diagram Sets, Set Theory, mathematical visualization",/shape/venn_diagram_sets,t,2025-12-04T10:38:14.652Z,2025-12-04T10:38:14.652Z,75.350000,,,,,0,0,55000000000000000000000000000000,,success,0x425734a7fd13E9994b66a7909206007A1EF7030B
712,complement_set,Complement Set,set_theory,Set Theory,Complement Set - Set Theory mathematical visualization,frontend,0.8,"Complement Set, Set Theory, mathematical visualization",/shape/complement_set,t,2025-12-04T10:38:14.652Z,2025-12-04T10:38:14.652Z,75.350000,,,,,0,0,55000000000000000000000000000000,,success,0x425734a7fd13E9994b66a7909206007A1EF7030B
713,schrodinger_time_dependent,Schrodinger Time Dependent,schrodinger,Schrödinger Equations,Schrodinger Time Dependent - Schrödinger Equations mathematical visualization,frontend,0.8,"Schrodinger Time Dependent, Schrödinger Equations, mathematical visualization",/shape/schrodinger_time_dependent,t,2025-12-04T10:38:14.652Z,2025-12-04T10:38:14.652Z,75.350000,,,,,0,0,55000000000000000000000000000000,,success,0x425734a7fd13E9994b66a7909206007A1EF7030B
714,schrodinger_time_independent,Schrodinger Time Independent,schrodinger,Schrödinger Equations,Schrodinger Time Independent - Schrödinger Equations mathematical visualization,frontend,0.8,"Schrodinger Time Independent, Schrödinger Equations, mathematical visualization",/shape/schrodinger_time_independent,t,2025-12-04T10:38:14.652Z,2025-12-04T10:38:14.652Z,75.350000,,,,,0,0,55000000000000000000000000000000,,success,0x425734a7fd13E9994b66a7909206007A1EF7030B
715,hydrogen_orbital_1s,Hydrogen Orbital 1s,schrodinger,Schrödinger Equations,Hydrogen Orbital 1s - Schrödinger Equations mathematical visualization,frontend,0.8,"Hydrogen Orbital 1s, Schrödinger Equations, mathematical visualization",/shape/hydrogen_orbital_1s,t,2025-12-04T10:38:14.652Z,2025-12-04T10:38:14.652Z,75.350000,,,,,0,0,55000000000000000000000000000000,,success,0x425734a7fd13E9994b66a7909206007A1EF7030B
716,hydrogen_orbital_2p,Hydrogen Orbital 2p,schrodinger,Schrödinger Equations,Hydrogen Orbital 2p - Schrödinger Equations mathematical visualization,frontend,0.8,"Hydrogen Orbital 2p, Schrödinger Equations, mathematical visualization",/shape/hydrogen_orbital_2p,t,2025-12-04T10:38:14.652Z,2025-12-04T10:38:14.652Z,75.350000,,,,,0,0,55000000000000000000000000000000,,success,0x425734a7fd13E9994b66a7909206007A1EF7030B
717,hydrogen_orbital_3d,Hydrogen Orbital 3d,schrodinger,Schrödinger Equations,Hydrogen Orbital 3d - Schrödinger Equations mathematical visualization,frontend,0.8,"Hydrogen Orbital 3d, Schrödinger Equations, mathematical visualization",/shape/hydrogen_orbital_3d,t,2025-12-04T10:38:14.652Z,2025-12-04T10:38:14.652Z,75.350000,,,,,0,0,55000000000000000000000000000000,,success,0x425734a7fd13E9994b66a7909206007A1EF7030B
718,hydrogen_orbital_4f,Hydrogen Orbital 4f,schrodinger,Schrödinger Equations,Hydrogen Orbital 4f - Schrödinger Equations mathematical visualization,frontend,0.8,"Hydrogen Orbital 4f, Schrödinger Equations, mathematical visualization",/shape/hydrogen_orbital_4f,t,2025-12-04T10:38:14.652Z,2025-12-04T10:38:14.652Z,75.350000,,,,,0,0,55000000000000000000000000000000,,success,0x425734a7fd13E9994b66a7909206007A1EF7030B
719,hydrogen_orbital_5d,Hydrogen Orbital 5d,schrodinger,Schrödinger Equations,Hydrogen Orbital 5d - Schrödinger Equations mathematical visualization,frontend,0.8,"Hydrogen Orbital 5d, Schrödinger Equations, mathematical visualization",/shape/hydrogen_orbital_5d,t,2025-12-04T10:38:14.652Z,2025-12-04T10:38:14.652Z,75.350000,,,,,0,0,55000000000000000000000000000000,,success,0x425734a7fd13E9994b66a7909206007A1EF7030B
720,hydrogen_orbital_6s,Hydrogen Orbital 6s,schrodinger,Schrödinger Equations,Hydrogen Orbital 6s - Schrödinger Equations mathematical visualization,frontend,0.8,"Hydrogen Orbital 6s, Schrödinger Equations, mathematical visualization",/shape/hydrogen_orbital_6s,t,2025-12-04T10:38:14.652Z,2025-12-04T10:38:14.652Z,75.350000,,,,,0,0,55000000000000000000000000000000,,success,0x425734a7fd13E9994b66a7909206007A1EF7030B
721,p_orbital_x,P Orbital X,schrodinger,Schrödinger Equations,P Orbital X - Schrödinger Equations mathematical visualization,frontend,0.8,"P Orbital X, Schrödinger Equations, mathematical visualization",/shape/p_orbital_x,t,2025-12-04T10:38:14.652Z,2025-12-04T10:38:14.652Z,75.350000,,,,,0,0,55000000000000000000000000000000,,success,0x425734a7fd13E9994b66a7909206007A1EF7030B
723,p_orbital_z,P Orbital Z,schrodinger,Schrödinger Equations,P Orbital Z - Schrödinger Equations mathematical visualization,frontend,0.8,"P Orbital Z, Schrödinger Equations, mathematical visualization",/shape/p_orbital_z,t,2025-12-04T10:38:14.652Z,2025-12-04T10:38:14.652Z,75.350000,,,,,0,0,55000000000000000000000000000000,,success,0x425734a7fd13E9994b66a7909206007A1EF7030B
724,d_orbital_xy,D Orbital Xy,schrodinger,Schrödinger Equations,D Orbital Xy - Schrödinger Equations mathematical visualization,frontend,0.8,"D Orbital Xy, Schrödinger Equations, mathematical visualization",/shape/d_orbital_xy,t,2025-12-04T10:38:14.652Z,2025-12-04T10:38:14.652Z,75.350000,,,,,0,0,55000000000000000000000000000000,,success,0x425734a7fd13E9994b66a7909206007A1EF7030B
725,d_orbital_xz,D Orbital Xz,schrodinger,Schrödinger Equations,D Orbital Xz - Schrödinger Equations mathematical visualization,frontend,0.8,"D Orbital Xz, Schrödinger Equations, mathematical visualization",/shape/d_orbital_xz,t,2025-12-04T10:38:14.652Z,2025-12-04T10:38:14.652Z,75.350000,,,,,0,0,55000000000000000000000000000000,,success,0x425734a7fd13E9994b66a7909206007A1EF7030B
726,d_orbital_yz,D Orbital Yz,schrodinger,Schrödinger Equations,D Orbital Yz - Schrödinger Equations mathematical visualization,frontend,0.8,"D Orbital Yz, Schrödinger Equations, mathematical visualization",/shape/d_orbital_yz,t,2025-12-04T10:38:14.652Z,2025-12-04T10:38:14.652Z,75.350000,,,,,0,0,55000000000000000000000000000000,,success,0x425734a7fd13E9994b66a7909206007A1EF7030B
727,d_orbital_x2_y2,D Orbital X2 Y2,schrodinger,Schrödinger Equations,D Orbital X2 Y2 - Schrödinger Equations mathematical visualization,frontend,0.8,"D Orbital X2 Y2, Schrödinger Equations, mathematical visualization",/shape/d_orbital_x2_y2,t,2025-12-04T10:38:14.652Z,2025-12-04T10:38:14.652Z,75.350000,,,,,0,0,55000000000000000000000000000000,,success,0x425734a7fd13E9994b66a7909206007A1EF7030B
728,d_orbital_z2,D Orbital Z2,schrodinger,Schrödinger Equations,D Orbital Z2 - Schrödinger Equations mathematical visualization,frontend,0.8,"D Orbital Z2, Schrödinger Equations, mathematical visualization",/shape/d_orbital_z2,t,2025-12-04T10:38:14.652Z,2025-12-04T10:38:14.652Z,75.350000,,,,,0,0,55000000000000000000000000000000,,success,0x425734a7fd13E9994b66a7909206007A1EF7030B
729,f_orbital_z3,F Orbital Z3,schrodinger,Schrödinger Equations,F Orbital Z3 - Schrödinger Equations mathematical visualization,frontend,0.8,"F Orbital Z3, Schrödinger Equations, mathematical visualization",/shape/f_orbital_z3,t,2025-12-04T10:38:14.652Z,2025-12-04T10:38:14.652Z,75.350000,,,,,0,0,55000000000000000000000000000000,,success,0x425734a7fd13E9994b66a7909206007A1EF7030B
730,f_orbital_xz2,F Orbital Xz2,schrodinger,Schrödinger Equations,F Orbital Xz2 - Schrödinger Equations mathematical visualization,frontend,0.8,"F Orbital Xz2, Schrödinger Equations, mathematical visualization",/shape/f_orbital_xz2,t,2025-12-04T10:38:14.652Z,2025-12-04T10:38:14.652Z,75.350000,,,,,0,0,55000000000000000000000000000000,,success,0x425734a7fd13E9994b66a7909206007A1EF7030B
731,f_orbital_yz2,F Orbital Yz2,schrodinger,Schrödinger Equations,F Orbital Yz2 - Schrödinger Equations mathematical visualization,frontend,0.8,"F Orbital Yz2, Schrödinger Equations, mathematical visualization",/shape/f_orbital_yz2,t,2025-12-04T10:38:14.652Z,2025-12-04T10:38:14.652Z,75.350000,,,,,0,0,55000000000000000000000000000000,,success,0x425734a7fd13E9994b66a7909206007A1EF7030B
732,f_orbital_xyz,F Orbital Xyz,schrodinger,Schrödinger Equations,F Orbital Xyz - Schrödinger Equations mathematical visualization,frontend,0.8,"F Orbital Xyz, Schrödinger Equations, mathematical visualization",/shape/f_orbital_xyz,t,2025-12-04T10:38:14.652Z,2025-12-04T10:38:14.652Z,75.350000,,,,,0,0,55000000000000000000000000000000,,success,0x425734a7fd13E9994b66a7909206007A1EF7030B
733,f_orbital_z_x2_y2,F Orbital Z X2 Y2,schrodinger,Schrödinger Equations,F Orbital Z X2 Y2 - Schrödinger Equations mathematical visualization,frontend,0.8,"F Orbital Z X2 Y2, Schrödinger Equations, mathematical visualization",/shape/f_orbital_z_x2_y2,t,2025-12-04T10:38:14.652Z,2025-12-04T10:38:14.652Z,75.350000,,,,,0,0,55000000000000000000000000000000,,success,0x425734a7fd13E9994b66a7909206007A1EF7030B
734,f_orbital_x_x2_3y2,F Orbital X X2 3y2,schrodinger,Schrödinger Equations,F Orbital X X2 3y2 - Schrödinger Equations mathematical visualization,frontend,0.8,"F Orbital X X2 3y2, Schrödinger Equations, mathematical visualization",/shape/f_orbital_x_x2_3y2,t,2025-12-04T10:38:14.652Z,2025-12-04T10:38:14.652Z,75.350000,,,,,0,0,55000000000000000000000000000000,,success,0x425734a7fd13E9994b66a7909206007A1EF7030B
735,f_orbital_y_3x2_y2,F Orbital Y 3x2 Y2,schrodinger,Schrödinger Equations,F Orbital Y 3x2 Y2 - Schrödinger Equations mathematical visualization,frontend,0.8,"F Orbital Y 3x2 Y2, Schrödinger Equations, mathematical visualization",/shape/f_orbital_y_3x2_y2,t,2025-12-04T10:38:14.652Z,2025-12-04T10:38:14.652Z,75.350000,,,,,0,0,55000000000000000000000000000000,,success,0x425734a7fd13E9994b66a7909206007A1EF7030B
736,quantum_harmonic_oscillator,Quantum Harmonic Oscillator,schrodinger,Schrödinger Equations,Quantum Harmonic Oscillator - Schrödinger Equations mathematical visualization,frontend,0.8,"Quantum Harmonic Oscillator, Schrödinger Equations, mathematical visualization",/shape/quantum_harmonic_oscillator,t,2025-12-04T10:38:14.652Z,2025-12-04T10:38:14.652Z,75.350000,,,,,0,0,55000000000000000000000000000000,,success,0x425734a7fd13E9994b66a7909206007A1EF7030B
737,harmonic_oscillator_n2,Harmonic Oscillator N2,schrodinger,Schrödinger Equations,Harmonic Oscillator N2 - Schrödinger Equations mathematical visualization,frontend,0.8,"Harmonic Oscillator N2, Schrödinger Equations, mathematical visualization",/shape/harmonic_oscillator_n2,t,2025-12-04T10:38:14.652Z,2025-12-04T10:38:14.652Z,75.350000,,,,,0,0,55000000000000000000000000000000,,success,0x425734a7fd13E9994b66a7909206007A1EF7030B
738,harmonic_oscillator_n3,Harmonic Oscillator N3,schrodinger,Schrödinger Equations,Harmonic Oscillator N3 - Schrödinger Equations mathematical visualization,frontend,0.8,"Harmonic Oscillator N3, Schrödinger Equations, mathematical visualization",/shape/harmonic_oscillator_n3,t,2025-12-04T10:38:14.652Z,2025-12-04T10:38:14.652Z,75.350000,,,,,0,0,55000000000000000000000000000000,,success,0x425734a7fd13E9994b66a7909206007A1EF7030B
739,e8_root_system,E8 Root System,e8_theory,E8 Theory of Everything,E8 Root System - E8 Theory of Everything mathematical visualization,frontend,0.8,"E8 Root System, E8 Theory of Everything, mathematical visualization",/shape/e8_root_system,t,2025-12-04T10:38:14.652Z,2025-12-04T10:38:14.652Z,75.350000,,,,,0,0,55000000000000000000000000000000,,success,0x425734a7fd13E9994b66a7909206007A1EF7030B
740,e8_dynkin_diagram,E8 Dynkin Diagram,e8_theory,E8 Theory of Everything,E8 Dynkin Diagram - E8 Theory of Everything mathematical visualization,frontend,0.8,"E8 Dynkin Diagram, E8 Theory of Everything, mathematical visualization",/shape/e8_dynkin_diagram,t,2025-12-04T10:38:14.652Z,2025-12-04T10:38:14.652Z,75.350000,,,,,0,0,55000000000000000000000000000000,,success,0x425734a7fd13E9994b66a7909206007A1EF7030B
741,e8_coxeter_plane,E8 Coxeter Plane,e8_theory,E8 Theory of Everything,E8 Coxeter Plane - E8 Theory of Everything mathematical visualization,frontend,0.8,"E8 Coxeter Plane, E8 Theory of Everything, mathematical visualization",/shape/e8_coxeter_plane,t,2025-12-04T10:38:14.652Z,2025-12-04T10:38:14.652Z,75.350000,,,,,0,0,55000000000000000000000000000000,,success,0x425734a7fd13E9994b66a7909206007A1EF7030B
742,e8_standard_model,E8 Standard Model,e8_theory,E8 Theory of Everything,E8 Standard Model - E8 Theory of Everything mathematical visualization,frontend,0.8,"E8 Standard Model, E8 Theory of Everything, mathematical visualization",/shape/e8_standard_model,t,2025-12-04T10:38:14.652Z,2025-12-04T10:38:14.652Z,75.350000,,,,,0,0,55000000000000000000000000000000,,success,0x425734a7fd13E9994b66a7909206007A1EF7030B
743,e8_fermion_spectrum,E8 Fermion Spectrum,e8_theory,E8 Theory of Everything,E8 Fermion Spectrum - E8 Theory of Everything mathematical visualization,frontend,0.8,"E8 Fermion Spectrum, E8 Theory of Everything, mathematical visualization",/shape/e8_fermion_spectrum,t,2025-12-04T10:38:14.652Z,2025-12-04T10:38:14.652Z,75.350000,,,,,0,0,55000000000000000000000000000000,,success,0x425734a7fd13E9994b66a7909206007A1EF7030B
744,e8_gauge_bosons,E8 Gauge Bosons,e8_theory,E8 Theory of Everything,E8 Gauge Bosons - E8 Theory of Everything mathematical visualization,frontend,0.8,"E8 Gauge Bosons, E8 Theory of Everything, mathematical visualization",/shape/e8_gauge_bosons,t,2025-12-04T10:38:14.652Z,2025-12-04T10:38:14.652Z,75.350000,,,,,0,0,55000000000000000000000000000000,,success,0x425734a7fd13E9994b66a7909206007A1EF7030B
745,e8_triality,E8 Triality,e8_theory,E8 Theory of Everything,E8 Triality - E8 Theory of Everything mathematical visualization,frontend,0.8,"E8 Triality, E8 Theory of Everything, mathematical visualization",/shape/e8_triality,t,2025-12-04T10:38:14.652Z,2025-12-04T10:38:14.652Z,75.350000,,,,,0,0,55000000000000000000000000000000,,success,0x425734a7fd13E9994b66a7909206007A1EF7030B
746,e8_unification,E8 Unification,e8_theory,E8 Theory of Everything,E8 Unification - E8 Theory of Everything mathematical visualization,frontend,0.8,"E8 Unification, E8 Theory of Everything, mathematical visualization",/shape/e8_unification,t,2025-12-04T10:38:14.652Z,2025-12-04T10:38:14.652Z,75.350000,,,,,0,0,55000000000000000000000000000000,,success,0x425734a7fd13E9994b66a7909206007A1EF7030B
747,e8_symmetry_breaking,E8 Symmetry Breaking,e8_theory,E8 Theory of Everything,E8 Symmetry Breaking - E8 Theory of Everything mathematical visualization,frontend,0.8,"E8 Symmetry Breaking, E8 Theory of Everything, mathematical visualization",/shape/e8_symmetry_breaking,t,2025-12-04T10:38:14.652Z,2025-12-04T10:38:14.652Z,75.350000,,,,,0,0,55000000000000000000000000000000,,success,0x425734a7fd13E9994b66a7909206007A1EF7030B
749,large_scale_structure,Large Scale Structure,cosmological_structures,Cosmological Structures,Large Scale Structure - Cosmological Structures mathematical visualization,frontend,0.8,"Large Scale Structure, Cosmological Structures, mathematical visualization",/shape/large_scale_structure,t,2025-12-04T10:38:14.652Z,2025-12-04T10:38:14.652Z,75.350000,,,,,0,0,55000000000000000000000000000000,,success,0x425734a7fd13E9994b66a7909206007A1EF7030B
753,great_attractor,Great Attractor,cosmological_structures,Cosmological Structures,Great Attractor - Cosmological Structures mathematical visualization,frontend,0.8,"Great Attractor, Cosmological Structures, mathematical visualization",/shape/great_attractor,t,2025-12-04T10:38:14.652Z,2025-12-04T10:38:14.652Z,75.350000,,,,,0,0,55000000000000000000000000000000,,success,0x425734a7fd13E9994b66a7909206007A1EF7030B
754,laniakea_supercluster,Laniakea Supercluster,cosmological_structures,Cosmological Structures,Laniakea Supercluster - Cosmological Structures mathematical visualization,frontend,0.8,"Laniakea Supercluster, Cosmological Structures, mathematical visualization",/shape/laniakea_supercluster,t,2025-12-04T10:38:14.652Z,2025-12-04T10:38:14.652Z,75.350000,,,,,0,0,55000000000000000000000000000000,,success,0x425734a7fd13E9994b66a7909206007A1EF7030B
755,virgo_cluster,Virgo Cluster,cosmological_structures,Cosmological Structures,Virgo Cluster - Cosmological Structures mathematical visualization,frontend,0.8,"Virgo Cluster, Cosmological Structures, mathematical visualization",/shape/virgo_cluster,t,2025-12-04T10:38:14.652Z,2025-12-04T10:38:14.652Z,75.350000,,,,,0,0,55000000000000000000000000000000,,success,0x425734a7fd13E9994b66a7909206007A1EF7030B
756,coma_cluster,Coma Cluster,cosmological_structures,Cosmological Structures,Coma Cluster - Cosmological Structures mathematical visualization,frontend,0.8,"Coma Cluster, Cosmological Structures, mathematical visualization",/shape/coma_cluster,t,2025-12-04T10:38:14.652Z,2025-12-04T10:38:14.652Z,75.350000,,,,,0,0,55000000000000000000000000000000,,success,0x425734a7fd13E9994b66a7909206007A1EF7030B
757,shapley_concentration,Shapley Concentration,cosmological_structures,Cosmological Structures,Shapley Concentration - Cosmological Structures mathematical visualization,frontend,0.8,"Shapley Concentration, Cosmological Structures, mathematical visualization",/shape/shapley_concentration,t,2025-12-04T10:38:14.652Z,2025-12-04T10:38:14.652Z,75.350000,,,,,0,0,55000000000000000000000000000000,,success,0x425734a7fd13E9994b66a7909206007A1EF7030B
758,quark,Quark,particle_physics,Particle Physics,Quark - Particle Physics mathematical visualization,frontend,0.8,"Quark, Particle Physics, mathematical visualization",/shape/quark,t,2025-12-04T10:38:14.652Z,2025-12-04T10:38:14.652Z,75.350000,,,,,0,0,55000000000000000000000000000000,,success,0x425734a7fd13E9994b66a7909206007A1EF7030B
759,lepton,Lepton,particle_physics,Particle Physics,Lepton - Particle Physics mathematical visualization,frontend,0.8,"Lepton, Particle Physics, mathematical visualization",/shape/lepton,t,2025-12-04T10:38:14.652Z,2025-12-04T10:38:14.652Z,75.350000,,,,,0,0,55000000000000000000000000000000,,success,0x425734a7fd13E9994b66a7909206007A1EF7030B
760,boson,Boson,particle_physics,Particle Physics,Boson - Particle Physics mathematical visualization,frontend,0.8,"Boson, Particle Physics, mathematical visualization",/shape/boson,t,2025-12-04T10:38:14.652Z,2025-12-04T10:38:14.652Z,75.350000,,,,,0,0,55000000000000000000000000000000,,success,0x425734a7fd13E9994b66a7909206007A1EF7030B
761,fermion,Fermion,particle_physics,Particle Physics,Fermion - Particle Physics mathematical visualization,frontend,0.8,"Fermion, Particle Physics, mathematical visualization",/shape/fermion,t,2025-12-04T10:38:14.652Z,2025-12-04T10:38:14.652Z,75.350000,,,,,0,0,55000000000000000000000000000000,,success,0x425734a7fd13E9994b66a7909206007A1EF7030B
762,hadron,Hadron,particle_physics,Particle Physics,Hadron - Particle Physics mathematical visualization,frontend,0.8,"Hadron, Particle Physics, mathematical visualization",/shape/hadron,t,2025-12-04T10:38:14.652Z,2025-12-04T10:38:14.652Z,75.350000,,,,,0,0,55000000000000000000000000000000,,success,0x425734a7fd13E9994b66a7909206007A1EF7030B
1486,fractal_quintic_z5,Quintic Snowflake (z⁵ + c),fractal,fractal,Parametric surface,formula_sync,0.8,"fractal, UUON, parametric surface",/shapes/fractal-quintic-z5,t,2026-06-12T23:56:01.905Z,2026-06-12T23:56:01.905Z,75.350000,,,,,0,0,55000000000000000000000000000000,,success,0x425734a7fd13E9994b66a7909206007A1EF7030B
763,baryon,Baryon,particle_physics,Particle Physics,Baryon - Particle Physics mathematical visualization,frontend,0.8,"Baryon, Particle Physics, mathematical visualization",/shape/baryon,t,2025-12-04T10:38:14.652Z,2025-12-04T10:38:14.652Z,75.350000,,,,,0,0,55000000000000000000000000000000,,success,0x425734a7fd13E9994b66a7909206007A1EF7030B
764,meson,Meson,particle_physics,Particle Physics,Meson - Particle Physics mathematical visualization,frontend,0.8,"Meson, Particle Physics, mathematical visualization",/shape/meson,t,2025-12-04T10:38:14.652Z,2025-12-04T10:38:14.652Z,75.350000,,,,,0,0,55000000000000000000000000000000,,success,0x425734a7fd13E9994b66a7909206007A1EF7030B
765,neutrino,Neutrino,particle_physics,Particle Physics,Neutrino - Particle Physics mathematical visualization,frontend,0.8,"Neutrino, Particle Physics, mathematical visualization",/shape/neutrino,t,2025-12-04T10:38:14.652Z,2025-12-04T10:38:14.652Z,75.350000,,,,,0,0,55000000000000000000000000000000,,success,0x425734a7fd13E9994b66a7909206007A1EF7030B
766,photon_particle,Photon Particle,particle_physics,Particle Physics,Photon Particle - Particle Physics mathematical visualization,frontend,0.8,"Photon Particle, Particle Physics, mathematical visualization",/shape/photon_particle,t,2025-12-04T10:38:14.652Z,2025-12-04T10:38:14.652Z,75.350000,,,,,0,0,55000000000000000000000000000000,,success,0x425734a7fd13E9994b66a7909206007A1EF7030B
767,gluon,Gluon,particle_physics,Particle Physics,Gluon - Particle Physics mathematical visualization,frontend,0.8,"Gluon, Particle Physics, mathematical visualization",/shape/gluon,t,2025-12-04T10:38:14.652Z,2025-12-04T10:38:14.652Z,75.350000,,,,,0,0,55000000000000000000000000000000,,success,0x425734a7fd13E9994b66a7909206007A1EF7030B
768,w_boson,W Boson,particle_physics,Particle Physics,W Boson - Particle Physics mathematical visualization,frontend,0.8,"W Boson, Particle Physics, mathematical visualization",/shape/w_boson,t,2025-12-04T10:38:14.652Z,2025-12-04T10:38:14.652Z,75.350000,,,,,0,0,55000000000000000000000000000000,,success,0x425734a7fd13E9994b66a7909206007A1EF7030B
769,z_boson,Z Boson,particle_physics,Particle Physics,Z Boson - Particle Physics mathematical visualization,frontend,0.8,"Z Boson, Particle Physics, mathematical visualization",/shape/z_boson,t,2025-12-04T10:38:14.652Z,2025-12-04T10:38:14.652Z,75.350000,,,,,0,0,55000000000000000000000000000000,,success,0x425734a7fd13E9994b66a7909206007A1EF7030B
770,higgs_boson,Higgs Boson,particle_physics,Particle Physics,Higgs Boson - Particle Physics mathematical visualization,frontend,0.8,"Higgs Boson, Particle Physics, mathematical visualization",/shape/higgs_boson,t,2025-12-04T10:38:14.652Z,2025-12-04T10:38:14.652Z,75.350000,,,,,0,0,55000000000000000000000000000000,,success,0x425734a7fd13E9994b66a7909206007A1EF7030B
772,top_quark,Top Quark,particle_physics,Particle Physics,Top Quark - Particle Physics mathematical visualization,frontend,0.8,"Top Quark, Particle Physics, mathematical visualization",/shape/top_quark,t,2025-12-04T10:38:14.652Z,2025-12-04T10:38:14.652Z,75.350000,,,,,0,0,55000000000000000000000000000000,,success,0x425734a7fd13E9994b66a7909206007A1EF7030B
773,bottom_quark,Bottom Quark,particle_physics,Particle Physics,Bottom Quark - Particle Physics mathematical visualization,frontend,0.8,"Bottom Quark, Particle Physics, mathematical visualization",/shape/bottom_quark,t,2025-12-04T10:38:14.652Z,2025-12-04T10:38:14.652Z,75.350000,,,,,0,0,55000000000000000000000000000000,,success,0x425734a7fd13E9994b66a7909206007A1EF7030B
774,charm_quark,Charm Quark,particle_physics,Particle Physics,Charm Quark - Particle Physics mathematical visualization,frontend,0.8,"Charm Quark, Particle Physics, mathematical visualization",/shape/charm_quark,t,2025-12-04T10:38:14.652Z,2025-12-04T10:38:14.652Z,75.350000,,,,,0,0,55000000000000000000000000000000,,success,0x425734a7fd13E9994b66a7909206007A1EF7030B
775,strange_quark,Strange Quark,particle_physics,Particle Physics,Strange Quark - Particle Physics mathematical visualization,frontend,0.8,"Strange Quark, Particle Physics, mathematical visualization",/shape/strange_quark,t,2025-12-04T10:38:14.652Z,2025-12-04T10:38:14.652Z,75.350000,,,,,0,0,55000000000000000000000000000000,,success,0x425734a7fd13E9994b66a7909206007A1EF7030B
776,up_quark,Up Quark,particle_physics,Particle Physics,Up Quark - Particle Physics mathematical visualization,frontend,0.8,"Up Quark, Particle Physics, mathematical visualization",/shape/up_quark,t,2025-12-04T10:38:14.652Z,2025-12-04T10:38:14.652Z,75.350000,,,,,0,0,55000000000000000000000000000000,,success,0x425734a7fd13E9994b66a7909206007A1EF7030B
777,down_quark,Down Quark,particle_physics,Particle Physics,Down Quark - Particle Physics mathematical visualization,frontend,0.8,"Down Quark, Particle Physics, mathematical visualization",/shape/down_quark,t,2025-12-04T10:38:14.652Z,2025-12-04T10:38:14.652Z,75.350000,,,,,0,0,55000000000000000000000000000000,,success,0x425734a7fd13E9994b66a7909206007A1EF7030B
778,electron_particle,Electron Particle,particle_physics,Particle Physics,Electron Particle - Particle Physics mathematical visualization,frontend,0.8,"Electron Particle, Particle Physics, mathematical visualization",/shape/electron_particle,t,2025-12-04T10:38:14.652Z,2025-12-04T10:38:14.652Z,75.350000,,,,,0,0,55000000000000000000000000000000,,success,0x425734a7fd13E9994b66a7909206007A1EF7030B
779,muon,Muon,particle_physics,Particle Physics,Muon - Particle Physics mathematical visualization,frontend,0.8,"Muon, Particle Physics, mathematical visualization",/shape/muon,t,2025-12-04T10:38:14.652Z,2025-12-04T10:38:14.652Z,75.350000,,,,,0,0,55000000000000000000000000000000,,success,0x425734a7fd13E9994b66a7909206007A1EF7030B
780,tau,Tau,particle_physics,Particle Physics,Tau - Particle Physics mathematical visualization,frontend,0.8,"Tau, Particle Physics, mathematical visualization",/shape/tau,t,2025-12-04T10:38:14.652Z,2025-12-04T10:38:14.652Z,75.350000,,,,,0,0,55000000000000000000000000000000,,success,0x425734a7fd13E9994b66a7909206007A1EF7030B
781,electron_neutrino,Electron Neutrino,particle_physics,Particle Physics,Electron Neutrino - Particle Physics mathematical visualization,frontend,0.8,"Electron Neutrino, Particle Physics, mathematical visualization",/shape/electron_neutrino,t,2025-12-04T10:38:14.652Z,2025-12-04T10:38:14.652Z,75.350000,,,,,0,0,55000000000000000000000000000000,,success,0x425734a7fd13E9994b66a7909206007A1EF7030B
782,muon_neutrino,Muon Neutrino,particle_physics,Particle Physics,Muon Neutrino - Particle Physics mathematical visualization,frontend,0.8,"Muon Neutrino, Particle Physics, mathematical visualization",/shape/muon_neutrino,t,2025-12-04T10:38:14.652Z,2025-12-04T10:38:14.652Z,75.350000,,,,,0,0,55000000000000000000000000000000,,success,0x425734a7fd13E9994b66a7909206007A1EF7030B
783,tau_neutrino,Tau Neutrino,particle_physics,Particle Physics,Tau Neutrino - Particle Physics mathematical visualization,frontend,0.8,"Tau Neutrino, Particle Physics, mathematical visualization",/shape/tau_neutrino,t,2025-12-04T10:38:14.652Z,2025-12-04T10:38:14.652Z,75.350000,,,,,0,0,55000000000000000000000000000000,,success,0x425734a7fd13E9994b66a7909206007A1EF7030B
784,minimal_surface,Minimal Surface,differential_geometry,Differential Geometry,Minimal Surface - Differential Geometry mathematical visualization,frontend,0.8,"Minimal Surface, Differential Geometry, mathematical visualization",/shape/minimal_surface,t,2025-12-04T10:38:14.652Z,2025-12-04T10:38:14.652Z,75.350000,,,,,0,0,55000000000000000000000000000000,,success,0x425734a7fd13E9994b66a7909206007A1EF7030B
785,catenoid,Catenoid,differential_geometry,Differential Geometry,Catenoid - Differential Geometry mathematical visualization,frontend,0.8,"Catenoid, Differential Geometry, mathematical visualization",/shape/catenoid,t,2025-12-04T10:38:14.652Z,2025-12-04T10:38:14.652Z,75.350000,,,,,0,0,55000000000000000000000000000000,,success,0x425734a7fd13E9994b66a7909206007A1EF7030B
786,helicoid,Helicoid,differential_geometry,Differential Geometry,Helicoid - Differential Geometry mathematical visualization,frontend,0.8,"Helicoid, Differential Geometry, mathematical visualization",/shape/helicoid,t,2025-12-04T10:38:14.652Z,2025-12-04T10:38:14.652Z,75.350000,,,,,0,0,55000000000000000000000000000000,,success,0x425734a7fd13E9994b66a7909206007A1EF7030B
787,enneper_surface,Enneper Surface,differential_geometry,Differential Geometry,Enneper Surface - Differential Geometry mathematical visualization,frontend,0.8,"Enneper Surface, Differential Geometry, mathematical visualization",/shape/enneper_surface,t,2025-12-04T10:38:14.652Z,2025-12-04T10:38:14.652Z,75.350000,,,,,0,0,55000000000000000000000000000000,,success,0x425734a7fd13E9994b66a7909206007A1EF7030B
788,scherk_surface,Scherk Surface,differential_geometry,Differential Geometry,Scherk Surface - Differential Geometry mathematical visualization,frontend,0.8,"Scherk Surface, Differential Geometry, mathematical visualization",/shape/scherk_surface,t,2025-12-04T10:38:14.652Z,2025-12-04T10:38:14.652Z,75.350000,,,,,0,0,55000000000000000000000000000000,,success,0x425734a7fd13E9994b66a7909206007A1EF7030B
789,costa_surface,Costa Surface,differential_geometry,Differential Geometry,Costa Surface - Differential Geometry mathematical visualization,frontend,0.8,"Costa Surface, Differential Geometry, mathematical visualization",/shape/costa_surface,t,2025-12-04T10:38:14.652Z,2025-12-04T10:38:14.652Z,75.350000,,,,,0,0,55000000000000000000000000000000,,success,0x425734a7fd13E9994b66a7909206007A1EF7030B
1678,seashell,Mathematical Seashell,general,general,Parametric surface,formula_sync,0.8,"general, UUON, parametric surface",/shapes/seashell,t,2026-06-12T23:56:15.036Z,2026-06-12T23:56:15.036Z,75.350000,,,,,0,0,55000000000000000000000000000000,,success,0x425734a7fd13E9994b66a7909206007A1EF7030B
790,schwarz_p_surface,Schwarz P Surface,differential_geometry,Differential Geometry,Schwarz P Surface - Differential Geometry mathematical visualization,frontend,0.8,"Schwarz P Surface, Differential Geometry, mathematical visualization",/shape/schwarz_p_surface,t,2025-12-04T10:38:14.652Z,2025-12-04T10:38:14.652Z,75.350000,,,,,0,0,55000000000000000000000000000000,,success,0x425734a7fd13E9994b66a7909206007A1EF7030B
791,schwarz_d_surface,Schwarz D Surface,differential_geometry,Differential Geometry,Schwarz D Surface - Differential Geometry mathematical visualization,frontend,0.8,"Schwarz D Surface, Differential Geometry, mathematical visualization",/shape/schwarz_d_surface,t,2025-12-04T10:38:14.652Z,2025-12-04T10:38:14.652Z,75.350000,,,,,0,0,55000000000000000000000000000000,,success,0x425734a7fd13E9994b66a7909206007A1EF7030B
792,gyroid,Gyroid,differential_geometry,Differential Geometry,Gyroid - Differential Geometry mathematical visualization,frontend,0.8,"Gyroid, Differential Geometry, mathematical visualization",/shape/gyroid,t,2025-12-04T10:38:14.652Z,2025-12-04T10:38:14.652Z,75.350000,,,,,0,0,55000000000000000000000000000000,,success,0x425734a7fd13E9994b66a7909206007A1EF7030B
793,lidinoid,Lidinoid,differential_geometry,Differential Geometry,Lidinoid - Differential Geometry mathematical visualization,frontend,0.8,"Lidinoid, Differential Geometry, mathematical visualization",/shape/lidinoid,t,2025-12-04T10:38:14.652Z,2025-12-04T10:38:14.652Z,75.350000,,,,,0,0,55000000000000000000000000000000,,success,0x425734a7fd13E9994b66a7909206007A1EF7030B
794,neovius_surface,Neovius Surface,differential_geometry,Differential Geometry,Neovius Surface - Differential Geometry mathematical visualization,frontend,0.8,"Neovius Surface, Differential Geometry, mathematical visualization",/shape/neovius_surface,t,2025-12-04T10:38:14.652Z,2025-12-04T10:38:14.652Z,75.350000,,,,,0,0,55000000000000000000000000000000,,success,0x425734a7fd13E9994b66a7909206007A1EF7030B
795,riemann_surface,Riemann Surface,differential_geometry,Differential Geometry,Riemann Surface - Differential Geometry mathematical visualization,frontend,0.8,"Riemann Surface, Differential Geometry, mathematical visualization",/shape/riemann_surface,t,2025-12-04T10:38:14.652Z,2025-12-04T10:38:14.652Z,75.350000,,,,,0,0,55000000000000000000000000000000,,success,0x425734a7fd13E9994b66a7909206007A1EF7030B
796,boys_surface,Boys Surface,differential_geometry,Differential Geometry,Boys Surface - Differential Geometry mathematical visualization,frontend,0.8,"Boys Surface, Differential Geometry, mathematical visualization",/shape/boys_surface,t,2025-12-04T10:38:14.652Z,2025-12-04T10:38:14.652Z,75.350000,,,,,0,0,55000000000000000000000000000000,,success,0x425734a7fd13E9994b66a7909206007A1EF7030B
797,roman_surface,Roman Surface,differential_geometry,Differential Geometry,Roman Surface - Differential Geometry mathematical visualization,frontend,0.8,"Roman Surface, Differential Geometry, mathematical visualization",/shape/roman_surface,t,2025-12-04T10:38:14.652Z,2025-12-04T10:38:14.652Z,75.350000,,,,,0,0,55000000000000000000000000000000,,success,0x425734a7fd13E9994b66a7909206007A1EF7030B
798,steiner_surface,Steiner Surface,differential_geometry,Differential Geometry,Steiner Surface - Differential Geometry mathematical visualization,frontend,0.8,"Steiner Surface, Differential Geometry, mathematical visualization",/shape/steiner_surface,t,2025-12-04T10:38:14.652Z,2025-12-04T10:38:14.652Z,75.350000,,,,,0,0,55000000000000000000000000000000,,success,0x425734a7fd13E9994b66a7909206007A1EF7030B
799,cayley_cubic,Cayley Cubic,differential_geometry,Differential Geometry,Cayley Cubic - Differential Geometry mathematical visualization,frontend,0.8,"Cayley Cubic, Differential Geometry, mathematical visualization",/shape/cayley_cubic,t,2025-12-04T10:38:14.652Z,2025-12-04T10:38:14.652Z,75.350000,,,,,0,0,55000000000000000000000000000000,,success,0x425734a7fd13E9994b66a7909206007A1EF7030B
800,kummer_surface,Kummer Surface,differential_geometry,Differential Geometry,Kummer Surface - Differential Geometry mathematical visualization,frontend,0.8,"Kummer Surface, Differential Geometry, mathematical visualization",/shape/kummer_surface,t,2025-12-04T10:38:14.652Z,2025-12-04T10:38:14.652Z,75.350000,,,,,0,0,55000000000000000000000000000000,,success,0x425734a7fd13E9994b66a7909206007A1EF7030B
1665,adaptive_pattern_processor,Adaptive Pattern Processor,general,general,Parametric surface,formula_sync,0.8,"general, UUON, parametric surface",/shapes/adaptive-pattern-processor,t,2026-06-12T23:56:15.036Z,2026-06-12T23:56:15.036Z,75.350000,,,,,0,0,55000000000000000000000000000000,,success,0x425734a7fd13E9994b66a7909206007A1EF7030B
801,togliatti_quintic,Togliatti Quintic,differential_geometry,Differential Geometry,Togliatti Quintic - Differential Geometry mathematical visualization,frontend,0.8,"Togliatti Quintic, Differential Geometry, mathematical visualization",/shape/togliatti_quintic,t,2025-12-04T10:38:14.652Z,2025-12-04T10:38:14.652Z,75.350000,,,,,0,0,55000000000000000000000000000000,,success,0x425734a7fd13E9994b66a7909206007A1EF7030B
802,algebraic_curve,Algebraic Curve,algebraic_geometry,Algebraic Geometry,Algebraic Curve - Algebraic Geometry mathematical visualization,frontend,0.8,"Algebraic Curve, Algebraic Geometry, mathematical visualization",/shape/algebraic_curve,t,2025-12-04T10:38:14.652Z,2025-12-04T10:38:14.652Z,75.350000,,,,,0,0,55000000000000000000000000000000,,success,0x425734a7fd13E9994b66a7909206007A1EF7030B
803,elliptic_curve,Elliptic Curve,algebraic_geometry,Algebraic Geometry,Elliptic Curve - Algebraic Geometry mathematical visualization,frontend,0.8,"Elliptic Curve, Algebraic Geometry, mathematical visualization",/shape/elliptic_curve,t,2025-12-04T10:38:14.652Z,2025-12-04T10:38:14.652Z,75.350000,,,,,0,0,55000000000000000000000000000000,,success,0x425734a7fd13E9994b66a7909206007A1EF7030B
804,hyperelliptic_curve,Hyperelliptic Curve,algebraic_geometry,Algebraic Geometry,Hyperelliptic Curve - Algebraic Geometry mathematical visualization,frontend,0.8,"Hyperelliptic Curve, Algebraic Geometry, mathematical visualization",/shape/hyperelliptic_curve,t,2025-12-04T10:38:14.652Z,2025-12-04T10:38:14.652Z,75.350000,,,,,0,0,55000000000000000000000000000000,,success,0x425734a7fd13E9994b66a7909206007A1EF7030B
805,modular_curve,Modular Curve,algebraic_geometry,Algebraic Geometry,Modular Curve - Algebraic Geometry mathematical visualization,frontend,0.8,"Modular Curve, Algebraic Geometry, mathematical visualization",/shape/modular_curve,t,2025-12-04T10:38:14.652Z,2025-12-04T10:38:14.652Z,75.350000,,,,,0,0,55000000000000000000000000000000,,success,0x425734a7fd13E9994b66a7909206007A1EF7030B
806,shimura_variety,Shimura Variety,algebraic_geometry,Algebraic Geometry,Shimura Variety - Algebraic Geometry mathematical visualization,frontend,0.8,"Shimura Variety, Algebraic Geometry, mathematical visualization",/shape/shimura_variety,t,2025-12-04T10:38:14.652Z,2025-12-04T10:38:14.652Z,75.350000,,,,,0,0,55000000000000000000000000000000,,success,0x425734a7fd13E9994b66a7909206007A1EF7030B
807,grassmannian,Grassmannian,algebraic_geometry,Algebraic Geometry,Grassmannian - Algebraic Geometry mathematical visualization,frontend,0.8,"Grassmannian, Algebraic Geometry, mathematical visualization",/shape/grassmannian,t,2025-12-04T10:38:14.652Z,2025-12-04T10:38:14.652Z,75.350000,,,,,0,0,55000000000000000000000000000000,,success,0x425734a7fd13E9994b66a7909206007A1EF7030B
808,flag_variety,Flag Variety,algebraic_geometry,Algebraic Geometry,Flag Variety - Algebraic Geometry mathematical visualization,frontend,0.8,"Flag Variety, Algebraic Geometry, mathematical visualization",/shape/flag_variety,t,2025-12-04T10:38:14.652Z,2025-12-04T10:38:14.652Z,75.350000,,,,,0,0,55000000000000000000000000000000,,success,0x425734a7fd13E9994b66a7909206007A1EF7030B
809,schubert_variety,Schubert Variety,algebraic_geometry,Algebraic Geometry,Schubert Variety - Algebraic Geometry mathematical visualization,frontend,0.8,"Schubert Variety, Algebraic Geometry, mathematical visualization",/shape/schubert_variety,t,2025-12-04T10:38:14.652Z,2025-12-04T10:38:14.652Z,75.350000,,,,,0,0,55000000000000000000000000000000,,success,0x425734a7fd13E9994b66a7909206007A1EF7030B
810,fano_variety,Fano Variety,algebraic_geometry,Algebraic Geometry,Fano Variety - Algebraic Geometry mathematical visualization,frontend,0.8,"Fano Variety, Algebraic Geometry, mathematical visualization",/shape/fano_variety,t,2025-12-04T10:38:14.652Z,2025-12-04T10:38:14.652Z,75.350000,,,,,0,0,55000000000000000000000000000000,,success,0x425734a7fd13E9994b66a7909206007A1EF7030B
811,calabi_yau_manifold,Calabi Yau Manifold,algebraic_geometry,Algebraic Geometry,Calabi Yau Manifold - Algebraic Geometry mathematical visualization,frontend,0.8,"Calabi Yau Manifold, Algebraic Geometry, mathematical visualization",/shape/calabi_yau_manifold,t,2025-12-04T10:38:14.652Z,2025-12-04T10:38:14.652Z,75.350000,,,,,0,0,55000000000000000000000000000000,,success,0x425734a7fd13E9994b66a7909206007A1EF7030B
812,k3_surface,K3 Surface,algebraic_geometry,Algebraic Geometry,K3 Surface - Algebraic Geometry mathematical visualization,frontend,0.8,"K3 Surface, Algebraic Geometry, mathematical visualization",/shape/k3_surface,t,2025-12-04T10:38:14.652Z,2025-12-04T10:38:14.652Z,75.350000,,,,,0,0,55000000000000000000000000000000,,success,0x425734a7fd13E9994b66a7909206007A1EF7030B
813,enriques_surface,Enriques Surface,algebraic_geometry,Algebraic Geometry,Enriques Surface - Algebraic Geometry mathematical visualization,frontend,0.8,"Enriques Surface, Algebraic Geometry, mathematical visualization",/shape/enriques_surface,t,2025-12-04T10:38:14.652Z,2025-12-04T10:38:14.652Z,75.350000,,,,,0,0,55000000000000000000000000000000,,success,0x425734a7fd13E9994b66a7909206007A1EF7030B
814,abelian_variety,Abelian Variety,algebraic_geometry,Algebraic Geometry,Abelian Variety - Algebraic Geometry mathematical visualization,frontend,0.8,"Abelian Variety, Algebraic Geometry, mathematical visualization",/shape/abelian_variety,t,2025-12-04T10:38:14.652Z,2025-12-04T10:38:14.652Z,75.350000,,,,,0,0,55000000000000000000000000000000,,success,0x425734a7fd13E9994b66a7909206007A1EF7030B
815,jacobian_variety,Jacobian Variety,algebraic_geometry,Algebraic Geometry,Jacobian Variety - Algebraic Geometry mathematical visualization,frontend,0.8,"Jacobian Variety, Algebraic Geometry, mathematical visualization",/shape/jacobian_variety,t,2025-12-04T10:38:14.652Z,2025-12-04T10:38:14.652Z,75.350000,,,,,0,0,55000000000000000000000000000000,,success,0x425734a7fd13E9994b66a7909206007A1EF7030B
816,picard_variety,Picard Variety,algebraic_geometry,Algebraic Geometry,Picard Variety - Algebraic Geometry mathematical visualization,frontend,0.8,"Picard Variety, Algebraic Geometry, mathematical visualization",/shape/picard_variety,t,2025-12-04T10:38:14.652Z,2025-12-04T10:38:14.652Z,75.350000,,,,,0,0,55000000000000000000000000000000,,success,0x425734a7fd13E9994b66a7909206007A1EF7030B
817,superfield,Superfield,supersymmetry,Supersymmetry,Superfield - Supersymmetry mathematical visualization,frontend,0.8,"Superfield, Supersymmetry, mathematical visualization",/shape/superfield,t,2025-12-04T10:38:14.652Z,2025-12-04T10:38:14.652Z,75.350000,,,,,0,0,55000000000000000000000000000000,,success,0x425734a7fd13E9994b66a7909206007A1EF7030B
818,superspace,Superspace,supersymmetry,Supersymmetry,Superspace - Supersymmetry mathematical visualization,frontend,0.8,"Superspace, Supersymmetry, mathematical visualization",/shape/superspace,t,2025-12-04T10:38:14.652Z,2025-12-04T10:38:14.652Z,75.350000,,,,,0,0,55000000000000000000000000000000,,success,0x425734a7fd13E9994b66a7909206007A1EF7030B
819,supermultiplet,Supermultiplet,supersymmetry,Supersymmetry,Supermultiplet - Supersymmetry mathematical visualization,frontend,0.8,"Supermultiplet, Supersymmetry, mathematical visualization",/shape/supermultiplet,t,2025-12-04T10:38:14.652Z,2025-12-04T10:38:14.652Z,75.350000,,,,,0,0,55000000000000000000000000000000,,success,0x425734a7fd13E9994b66a7909206007A1EF7030B
820,susy_partner,Susy Partner,supersymmetry,Supersymmetry,Susy Partner - Supersymmetry mathematical visualization,frontend,0.8,"Susy Partner, Supersymmetry, mathematical visualization",/shape/susy_partner,t,2025-12-04T10:38:14.652Z,2025-12-04T10:38:14.652Z,75.350000,,,,,0,0,55000000000000000000000000000000,,success,0x425734a7fd13E9994b66a7909206007A1EF7030B
821,selectron,Selectron,supersymmetry,Supersymmetry,Selectron - Supersymmetry mathematical visualization,frontend,0.8,"Selectron, Supersymmetry, mathematical visualization",/shape/selectron,t,2025-12-04T10:38:14.652Z,2025-12-04T10:38:14.652Z,75.350000,,,,,0,0,55000000000000000000000000000000,,success,0x425734a7fd13E9994b66a7909206007A1EF7030B
825,gluino,Gluino,supersymmetry,Supersymmetry,Gluino - Supersymmetry mathematical visualization,frontend,0.8,"Gluino, Supersymmetry, mathematical visualization",/shape/gluino,t,2025-12-04T10:38:14.652Z,2025-12-04T10:38:14.652Z,75.350000,,,,,0,0,55000000000000000000000000000000,,success,0x425734a7fd13E9994b66a7909206007A1EF7030B
826,wino,Wino,supersymmetry,Supersymmetry,Wino - Supersymmetry mathematical visualization,frontend,0.8,"Wino, Supersymmetry, mathematical visualization",/shape/wino,t,2025-12-04T10:38:14.652Z,2025-12-04T10:38:14.652Z,75.350000,,,,,0,0,55000000000000000000000000000000,,success,0x425734a7fd13E9994b66a7909206007A1EF7030B
827,zino,Zino,supersymmetry,Supersymmetry,Zino - Supersymmetry mathematical visualization,frontend,0.8,"Zino, Supersymmetry, mathematical visualization",/shape/zino,t,2025-12-04T10:38:14.652Z,2025-12-04T10:38:14.652Z,75.350000,,,,,0,0,55000000000000000000000000000000,,success,0x425734a7fd13E9994b66a7909206007A1EF7030B
828,higgsino,Higgsino,supersymmetry,Supersymmetry,Higgsino - Supersymmetry mathematical visualization,frontend,0.8,"Higgsino, Supersymmetry, mathematical visualization",/shape/higgsino,t,2025-12-04T10:38:14.652Z,2025-12-04T10:38:14.652Z,75.350000,,,,,0,0,55000000000000000000000000000000,,success,0x425734a7fd13E9994b66a7909206007A1EF7030B
829,neutralino,Neutralino,supersymmetry,Supersymmetry,Neutralino - Supersymmetry mathematical visualization,frontend,0.8,"Neutralino, Supersymmetry, mathematical visualization",/shape/neutralino,t,2025-12-04T10:38:14.652Z,2025-12-04T10:38:14.652Z,75.350000,,,,,0,0,55000000000000000000000000000000,,success,0x425734a7fd13E9994b66a7909206007A1EF7030B
830,chargino,Chargino,supersymmetry,Supersymmetry,Chargino - Supersymmetry mathematical visualization,frontend,0.8,"Chargino, Supersymmetry, mathematical visualization",/shape/chargino,t,2025-12-04T10:38:14.652Z,2025-12-04T10:38:14.652Z,75.350000,,,,,0,0,55000000000000000000000000000000,,success,0x425734a7fd13E9994b66a7909206007A1EF7030B
831,gravitino,Gravitino,supersymmetry,Supersymmetry,Gravitino - Supersymmetry mathematical visualization,frontend,0.8,"Gravitino, Supersymmetry, mathematical visualization",/shape/gravitino,t,2025-12-04T10:38:14.652Z,2025-12-04T10:38:14.652Z,75.350000,,,,,0,0,55000000000000000000000000000000,,success,0x425734a7fd13E9994b66a7909206007A1EF7030B
832,axino,Axino,supersymmetry,Supersymmetry,Axino - Supersymmetry mathematical visualization,frontend,0.8,"Axino, Supersymmetry, mathematical visualization",/shape/axino,t,2025-12-04T10:38:14.652Z,2025-12-04T10:38:14.652Z,75.350000,,,,,0,0,55000000000000000000000000000000,,success,0x425734a7fd13E9994b66a7909206007A1EF7030B
833,unit_sphere,Unit Sphere (Radius = 1),basic,Basic Geometry,"A sphere with radius of 1 unit, defined by x² + y² + z² = 1. The fundamental reference sphere in mathematics, physics, and 3D graphics. Points on the surface are exactly one unit from the center.",frontend,0.9,"unit sphere, radius 1, x² + y² + z² = 1, normalized sphere, reference sphere, mathematical sphere, 3D geometry",/shape/unit_sphere,t,2025-12-04 10:46:22.628598+00,2025-12-04 10:46:22.628598+00,75.350000,,,,,0,0,55000000000000000000000000000000,,success,0x425734a7fd13E9994b66a7909206007A1EF7030B
1328,pollination_mechanism,🌸 Pollination Mechanism - Pollen-Stigma Interaction,general,general,Parametric surface,formula_sync,0.8,"general, UUON, parametric surface",/shapes/pollination-mechanism,t,2026-06-12T23:55:48.770Z,2026-06-12T23:55:48.770Z,75.350000,,,,,0,0,55000000000000000000000000000000,,success,0x425734a7fd13E9994b66a7909206007A1EF7030B
1338,market_dynamics,📈 Market Dynamics - Price Discovery,general,general,Parametric surface,formula_sync,0.8,"general, UUON, parametric surface",/shapes/market-dynamics,t,2026-06-12T23:55:55.335Z,2026-06-12T23:55:55.335Z,75.350000,,,,,0,0,55000000000000000000000000000000,,success,0x425734a7fd13E9994b66a7909206007A1EF7030B
1340,financial_risk_model,⚠️ Financial Risk - VaR Surface,general,general,Parametric surface,formula_sync,0.8,"general, UUON, parametric surface",/shapes/financial-risk-model,t,2026-06-12T23:55:55.335Z,2026-06-12T23:55:55.335Z,75.350000,,,,,0,0,55000000000000000000000000000000,,success,0x425734a7fd13E9994b66a7909206007A1EF7030B
1342,cultural_diffusion_system,🌍 Cultural Diffusion - Idea Spread,general,general,Parametric surface,formula_sync,0.8,"general, UUON, parametric surface",/shapes/cultural-diffusion-system,t,2026-06-12T23:55:55.335Z,2026-06-12T23:55:55.335Z,75.350000,,,,,0,0,55000000000000000000000000000000,,success,0x425734a7fd13E9994b66a7909206007A1EF7030B
1344,policy_impact_visualization,📋 Policy Impact - Effect Propagation,medical,medical,Parametric surface,formula_sync,0.8,"medical, UUON, parametric surface",/shapes/policy-impact-visualization,t,2026-06-12T23:55:55.335Z,2026-06-12T23:55:55.335Z,75.350000,,,,,0,0,55000000000000000000000000000000,,success,0x425734a7fd13E9994b66a7909206007A1EF7030B
1346,supply_chain_visualization,📦 Supply Chain - Logistics Network,general,general,Parametric surface,formula_sync,0.8,"general, UUON, parametric surface",/shapes/supply-chain-visualization,t,2026-06-12T23:55:55.335Z,2026-06-12T23:55:55.335Z,75.350000,,,,,0,0,55000000000000000000000000000000,,success,0x425734a7fd13E9994b66a7909206007A1EF7030B
1329,population_dynamics_lotka,🐺 Population Dynamics - Lotka-Volterra,general,general,Parametric surface,formula_sync,0.8,"general, UUON, parametric surface",/shapes/population-dynamics-lotka,t,2026-06-12T23:55:48.770Z,2026-06-12T23:55:48.770Z,75.350000,,,,,0,0,55000000000000000000000000000000,,success,0x425734a7fd13E9994b66a7909206007A1EF7030B
1331,migration_pattern_analysis,🦅 Migration Patterns - Seasonal Movement,general,general,Parametric surface,formula_sync,0.8,"general, UUON, parametric surface",/shapes/migration-pattern-analysis,t,2026-06-12T23:55:48.770Z,2026-06-12T23:55:48.770Z,75.350000,,,,,0,0,55000000000000000000000000000000,,success,0x425734a7fd13E9994b66a7909206007A1EF7030B
1333,ocean_current_systems,🌊 Ocean Currents - Thermohaline Circulation,general,general,Parametric surface,formula_sync,0.8,"general, UUON, parametric surface",/shapes/ocean-current-systems,t,2026-06-12T23:55:48.770Z,2026-06-12T23:55:48.770Z,75.350000,,,,,0,0,55000000000000000000000000000000,,success,0x425734a7fd13E9994b66a7909206007A1EF7030B
1335,marine_ecosystem_model,🐠 Marine Ecosystem - Pelagic Zones,general,general,Parametric surface,formula_sync,0.8,"general, UUON, parametric surface",/shapes/marine-ecosystem-model,t,2026-06-12T23:55:55.335Z,2026-06-12T23:55:55.335Z,75.350000,,,,,0,0,55000000000000000000000000000000,,success,0x425734a7fd13E9994b66a7909206007A1EF7030B
1337,storm_formation_dynamics,🌀 Storm Formation - Cyclone Structure,general,general,Parametric surface,formula_sync,0.8,"general, UUON, parametric surface",/shapes/storm-formation-dynamics,t,2026-06-12T23:55:55.335Z,2026-06-12T23:55:55.335Z,75.350000,,,,,0,0,55000000000000000000000000000000,,success,0x425734a7fd13E9994b66a7909206007A1EF7030B
1339,economic_network_analysis,🌐 Economic Network - Trade Flows,general,general,Parametric surface,formula_sync,0.8,"general, UUON, parametric surface",/shapes/economic-network-analysis,t,2026-06-12T23:55:55.335Z,2026-06-12T23:55:55.335Z,75.350000,,,,,0,0,55000000000000000000000000000000,,success,0x425734a7fd13E9994b66a7909206007A1EF7030B
1341,population_migration_patterns,🚶 Population Migration - Demographic Flow,general,general,Parametric surface,formula_sync,0.8,"general, UUON, parametric surface",/shapes/population-migration-patterns,t,2026-06-12T23:55:55.335Z,2026-06-12T23:55:55.335Z,75.350000,,,,,0,0,55000000000000000000000000000000,,success,0x425734a7fd13E9994b66a7909206007A1EF7030B
1343,geopolitical_model,🌐 Geopolitical Model - Power Distribution,general,general,Parametric surface,formula_sync,0.8,"general, UUON, parametric surface",/shapes/geopolitical-model,t,2026-06-12T23:55:55.335Z,2026-06-12T23:55:55.335Z,75.350000,,,,,0,0,55000000000000000000000000000000,,success,0x425734a7fd13E9994b66a7909206007A1EF7030B
1345,democratic_process_simulation,🏛️ Democratic Process - Deliberation Dynamics,general,general,Parametric surface,formula_sync,0.8,"general, UUON, parametric surface",/shapes/democratic-process-simulation,t,2026-06-12T23:55:55.335Z,2026-06-12T23:55:55.335Z,75.350000,,,,,0,0,55000000000000000000000000000000,,success,0x425734a7fd13E9994b66a7909206007A1EF7030B
1347,quality_control_systems,✅ Quality Control - Six Sigma,general,general,Parametric surface,formula_sync,0.8,"general, UUON, parametric surface",/shapes/quality-control-systems,t,2026-06-12T23:55:55.335Z,2026-06-12T23:55:55.335Z,75.350000,,,,,0,0,55000000000000000000000000000000,,success,0x425734a7fd13E9994b66a7909206007A1EF7030B
1349,traffic_flow_optimization,🚗 Traffic Flow - Network Optimization,general,general,Parametric surface,formula_sync,0.8,"general, UUON, parametric surface",/shapes/traffic-flow-optimization,t,2026-06-12T23:55:55.335Z,2026-06-12T23:55:55.335Z,75.350000,,,,,0,0,55000000000000000000000000000000,,success,0x425734a7fd13E9994b66a7909206007A1EF7030B
1351,infrastructure_resilience,🌉 Infrastructure Resilience - Network Robustness,general,general,Parametric surface,formula_sync,0.8,"general, UUON, parametric surface",/shapes/infrastructure-resilience,t,2026-06-12T23:55:55.335Z,2026-06-12T23:55:55.335Z,75.350000,,,,,0,0,55000000000000000000000000000000,,success,0x425734a7fd13E9994b66a7909206007A1EF7030B
1353,orbital_mechanics,🛰️ Orbital Mechanics - Kepler Ellipse,general,general,Parametric surface,formula_sync,0.8,"general, UUON, parametric surface",/shapes/orbital-mechanics,t,2026-06-12T23:55:55.335Z,2026-06-12T23:55:55.335Z,75.350000,,,,,0,0,55000000000000000000000000000000,,success,0x425734a7fd13E9994b66a7909206007A1EF7030B
1355,flight_path_optimization,🛫 Flight Path - Great Circle Route,general,general,Parametric surface,formula_sync,0.8,"general, UUON, parametric surface",/shapes/flight-path-optimization,t,2026-06-12T23:55:55.335Z,2026-06-12T23:55:55.335Z,75.350000,,,,,0,0,55000000000000000000000000000000,,success,0x425734a7fd13E9994b66a7909206007A1EF7030B
1357,smith_waterman_local,🔍 Smith-Waterman - Local Alignment,general,general,Parametric surface,formula_sync,0.8,"general, UUON, parametric surface",/shapes/smith-waterman-local,t,2026-06-12T23:55:55.335Z,2026-06-12T23:55:55.335Z,75.350000,,,,,0,0,55000000000000000000000000000000,,success,0x425734a7fd13E9994b66a7909206007A1EF7030B
1359,hidden_markov_model,📊 Hidden Markov Model - State Transitions,general,general,Parametric surface,formula_sync,0.8,"general, UUON, parametric surface",/shapes/hidden-markov-model,t,2026-06-12T23:55:55.335Z,2026-06-12T23:55:55.335Z,75.350000,,,,,0,0,55000000000000000000000000000000,,success,0x425734a7fd13E9994b66a7909206007A1EF7030B
1361,markov_state_model,🔄 Markov State Model - Conformational Dynamics,general,general,Parametric surface,formula_sync,0.8,"general, UUON, parametric surface",/shapes/markov-state-model,t,2026-06-12T23:55:55.335Z,2026-06-12T23:55:55.335Z,75.350000,,,,,0,0,55000000000000000000000000000000,,success,0x425734a7fd13E9994b66a7909206007A1EF7030B
1363,unified_master_equation,🌌 Unified Master Equation: dΨ/dt = F(Ψ),general,general,Parametric surface,formula_sync,0.8,"general, UUON, parametric surface",/shapes/unified-master-equation,t,2026-06-12T23:55:55.335Z,2026-06-12T23:55:55.335Z,75.350000,,,,,0,0,55000000000000000000000000000000,,success,0x425734a7fd13E9994b66a7909206007A1EF7030B
1365,mathematics_structure_transform,📐 Mathematics: Structure Transformation,general,general,Parametric surface,formula_sync,0.8,"general, UUON, parametric surface",/shapes/mathematics-structure-transform,t,2026-06-12T23:55:55.335Z,2026-06-12T23:55:55.335Z,75.350000,,,,,0,0,55000000000000000000000000000000,,success,0x425734a7fd13E9994b66a7909206007A1EF7030B
1367,quantum_wavefunction_evolution,🌊 Quantum: Wavefunction Evolution,physics,physics,Parametric surface,formula_sync,0.8,"physics, UUON, parametric surface",/shapes/quantum-wavefunction-evolution,t,2026-06-12T23:55:55.335Z,2026-06-12T23:55:55.335Z,75.350000,,,,,0,0,55000000000000000000000000000000,,success,0x425734a7fd13E9994b66a7909206007A1EF7030B
1369,consciousness_world_model,🧘 Consciousness: Generative World-Model,general,general,Parametric surface,formula_sync,0.8,"general, UUON, parametric surface",/shapes/consciousness-world-model,t,2026-06-12T23:55:55.335Z,2026-06-12T23:55:55.335Z,75.350000,,,,,0,0,55000000000000000000000000000000,,success,0x425734a7fd13E9994b66a7909206007A1EF7030B
1371,uuon_hexagonal_wave,UUON Hexagonal Wave,general,general,Parametric surface,formula_sync,0.8,"general, UUON, parametric surface",/shapes/uuon-hexagonal-wave,t,2026-06-12T23:55:55.335Z,2026-06-12T23:55:55.335Z,75.350000,,,,,0,0,55000000000000000000000000000000,,success,0x425734a7fd13E9994b66a7909206007A1EF7030B
1373,uuon_rotational_symmetry,UUON Rotational Symmetry,general,general,Parametric surface,formula_sync,0.8,"general, UUON, parametric surface",/shapes/uuon-rotational-symmetry,t,2026-06-12T23:55:55.335Z,2026-06-12T23:55:55.335Z,75.350000,,,,,0,0,55000000000000000000000000000000,,success,0x425734a7fd13E9994b66a7909206007A1EF7030B
1375,uuon_hexagonal_lattice,UUON Hexagonal Lattice,general,general,Parametric surface,formula_sync,0.8,"general, UUON, parametric surface",/shapes/uuon-hexagonal-lattice,t,2026-06-12T23:55:55.335Z,2026-06-12T23:55:55.335Z,75.350000,,,,,0,0,55000000000000000000000000000000,,success,0x425734a7fd13E9994b66a7909206007A1EF7030B
1377,mobius_strip_twisted,🔄 Twisted Möbius Strip,general,general,Parametric surface,formula_sync,0.8,"general, UUON, parametric surface",/shapes/mobius-strip-twisted,t,2026-06-12T23:55:55.335Z,2026-06-12T23:55:55.335Z,75.350000,,,,,0,0,55000000000000000000000000000000,,success,0x425734a7fd13E9994b66a7909206007A1EF7030B
1379,boy_surface_immersion,🔮 Boy Surface Immersion,general,general,Parametric surface,formula_sync,0.8,"general, UUON, parametric surface",/shapes/boy-surface-immersion,t,2026-06-12T23:55:55.335Z,2026-06-12T23:55:55.335Z,75.350000,,,,,0,0,55000000000000000000000000000000,,success,0x425734a7fd13E9994b66a7909206007A1EF7030B
1381,cross_cap_surface,🎩 Cross-Cap Surface,general,general,Parametric surface,formula_sync,0.8,"general, UUON, parametric surface",/shapes/cross-cap-surface,t,2026-06-12T23:55:55.335Z,2026-06-12T23:55:55.335Z,75.350000,,,,,0,0,55000000000000000000000000000000,,success,0x425734a7fd13E9994b66a7909206007A1EF7030B
1383,clebsch_cubic_surface,💎 Clebsch Cubic Surface,general,general,Parametric surface,formula_sync,0.8,"general, UUON, parametric surface",/shapes/clebsch-cubic-surface,t,2026-06-12T23:55:55.335Z,2026-06-12T23:55:55.335Z,75.350000,,,,,0,0,55000000000000000000000000000000,,success,0x425734a7fd13E9994b66a7909206007A1EF7030B
1385,genus_2_surface,∞ Genus 2 Surface (Double Torus),general,general,Parametric surface,formula_sync,0.8,"general, UUON, parametric surface",/shapes/genus-2-surface,t,2026-06-12T23:55:55.335Z,2026-06-12T23:55:55.335Z,75.350000,,,,,0,0,55000000000000000000000000000000,,success,0x425734a7fd13E9994b66a7909206007A1EF7030B
1387,knot_seifert_surface,🌊 Knot Seifert Surface,general,general,Parametric surface,formula_sync,0.8,"general, UUON, parametric surface",/shapes/knot-seifert-surface,t,2026-06-12T23:55:55.335Z,2026-06-12T23:55:55.335Z,75.350000,,,,,0,0,55000000000000000000000000000000,,success,0x425734a7fd13E9994b66a7909206007A1EF7030B
1348,lean_manufacturing_flow,🔄 Lean Manufacturing - Value Stream,general,general,Parametric surface,formula_sync,0.8,"general, UUON, parametric surface",/shapes/lean-manufacturing-flow,t,2026-06-12T23:55:55.335Z,2026-06-12T23:55:55.335Z,75.350000,,,,,0,0,55000000000000000000000000000000,,success,0x425734a7fd13E9994b66a7909206007A1EF7030B
1350,urban_planning_model,🏙️ Urban Planning - Zoning Model,general,general,Parametric surface,formula_sync,0.8,"general, UUON, parametric surface",/shapes/urban-planning-model,t,2026-06-12T23:55:55.335Z,2026-06-12T23:55:55.335Z,75.350000,,,,,0,0,55000000000000000000000000000000,,success,0x425734a7fd13E9994b66a7909206007A1EF7030B
1352,aerodynamic_flow,✈️ Aerodynamic Flow - Airfoil Pressure,general,general,Parametric surface,formula_sync,0.8,"general, UUON, parametric surface",/shapes/aerodynamic-flow,t,2026-06-12T23:55:55.335Z,2026-06-12T23:55:55.335Z,75.350000,,,,,0,0,55000000000000000000000000000000,,success,0x425734a7fd13E9994b66a7909206007A1EF7030B
1354,propulsion_system_model,🚀 Propulsion System - Thrust Vector,general,general,Parametric surface,formula_sync,0.8,"general, UUON, parametric surface",/shapes/propulsion-system-model,t,2026-06-12T23:55:55.335Z,2026-06-12T23:55:55.335Z,75.350000,,,,,0,0,55000000000000000000000000000000,,success,0x425734a7fd13E9994b66a7909206007A1EF7030B
1356,needleman_wunsch_alignment,🧬 Needleman-Wunsch - Global Alignment Matrix,general,general,Parametric surface,formula_sync,0.8,"general, UUON, parametric surface",/shapes/needleman-wunsch-alignment,t,2026-06-12T23:55:55.335Z,2026-06-12T23:55:55.335Z,75.350000,,,,,0,0,55000000000000000000000000000000,,success,0x425734a7fd13E9994b66a7909206007A1EF7030B
1358,blast_heuristic_search,⚡ BLAST - Seed-and-Extend Search,general,general,Parametric surface,formula_sync,0.8,"general, UUON, parametric surface",/shapes/blast-heuristic-search,t,2026-06-12T23:55:55.335Z,2026-06-12T23:55:55.335Z,75.350000,,,,,0,0,55000000000000000000000000000000,,success,0x425734a7fd13E9994b66a7909206007A1EF7030B
1360,debruijn_graph_assembly,🔗 De Bruijn Graph - Genome Assembly,general,general,Parametric surface,formula_sync,0.8,"general, UUON, parametric surface",/shapes/debruijn-graph-assembly,t,2026-06-12T23:55:55.335Z,2026-06-12T23:55:55.335Z,75.350000,,,,,0,0,55000000000000000000000000000000,,success,0x425734a7fd13E9994b66a7909206007A1EF7030B
1362,graph_neural_network_mol,🧠 Graph Neural Network - Molecular Property,general,general,Parametric surface,formula_sync,0.8,"general, UUON, parametric surface",/shapes/graph-neural-network-mol,t,2026-06-12T23:55:55.335Z,2026-06-12T23:55:55.335Z,75.350000,,,,,0,0,55000000000000000000000000000000,,success,0x425734a7fd13E9994b66a7909206007A1EF7030B
1364,neuroscience_brain_state,🧠 Neuroscience: Brain State Evolution,general,general,Parametric surface,formula_sync,0.8,"general, UUON, parametric surface",/shapes/neuroscience-brain-state,t,2026-06-12T23:55:55.335Z,2026-06-12T23:55:55.335Z,75.350000,,,,,0,0,55000000000000000000000000000000,,success,0x425734a7fd13E9994b66a7909206007A1EF7030B
1366,physics_matter_field_arrangement,⚛️ Physics: Matter & Field Arrangement,general,general,Parametric surface,formula_sync,0.8,"general, UUON, parametric surface",/shapes/physics-matter-field-arrangement,t,2026-06-12T23:55:55.335Z,2026-06-12T23:55:55.335Z,75.350000,,,,,0,0,55000000000000000000000000000000,,success,0x425734a7fd13E9994b66a7909206007A1EF7030B
1368,information_entropy_flow,💾 Information: Entropy Flow,general,general,Parametric surface,formula_sync,0.8,"general, UUON, parametric surface",/shapes/information-entropy-flow,t,2026-06-12T23:55:55.335Z,2026-06-12T23:55:55.335Z,75.350000,,,,,0,0,55000000000000000000000000000000,,success,0x425734a7fd13E9994b66a7909206007A1EF7030B
1370,complete_unified_system,🎯 Complete Unified System (All Domains),general,general,Parametric surface,formula_sync,0.8,"general, UUON, parametric surface",/shapes/complete-unified-system,t,2026-06-12T23:55:55.335Z,2026-06-12T23:55:55.335Z,75.350000,,,,,0,0,55000000000000000000000000000000,,success,0x425734a7fd13E9994b66a7909206007A1EF7030B
1372,uuon_sixphase_cycle,UUON Six-Phase Cycle,general,general,Parametric surface,formula_sync,0.8,"general, UUON, parametric surface",/shapes/uuon-sixphase-cycle,t,2026-06-12T23:55:55.335Z,2026-06-12T23:55:55.335Z,75.350000,,,,,0,0,55000000000000000000000000000000,,success,0x425734a7fd13E9994b66a7909206007A1EF7030B
1585,hybrid_sp2_orbital,SP2 Hybrid Orbital,general,general,Parametric surface,formula_sync,0.8,"general, UUON, parametric surface",/shapes/hybrid-sp2-orbital,t,2026-06-12T23:56:08.473Z,2026-06-12T23:56:08.473Z,75.350000,,,,,0,0,55000000000000000000000000000000,,success,0x425734a7fd13E9994b66a7909206007A1EF7030B
1374,uuon_topology_selector,UUON Topology Selector,general,general,Parametric surface,formula_sync,0.8,"general, UUON, parametric surface",/shapes/uuon-topology-selector,t,2026-06-12T23:55:55.335Z,2026-06-12T23:55:55.335Z,75.350000,,,,,0,0,55000000000000000000000000000000,,success,0x425734a7fd13E9994b66a7909206007A1EF7030B
1376,uuon_pattern_generator,UUON Pattern Generator,general,general,Parametric surface,formula_sync,0.8,"general, UUON, parametric surface",/shapes/uuon-pattern-generator,t,2026-06-12T23:55:55.335Z,2026-06-12T23:55:55.335Z,75.350000,,,,,0,0,55000000000000000000000000000000,,success,0x425734a7fd13E9994b66a7909206007A1EF7030B
1378,klein_bottle_immersion,🍶 Klein Bottle Immersion,topology,topology,Parametric surface,formula_sync,0.8,"topology, UUON, parametric surface",/shapes/klein-bottle-immersion,t,2026-06-12T23:55:55.335Z,2026-06-12T23:55:55.335Z,75.350000,,,,,0,0,55000000000000000000000000000000,,success,0x425734a7fd13E9994b66a7909206007A1EF7030B
1380,roman_surface_steiner,🏛️ Roman/Steiner Surface,general,general,Parametric surface,formula_sync,0.8,"general, UUON, parametric surface",/shapes/roman-surface-steiner,t,2026-06-12T23:55:55.335Z,2026-06-12T23:55:55.335Z,75.350000,,,,,0,0,55000000000000000000000000000000,,success,0x425734a7fd13E9994b66a7909206007A1EF7030B
1382,whitney_umbrella,☂️ Whitney Umbrella,general,general,Parametric surface,formula_sync,0.8,"general, UUON, parametric surface",/shapes/whitney-umbrella,t,2026-06-12T23:55:55.335Z,2026-06-12T23:55:55.335Z,75.350000,,,,,0,0,55000000000000000000000000000000,,success,0x425734a7fd13E9994b66a7909206007A1EF7030B
1384,barth_sextic,⬡ Barth Sextic,general,general,Parametric surface,formula_sync,0.8,"general, UUON, parametric surface",/shapes/barth-sextic,t,2026-06-12T23:55:55.335Z,2026-06-12T23:55:55.335Z,75.350000,,,,,0,0,55000000000000000000000000000000,,success,0x425734a7fd13E9994b66a7909206007A1EF7030B
1386,genus_3_surface,∞∞ Genus 3 Surface (Triple Torus),general,general,Parametric surface,formula_sync,0.8,"general, UUON, parametric surface",/shapes/genus-3-surface,t,2026-06-12T23:55:55.335Z,2026-06-12T23:55:55.335Z,75.350000,,,,,0,0,55000000000000000000000000000000,,success,0x425734a7fd13E9994b66a7909206007A1EF7030B
1388,braid_group_representation,🎀 Braid Group Representation,general,general,Parametric surface,formula_sync,0.8,"general, UUON, parametric surface",/shapes/braid-group-representation,t,2026-06-12T23:55:55.335Z,2026-06-12T23:55:55.335Z,75.350000,,,,,0,0,55000000000000000000000000000000,,success,0x425734a7fd13E9994b66a7909206007A1EF7030B
1390,connected_sum_surfaces,➕ Connected Sum of Surfaces,general,general,Parametric surface,formula_sync,0.8,"general, UUON, parametric surface",/shapes/connected-sum-surfaces,t,2026-06-12T23:55:55.335Z,2026-06-12T23:55:55.335Z,75.350000,,,,,0,0,55000000000000000000000000000000,,success,0x425734a7fd13E9994b66a7909206007A1EF7030B
1392,fundamental_group_visualization,π₁ Fundamental Group,general,general,Parametric surface,formula_sync,0.8,"general, UUON, parametric surface",/shapes/fundamental-group-visualization,t,2026-06-12T23:55:55.335Z,2026-06-12T23:55:55.335Z,75.350000,,,,,0,0,55000000000000000000000000000000,,success,0x425734a7fd13E9994b66a7909206007A1EF7030B
1394,cohomology_ring_structure,H* Cohomology Ring,general,general,Parametric surface,formula_sync,0.8,"general, UUON, parametric surface",/shapes/cohomology-ring-structure,t,2026-06-12T23:55:55.335Z,2026-06-12T23:55:55.335Z,75.350000,,,,,0,0,55000000000000000000000000000000,,success,0x425734a7fd13E9994b66a7909206007A1EF7030B
1396,chern_class_surface,c₁ Chern Class Surface,general,general,Parametric surface,formula_sync,0.8,"general, UUON, parametric surface",/shapes/chern-class-surface,t,2026-06-12T23:55:55.335Z,2026-06-12T23:55:55.335Z,75.350000,,,,,0,0,55000000000000000000000000000000,,success,0x425734a7fd13E9994b66a7909206007A1EF7030B
1398,stiefel_whitney_class,wₖ Stiefel-Whitney Class,general,general,Parametric surface,formula_sync,0.8,"general, UUON, parametric surface",/shapes/stiefel-whitney-class,t,2026-06-12T23:55:55.335Z,2026-06-12T23:55:55.335Z,75.350000,,,,,0,0,55000000000000000000000000000000,,success,0x425734a7fd13E9994b66a7909206007A1EF7030B
1400,qubit_state_vector,📍 Qubit State Vector,general,general,Parametric surface,formula_sync,0.8,"general, UUON, parametric surface",/shapes/qubit-state-vector,t,2026-06-12T23:55:55.335Z,2026-06-12T23:55:55.335Z,75.350000,,,,,0,0,55000000000000000000000000000000,,success,0x425734a7fd13E9994b66a7909206007A1EF7030B
1402,quantum_gate_pauli_x,❌ Pauli-X Gate (NOT),physics,physics,Parametric surface,formula_sync,0.8,"physics, UUON, parametric surface",/shapes/quantum-gate-pauli-x,t,2026-06-12T23:55:55.335Z,2026-06-12T23:55:55.335Z,75.350000,,,,,0,0,55000000000000000000000000000000,,success,0x425734a7fd13E9994b66a7909206007A1EF7030B
1404,quantum_gate_pauli_z,⬆️ Pauli-Z Gate (Phase),physics,physics,Parametric surface,formula_sync,0.8,"physics, UUON, parametric surface",/shapes/quantum-gate-pauli-z,t,2026-06-12T23:55:55.335Z,2026-06-12T23:55:55.335Z,75.350000,,,,,0,0,55000000000000000000000000000000,,success,0x425734a7fd13E9994b66a7909206007A1EF7030B
1406,multi_qubit_tensor_product,⊗ Multi-Qubit Tensor,general,general,Parametric surface,formula_sync,0.8,"general, UUON, parametric surface",/shapes/multi-qubit-tensor-product,t,2026-06-12T23:55:55.335Z,2026-06-12T23:55:55.335Z,75.350000,,,,,0,0,55000000000000000000000000000000,,success,0x425734a7fd13E9994b66a7909206007A1EF7030B
1408,three_qubit_ghz_state,🌐 3-Qubit GHZ State,general,general,Parametric surface,formula_sync,0.8,"general, UUON, parametric surface",/shapes/three-qubit-ghz-state,t,2026-06-12T23:55:55.335Z,2026-06-12T23:55:55.335Z,75.350000,,,,,0,0,55000000000000000000000000000000,,success,0x425734a7fd13E9994b66a7909206007A1EF7030B
1389,lens_space_l_p_q,"🔍 Lens Space L(p,q)",general,general,Parametric surface,formula_sync,0.8,"general, UUON, parametric surface",/shapes/lens-space-l-p-q,t,2026-06-12T23:55:55.335Z,2026-06-12T23:55:55.335Z,75.350000,,,,,0,0,55000000000000000000000000000000,,success,0x425734a7fd13E9994b66a7909206007A1EF7030B
1391,covering_space_projection,📐 Covering Space Projection,general,general,Parametric surface,formula_sync,0.8,"general, UUON, parametric surface",/shapes/covering-space-projection,t,2026-06-12T23:55:55.335Z,2026-06-12T23:55:55.335Z,75.350000,,,,,0,0,55000000000000000000000000000000,,success,0x425734a7fd13E9994b66a7909206007A1EF7030B
1393,homology_group_chain,Hₙ Homology Group Chain,general,general,Parametric surface,formula_sync,0.8,"general, UUON, parametric surface",/shapes/homology-group-chain,t,2026-06-12T23:55:55.335Z,2026-06-12T23:55:55.335Z,75.350000,,,,,0,0,55000000000000000000000000000000,,success,0x425734a7fd13E9994b66a7909206007A1EF7030B
1395,de_rham_cohomology,Hᵈᴿ de Rham Cohomology,general,general,Parametric surface,formula_sync,0.8,"general, UUON, parametric surface",/shapes/de-rham-cohomology,t,2026-06-12T23:55:55.335Z,2026-06-12T23:55:55.335Z,75.350000,,,,,0,0,55000000000000000000000000000000,,success,0x425734a7fd13E9994b66a7909206007A1EF7030B
1397,pontryagin_class_field,pₖ Pontryagin Class,general,general,Parametric surface,formula_sync,0.8,"general, UUON, parametric surface",/shapes/pontryagin-class-field,t,2026-06-12T23:55:55.335Z,2026-06-12T23:55:55.335Z,75.350000,,,,,0,0,55000000000000000000000000000000,,success,0x425734a7fd13E9994b66a7909206007A1EF7030B
1399,characteristic_class_bundle,🎯 Characteristic Class Bundle,general,general,Parametric surface,formula_sync,0.8,"general, UUON, parametric surface",/shapes/characteristic-class-bundle,t,2026-06-12T23:55:55.335Z,2026-06-12T23:55:55.335Z,75.350000,,,,,0,0,55000000000000000000000000000000,,success,0x425734a7fd13E9994b66a7909206007A1EF7030B
1401,quantum_superposition_state,🌀 Quantum Superposition,physics,physics,Parametric surface,formula_sync,0.8,"physics, UUON, parametric surface",/shapes/quantum-superposition-state,t,2026-06-12T23:55:55.335Z,2026-06-12T23:55:55.335Z,75.350000,,,,,0,0,55000000000000000000000000000000,,success,0x425734a7fd13E9994b66a7909206007A1EF7030B
1403,quantum_gate_pauli_y,🔄 Pauli-Y Gate,physics,physics,Parametric surface,formula_sync,0.8,"physics, UUON, parametric surface",/shapes/quantum-gate-pauli-y,t,2026-06-12T23:55:55.335Z,2026-06-12T23:55:55.335Z,75.350000,,,,,0,0,55000000000000000000000000000000,,success,0x425734a7fd13E9994b66a7909206007A1EF7030B
1405,quantum_gate_toffoli,⊕⊕ Toffoli Gate (CCNOT),physics,physics,Parametric surface,formula_sync,0.8,"physics, UUON, parametric surface",/shapes/quantum-gate-toffoli,t,2026-06-12T23:55:55.335Z,2026-06-12T23:55:55.335Z,75.350000,,,,,0,0,55000000000000000000000000000000,,success,0x425734a7fd13E9994b66a7909206007A1EF7030B
1407,two_qubit_entangled_state,🔗 2-Qubit Entanglement,general,general,Parametric surface,formula_sync,0.8,"general, UUON, parametric surface",/shapes/two-qubit-entangled-state,t,2026-06-12T23:55:55.335Z,2026-06-12T23:55:55.335Z,75.350000,,,,,0,0,55000000000000000000000000000000,,success,0x425734a7fd13E9994b66a7909206007A1EF7030B
1409,hamiltonian_energy_matrix,⚡ Hamiltonian Energy Matrix,general,general,Parametric surface,formula_sync,0.8,"general, UUON, parametric surface",/shapes/hamiltonian-energy-matrix,t,2026-06-12T23:55:55.335Z,2026-06-12T23:55:55.335Z,75.350000,,,,,0,0,55000000000000000000000000000000,,success,0x425734a7fd13E9994b66a7909206007A1EF7030B
1411,schrodinger_evolution_operator,📐 Schrödinger Evolution,general,general,Parametric surface,formula_sync,0.8,"general, UUON, parametric surface",/shapes/schrodinger-evolution-operator,t,2026-06-12T23:55:55.335Z,2026-06-12T23:55:55.335Z,75.350000,,,,,0,0,55000000000000000000000000000000,,success,0x425734a7fd13E9994b66a7909206007A1EF7030B
1413,quantum_interference_pattern,〰️ Quantum Interference,physics,physics,Parametric surface,formula_sync,0.8,"physics, UUON, parametric surface",/shapes/quantum-interference-pattern,t,2026-06-12T23:55:55.335Z,2026-06-12T23:55:55.335Z,75.350000,,,,,0,0,55000000000000000000000000000000,,success,0x425734a7fd13E9994b66a7909206007A1EF7030B
1415,variational_quantum_eigensolver,⚛️ VQE Surface,physics,physics,Parametric surface,formula_sync,0.8,"physics, UUON, parametric surface",/shapes/variational-quantum-eigensolver,t,2026-06-12T23:55:55.335Z,2026-06-12T23:55:55.335Z,75.350000,,,,,0,0,55000000000000000000000000000000,,success,0x425734a7fd13E9994b66a7909206007A1EF7030B
1417,quantum_annealing_landscape,🌡️ Quantum Annealing,physics,physics,Parametric surface,formula_sync,0.8,"physics, UUON, parametric surface",/shapes/quantum-annealing-landscape,t,2026-06-12T23:55:55.335Z,2026-06-12T23:55:55.335Z,75.350000,,,,,0,0,55000000000000000000000000000000,,success,0x425734a7fd13E9994b66a7909206007A1EF7030B
1419,surface_code_lattice,🔲 Surface Code Lattice,general,general,Parametric surface,formula_sync,0.8,"general, UUON, parametric surface",/shapes/surface-code-lattice,t,2026-06-12T23:55:55.335Z,2026-06-12T23:55:55.335Z,75.350000,,,,,0,0,55000000000000000000000000000000,,success,0x425734a7fd13E9994b66a7909206007A1EF7030B
1421,quantum_decoherence_trajectory,📉 Decoherence Trajectory,physics,physics,Parametric surface,formula_sync,0.8,"physics, UUON, parametric surface",/shapes/quantum-decoherence-trajectory,t,2026-06-12T23:55:55.335Z,2026-06-12T23:55:55.335Z,75.350000,,,,,0,0,55000000000000000000000000000000,,success,0x425734a7fd13E9994b66a7909206007A1EF7030B
1423,quantum_tomography_reconstruction,🔬 Quantum Tomography,physics,physics,Parametric surface,formula_sync,0.8,"physics, UUON, parametric surface",/shapes/quantum-tomography-reconstruction,t,2026-06-12T23:55:55.335Z,2026-06-12T23:55:55.335Z,75.350000,,,,,0,0,55000000000000000000000000000000,,success,0x425734a7fd13E9994b66a7909206007A1EF7030B
1425,fidelity_metric_surface,📏 Fidelity Metric,general,general,Parametric surface,formula_sync,0.8,"general, UUON, parametric surface",/shapes/fidelity-metric-surface,t,2026-06-12T23:55:55.335Z,2026-06-12T23:55:55.335Z,75.350000,,,,,0,0,55000000000000000000000000000000,,success,0x425734a7fd13E9994b66a7909206007A1EF7030B
1427,quantum_coherence_measure,💎 Quantum Coherence,physics,physics,Parametric surface,formula_sync,0.8,"physics, UUON, parametric surface",/shapes/quantum-coherence-measure,t,2026-06-12T23:55:55.335Z,2026-06-12T23:55:55.335Z,75.350000,,,,,0,0,55000000000000000000000000000000,,success,0x425734a7fd13E9994b66a7909206007A1EF7030B
1429,quantum_walk_graph,🚶 Discrete Quantum Walk,physics,physics,Parametric surface,formula_sync,0.8,"physics, UUON, parametric surface",/shapes/quantum-walk-graph,t,2026-06-12T23:55:55.335Z,2026-06-12T23:55:55.335Z,75.350000,,,,,0,0,55000000000000000000000000000000,,success,0x425734a7fd13E9994b66a7909206007A1EF7030B
1431,quantum_cellular_automaton,🔢 Quantum Cellular Automaton,physics,physics,Parametric surface,formula_sync,0.8,"physics, UUON, parametric surface",/shapes/quantum-cellular-automaton,t,2026-06-12T23:55:55.335Z,2026-06-12T23:55:55.335Z,75.350000,,,,,0,0,55000000000000000000000000000000,,success,0x425734a7fd13E9994b66a7909206007A1EF7030B
1433,box_counting_dimension,📦 Box Counting Dimension,general,general,Parametric surface,formula_sync,0.8,"general, UUON, parametric surface",/shapes/box-counting-dimension,t,2026-06-12T23:55:55.335Z,2026-06-12T23:55:55.335Z,75.350000,,,,,0,0,55000000000000000000000000000000,,success,0x425734a7fd13E9994b66a7909206007A1EF7030B
1435,nested_squares_method_nsm,⬜ Nested Squares Method,general,general,Parametric surface,formula_sync,0.8,"general, UUON, parametric surface",/shapes/nested-squares-method-nsm,t,2026-06-12T23:56:01.905Z,2026-06-12T23:56:01.905Z,75.350000,,,,,0,0,55000000000000000000000000000000,,success,0x425734a7fd13E9994b66a7909206007A1EF7030B
1437,cumulative_intersection_method,➕ Cumulative Intersection,general,general,Parametric surface,formula_sync,0.8,"general, UUON, parametric surface",/shapes/cumulative-intersection-method,t,2026-06-12T23:56:01.905Z,2026-06-12T23:56:01.905Z,75.350000,,,,,0,0,55000000000000000000000000000000,,success,0x425734a7fd13E9994b66a7909206007A1EF7030B
1439,mass_fractal_dimension_df,⚖️ Mass Fractal Df,fractal,fractal,Parametric surface,formula_sync,0.8,"fractal, UUON, parametric surface",/shapes/mass-fractal-dimension-df,t,2026-06-12T23:56:01.905Z,2026-06-12T23:56:01.905Z,75.350000,,,,,0,0,55000000000000000000000000000000,,success,0x425734a7fd13E9994b66a7909206007A1EF7030B
1441,fractal_prefactor_k0,🔢 Fractal Prefactor k₀,fractal,fractal,Parametric surface,formula_sync,0.8,"fractal, UUON, parametric surface",/shapes/fractal-prefactor-k0,t,2026-06-12T23:56:01.905Z,2026-06-12T23:56:01.905Z,75.350000,,,,,0,0,55000000000000000000000000000000,,success,0x425734a7fd13E9994b66a7909206007A1EF7030B
1443,lacunarity_gap_analysis,🕳️ Lacunarity Gap Analysis,general,general,Parametric surface,formula_sync,0.8,"general, UUON, parametric surface",/shapes/lacunarity-gap-analysis,t,2026-06-12T23:56:01.905Z,2026-06-12T23:56:01.905Z,75.350000,,,,,0,0,55000000000000000000000000000000,,success,0x425734a7fd13E9994b66a7909206007A1EF7030B
1445,dlca_aggregation_mechanism,🔗 DLCA Aggregation,general,general,Parametric surface,formula_sync,0.8,"general, UUON, parametric surface",/shapes/dlca-aggregation-mechanism,t,2026-06-12T23:56:01.905Z,2026-06-12T23:56:01.905Z,75.350000,,,,,0,0,55000000000000000000000000000000,,success,0x425734a7fd13E9994b66a7909206007A1EF7030B
1447,pca_aggregation_mechanism,📍 PCA Aggregation,general,general,Parametric surface,formula_sync,0.8,"general, UUON, parametric surface",/shapes/pca-aggregation-mechanism,t,2026-06-12T23:56:01.905Z,2026-06-12T23:56:01.905Z,75.350000,,,,,0,0,55000000000000000000000000000000,,success,0x425734a7fd13E9994b66a7909206007A1EF7030B
1449,reaction_limited_cluster,⚗️ Reaction Limited Cluster,general,general,Parametric surface,formula_sync,0.8,"general, UUON, parametric surface",/shapes/reaction-limited-cluster,t,2026-06-12T23:56:01.905Z,2026-06-12T23:56:01.905Z,75.350000,,,,,0,0,55000000000000000000000000000000,,success,0x425734a7fd13E9994b66a7909206007A1EF7030B
1410,unitary_time_evolution,⏱️ Unitary Time Evolution,general,general,Parametric surface,formula_sync,0.8,"general, UUON, parametric surface",/shapes/unitary-time-evolution,t,2026-06-12T23:55:55.335Z,2026-06-12T23:55:55.335Z,75.350000,,,,,0,0,55000000000000000000000000000000,,success,0x425734a7fd13E9994b66a7909206007A1EF7030B
1412,quantum_phase_rotation,🔄 Quantum Phase Rotation,physics,physics,Parametric surface,formula_sync,0.8,"physics, UUON, parametric surface",/shapes/quantum-phase-rotation,t,2026-06-12T23:55:55.335Z,2026-06-12T23:55:55.335Z,75.350000,,,,,0,0,55000000000000000000000000000000,,success,0x425734a7fd13E9994b66a7909206007A1EF7030B
1414,quantum_phase_estimation,📊 Phase Estimation,physics,physics,Parametric surface,formula_sync,0.8,"physics, UUON, parametric surface",/shapes/quantum-phase-estimation,t,2026-06-12T23:55:55.335Z,2026-06-12T23:55:55.335Z,75.350000,,,,,0,0,55000000000000000000000000000000,,success,0x425734a7fd13E9994b66a7909206007A1EF7030B
1416,qaoa_optimization_surface,📈 QAOA Optimization,general,general,Parametric surface,formula_sync,0.8,"general, UUON, parametric surface",/shapes/qaoa-optimization-surface,t,2026-06-12T23:55:55.335Z,2026-06-12T23:55:55.335Z,75.350000,,,,,0,0,55000000000000000000000000000000,,success,0x425734a7fd13E9994b66a7909206007A1EF7030B
1418,quantum_error_correction_code,🛡️ Quantum Error Correction,physics,physics,Parametric surface,formula_sync,0.8,"physics, UUON, parametric surface",/shapes/quantum-error-correction-code,t,2026-06-12T23:55:55.335Z,2026-06-12T23:55:55.335Z,75.350000,,,,,0,0,55000000000000000000000000000000,,success,0x425734a7fd13E9994b66a7909206007A1EF7030B
1420,stabilizer_code_graph,📊 Stabilizer Code Graph,general,general,Parametric surface,formula_sync,0.8,"general, UUON, parametric surface",/shapes/stabilizer-code-graph,t,2026-06-12T23:55:55.335Z,2026-06-12T23:55:55.335Z,75.350000,,,,,0,0,55000000000000000000000000000000,,success,0x425734a7fd13E9994b66a7909206007A1EF7030B
1422,noise_channel_visualization,📶 Noise Channel,general,general,Parametric surface,formula_sync,0.8,"general, UUON, parametric surface",/shapes/noise-channel-visualization,t,2026-06-12T23:55:55.335Z,2026-06-12T23:55:55.335Z,75.350000,,,,,0,0,55000000000000000000000000000000,,success,0x425734a7fd13E9994b66a7909206007A1EF7030B
1424,density_matrix_visualization,🎲 Density Matrix,general,general,Parametric surface,formula_sync,0.8,"general, UUON, parametric surface",/shapes/density-matrix-visualization,t,2026-06-12T23:55:55.335Z,2026-06-12T23:55:55.335Z,75.350000,,,,,0,0,55000000000000000000000000000000,,success,0x425734a7fd13E9994b66a7909206007A1EF7030B
1426,quantum_discord_geometry,🔀 Quantum Discord,physics,physics,Parametric surface,formula_sync,0.8,"physics, UUON, parametric surface",/shapes/quantum-discord-geometry,t,2026-06-12T23:55:55.335Z,2026-06-12T23:55:55.335Z,75.350000,,,,,0,0,55000000000000000000000000000000,,success,0x425734a7fd13E9994b66a7909206007A1EF7030B
1428,adiabatic_quantum_evolution,🐌 Adiabatic Evolution,physics,physics,Parametric surface,formula_sync,0.8,"physics, UUON, parametric surface",/shapes/adiabatic-quantum-evolution,t,2026-06-12T23:55:55.335Z,2026-06-12T23:55:55.335Z,75.350000,,,,,0,0,55000000000000000000000000000000,,success,0x425734a7fd13E9994b66a7909206007A1EF7030B
1430,continuous_time_quantum_walk,⏳ Continuous Quantum Walk,physics,physics,Parametric surface,formula_sync,0.8,"physics, UUON, parametric surface",/shapes/continuous-time-quantum-walk,t,2026-06-12T23:55:55.335Z,2026-06-12T23:55:55.335Z,75.350000,,,,,0,0,55000000000000000000000000000000,,success,0x425734a7fd13E9994b66a7909206007A1EF7030B
1432,topological_quantum_code,🔷 Topological Quantum Code,physics,physics,Parametric surface,formula_sync,0.8,"physics, UUON, parametric surface",/shapes/topological-quantum-code,t,2026-06-12T23:55:55.335Z,2026-06-12T23:55:55.335Z,75.350000,,,,,0,0,55000000000000000000000000000000,,success,0x425734a7fd13E9994b66a7909206007A1EF7030B
1434,minkowski_bouligand_dimension,📐 Minkowski-Bouligand Dimension,general,general,Parametric surface,formula_sync,0.8,"general, UUON, parametric surface",/shapes/minkowski-bouligand-dimension,t,2026-06-12T23:56:01.905Z,2026-06-12T23:56:01.905Z,75.350000,,,,,0,0,55000000000000000000000000000000,,success,0x425734a7fd13E9994b66a7909206007A1EF7030B
1436,perimeter_grid_method_pgm,🔲 Perimeter Grid Method,general,general,Parametric surface,formula_sync,0.8,"general, UUON, parametric surface",/shapes/perimeter-grid-method-pgm,t,2026-06-12T23:56:01.905Z,2026-06-12T23:56:01.905Z,75.350000,,,,,0,0,55000000000000000000000000000000,,success,0x425734a7fd13E9994b66a7909206007A1EF7030B
1438,concentric_circles_fractal,⭕ Concentric Circles Fractal,fractal,fractal,Parametric surface,formula_sync,0.8,"fractal, UUON, parametric surface",/shapes/concentric-circles-fractal,t,2026-06-12T23:56:01.905Z,2026-06-12T23:56:01.905Z,75.350000,,,,,0,0,55000000000000000000000000000000,,success,0x425734a7fd13E9994b66a7909206007A1EF7030B
1440,radius_of_gyration_rg,🔄 Radius of Gyration Rg,general,general,Parametric surface,formula_sync,0.8,"general, UUON, parametric surface",/shapes/radius-of-gyration-rg,t,2026-06-12T23:56:01.905Z,2026-06-12T23:56:01.905Z,75.350000,,,,,0,0,55000000000000000000000000000000,,success,0x425734a7fd13E9994b66a7909206007A1EF7030B
1442,primary_particle_radius_a,⚫ Primary Particle Radius,general,general,Parametric surface,formula_sync,0.8,"general, UUON, parametric surface",/shapes/primary-particle-radius-a,t,2026-06-12T23:56:01.905Z,2026-06-12T23:56:01.905Z,75.350000,,,,,0,0,55000000000000000000000000000000,,success,0x425734a7fd13E9994b66a7909206007A1EF7030B
1444,lacunarity_spectrum_surface,🌈 Lacunarity Spectrum,general,general,Parametric surface,formula_sync,0.8,"general, UUON, parametric surface",/shapes/lacunarity-spectrum-surface,t,2026-06-12T23:56:01.905Z,2026-06-12T23:56:01.905Z,75.350000,,,,,0,0,55000000000000000000000000000000,,success,0x425734a7fd13E9994b66a7909206007A1EF7030B
1446,rlca_aggregation_mechanism,🧲 RLCA Aggregation,general,general,Parametric surface,formula_sync,0.8,"general, UUON, parametric surface",/shapes/rlca-aggregation-mechanism,t,2026-06-12T23:56:01.905Z,2026-06-12T23:56:01.905Z,75.350000,,,,,0,0,55000000000000000000000000000000,,success,0x425734a7fd13E9994b66a7909206007A1EF7030B
1448,diffusion_limited_cluster,🌿 Diffusion Limited Cluster,general,general,Parametric surface,formula_sync,0.8,"general, UUON, parametric surface",/shapes/diffusion-limited-cluster,t,2026-06-12T23:56:01.905Z,2026-06-12T23:56:01.905Z,75.350000,,,,,0,0,55000000000000000000000000000000,,success,0x425734a7fd13E9994b66a7909206007A1EF7030B
1027,newton_fractal,Newton Fractal,fractals,2d,Newton method basin boundaries,formula_sync,0.8,"fractals, UUON, parametric surface",/shapes/newton-fractal,t,2026-06-12T23:55:29.054Z,2026-06-12T23:55:29.054Z,75.350000,,,,,0,0,55000000000000000000000000000000,,success,0x425734a7fd13E9994b66a7909206007A1EF7030B
1450,particle_cluster_aggregation,🔘 Particle-Cluster Aggregation,general,general,Parametric surface,formula_sync,0.8,"general, UUON, parametric surface",/shapes/particle-cluster-aggregation,t,2026-06-12T23:56:01.905Z,2026-06-12T23:56:01.905Z,75.350000,,,,,0,0,55000000000000000000000000000000,,success,0x425734a7fd13E9994b66a7909206007A1EF7030B
1587,pi_bond_surface,Pi Bond Surface,general,general,Parametric surface,formula_sync,0.8,"general, UUON, parametric surface",/shapes/pi-bond-surface,t,2026-06-12T23:56:08.473Z,2026-06-12T23:56:08.473Z,75.350000,,,,,0,0,55000000000000000000000000000000,,success,0x425734a7fd13E9994b66a7909206007A1EF7030B
1452,structural_coefficient_kg,🏗️ Structural Coefficient kg,general,general,Parametric surface,formula_sync,0.8,"general, UUON, parametric surface",/shapes/structural-coefficient-kg,t,2026-06-12T23:56:01.905Z,2026-06-12T23:56:01.905Z,75.350000,,,,,0,0,55000000000000000000000000000000,,success,0x425734a7fd13E9994b66a7909206007A1EF7030B
1454,tem_image_fractal_dimension,🔬 TEM Fractal Dimension,fractal,fractal,Parametric surface,formula_sync,0.8,"fractal, UUON, parametric surface",/shapes/tem-image-fractal-dimension,t,2026-06-12T23:56:01.905Z,2026-06-12T23:56:01.905Z,75.350000,,,,,0,0,55000000000000000000000000000000,,success,0x425734a7fd13E9994b66a7909206007A1EF7030B
1456,gray_scale_intensity_fractal,🎨 Grayscale Intensity Fractal,fractal,fractal,Parametric surface,formula_sync,0.8,"fractal, UUON, parametric surface",/shapes/gray-scale-intensity-fractal,t,2026-06-12T23:56:01.905Z,2026-06-12T23:56:01.905Z,75.350000,,,,,0,0,55000000000000000000000000000000,,success,0x425734a7fd13E9994b66a7909206007A1EF7030B
1458,scale_invariant_aggregate,♾️ Scale-Invariant Aggregate,general,general,Parametric surface,formula_sync,0.8,"general, UUON, parametric surface",/shapes/scale-invariant-aggregate,t,2026-06-12T23:56:01.905Z,2026-06-12T23:56:01.905Z,75.350000,,,,,0,0,55000000000000000000000000000000,,success,0x425734a7fd13E9994b66a7909206007A1EF7030B
1460,homogeneous_gap_distribution,⬜ Homogeneous Gaps,general,general,Parametric surface,formula_sync,0.8,"general, UUON, parametric surface",/shapes/homogeneous-gap-distribution,t,2026-06-12T23:56:01.905Z,2026-06-12T23:56:01.905Z,75.350000,,,,,0,0,55000000000000000000000000000000,,success,0x425734a7fd13E9994b66a7909206007A1EF7030B
1462,spatial_position_vector,📍 Spatial Position Vector,general,general,Parametric surface,formula_sync,0.8,"general, UUON, parametric surface",/shapes/spatial-position-vector,t,2026-06-12T23:56:01.905Z,2026-06-12T23:56:01.905Z,75.350000,,,,,0,0,55000000000000000000000000000000,,success,0x425734a7fd13E9994b66a7909206007A1EF7030B
1464,linear_regression_slope_df,📉 Linear Regression Df,general,general,Parametric surface,formula_sync,0.8,"general, UUON, parametric surface",/shapes/linear-regression-slope-df,t,2026-06-12T23:56:01.905Z,2026-06-12T23:56:01.905Z,75.350000,,,,,0,0,55000000000000000000000000000000,,success,0x425734a7fd13E9994b66a7909206007A1EF7030B
1466,aggregate_boundary_intersection,🔲 Aggregate Boundary,general,general,Parametric surface,formula_sync,0.8,"general, UUON, parametric surface",/shapes/aggregate-boundary-intersection,t,2026-06-12T23:56:01.905Z,2026-06-12T23:56:01.905Z,75.350000,,,,,0,0,55000000000000000000000000000000,,success,0x425734a7fd13E9994b66a7909206007A1EF7030B
1468,snowflake_dendrite,Dendrite Snowflake,crystallographic,crystallographic,Parametric surface,formula_sync,0.8,"crystallographic, UUON, parametric surface",/shapes/snowflake-dendrite,t,2026-06-12T23:56:01.905Z,2026-06-12T23:56:01.905Z,75.350000,,,,,0,0,55000000000000000000000000000000,,success,0x425734a7fd13E9994b66a7909206007A1EF7030B
1470,snowflake_koch,Koch Snowflake Fractal,crystallographic,crystallographic,Parametric surface,formula_sync,0.8,"crystallographic, UUON, parametric surface",/shapes/snowflake-koch,t,2026-06-12T23:56:01.905Z,2026-06-12T23:56:01.905Z,75.350000,,,,,0,0,55000000000000000000000000000000,,success,0x425734a7fd13E9994b66a7909206007A1EF7030B
835,hello_uuorld,Hello UUorld - Welcome to U² Mathematics,uuon-acas,welcome,The gateway shape - U² modulated sphere with golden ratio harmonics,formula_sync,0.8,"uuon-acas, UUON, parametric surface",/shapes/hello-uuorld,t,2026-06-12T23:55:22.433Z,2026-06-12T23:55:22.433Z,75.350000,,,,,0,0,55000000000000000000000000000000,,success,0x425734a7fd13E9994b66a7909206007A1EF7030B
836,uuon,UUON/U²O(n) - Linear Complexity Algorithm,uuon-acas,algorithms,U-squared O(n) complexity visualization - linear scaling in quadratic space,formula_sync,0.8,"uuon-acas, UUON, parametric surface",/shapes/uuon,t,2026-06-12T23:55:22.433Z,2026-06-12T23:55:22.433Z,75.350000,,,,,0,0,55000000000000000000000000000000,,success,0x425734a7fd13E9994b66a7909206007A1EF7030B
837,shape_of_universe,Shape of the Universe - Unified Structure,uuon-acas,cosmology,Synthesizes ALL mathematical formulas into one coherent cosmic visualization,formula_sync,0.8,"uuon-acas, UUON, parametric surface",/shapes/shape-of-universe,t,2026-06-12T23:55:22.433Z,2026-06-12T23:55:22.433Z,75.350000,,,,,0,0,55000000000000000000000000000000,,success,0x425734a7fd13E9994b66a7909206007A1EF7030B
838,acas_beacon_attractor,ACAS Beacon Attractor,uuon-acas,beacon,Autonomous Contract Attractor System - Lorenz-based discovery beacon,formula_sync,0.8,"uuon-acas, UUON, parametric surface",/shapes/acas-beacon-attractor,t,2026-06-12T23:55:22.433Z,2026-06-12T23:55:22.433Z,75.350000,,,,,0,0,55000000000000000000000000000000,,success,0x425734a7fd13E9994b66a7909206007A1EF7030B
839,loop_quantum_gravity_spin_foam,Loop Quantum Gravity Spin Foam,quantum-gravity,lqg,Spacetime as discrete spin network nodes,formula_sync,0.8,"quantum-gravity, UUON, parametric surface",/shapes/loop-quantum-gravity-spin-foam,t,2026-06-12T23:55:22.433Z,2026-06-12T23:55:22.433Z,75.350000,,,,,0,0,55000000000000000000000000000000,,success,0x425734a7fd13E9994b66a7909206007A1EF7030B
840,planck_scale_foam,Planck Scale Spacetime Foam,quantum-gravity,planck,Quantum fluctuations at 10⁻³⁵ meters,formula_sync,0.8,"quantum-gravity, UUON, parametric surface",/shapes/planck-scale-foam,t,2026-06-12T23:55:22.433Z,2026-06-12T23:55:22.433Z,75.350000,,,,,0,0,55000000000000000000000000000000,,success,0x425734a7fd13E9994b66a7909206007A1EF7030B
841,ashtekar_variables,Ashtekar Connection Variables,quantum-gravity,lqg,Self-dual connection reformulation of general relativity,formula_sync,0.8,"quantum-gravity, UUON, parametric surface",/shapes/ashtekar-variables,t,2026-06-12T23:55:22.433Z,2026-06-12T23:55:22.433Z,75.350000,,,,,0,0,55000000000000000000000000000000,,success,0x425734a7fd13E9994b66a7909206007A1EF7030B
842,holonomy_wilson_loop,Holonomy Wilson Loop,quantum-gravity,gauge,Parallel transport around closed loop in curved spacetime,formula_sync,0.8,"quantum-gravity, UUON, parametric surface",/shapes/holonomy-wilson-loop,t,2026-06-12T23:55:22.433Z,2026-06-12T23:55:22.433Z,75.350000,,,,,0,0,55000000000000000000000000000000,,success,0x425734a7fd13E9994b66a7909206007A1EF7030B
843,area_operator_spectrum,Area Operator Spectrum,quantum-gravity,lqg,Quantized area eigenvalues in LQG,formula_sync,0.8,"quantum-gravity, UUON, parametric surface",/shapes/area-operator-spectrum,t,2026-06-12T23:55:22.433Z,2026-06-12T23:55:22.433Z,75.350000,,,,,0,0,55000000000000000000000000000000,,success,0x425734a7fd13E9994b66a7909206007A1EF7030B
844,volume_operator,Volume Operator,quantum-gravity,lqg,Quantized volume in loop quantum gravity,formula_sync,0.8,"quantum-gravity, UUON, parametric surface",/shapes/volume-operator,t,2026-06-12T23:55:22.433Z,2026-06-12T23:55:22.433Z,75.350000,,,,,0,0,55000000000000000000000000000000,,success,0x425734a7fd13E9994b66a7909206007A1EF7030B
845,aes_rijndael_cipher,AES/Rijndael Block Cipher,cryptography,symmetric,Advanced Encryption Standard - symmetric block cipher,formula_sync,0.8,"cryptography, UUON, parametric surface",/shapes/aes-rijndael-cipher,t,2026-06-12T23:55:22.433Z,2026-06-12T23:55:22.433Z,75.350000,,,,,0,0,55000000000000000000000000000000,,success,0x425734a7fd13E9994b66a7909206007A1EF7030B
846,sha256_compression_function,SHA-256 Compression Function,cryptography,hash,Cryptographic hash function - Bitcoin foundation,formula_sync,0.8,"cryptography, UUON, parametric surface",/shapes/sha256-compression-function,t,2026-06-12T23:55:22.433Z,2026-06-12T23:55:22.433Z,75.350000,,,,,0,0,55000000000000000000000000000000,,success,0x425734a7fd13E9994b66a7909206007A1EF7030B
847,elliptic_curve_cryptography,Elliptic Curve Cryptography,cryptography,asymmetric,ECDSA/ECDH - Ethereum and Bitcoin signatures,formula_sync,0.8,"cryptography, UUON, parametric surface",/shapes/elliptic-curve-cryptography,t,2026-06-12T23:55:22.433Z,2026-06-12T23:55:22.433Z,75.350000,,,,,0,0,55000000000000000000000000000000,,success,0x425734a7fd13E9994b66a7909206007A1EF7030B
848,keccak_sha3_sponge,Keccak/SHA-3 Sponge,cryptography,hash,Sponge construction hash - quantum resistant,formula_sync,0.8,"cryptography, UUON, parametric surface",/shapes/keccak-sha3-sponge,t,2026-06-12T23:55:22.433Z,2026-06-12T23:55:22.433Z,75.350000,,,,,0,0,55000000000000000000000000000000,,success,0x425734a7fd13E9994b66a7909206007A1EF7030B
849,lattice_kyber_ntru,Lattice Cryptography (Kyber/NTRU),cryptography,post-quantum,Post-quantum cryptography - Learning With Errors,formula_sync,0.8,"cryptography, UUON, parametric surface",/shapes/lattice-kyber-ntru,t,2026-06-12T23:55:22.433Z,2026-06-12T23:55:22.433Z,75.350000,,,,,0,0,55000000000000000000000000000000,,success,0x425734a7fd13E9994b66a7909206007A1EF7030B
850,hyperoctahedron_16_cell,16-Cell (Hyperoctahedron),4d-hyperdimensional,polytopes,4D cross-polytope - 16 tetrahedral cells,formula_sync,0.8,"4d-hyperdimensional, UUON, parametric surface",/shapes/hyperoctahedron-16-cell,t,2026-06-12T23:55:22.433Z,2026-06-12T23:55:22.433Z,75.350000,,,,,0,0,55000000000000000000000000000000,,success,0x425734a7fd13E9994b66a7909206007A1EF7030B
851,24_cell,24-Cell,4d-hyperdimensional,polytopes,Unique self-dual 4D regular polytope,formula_sync,0.8,"4d-hyperdimensional, UUON, parametric surface",/shapes/24-cell,t,2026-06-12T23:55:22.433Z,2026-06-12T23:55:22.433Z,75.350000,,,,,0,0,55000000000000000000000000000000,,success,0x425734a7fd13E9994b66a7909206007A1EF7030B
852,120_cell,120-Cell (Hecatonicosachoron),4d-hyperdimensional,polytopes,Largest regular 4D polytope - 120 dodecahedral cells,formula_sync,0.8,"4d-hyperdimensional, UUON, parametric surface",/shapes/120-cell,t,2026-06-12T23:55:22.433Z,2026-06-12T23:55:22.433Z,75.350000,,,,,0,0,55000000000000000000000000000000,,success,0x425734a7fd13E9994b66a7909206007A1EF7030B
853,600_cell,600-Cell (Hexacosichoron),4d-hyperdimensional,polytopes,4D analogue of icosahedron - 600 tetrahedral cells,formula_sync,0.8,"4d-hyperdimensional, UUON, parametric surface",/shapes/600-cell,t,2026-06-12T23:55:22.433Z,2026-06-12T23:55:22.433Z,75.350000,,,,,0,0,55000000000000000000000000000000,,success,0x425734a7fd13E9994b66a7909206007A1EF7030B
854,clifford_torus,Clifford Torus,4d-hyperdimensional,manifolds,Flat torus embedded in 4D - Hopf fibration base,formula_sync,0.8,"4d-hyperdimensional, UUON, parametric surface",/shapes/clifford-torus,t,2026-06-12T23:55:22.433Z,2026-06-12T23:55:22.433Z,75.350000,,,,,0,0,55000000000000000000000000000000,,success,0x425734a7fd13E9994b66a7909206007A1EF7030B
855,a_dna_helix,A-DNA Helix,molecular-biology,dna,"Dehydrated DNA form - 11bp per turn, right-handed",formula_sync,0.8,"molecular-biology, UUON, parametric surface",/shapes/a-dna-helix,t,2026-06-12T23:55:22.433Z,2026-06-12T23:55:22.433Z,75.350000,,,,,0,0,55000000000000000000000000000000,,success,0x425734a7fd13E9994b66a7909206007A1EF7030B
856,z_dna_helix,Z-DNA Helix,molecular-biology,dna,Left-handed DNA - zigzag backbone,formula_sync,0.8,"molecular-biology, UUON, parametric surface",/shapes/z-dna-helix,t,2026-06-12T23:55:22.433Z,2026-06-12T23:55:22.433Z,75.350000,,,,,0,0,55000000000000000000000000000000,,success,0x425734a7fd13E9994b66a7909206007A1EF7030B
857,crispr_cas9_complex,CRISPR-Cas9 Complex,molecular-biology,gene-editing,Gene editing molecular machine,formula_sync,0.8,"molecular-biology, UUON, parametric surface",/shapes/crispr-cas9-complex,t,2026-06-12T23:55:22.433Z,2026-06-12T23:55:22.433Z,75.350000,,,,,0,0,55000000000000000000000000000000,,success,0x425734a7fd13E9994b66a7909206007A1EF7030B
858,atp_synthase,ATP Synthase,molecular-biology,proteins,Molecular turbine - cellular energy production,formula_sync,0.8,"molecular-biology, UUON, parametric surface",/shapes/atp-synthase,t,2026-06-12T23:55:22.433Z,2026-06-12T23:55:22.433Z,75.350000,,,,,0,0,55000000000000000000000000000000,,success,0x425734a7fd13E9994b66a7909206007A1EF7030B
1580,s_orbital,S Orbital (l=0),general,general,Parametric surface,formula_sync,0.8,"general, UUON, parametric surface",/shapes/s-orbital,t,2026-06-12T23:56:08.473Z,2026-06-12T23:56:08.473Z,75.350000,,,,,0,0,55000000000000000000000000000000,,success,0x425734a7fd13E9994b66a7909206007A1EF7030B
859,ribosome_detailed,Ribosome,molecular-biology,proteins,Protein synthesis machine - 30S + 50S subunits,formula_sync,0.8,"molecular-biology, UUON, parametric surface",/shapes/ribosome-detailed,t,2026-06-12T23:55:22.433Z,2026-06-12T23:55:22.433Z,75.350000,,,,,0,0,55000000000000000000000000000000,,success,0x425734a7fd13E9994b66a7909206007A1EF7030B
860,virus_capsid,Virus Capsid,molecular-biology,virology,Icosahedral protein shell - T-number symmetry,formula_sync,0.8,"molecular-biology, UUON, parametric surface",/shapes/virus-capsid,t,2026-06-12T23:55:22.433Z,2026-06-12T23:55:22.433Z,75.350000,,,,,0,0,55000000000000000000000000000000,,success,0x425734a7fd13E9994b66a7909206007A1EF7030B
861,torus_energy_field,Torus Energy Field,sacred-geometry,energy,Universal energy flow pattern - heart field,formula_sync,0.8,"sacred-geometry, UUON, parametric surface",/shapes/torus-energy-field,t,2026-06-12T23:55:22.433Z,2026-06-12T23:55:22.433Z,75.350000,,,,,0,0,55000000000000000000000000000000,,success,0x425734a7fd13E9994b66a7909206007A1EF7030B
862,mandelbulb,Mandelbulb,fractals,3d-fractals,3D Mandelbrot analogue in spherical coordinates,formula_sync,0.8,"fractals, UUON, parametric surface",/shapes/mandelbulb,t,2026-06-12T23:55:22.433Z,2026-06-12T23:55:22.433Z,75.350000,,,,,0,0,55000000000000000000000000000000,,success,0x425734a7fd13E9994b66a7909206007A1EF7030B
864,hydrogen_1s_orbital,Hydrogen 1s Orbital,quantum-mechanics,orbitals,Ground state electron wavefunction,formula_sync,0.8,"quantum-mechanics, UUON, parametric surface",/shapes/hydrogen-1s-orbital,t,2026-06-12T23:55:22.433Z,2026-06-12T23:55:22.433Z,75.350000,,,,,0,0,55000000000000000000000000000000,,success,0x425734a7fd13E9994b66a7909206007A1EF7030B
866,qubit_bloch_sphere,Qubit Bloch Sphere,quantum-mechanics,quantum-computing,Quantum state representation on unit sphere,formula_sync,0.8,"quantum-mechanics, UUON, parametric surface",/shapes/qubit-bloch-sphere,t,2026-06-12T23:55:22.433Z,2026-06-12T23:55:22.433Z,75.350000,,,,,0,0,55000000000000000000000000000000,,success,0x425734a7fd13E9994b66a7909206007A1EF7030B
868,figure_eight_knot,Figure-Eight Knot,topology,knots,Second simplest knot - alternating knot 4₁,formula_sync,0.8,"topology, UUON, parametric surface",/shapes/figure-eight-knot,t,2026-06-12T23:55:22.433Z,2026-06-12T23:55:22.433Z,75.350000,,,,,0,0,55000000000000000000000000000000,,success,0x425734a7fd13E9994b66a7909206007A1EF7030B
1059,cayley_graph,Cayley Graph,topology,algebra,Group structure visualization,formula_sync,0.8,"topology, UUON, parametric surface",/shapes/cayley-graph,t,2026-06-12T23:55:35.647Z,2026-06-12T23:55:35.647Z,75.350000,,,,,0,0,55000000000000000000000000000000,,success,0x425734a7fd13E9994b66a7909206007A1EF7030B
870,m_theory_11d_membrane,M-Theory 11D Membrane,theory-of-everything,string-theory,11-dimensional membrane theory - unifies strings,formula_sync,0.8,"theory-of-everything, UUON, parametric surface",/shapes/m-theory-11d-membrane,t,2026-06-12T23:55:22.433Z,2026-06-12T23:55:22.433Z,75.350000,,,,,0,0,55000000000000000000000000000000,,success,0x425734a7fd13E9994b66a7909206007A1EF7030B
872,supersymmetry_transformation,Supersymmetry Transformation,theory-of-everything,susy,Boson-fermion symmetry - sparticles,formula_sync,0.8,"theory-of-everything, UUON, parametric surface",/shapes/supersymmetry-transformation,t,2026-06-12T23:55:22.433Z,2026-06-12T23:55:22.433Z,75.350000,,,,,0,0,55000000000000000000000000000000,,success,0x425734a7fd13E9994b66a7909206007A1EF7030B
874,grover_search_algorithm,Grover's Search Algorithm,algorithms,quantum,Quantum search speedup - O(√N),formula_sync,0.8,"algorithms, UUON, parametric surface",/shapes/grover-search-algorithm,t,2026-06-12T23:55:22.433Z,2026-06-12T23:55:22.433Z,75.350000,,,,,0,0,55000000000000000000000000000000,,success,0x425734a7fd13E9994b66a7909206007A1EF7030B
876,fft_butterfly,FFT Butterfly Diagram,algorithms,signal,Fast Fourier Transform - Cooley-Tukey,formula_sync,0.8,"algorithms, UUON, parametric surface",/shapes/fft-butterfly,t,2026-06-12T23:55:22.433Z,2026-06-12T23:55:22.433Z,75.350000,,,,,0,0,55000000000000000000000000000000,,success,0x425734a7fd13E9994b66a7909206007A1EF7030B
878,riemann_zeta_function,Riemann Zeta Function,algorithms,number-theory,Prime distribution - Riemann hypothesis,formula_sync,0.8,"algorithms, UUON, parametric surface",/shapes/riemann-zeta-function,t,2026-06-12T23:55:22.433Z,2026-06-12T23:55:22.433Z,75.350000,,,,,0,0,55000000000000000000000000000000,,success,0x425734a7fd13E9994b66a7909206007A1EF7030B
880,dimension_gateway,Δmension Gateway,uuon-acas,portal,Portal between mathematical dimensions,formula_sync,0.8,"uuon-acas, UUON, parametric surface",/shapes/dimension-gateway,t,2026-06-12T23:55:22.433Z,2026-06-12T23:55:22.433Z,75.350000,,,,,0,0,55000000000000000000000000000000,,success,0x425734a7fd13E9994b66a7909206007A1EF7030B
882,ponzano_regge_model,Ponzano-Regge Model,quantum-gravity,spin-foam,3D quantum gravity via 6j symbols,formula_sync,0.8,"quantum-gravity, UUON, parametric surface",/shapes/ponzano-regge-model,t,2026-06-12T23:55:22.433Z,2026-06-12T23:55:22.433Z,75.350000,,,,,0,0,55000000000000000000000000000000,,success,0x425734a7fd13E9994b66a7909206007A1EF7030B
884,eprl_model,EPRL Spin Foam Model,quantum-gravity,spin-foam,Engle-Pereira-Rovelli-Livine model,formula_sync,0.8,"quantum-gravity, UUON, parametric surface",/shapes/eprl-model,t,2026-06-12T23:55:22.433Z,2026-06-12T23:55:22.433Z,75.350000,,,,,0,0,55000000000000000000000000000000,,success,0x425734a7fd13E9994b66a7909206007A1EF7030B
886,horava_lifshitz_gravity,Hořava-Lifshitz Gravity,quantum-gravity,modified,Anisotropic scaling in UV - power counting renormalizable,formula_sync,0.8,"quantum-gravity, UUON, parametric surface",/shapes/horava-lifshitz-gravity,t,2026-06-12T23:55:22.433Z,2026-06-12T23:55:22.433Z,75.350000,,,,,0,0,55000000000000000000000000000000,,success,0x425734a7fd13E9994b66a7909206007A1EF7030B
888,reissner_nordstrom_metric,Reissner-Nordström Metric,general-relativity,black-holes,Charged non-rotating black hole,formula_sync,0.8,"general-relativity, UUON, parametric surface",/shapes/reissner-nordstrom-metric,t,2026-06-12T23:55:22.433Z,2026-06-12T23:55:22.433Z,75.350000,,,,,0,0,55000000000000000000000000000000,,success,0x425734a7fd13E9994b66a7909206007A1EF7030B
890,de_sitter_spacetime,de Sitter Spacetime,general-relativity,cosmology,Maximally symmetric positive curvature,formula_sync,0.8,"general-relativity, UUON, parametric surface",/shapes/de-sitter-spacetime,t,2026-06-12T23:55:22.433Z,2026-06-12T23:55:22.433Z,75.350000,,,,,0,0,55000000000000000000000000000000,,success,0x425734a7fd13E9994b66a7909206007A1EF7030B
892,wormhole_einstein_rosen,Einstein-Rosen Bridge,general-relativity,topology,Wormhole connecting spacetime regions,formula_sync,0.8,"general-relativity, UUON, parametric surface",/shapes/wormhole-einstein-rosen,t,2026-06-12T23:55:22.433Z,2026-06-12T23:55:22.433Z,75.350000,,,,,0,0,55000000000000000000000000000000,,success,0x425734a7fd13E9994b66a7909206007A1EF7030B
894,bssn_formalism,BSSN Formalism,general-relativity,numerical,Numerical relativity evolution system,formula_sync,0.8,"general-relativity, UUON, parametric surface",/shapes/bssn-formalism,t,2026-06-12T23:55:22.433Z,2026-06-12T23:55:22.433Z,75.350000,,,,,0,0,55000000000000000000000000000000,,success,0x425734a7fd13E9994b66a7909206007A1EF7030B
896,shapiro_delay,Shapiro Time Delay,general-relativity,effects,Light slowed near massive objects,formula_sync,0.8,"general-relativity, UUON, parametric surface",/shapes/shapiro-delay,t,2026-06-12T23:55:22.433Z,2026-06-12T23:55:22.433Z,75.350000,,,,,0,0,55000000000000000000000000000000,,success,0x425734a7fd13E9994b66a7909206007A1EF7030B
898,binary_pulsar,Binary Pulsar Orbit Decay,general-relativity,waves,Orbital decay from gravitational radiation,formula_sync,0.8,"general-relativity, UUON, parametric surface",/shapes/binary-pulsar,t,2026-06-12T23:55:22.433Z,2026-06-12T23:55:22.433Z,75.350000,,,,,0,0,55000000000000000000000000000000,,success,0x425734a7fd13E9994b66a7909206007A1EF7030B
900,poly1305_mac,Poly1305 MAC,cryptography,mac,One-time authenticator - fast MAC,formula_sync,0.8,"cryptography, UUON, parametric surface",/shapes/poly1305-mac,t,2026-06-12T23:55:22.433Z,2026-06-12T23:55:22.433Z,75.350000,,,,,0,0,55000000000000000000000000000000,,success,0x425734a7fd13E9994b66a7909206007A1EF7030B
902,argon2_password_hash,Argon2 Password Hash,cryptography,kdf,Memory-hard password hashing - PHC winner,formula_sync,0.8,"cryptography, UUON, parametric surface",/shapes/argon2-password-hash,t,2026-06-12T23:55:22.433Z,2026-06-12T23:55:22.433Z,75.350000,,,,,0,0,55000000000000000000000000000000,,success,0x425734a7fd13E9994b66a7909206007A1EF7030B
904,ed25519_signature,Ed25519 Signature,cryptography,signatures,EdDSA on Curve25519 - fast signatures,formula_sync,0.8,"cryptography, UUON, parametric surface",/shapes/ed25519-signature,t,2026-06-12T23:55:22.433Z,2026-06-12T23:55:22.433Z,75.350000,,,,,0,0,55000000000000000000000000000000,,success,0x425734a7fd13E9994b66a7909206007A1EF7030B
906,schnorr_signature,Schnorr Signature,cryptography,signatures,Linear signature scheme - Bitcoin Taproot,formula_sync,0.8,"cryptography, UUON, parametric surface",/shapes/schnorr-signature,t,2026-06-12T23:55:22.433Z,2026-06-12T23:55:22.433Z,75.350000,,,,,0,0,55000000000000000000000000000000,,success,0x425734a7fd13E9994b66a7909206007A1EF7030B
908,sphincs_hash,SPHINCS+ Hash Signature,cryptography,post-quantum,Stateless hash-based signatures,formula_sync,0.8,"cryptography, UUON, parametric surface",/shapes/sphincs-hash,t,2026-06-12T23:55:22.433Z,2026-06-12T23:55:22.433Z,75.350000,,,,,0,0,55000000000000000000000000000000,,success,0x425734a7fd13E9994b66a7909206007A1EF7030B
910,bulletproofs,Bulletproofs,cryptography,zkp,Short non-interactive zero-knowledge proofs,formula_sync,0.8,"cryptography, UUON, parametric surface",/shapes/bulletproofs,t,2026-06-12T23:55:22.433Z,2026-06-12T23:55:22.433Z,75.350000,,,,,0,0,55000000000000000000000000000000,,success,0x425734a7fd13E9994b66a7909206007A1EF7030B
912,zk_stark,zk-STARK,cryptography,zkp,"Transparent, post-quantum ZK proofs",formula_sync,0.8,"cryptography, UUON, parametric surface",/shapes/zk-stark,t,2026-06-12T23:55:22.433Z,2026-06-12T23:55:22.433Z,75.350000,,,,,0,0,55000000000000000000000000000000,,success,0x425734a7fd13E9994b66a7909206007A1EF7030B
914,snub_24_cell,Snub 24-Cell,4d-hyperdimensional,polytopes,Chiral 4D polytope - no mirror image,formula_sync,0.8,"4d-hyperdimensional, UUON, parametric surface",/shapes/snub-24-cell,t,2026-06-12T23:55:22.433Z,2026-06-12T23:55:22.433Z,75.350000,,,,,0,0,55000000000000000000000000000000,,success,0x425734a7fd13E9994b66a7909206007A1EF7030B
920,quaternion_space,Quaternion Space,4d-hyperdimensional,algebra,4D extension of complex numbers,formula_sync,0.8,"4d-hyperdimensional, UUON, parametric surface",/shapes/quaternion-space,t,2026-06-12T23:55:22.433Z,2026-06-12T23:55:22.433Z,75.350000,,,,,0,0,55000000000000000000000000000000,,success,0x425734a7fd13E9994b66a7909206007A1EF7030B
863,julia_set_3d,Julia Set 3D,fractals,complex,Companion to Mandelbrot - fixed c parameter,formula_sync,0.8,"fractals, UUON, parametric surface",/shapes/julia-set-3d,t,2026-06-12T23:55:22.433Z,2026-06-12T23:55:22.433Z,75.350000,,,,,0,0,55000000000000000000000000000000,,success,0x425734a7fd13E9994b66a7909206007A1EF7030B
865,hydrogen_2p_orbital,Hydrogen 2p Orbital,quantum-mechanics,orbitals,First excited state with angular momentum,formula_sync,0.8,"quantum-mechanics, UUON, parametric surface",/shapes/hydrogen-2p-orbital,t,2026-06-12T23:55:22.433Z,2026-06-12T23:55:22.433Z,75.350000,,,,,0,0,55000000000000000000000000000000,,success,0x425734a7fd13E9994b66a7909206007A1EF7030B
867,quantum_entanglement,Quantum Entanglement,quantum-mechanics,phenomena,Bell state - spooky action at a distance,formula_sync,0.8,"quantum-mechanics, UUON, parametric surface",/shapes/quantum-entanglement,t,2026-06-12T23:55:22.433Z,2026-06-12T23:55:22.433Z,75.350000,,,,,0,0,55000000000000000000000000000000,,success,0x425734a7fd13E9994b66a7909206007A1EF7030B
869,superstring_vibration_modes,Superstring Vibration Modes,theory-of-everything,string-theory,String theory - particles as vibrating strings,formula_sync,0.8,"theory-of-everything, UUON, parametric surface",/shapes/superstring-vibration-modes,t,2026-06-12T23:55:22.433Z,2026-06-12T23:55:22.433Z,75.350000,,,,,0,0,55000000000000000000000000000000,,success,0x425734a7fd13E9994b66a7909206007A1EF7030B
871,grand_unified_theory_gut,Grand Unified Theory (GUT),theory-of-everything,unification,SU(5) or SO(10) unification of forces,formula_sync,0.8,"theory-of-everything, UUON, parametric surface",/shapes/grand-unified-theory-gut,t,2026-06-12T23:55:22.433Z,2026-06-12T23:55:22.433Z,75.350000,,,,,0,0,55000000000000000000000000000000,,success,0x425734a7fd13E9994b66a7909206007A1EF7030B
873,fast_multipole_001,Fast Multipole Method,algorithms,n-body,O(N) N-body algorithm - revolutionary optimization,formula_sync,0.8,"algorithms, UUON, parametric surface",/shapes/fast-multipole-001,t,2026-06-12T23:55:22.433Z,2026-06-12T23:55:22.433Z,75.350000,,,,,0,0,55000000000000000000000000000000,,success,0x425734a7fd13E9994b66a7909206007A1EF7030B
875,shor_factorization_algorithm,Shor's Factorization Algorithm,algorithms,quantum,Quantum integer factorization - breaks RSA,formula_sync,0.8,"algorithms, UUON, parametric surface",/shapes/shor-factorization-algorithm,t,2026-06-12T23:55:22.433Z,2026-06-12T23:55:22.433Z,75.350000,,,,,0,0,55000000000000000000000000000000,,success,0x425734a7fd13E9994b66a7909206007A1EF7030B
877,alphafold_prediction_001,AlphaFold Protein Prediction,algorithms,ml,AI protein structure prediction - DeepMind,formula_sync,0.8,"algorithms, UUON, parametric surface",/shapes/alphafold-prediction-001,t,2026-06-12T23:55:22.433Z,2026-06-12T23:55:22.433Z,75.350000,,,,,0,0,55000000000000000000000000000000,,success,0x425734a7fd13E9994b66a7909206007A1EF7030B
879,neural_network_backprop,Neural Network Backpropagation,algorithms,ml,Deep learning training algorithm,formula_sync,0.8,"algorithms, UUON, parametric surface",/shapes/neural-network-backprop,t,2026-06-12T23:55:22.433Z,2026-06-12T23:55:22.433Z,75.350000,,,,,0,0,55000000000000000000000000000000,,success,0x425734a7fd13E9994b66a7909206007A1EF7030B
881,e_pluribus_unum,E Pluribus Unum Framework,uuon-acas,framework,"Out of many, one - unified mathematics",formula_sync,0.8,"uuon-acas, UUON, parametric surface",/shapes/e-pluribus-unum,t,2026-06-12T23:55:22.433Z,2026-06-12T23:55:22.433Z,75.350000,,,,,0,0,55000000000000000000000000000000,,success,0x425734a7fd13E9994b66a7909206007A1EF7030B
883,barrett_crane_model,Barrett-Crane Model,quantum-gravity,spin-foam,4D spin foam model - quantum geometry,formula_sync,0.8,"quantum-gravity, UUON, parametric surface",/shapes/barrett-crane-model,t,2026-06-12T23:55:22.433Z,2026-06-12T23:55:22.433Z,75.350000,,,,,0,0,55000000000000000000000000000000,,success,0x425734a7fd13E9994b66a7909206007A1EF7030B
885,group_field_theory,Group Field Theory,quantum-gravity,qft,QFT on group manifolds - spin foam generator,formula_sync,0.8,"quantum-gravity, UUON, parametric surface",/shapes/group-field-theory,t,2026-06-12T23:55:22.433Z,2026-06-12T23:55:22.433Z,75.350000,,,,,0,0,55000000000000000000000000000000,,success,0x425734a7fd13E9994b66a7909206007A1EF7030B
887,page_curve,Page Curve,quantum-gravity,thermodynamics,Entanglement entropy evolution in BH evaporation,formula_sync,0.8,"quantum-gravity, UUON, parametric surface",/shapes/page-curve,t,2026-06-12T23:55:22.433Z,2026-06-12T23:55:22.433Z,75.350000,,,,,0,0,55000000000000000000000000000000,,success,0x425734a7fd13E9994b66a7909206007A1EF7030B
889,kerr_newman_metric,Kerr-Newman Metric,general-relativity,black-holes,Charged rotating black hole - most general,formula_sync,0.8,"general-relativity, UUON, parametric surface",/shapes/kerr-newman-metric,t,2026-06-12T23:55:22.433Z,2026-06-12T23:55:22.433Z,75.350000,,,,,0,0,55000000000000000000000000000000,,success,0x425734a7fd13E9994b66a7909206007A1EF7030B
891,anti_de_sitter_spacetime,Anti-de Sitter Spacetime,general-relativity,cosmology,Negative cosmological constant - AdS/CFT boundary,formula_sync,0.8,"general-relativity, UUON, parametric surface",/shapes/anti-de-sitter-spacetime,t,2026-06-12T23:55:22.433Z,2026-06-12T23:55:22.433Z,75.350000,,,,,0,0,55000000000000000000000000000000,,success,0x425734a7fd13E9994b66a7909206007A1EF7030B
893,alcubierre_drive,Alcubierre Warp Drive,general-relativity,exotic,Faster-than-light via spacetime contraction,formula_sync,0.8,"general-relativity, UUON, parametric surface",/shapes/alcubierre-drive,t,2026-06-12T23:55:22.433Z,2026-06-12T23:55:22.433Z,75.350000,,,,,0,0,55000000000000000000000000000000,,success,0x425734a7fd13E9994b66a7909206007A1EF7030B
895,adm_formalism,ADM Formalism,general-relativity,numerical,3+1 decomposition of spacetime,formula_sync,0.8,"general-relativity, UUON, parametric surface",/shapes/adm-formalism,t,2026-06-12T23:55:22.433Z,2026-06-12T23:55:22.433Z,75.350000,,,,,0,0,55000000000000000000000000000000,,success,0x425734a7fd13E9994b66a7909206007A1EF7030B
897,gravity_probe_b,Gravity Probe B Effect,general-relativity,effects,Geodetic and frame-dragging precession,formula_sync,0.8,"general-relativity, UUON, parametric surface",/shapes/gravity-probe-b,t,2026-06-12T23:55:22.433Z,2026-06-12T23:55:22.433Z,75.350000,,,,,0,0,55000000000000000000000000000000,,success,0x425734a7fd13E9994b66a7909206007A1EF7030B
899,chacha20_stream_cipher,ChaCha20 Stream Cipher,cryptography,symmetric,ARX-based stream cipher - TLS 1.3,formula_sync,0.8,"cryptography, UUON, parametric surface",/shapes/chacha20-stream-cipher,t,2026-06-12T23:55:22.433Z,2026-06-12T23:55:22.433Z,75.350000,,,,,0,0,55000000000000000000000000000000,,success,0x425734a7fd13E9994b66a7909206007A1EF7030B
901,blake2_hash,BLAKE2 Hash,cryptography,hash,"Faster than MD5, more secure than SHA-2",formula_sync,0.8,"cryptography, UUON, parametric surface",/shapes/blake2-hash,t,2026-06-12T23:55:22.433Z,2026-06-12T23:55:22.433Z,75.350000,,,,,0,0,55000000000000000000000000000000,,success,0x425734a7fd13E9994b66a7909206007A1EF7030B
903,scrypt_kdf,scrypt KDF,cryptography,kdf,Memory-hard key derivation function,formula_sync,0.8,"cryptography, UUON, parametric surface",/shapes/scrypt-kdf,t,2026-06-12T23:55:22.433Z,2026-06-12T23:55:22.433Z,75.350000,,,,,0,0,55000000000000000000000000000000,,success,0x425734a7fd13E9994b66a7909206007A1EF7030B
905,x25519_key_exchange,X25519 Key Exchange,cryptography,key-exchange,ECDH on Curve25519 - Signal Protocol,formula_sync,0.8,"cryptography, UUON, parametric surface",/shapes/x25519-key-exchange,t,2026-06-12T23:55:22.433Z,2026-06-12T23:55:22.433Z,75.350000,,,,,0,0,55000000000000000000000000000000,,success,0x425734a7fd13E9994b66a7909206007A1EF7030B
907,dilithium_lattice,Dilithium (CRYSTALS),cryptography,post-quantum,NIST PQC signature standard,formula_sync,0.8,"cryptography, UUON, parametric surface",/shapes/dilithium-lattice,t,2026-06-12T23:55:22.433Z,2026-06-12T23:55:22.433Z,75.350000,,,,,0,0,55000000000000000000000000000000,,success,0x425734a7fd13E9994b66a7909206007A1EF7030B
909,pedersen_commitment,Pedersen Commitment,cryptography,commitment,"Computationally hiding, perfectly binding",formula_sync,0.8,"cryptography, UUON, parametric surface",/shapes/pedersen-commitment,t,2026-06-12T23:55:22.433Z,2026-06-12T23:55:22.433Z,75.350000,,,,,0,0,55000000000000000000000000000000,,success,0x425734a7fd13E9994b66a7909206007A1EF7030B
911,zk_snark,zk-SNARK,cryptography,zkp,Succinct non-interactive argument of knowledge,formula_sync,0.8,"cryptography, UUON, parametric surface",/shapes/zk-snark,t,2026-06-12T23:55:22.433Z,2026-06-12T23:55:22.433Z,75.350000,,,,,0,0,55000000000000000000000000000000,,success,0x425734a7fd13E9994b66a7909206007A1EF7030B
913,mpc_secret_sharing,MPC Secret Sharing,cryptography,mpc,Shamir secret sharing for multi-party computation,formula_sync,0.8,"cryptography, UUON, parametric surface",/shapes/mpc-secret-sharing,t,2026-06-12T23:55:22.433Z,2026-06-12T23:55:22.433Z,75.350000,,,,,0,0,55000000000000000000000000000000,,success,0x425734a7fd13E9994b66a7909206007A1EF7030B
915,truncated_tesseract,Truncated Tesseract,4d-hyperdimensional,truncated,Truncated 4D hypercube,formula_sync,0.8,"4d-hyperdimensional, UUON, parametric surface",/shapes/truncated-tesseract,t,2026-06-12T23:55:22.433Z,2026-06-12T23:55:22.433Z,75.350000,,,,,0,0,55000000000000000000000000000000,,success,0x425734a7fd13E9994b66a7909206007A1EF7030B
917,spherinder,Spherinder,4d-hyperdimensional,round,Sphere × line segment in 4D,formula_sync,0.8,"4d-hyperdimensional, UUON, parametric surface",/shapes/spherinder,t,2026-06-12T23:55:22.433Z,2026-06-12T23:55:22.433Z,75.350000,,,,,0,0,55000000000000000000000000000000,,success,0x425734a7fd13E9994b66a7909206007A1EF7030B
919,glome,Glome (4-ball boundary),4d-hyperdimensional,spheres,3-sphere - boundary of 4-ball,formula_sync,0.8,"4d-hyperdimensional, UUON, parametric surface",/shapes/glome,t,2026-06-12T23:55:22.433Z,2026-06-12T23:55:22.433Z,75.350000,,,,,0,0,55000000000000000000000000000000,,success,0x425734a7fd13E9994b66a7909206007A1EF7030B
921,spin_4,Spin(4) Group,4d-hyperdimensional,rotations,Double cover of SO(4),formula_sync,0.8,"4d-hyperdimensional, UUON, parametric surface",/shapes/spin-4,t,2026-06-12T23:55:22.433Z,2026-06-12T23:55:22.433Z,75.350000,,,,,0,0,55000000000000000000000000000000,,success,0x425734a7fd13E9994b66a7909206007A1EF7030B
923,trna_structure,tRNA Cloverleaf Structure,molecular-biology,rna,Transfer RNA with anticodon loop,formula_sync,0.8,"molecular-biology, UUON, parametric surface",/shapes/trna-structure,t,2026-06-12T23:55:22.433Z,2026-06-12T23:55:22.433Z,75.350000,,,,,0,0,55000000000000000000000000000000,,success,0x425734a7fd13E9994b66a7909206007A1EF7030B
925,beta_sheet,Beta Sheet,molecular-biology,proteins,Pleated sheet - parallel or antiparallel,formula_sync,0.8,"molecular-biology, UUON, parametric surface",/shapes/beta-sheet,t,2026-06-12T23:55:22.433Z,2026-06-12T23:55:22.433Z,75.350000,,,,,0,0,55000000000000000000000000000000,,success,0x425734a7fd13E9994b66a7909206007A1EF7030B
927,gpcr,G Protein-Coupled Receptor,molecular-biology,receptors,7-transmembrane domain receptor,formula_sync,0.8,"molecular-biology, UUON, parametric surface",/shapes/gpcr,t,2026-06-12T23:55:22.433Z,2026-06-12T23:55:22.433Z,75.350000,,,,,0,0,55000000000000000000000000000000,,success,0x425734a7fd13E9994b66a7909206007A1EF7030B
929,spliceosome,Spliceosome,molecular-biology,machinery,RNA splicing complex - intron removal,formula_sync,0.8,"molecular-biology, UUON, parametric surface",/shapes/spliceosome,t,2026-06-12T23:55:22.433Z,2026-06-12T23:55:22.433Z,75.350000,,,,,0,0,55000000000000000000000000000000,,success,0x425734a7fd13E9994b66a7909206007A1EF7030B
931,chaperonin,Chaperonin (GroEL/GroES),molecular-biology,proteins,Protein folding chamber,formula_sync,0.8,"molecular-biology, UUON, parametric surface",/shapes/chaperonin,t,2026-06-12T23:55:22.433Z,2026-06-12T23:55:22.433Z,75.350000,,,,,0,0,55000000000000000000000000000000,,success,0x425734a7fd13E9994b66a7909206007A1EF7030B
933,myosin_motor,Myosin Motor Protein,molecular-biology,motors,Actin-based motor - muscle contraction,formula_sync,0.8,"molecular-biology, UUON, parametric surface",/shapes/myosin-motor,t,2026-06-12T23:55:22.433Z,2026-06-12T23:55:22.433Z,75.350000,,,,,0,0,55000000000000000000000000000000,,success,0x425734a7fd13E9994b66a7909206007A1EF7030B
935,platonic_tetrahedron,Platonic Tetrahedron,sacred-geometry,platonic,"Fire element - 4 faces, 4 vertices",formula_sync,0.8,"sacred-geometry, UUON, parametric surface",/shapes/platonic-tetrahedron,t,2026-06-12T23:55:29.054Z,2026-06-12T23:55:29.054Z,75.350000,,,,,0,0,55000000000000000000000000000000,,success,0x425734a7fd13E9994b66a7909206007A1EF7030B
937,platonic_octahedron,Platonic Octahedron,sacred-geometry,platonic,"Air element - 8 faces, 6 vertices",formula_sync,0.8,"sacred-geometry, UUON, parametric surface",/shapes/platonic-octahedron,t,2026-06-12T23:55:29.054Z,2026-06-12T23:55:29.054Z,75.350000,,,,,0,0,55000000000000000000000000000000,,success,0x425734a7fd13E9994b66a7909206007A1EF7030B
939,platonic_icosahedron,Platonic Icosahedron,sacred-geometry,platonic,"Water element - 20 faces, 12 vertices",formula_sync,0.8,"sacred-geometry, UUON, parametric surface",/shapes/platonic-icosahedron,t,2026-06-12T23:55:29.054Z,2026-06-12T23:55:29.054Z,75.350000,,,,,0,0,55000000000000000000000000000000,,success,0x425734a7fd13E9994b66a7909206007A1EF7030B
941,henon_attractor,Hénon Attractor,fractals,attractors,Quadratic map chaotic attractor,formula_sync,0.8,"fractals, UUON, parametric surface",/shapes/henon-attractor,t,2026-06-12T23:55:29.054Z,2026-06-12T23:55:29.054Z,75.350000,,,,,0,0,55000000000000000000000000000000,,success,0x425734a7fd13E9994b66a7909206007A1EF7030B
943,thomas_attractor,Thomas Attractor,fractals,attractors,Cyclically symmetric strange attractor,formula_sync,0.8,"fractals, UUON, parametric surface",/shapes/thomas-attractor,t,2026-06-12T23:55:29.054Z,2026-06-12T23:55:29.054Z,75.350000,,,,,0,0,55000000000000000000000000000000,,success,0x425734a7fd13E9994b66a7909206007A1EF7030B
945,three_scroll_attractor,Three-Scroll Attractor,fractals,attractors,Triple-scroll unified chaotic system,formula_sync,0.8,"fractals, UUON, parametric surface",/shapes/three-scroll-attractor,t,2026-06-12T23:55:29.054Z,2026-06-12T23:55:29.054Z,75.350000,,,,,0,0,55000000000000000000000000000000,,success,0x425734a7fd13E9994b66a7909206007A1EF7030B
947,hilbert_curve,Hilbert Curve,fractals,space-filling,Space-filling curve - dimension 2,formula_sync,0.8,"fractals, UUON, parametric surface",/shapes/hilbert-curve,t,2026-06-12T23:55:29.054Z,2026-06-12T23:55:29.054Z,75.350000,,,,,0,0,55000000000000000000000000000000,,success,0x425734a7fd13E9994b66a7909206007A1EF7030B
949,koch_snowflake,Koch Snowflake,fractals,iterated,"Infinite perimeter, finite area",formula_sync,0.8,"fractals, UUON, parametric surface",/shapes/koch-snowflake,t,2026-06-12T23:55:29.054Z,2026-06-12T23:55:29.054Z,75.350000,,,,,0,0,55000000000000000000000000000000,,success,0x425734a7fd13E9994b66a7909206007A1EF7030B
951,tricorn_fractal,Tricorn (Mandelbar),fractals,complex,Mandelbrot with complex conjugate,formula_sync,0.8,"fractals, UUON, parametric surface",/shapes/tricorn-fractal,t,2026-06-12T23:55:29.054Z,2026-06-12T23:55:29.054Z,75.350000,,,,,0,0,55000000000000000000000000000000,,success,0x425734a7fd13E9994b66a7909206007A1EF7030B
953,hydrogen_3d_orbital,Hydrogen 3d Orbital,quantum-mechanics,orbitals,d-orbital with complex nodal structure,formula_sync,0.8,"quantum-mechanics, UUON, parametric surface",/shapes/hydrogen-3d-orbital,t,2026-06-12T23:55:29.054Z,2026-06-12T23:55:29.054Z,75.350000,,,,,0,0,55000000000000000000000000000000,,success,0x425734a7fd13E9994b66a7909206007A1EF7030B
1590,valence_shell,Valence Shell,general,general,Parametric surface,formula_sync,0.8,"general, UUON, parametric surface",/shapes/valence-shell,t,2026-06-12T23:56:08.473Z,2026-06-12T23:56:08.473Z,75.350000,,,,,0,0,55000000000000000000000000000000,,success,0x425734a7fd13E9994b66a7909206007A1EF7030B
955,molecular_orbital,Molecular Orbital,quantum-mechanics,molecules,LCAO - bonding and antibonding,formula_sync,0.8,"quantum-mechanics, UUON, parametric surface",/shapes/molecular-orbital,t,2026-06-12T23:55:29.054Z,2026-06-12T23:55:29.054Z,75.350000,,,,,0,0,55000000000000000000000000000000,,success,0x425734a7fd13E9994b66a7909206007A1EF7030B
957,dirac_equation,Dirac Equation,quantum-mechanics,equations,Relativistic quantum mechanics for spin-1/2,formula_sync,0.8,"quantum-mechanics, UUON, parametric surface",/shapes/dirac-equation,t,2026-06-12T23:55:29.054Z,2026-06-12T23:55:29.054Z,75.350000,,,,,0,0,55000000000000000000000000000000,,success,0x425734a7fd13E9994b66a7909206007A1EF7030B
959,heisenberg_uncertainty,Heisenberg Uncertainty,quantum-mechanics,principles,Fundamental quantum limit,formula_sync,0.8,"quantum-mechanics, UUON, parametric surface",/shapes/heisenberg-uncertainty,t,2026-06-12T23:55:29.054Z,2026-06-12T23:55:29.054Z,75.350000,,,,,0,0,55000000000000000000000000000000,,success,0x425734a7fd13E9994b66a7909206007A1EF7030B
961,quantum_gate_hadamard,Hadamard Gate,quantum-mechanics,quantum-computing,Creates superposition from basis state,formula_sync,0.8,"quantum-mechanics, UUON, parametric surface",/shapes/quantum-gate-hadamard,t,2026-06-12T23:55:29.054Z,2026-06-12T23:55:29.054Z,75.350000,,,,,0,0,55000000000000000000000000000000,,success,0x425734a7fd13E9994b66a7909206007A1EF7030B
963,bell_state_phi_plus,Bell State Φ⁺,quantum-mechanics,entanglement,Maximally entangled state,formula_sync,0.8,"quantum-mechanics, UUON, parametric surface",/shapes/bell-state-phi-plus,t,2026-06-12T23:55:29.054Z,2026-06-12T23:55:29.054Z,75.350000,,,,,0,0,55000000000000000000000000000000,,success,0x425734a7fd13E9994b66a7909206007A1EF7030B
965,ghz_state,GHZ State,quantum-mechanics,entanglement,Greenberger-Horne-Zeilinger 3-qubit entanglement,formula_sync,0.8,"quantum-mechanics, UUON, parametric surface",/shapes/ghz-state,t,2026-06-12T23:55:29.054Z,2026-06-12T23:55:29.054Z,75.350000,,,,,0,0,55000000000000000000000000000000,,success,0x425734a7fd13E9994b66a7909206007A1EF7030B
967,seven_knot,7₁ Knot,topology,knots,Seven-crossing knot - first non-torus,formula_sync,0.8,"topology, UUON, parametric surface",/shapes/seven-knot,t,2026-06-12T23:55:29.054Z,2026-06-12T23:55:29.054Z,75.350000,,,,,0,0,55000000000000000000000000000000,,success,0x425734a7fd13E9994b66a7909206007A1EF7030B
969,square_knot,Square Knot,topology,knots,Connected sum of trefoil and mirror,formula_sync,0.8,"topology, UUON, parametric surface",/shapes/square-knot,t,2026-06-12T23:55:29.054Z,2026-06-12T23:55:29.054Z,75.350000,,,,,0,0,55000000000000000000000000000000,,success,0x425734a7fd13E9994b66a7909206007A1EF7030B
971,torus_genus_3,Genus-3 Surface (Triple Torus),topology,surfaces,Surface with three holes,formula_sync,0.8,"topology, UUON, parametric surface",/shapes/torus-genus-3,t,2026-06-12T23:55:29.054Z,2026-06-12T23:55:29.054Z,75.350000,,,,,0,0,55000000000000000000000000000000,,success,0x425734a7fd13E9994b66a7909206007A1EF7030B
973,complex_projective_line,Complex Projective Line CP¹,topology,manifolds,Riemann sphere - extended complex plane,formula_sync,0.8,"topology, UUON, parametric surface",/shapes/complex-projective-line,t,2026-06-12T23:55:29.054Z,2026-06-12T23:55:29.054Z,75.350000,,,,,0,0,55000000000000000000000000000000,,success,0x425734a7fd13E9994b66a7909206007A1EF7030B
975,poincare_homology_sphere,Poincaré Homology Sphere,topology,manifolds,3-manifold with same homology as S³ but not S³,formula_sync,0.8,"topology, UUON, parametric surface",/shapes/poincare-homology-sphere,t,2026-06-12T23:55:29.054Z,2026-06-12T23:55:29.054Z,75.350000,,,,,0,0,55000000000000000000000000000000,,success,0x425734a7fd13E9994b66a7909206007A1EF7030B
977,nambu_goto_action,Nambu-Goto Action,theory-of-everything,string-theory,Worldsheet area action,formula_sync,0.8,"theory-of-everything, UUON, parametric surface",/shapes/nambu-goto-action,t,2026-06-12T23:55:29.054Z,2026-06-12T23:55:29.054Z,75.350000,,,,,0,0,55000000000000000000000000000000,,success,0x425734a7fd13E9994b66a7909206007A1EF7030B
979,type_iib_string,Type IIB Superstring,theory-of-everything,string-theory,Chiral 10D superstring,formula_sync,0.8,"theory-of-everything, UUON, parametric surface",/shapes/type-iib-string,t,2026-06-12T23:55:29.054Z,2026-06-12T23:55:29.054Z,75.350000,,,,,0,0,55000000000000000000000000000000,,success,0x425734a7fd13E9994b66a7909206007A1EF7030B
1680,monkey_saddle,Monkey Saddle Surface,general,general,Parametric surface,formula_sync,0.8,"general, UUON, parametric surface",/shapes/monkey-saddle,t,2026-06-12T23:56:15.036Z,2026-06-12T23:56:15.036Z,75.350000,,,,,0,0,55000000000000000000000000000000,,success,0x425734a7fd13E9994b66a7909206007A1EF7030B
922,rna_hairpin,RNA Hairpin Loop,molecular-biology,rna,Secondary structure in RNA folding,formula_sync,0.8,"molecular-biology, UUON, parametric surface",/shapes/rna-hairpin,t,2026-06-12T23:55:22.433Z,2026-06-12T23:55:22.433Z,75.350000,,,,,0,0,55000000000000000000000000000000,,success,0x425734a7fd13E9994b66a7909206007A1EF7030B
924,alpha_helix,Alpha Helix,molecular-biology,proteins,Right-handed helix - 3.6 residues/turn,formula_sync,0.8,"molecular-biology, UUON, parametric surface",/shapes/alpha-helix,t,2026-06-12T23:55:22.433Z,2026-06-12T23:55:22.433Z,75.350000,,,,,0,0,55000000000000000000000000000000,,success,0x425734a7fd13E9994b66a7909206007A1EF7030B
926,protein_quaternary,Protein Quaternary Structure,molecular-biology,proteins,Multi-subunit protein complex,formula_sync,0.8,"molecular-biology, UUON, parametric surface",/shapes/protein-quaternary,t,2026-06-12T23:55:22.433Z,2026-06-12T23:55:22.433Z,75.350000,,,,,0,0,55000000000000000000000000000000,,success,0x425734a7fd13E9994b66a7909206007A1EF7030B
928,nucleosome,Nucleosome,molecular-biology,chromatin,DNA wrapped around histone octamer,formula_sync,0.8,"molecular-biology, UUON, parametric surface",/shapes/nucleosome,t,2026-06-12T23:55:22.433Z,2026-06-12T23:55:22.433Z,75.350000,,,,,0,0,55000000000000000000000000000000,,success,0x425734a7fd13E9994b66a7909206007A1EF7030B
930,proteasome,Proteasome,molecular-biology,machinery,Protein degradation complex - 26S,formula_sync,0.8,"molecular-biology, UUON, parametric surface",/shapes/proteasome,t,2026-06-12T23:55:22.433Z,2026-06-12T23:55:22.433Z,75.350000,,,,,0,0,55000000000000000000000000000000,,success,0x425734a7fd13E9994b66a7909206007A1EF7030B
932,kinesin_motor,Kinesin Motor Protein,molecular-biology,motors,Microtubule walker - cargo transport,formula_sync,0.8,"molecular-biology, UUON, parametric surface",/shapes/kinesin-motor,t,2026-06-12T23:55:22.433Z,2026-06-12T23:55:22.433Z,75.350000,,,,,0,0,55000000000000000000000000000000,,success,0x425734a7fd13E9994b66a7909206007A1EF7030B
934,dynein_motor,Dynein Motor Protein,molecular-biology,motors,Microtubule minus-end motor - AAA+ ATPase,formula_sync,0.8,"molecular-biology, UUON, parametric surface",/shapes/dynein-motor,t,2026-06-12T23:55:29.054Z,2026-06-12T23:55:29.054Z,75.350000,,,,,0,0,55000000000000000000000000000000,,success,0x425734a7fd13E9994b66a7909206007A1EF7030B
936,platonic_cube,Platonic Cube (Hexahedron),sacred-geometry,platonic,"Earth element - 6 faces, 8 vertices",formula_sync,0.8,"sacred-geometry, UUON, parametric surface",/shapes/platonic-cube,t,2026-06-12T23:55:29.054Z,2026-06-12T23:55:29.054Z,75.350000,,,,,0,0,55000000000000000000000000000000,,success,0x425734a7fd13E9994b66a7909206007A1EF7030B
938,platonic_dodecahedron,Platonic Dodecahedron,sacred-geometry,platonic,"Ether/Spirit element - 12 faces, 20 vertices",formula_sync,0.8,"sacred-geometry, UUON, parametric surface",/shapes/platonic-dodecahedron,t,2026-06-12T23:55:29.054Z,2026-06-12T23:55:29.054Z,75.350000,,,,,0,0,55000000000000000000000000000000,,success,0x425734a7fd13E9994b66a7909206007A1EF7030B
940,phi_spiral,Phi Spiral,sacred-geometry,fibonacci,Golden angle spiral - 137.5° divergence,formula_sync,0.8,"sacred-geometry, UUON, parametric surface",/shapes/phi-spiral,t,2026-06-12T23:55:29.054Z,2026-06-12T23:55:29.054Z,75.350000,,,,,0,0,55000000000000000000000000000000,,success,0x425734a7fd13E9994b66a7909206007A1EF7030B
942,ikeda_attractor,Ikeda Attractor,fractals,attractors,Optical cavity chaos,formula_sync,0.8,"fractals, UUON, parametric surface",/shapes/ikeda-attractor,t,2026-06-12T23:55:29.054Z,2026-06-12T23:55:29.054Z,75.350000,,,,,0,0,55000000000000000000000000000000,,success,0x425734a7fd13E9994b66a7909206007A1EF7030B
944,aizawa_attractor,Aizawa Attractor,fractals,attractors,Toroidal chaotic attractor,formula_sync,0.8,"fractals, UUON, parametric surface",/shapes/aizawa-attractor,t,2026-06-12T23:55:29.054Z,2026-06-12T23:55:29.054Z,75.350000,,,,,0,0,55000000000000000000000000000000,,success,0x425734a7fd13E9994b66a7909206007A1EF7030B
946,dragon_curve,Dragon Curve,fractals,iterated,Paper-folding fractal - self-similar,formula_sync,0.8,"fractals, UUON, parametric surface",/shapes/dragon-curve,t,2026-06-12T23:55:29.054Z,2026-06-12T23:55:29.054Z,75.350000,,,,,0,0,55000000000000000000000000000000,,success,0x425734a7fd13E9994b66a7909206007A1EF7030B
948,peano_curve,Peano Curve,fractals,space-filling,First space-filling curve discovered,formula_sync,0.8,"fractals, UUON, parametric surface",/shapes/peano-curve,t,2026-06-12T23:55:29.054Z,2026-06-12T23:55:29.054Z,75.350000,,,,,0,0,55000000000000000000000000000000,,success,0x425734a7fd13E9994b66a7909206007A1EF7030B
950,burning_ship_fractal,Burning Ship Fractal,fractals,complex,Mandelbrot variant with absolute values,formula_sync,0.8,"fractals, UUON, parametric surface",/shapes/burning-ship-fractal,t,2026-06-12T23:55:29.054Z,2026-06-12T23:55:29.054Z,75.350000,,,,,0,0,55000000000000000000000000000000,,success,0x425734a7fd13E9994b66a7909206007A1EF7030B
952,multibrot_set,Multibrot Set,fractals,complex,Mandelbrot with higher exponents,formula_sync,0.8,"fractals, UUON, parametric surface",/shapes/multibrot-set,t,2026-06-12T23:55:29.054Z,2026-06-12T23:55:29.054Z,75.350000,,,,,0,0,55000000000000000000000000000000,,success,0x425734a7fd13E9994b66a7909206007A1EF7030B
954,hydrogen_4f_orbital,Hydrogen 4f Orbital,quantum-mechanics,orbitals,f-orbital - lanthanide/actinide chemistry,formula_sync,0.8,"quantum-mechanics, UUON, parametric surface",/shapes/hydrogen-4f-orbital,t,2026-06-12T23:55:29.054Z,2026-06-12T23:55:29.054Z,75.350000,,,,,0,0,55000000000000000000000000000000,,success,0x425734a7fd13E9994b66a7909206007A1EF7030B
956,hybridization_sp3,sp³ Hybridization,quantum-mechanics,molecules,Tetrahedral carbon bonding,formula_sync,0.8,"quantum-mechanics, UUON, parametric surface",/shapes/hybridization-sp3,t,2026-06-12T23:55:29.054Z,2026-06-12T23:55:29.054Z,75.350000,,,,,0,0,55000000000000000000000000000000,,success,0x425734a7fd13E9994b66a7909206007A1EF7030B
958,pauli_matrices,Pauli Matrices,quantum-mechanics,spin,Generators of SU(2) - spin operators,formula_sync,0.8,"quantum-mechanics, UUON, parametric surface",/shapes/pauli-matrices,t,2026-06-12T23:55:29.054Z,2026-06-12T23:55:29.054Z,75.350000,,,,,0,0,55000000000000000000000000000000,,success,0x425734a7fd13E9994b66a7909206007A1EF7030B
960,hydrogen_radial_probability,Radial Probability Distribution,quantum-mechanics,orbitals,Most probable radius for electron,formula_sync,0.8,"quantum-mechanics, UUON, parametric surface",/shapes/hydrogen-radial-probability,t,2026-06-12T23:55:29.054Z,2026-06-12T23:55:29.054Z,75.350000,,,,,0,0,55000000000000000000000000000000,,success,0x425734a7fd13E9994b66a7909206007A1EF7030B
962,quantum_gate_cnot,CNOT Gate,quantum-mechanics,quantum-computing,Controlled-NOT - universal 2-qubit gate,formula_sync,0.8,"quantum-mechanics, UUON, parametric surface",/shapes/quantum-gate-cnot,t,2026-06-12T23:55:29.054Z,2026-06-12T23:55:29.054Z,75.350000,,,,,0,0,55000000000000000000000000000000,,success,0x425734a7fd13E9994b66a7909206007A1EF7030B
964,bell_state_psi_minus,Bell State Ψ⁻,quantum-mechanics,entanglement,Singlet state - antisymmetric,formula_sync,0.8,"quantum-mechanics, UUON, parametric surface",/shapes/bell-state-psi-minus,t,2026-06-12T23:55:29.054Z,2026-06-12T23:55:29.054Z,75.350000,,,,,0,0,55000000000000000000000000000000,,success,0x425734a7fd13E9994b66a7909206007A1EF7030B
966,cinquefoil_knot,Cinquefoil Knot,topology,knots,"Torus knot (2,5) - five crossings",formula_sync,0.8,"topology, UUON, parametric surface",/shapes/cinquefoil-knot,t,2026-06-12T23:55:29.054Z,2026-06-12T23:55:29.054Z,75.350000,,,,,0,0,55000000000000000000000000000000,,success,0x425734a7fd13E9994b66a7909206007A1EF7030B
968,granny_knot,Granny Knot,topology,knots,Connected sum of two trefoils (same handedness),formula_sync,0.8,"topology, UUON, parametric surface",/shapes/granny-knot,t,2026-06-12T23:55:29.054Z,2026-06-12T23:55:29.054Z,75.350000,,,,,0,0,55000000000000000000000000000000,,success,0x425734a7fd13E9994b66a7909206007A1EF7030B
970,torus_genus_2,Genus-2 Surface (Double Torus),topology,surfaces,Surface with two holes - Euler χ = -2,formula_sync,0.8,"topology, UUON, parametric surface",/shapes/torus-genus-2,t,2026-06-12T23:55:29.054Z,2026-06-12T23:55:29.054Z,75.350000,,,,,0,0,55000000000000000000000000000000,,success,0x425734a7fd13E9994b66a7909206007A1EF7030B
972,real_projective_plane,Real Projective Plane RP²,topology,manifolds,Non-orientable surface - lines through origin,formula_sync,0.8,"topology, UUON, parametric surface",/shapes/real-projective-plane,t,2026-06-12T23:55:29.054Z,2026-06-12T23:55:29.054Z,75.350000,,,,,0,0,55000000000000000000000000000000,,success,0x425734a7fd13E9994b66a7909206007A1EF7030B
974,lens_space,"Lens Space L(p,q)",topology,manifolds,3-manifold quotient of S³,formula_sync,0.8,"topology, UUON, parametric surface",/shapes/lens-space,t,2026-06-12T23:55:29.054Z,2026-06-12T23:55:29.054Z,75.350000,,,,,0,0,55000000000000000000000000000000,,success,0x425734a7fd13E9994b66a7909206007A1EF7030B
976,polyakov_action_worldsheet,Polyakov Action,theory-of-everything,string-theory,String worldsheet action,formula_sync,0.8,"theory-of-everything, UUON, parametric surface",/shapes/polyakov-action-worldsheet,t,2026-06-12T23:55:29.054Z,2026-06-12T23:55:29.054Z,75.350000,,,,,0,0,55000000000000000000000000000000,,success,0x425734a7fd13E9994b66a7909206007A1EF7030B
978,type_iia_string,Type IIA Superstring,theory-of-everything,string-theory,Non-chiral 10D superstring,formula_sync,0.8,"theory-of-everything, UUON, parametric surface",/shapes/type-iia-string,t,2026-06-12T23:55:29.054Z,2026-06-12T23:55:29.054Z,75.350000,,,,,0,0,55000000000000000000000000000000,,success,0x425734a7fd13E9994b66a7909206007A1EF7030B
980,heterotic_string,Heterotic String,theory-of-everything,string-theory,Hybrid left-right string theory,formula_sync,0.8,"theory-of-everything, UUON, parametric surface",/shapes/heterotic-string,t,2026-06-12T23:55:29.054Z,2026-06-12T23:55:29.054Z,75.350000,,,,,0,0,55000000000000000000000000000000,,success,0x425734a7fd13E9994b66a7909206007A1EF7030B
1682,egg_carton,Egg Carton Surface,general,general,Parametric surface,formula_sync,0.8,"general, UUON, parametric surface",/shapes/egg-carton,t,2026-06-12T23:56:15.036Z,2026-06-12T23:56:15.036Z,75.350000,,,,,0,0,55000000000000000000000000000000,,success,0x425734a7fd13E9994b66a7909206007A1EF7030B
1061,covering_space,Covering Space,topology,fiber,Discrete fiber bundle over base,formula_sync,0.8,"topology, UUON, parametric surface",/shapes/covering-space,t,2026-06-12T23:55:35.647Z,2026-06-12T23:55:35.647Z,75.350000,,,,,0,0,55000000000000000000000000000000,,success,0x425734a7fd13E9994b66a7909206007A1EF7030B
981,d_brane,D-Brane,theory-of-everything,string-theory,Dirichlet boundary condition surface,formula_sync,0.8,"theory-of-everything, UUON, parametric surface",/shapes/d-brane,t,2026-06-12T23:55:29.054Z,2026-06-12T23:55:29.054Z,75.350000,,,,,0,0,55000000000000000000000000000000,,success,0x425734a7fd13E9994b66a7909206007A1EF7030B
983,standard_model_lagrangian,Standard Model Lagrangian,theory-of-everything,particle,Complete particle physics lagrangian,formula_sync,0.8,"theory-of-everything, UUON, parametric surface",/shapes/standard-model-lagrangian,t,2026-06-12T23:55:29.054Z,2026-06-12T23:55:29.054Z,75.350000,,,,,0,0,55000000000000000000000000000000,,success,0x425734a7fd13E9994b66a7909206007A1EF7030B
985,technicolor,Technicolor,theory-of-everything,bsm,Dynamical electroweak symmetry breaking,formula_sync,0.8,"theory-of-everything, UUON, parametric surface",/shapes/technicolor,t,2026-06-12T23:55:29.054Z,2026-06-12T23:55:29.054Z,75.350000,,,,,0,0,55000000000000000000000000000000,,success,0x425734a7fd13E9994b66a7909206007A1EF7030B
987,ashtekar_connection_reformulation,Ashtekar Variables,theory-of-everything,lqg,Complex connection formulation of GR,formula_sync,0.8,"theory-of-everything, UUON, parametric surface",/shapes/ashtekar-connection-reformulation,t,2026-06-12T23:55:29.054Z,2026-06-12T23:55:29.054Z,75.350000,,,,,0,0,55000000000000000000000000000000,,success,0x425734a7fd13E9994b66a7909206007A1EF7030B
989,electroweak_unification,Electroweak Unification,theory-of-everything,unification,SU(2)×U(1) gauge theory,formula_sync,0.8,"theory-of-everything, UUON, parametric surface",/shapes/electroweak-unification,t,2026-06-12T23:55:29.054Z,2026-06-12T23:55:29.054Z,75.350000,,,,,0,0,55000000000000000000000000000000,,success,0x425734a7fd13E9994b66a7909206007A1EF7030B
991,needleman_wunsch_001,Needleman-Wunsch Algorithm,algorithms,bioinformatics,Global sequence alignment - dynamic programming,formula_sync,0.8,"algorithms, UUON, parametric surface",/shapes/needleman-wunsch-001,t,2026-06-12T23:55:29.054Z,2026-06-12T23:55:29.054Z,75.350000,,,,,0,0,55000000000000000000000000000000,,success,0x425734a7fd13E9994b66a7909206007A1EF7030B
993,blast_search_001,BLAST Search Algorithm,algorithms,bioinformatics,Basic Local Alignment Search Tool - sequence similarity,formula_sync,0.8,"algorithms, UUON, parametric surface",/shapes/blast-search-001,t,2026-06-12T23:55:29.054Z,2026-06-12T23:55:29.054Z,75.350000,,,,,0,0,55000000000000000000000000000000,,success,0x425734a7fd13E9994b66a7909206007A1EF7030B
995,debruijn_assembly_001,de Bruijn Graph Assembly,algorithms,bioinformatics,Genome assembly via k-mer graphs,formula_sync,0.8,"algorithms, UUON, parametric surface",/shapes/debruijn-assembly-001,t,2026-06-12T23:55:29.054Z,2026-06-12T23:55:29.054Z,75.350000,,,,,0,0,55000000000000000000000000000000,,success,0x425734a7fd13E9994b66a7909206007A1EF7030B
997,monte_carlo_sampling_001,Monte Carlo Sampling,algorithms,simulation,Statistical sampling methods,formula_sync,0.8,"algorithms, UUON, parametric surface",/shapes/monte-carlo-sampling-001,t,2026-06-12T23:55:29.054Z,2026-06-12T23:55:29.054Z,75.350000,,,,,0,0,55000000000000000000000000000000,,success,0x425734a7fd13E9994b66a7909206007A1EF7030B
999,quicksort_partition,Quicksort Partition,algorithms,sorting,Divide-and-conquer sorting,formula_sync,0.8,"algorithms, UUON, parametric surface",/shapes/quicksort-partition,t,2026-06-12T23:55:29.054Z,2026-06-12T23:55:29.054Z,75.350000,,,,,0,0,55000000000000000000000000000000,,success,0x425734a7fd13E9994b66a7909206007A1EF7030B
1001,dijkstra_shortest_path,Dijkstra's Shortest Path,algorithms,graph,Single-source shortest paths,formula_sync,0.8,"algorithms, UUON, parametric surface",/shapes/dijkstra-shortest-path,t,2026-06-12T23:55:29.054Z,2026-06-12T23:55:29.054Z,75.350000,,,,,0,0,55000000000000000000000000000000,,success,0x425734a7fd13E9994b66a7909206007A1EF7030B
1003,prim_mst,Prim's MST Algorithm,algorithms,graph,MST via vertex-growing,formula_sync,0.8,"algorithms, UUON, parametric surface",/shapes/prim-mst,t,2026-06-12T23:55:29.054Z,2026-06-12T23:55:29.054Z,75.350000,,,,,0,0,55000000000000000000000000000000,,success,0x425734a7fd13E9994b66a7909206007A1EF7030B
1005,gradient_descent,Gradient Descent,algorithms,optimization,First-order optimization,formula_sync,0.8,"algorithms, UUON, parametric surface",/shapes/gradient-descent,t,2026-06-12T23:55:29.054Z,2026-06-12T23:55:29.054Z,75.350000,,,,,0,0,55000000000000000000000000000000,,success,0x425734a7fd13E9994b66a7909206007A1EF7030B
1007,transformer_attention,Transformer Attention,algorithms,ml,Self-attention mechanism - GPT/BERT foundation,formula_sync,0.8,"algorithms, UUON, parametric surface",/shapes/transformer-attention,t,2026-06-12T23:55:29.054Z,2026-06-12T23:55:29.054Z,75.350000,,,,,0,0,55000000000000000000000000000000,,success,0x425734a7fd13E9994b66a7909206007A1EF7030B
1009,gan_adversarial,GAN Adversarial Training,algorithms,ml,Generative Adversarial Network,formula_sync,0.8,"algorithms, UUON, parametric surface",/shapes/gan-adversarial,t,2026-06-12T23:55:29.054Z,2026-06-12T23:55:29.054Z,75.350000,,,,,0,0,55000000000000000000000000000000,,success,0x425734a7fd13E9994b66a7909206007A1EF7030B
1011,policy_gradient,Policy Gradient,algorithms,rl,Direct policy optimization,formula_sync,0.8,"algorithms, UUON, parametric surface",/shapes/policy-gradient,t,2026-06-12T23:55:29.054Z,2026-06-12T23:55:29.054Z,75.350000,,,,,0,0,55000000000000000000000000000000,,success,0x425734a7fd13E9994b66a7909206007A1EF7030B
1013,cantellated_tesseract,Cantellated Tesseract,4d-hyperdimensional,polytope,Edge-truncated 4D hypercube,formula_sync,0.8,"4d-hyperdimensional, UUON, parametric surface",/shapes/cantellated-tesseract,t,2026-06-12T23:55:29.054Z,2026-06-12T23:55:29.054Z,75.350000,,,,,0,0,55000000000000000000000000000000,,success,0x425734a7fd13E9994b66a7909206007A1EF7030B
1015,bitruncated_24_cell,Bitruncated 24-cell,4d-hyperdimensional,polytope,Dual-truncated 24-cell,formula_sync,0.8,"4d-hyperdimensional, UUON, parametric surface",/shapes/bitruncated-24-cell,t,2026-06-12T23:55:29.054Z,2026-06-12T23:55:29.054Z,75.350000,,,,,0,0,55000000000000000000000000000000,,success,0x425734a7fd13E9994b66a7909206007A1EF7030B
1017,truncated_600_cell,Truncated 600-cell,4d-hyperdimensional,polytope,Vertex-truncated 600-cell,formula_sync,0.8,"4d-hyperdimensional, UUON, parametric surface",/shapes/truncated-600-cell,t,2026-06-12T23:55:29.054Z,2026-06-12T23:55:29.054Z,75.350000,,,,,0,0,55000000000000000000000000000000,,success,0x425734a7fd13E9994b66a7909206007A1EF7030B
1019,tesseractic_honeycomb,Tesseractic Honeycomb,4d-hyperdimensional,honeycomb,4D hypercubic tiling,formula_sync,0.8,"4d-hyperdimensional, UUON, parametric surface",/shapes/tesseractic-honeycomb,t,2026-06-12T23:55:29.054Z,2026-06-12T23:55:29.054Z,75.350000,,,,,0,0,55000000000000000000000000000000,,success,0x425734a7fd13E9994b66a7909206007A1EF7030B
1021,hyperbolic_5_cell,Hyperbolic 5-cell,4d-hyperdimensional,hyperbolic,4D simplex in hyperbolic space,formula_sync,0.8,"4d-hyperdimensional, UUON, parametric surface",/shapes/hyperbolic-5-cell,t,2026-06-12T23:55:29.054Z,2026-06-12T23:55:29.054Z,75.350000,,,,,0,0,55000000000000000000000000000000,,success,0x425734a7fd13E9994b66a7909206007A1EF7030B
1023,cantor_set_3d,Cantor Set 3D,fractals,cantor,3D visualization of Cantor ternary set,formula_sync,0.8,"fractals, UUON, parametric surface",/shapes/cantor-set-3d,t,2026-06-12T23:55:29.054Z,2026-06-12T23:55:29.054Z,75.350000,,,,,0,0,55000000000000000000000000000000,,success,0x425734a7fd13E9994b66a7909206007A1EF7030B
1025,mandelbox,Mandelbox,fractals,3d,Box-fold Mandelbrot variant,formula_sync,0.8,"fractals, UUON, parametric surface",/shapes/mandelbox,t,2026-06-12T23:55:29.054Z,2026-06-12T23:55:29.054Z,75.350000,,,,,0,0,55000000000000000000000000000000,,success,0x425734a7fd13E9994b66a7909206007A1EF7030B
1029,spherical_harmonic_y2,Spherical Harmonic Y₂ᵐ,quantum-mechanics,harmonics,l=2 angular momentum eigenstates,formula_sync,0.8,"quantum-mechanics, UUON, parametric surface",/shapes/spherical-harmonic-y2,t,2026-06-12T23:55:29.054Z,2026-06-12T23:55:29.054Z,75.350000,,,,,0,0,55000000000000000000000000000000,,success,0x425734a7fd13E9994b66a7909206007A1EF7030B
1031,dirac_spinor,Dirac Spinor,quantum-mechanics,relativistic,Relativistic electron wavefunction,formula_sync,0.8,"quantum-mechanics, UUON, parametric surface",/shapes/dirac-spinor,t,2026-06-12T23:55:29.054Z,2026-06-12T23:55:29.054Z,75.350000,,,,,0,0,55000000000000000000000000000000,,success,0x425734a7fd13E9994b66a7909206007A1EF7030B
1033,density_matrix,Density Matrix,quantum-mechanics,mixed-states,Mixed quantum state representation,formula_sync,0.8,"quantum-mechanics, UUON, parametric surface",/shapes/density-matrix,t,2026-06-12T23:55:29.054Z,2026-06-12T23:55:29.054Z,75.350000,,,,,0,0,55000000000000000000000000000000,,success,0x425734a7fd13E9994b66a7909206007A1EF7030B
1035,cosmic_string,Cosmic String Spacetime,general-relativity,topological,Line defect in spacetime,formula_sync,0.8,"general-relativity, UUON, parametric surface",/shapes/cosmic-string,t,2026-06-12T23:55:35.647Z,2026-06-12T23:55:35.647Z,75.350000,,,,,0,0,55000000000000000000000000000000,,success,0x425734a7fd13E9994b66a7909206007A1EF7030B
1037,kretschmann_scalar,Kretschmann Scalar,general-relativity,curvature,Curvature invariant,formula_sync,0.8,"general-relativity, UUON, parametric surface",/shapes/kretschmann-scalar,t,2026-06-12T23:55:35.647Z,2026-06-12T23:55:35.647Z,75.350000,,,,,0,0,55000000000000000000000000000000,,success,0x425734a7fd13E9994b66a7909206007A1EF7030B
1039,tree_of_life_3d,Tree of Life 3D,sacred-geometry,kabbalah,Kabbalistic emanation structure,formula_sync,0.8,"sacred-geometry, UUON, parametric surface",/shapes/tree-of-life-3d,t,2026-06-12T23:55:35.647Z,2026-06-12T23:55:35.647Z,75.350000,,,,,0,0,55000000000000000000000000000000,,success,0x425734a7fd13E9994b66a7909206007A1EF7030B
982,e8_structure,E₈ Lie Algebra Structure,theory-of-everything,symmetry,Largest exceptional simple Lie group,formula_sync,0.8,"theory-of-everything, UUON, parametric surface",/shapes/e8-structure,t,2026-06-12T23:55:29.054Z,2026-06-12T23:55:29.054Z,75.350000,,,,,0,0,55000000000000000000000000000000,,success,0x425734a7fd13E9994b66a7909206007A1EF7030B
984,higgs_mechanism,Higgs Mechanism,theory-of-everything,symmetry,Spontaneous symmetry breaking,formula_sync,0.8,"theory-of-everything, UUON, parametric surface",/shapes/higgs-mechanism,t,2026-06-12T23:55:29.054Z,2026-06-12T23:55:29.054Z,75.350000,,,,,0,0,55000000000000000000000000000000,,success,0x425734a7fd13E9994b66a7909206007A1EF7030B
986,lqg_hamiltonian_constraint,LQG Hamiltonian Constraint,theory-of-everything,lqg,Quantum dynamics of LQG,formula_sync,0.8,"theory-of-everything, UUON, parametric surface",/shapes/lqg-hamiltonian-constraint,t,2026-06-12T23:55:29.054Z,2026-06-12T23:55:29.054Z,75.350000,,,,,0,0,55000000000000000000000000000000,,success,0x425734a7fd13E9994b66a7909206007A1EF7030B
988,qcd_gluon_field,QCD Gluon Field,theory-of-everything,qcd,SU(3) gauge field - strong force,formula_sync,0.8,"theory-of-everything, UUON, parametric surface",/shapes/qcd-gluon-field,t,2026-06-12T23:55:29.054Z,2026-06-12T23:55:29.054Z,75.350000,,,,,0,0,55000000000000000000000000000000,,success,0x425734a7fd13E9994b66a7909206007A1EF7030B
990,holographic_principle_boundary,Holographic Boundary,theory-of-everything,holography,Bulk-boundary correspondence,formula_sync,0.8,"theory-of-everything, UUON, parametric surface",/shapes/holographic-principle-boundary,t,2026-06-12T23:55:29.054Z,2026-06-12T23:55:29.054Z,75.350000,,,,,0,0,55000000000000000000000000000000,,success,0x425734a7fd13E9994b66a7909206007A1EF7030B
1667,neural_network_layer,Neural Network Layer,general,general,Parametric surface,formula_sync,0.8,"general, UUON, parametric surface",/shapes/neural-network-layer,t,2026-06-12T23:56:15.036Z,2026-06-12T23:56:15.036Z,75.350000,,,,,0,0,55000000000000000000000000000000,,success,0x425734a7fd13E9994b66a7909206007A1EF7030B
992,smith_waterman_001,Smith-Waterman Algorithm,algorithms,bioinformatics,Local sequence alignment,formula_sync,0.8,"algorithms, UUON, parametric surface",/shapes/smith-waterman-001,t,2026-06-12T23:55:29.054Z,2026-06-12T23:55:29.054Z,75.350000,,,,,0,0,55000000000000000000000000000000,,success,0x425734a7fd13E9994b66a7909206007A1EF7030B
994,hidden_markov_001,Hidden Markov Model,algorithms,ml,Probabilistic sequence model,formula_sync,0.8,"algorithms, UUON, parametric surface",/shapes/hidden-markov-001,t,2026-06-12T23:55:29.054Z,2026-06-12T23:55:29.054Z,75.350000,,,,,0,0,55000000000000000000000000000000,,success,0x425734a7fd13E9994b66a7909206007A1EF7030B
996,molecular_dynamics_001,Molecular Dynamics Simulation,algorithms,simulation,Numerical integration of Newton's equations,formula_sync,0.8,"algorithms, UUON, parametric surface",/shapes/molecular-dynamics-001,t,2026-06-12T23:55:29.054Z,2026-06-12T23:55:29.054Z,75.350000,,,,,0,0,55000000000000000000000000000000,,success,0x425734a7fd13E9994b66a7909206007A1EF7030B
998,dft_electron_density_001,DFT Electron Density,algorithms,quantum-chemistry,Density Functional Theory - electronic structure,formula_sync,0.8,"algorithms, UUON, parametric surface",/shapes/dft-electron-density-001,t,2026-06-12T23:55:29.054Z,2026-06-12T23:55:29.054Z,75.350000,,,,,0,0,55000000000000000000000000000000,,success,0x425734a7fd13E9994b66a7909206007A1EF7030B
1000,merge_sort_divide,Merge Sort,algorithms,sorting,Stable divide-and-conquer sort,formula_sync,0.8,"algorithms, UUON, parametric surface",/shapes/merge-sort-divide,t,2026-06-12T23:55:29.054Z,2026-06-12T23:55:29.054Z,75.350000,,,,,0,0,55000000000000000000000000000000,,success,0x425734a7fd13E9994b66a7909206007A1EF7030B
1002,kruskal_mst,Kruskal's MST Algorithm,algorithms,graph,Minimum spanning tree via edge sorting,formula_sync,0.8,"algorithms, UUON, parametric surface",/shapes/kruskal-mst,t,2026-06-12T23:55:29.054Z,2026-06-12T23:55:29.054Z,75.350000,,,,,0,0,55000000000000000000000000000000,,success,0x425734a7fd13E9994b66a7909206007A1EF7030B
1004,simplex_method,Simplex Method,algorithms,optimization,Linear programming optimizer,formula_sync,0.8,"algorithms, UUON, parametric surface",/shapes/simplex-method,t,2026-06-12T23:55:29.054Z,2026-06-12T23:55:29.054Z,75.350000,,,,,0,0,55000000000000000000000000000000,,success,0x425734a7fd13E9994b66a7909206007A1EF7030B
1006,adam_optimizer,Adam Optimizer,algorithms,optimization,Adaptive moment estimation,formula_sync,0.8,"algorithms, UUON, parametric surface",/shapes/adam-optimizer,t,2026-06-12T23:55:29.054Z,2026-06-12T23:55:29.054Z,75.350000,,,,,0,0,55000000000000000000000000000000,,success,0x425734a7fd13E9994b66a7909206007A1EF7030B
1008,vae_latent_space,VAE Latent Space,algorithms,ml,Variational Autoencoder,formula_sync,0.8,"algorithms, UUON, parametric surface",/shapes/vae-latent-space,t,2026-06-12T23:55:29.054Z,2026-06-12T23:55:29.054Z,75.350000,,,,,0,0,55000000000000000000000000000000,,success,0x425734a7fd13E9994b66a7909206007A1EF7030B
1010,reinforcement_q_learning,Q-Learning,algorithms,rl,Model-free reinforcement learning,formula_sync,0.8,"algorithms, UUON, parametric surface",/shapes/reinforcement-q-learning,t,2026-06-12T23:55:29.054Z,2026-06-12T23:55:29.054Z,75.350000,,,,,0,0,55000000000000000000000000000000,,success,0x425734a7fd13E9994b66a7909206007A1EF7030B
1012,mcts_tree_search,Monte Carlo Tree Search,algorithms,search,Game tree search - AlphaGo foundation,formula_sync,0.8,"algorithms, UUON, parametric surface",/shapes/mcts-tree-search,t,2026-06-12T23:55:29.054Z,2026-06-12T23:55:29.054Z,75.350000,,,,,0,0,55000000000000000000000000000000,,success,0x425734a7fd13E9994b66a7909206007A1EF7030B
1014,runcinated_tesseract,Runcinated Tesseract,4d-hyperdimensional,polytope,Expansion of tesseract,formula_sync,0.8,"4d-hyperdimensional, UUON, parametric surface",/shapes/runcinated-tesseract,t,2026-06-12T23:55:29.054Z,2026-06-12T23:55:29.054Z,75.350000,,,,,0,0,55000000000000000000000000000000,,success,0x425734a7fd13E9994b66a7909206007A1EF7030B
1016,rectified_600_cell,Rectified 600-cell,4d-hyperdimensional,polytope,Edge-midpoint rectification of 600-cell,formula_sync,0.8,"4d-hyperdimensional, UUON, parametric surface",/shapes/rectified-600-cell,t,2026-06-12T23:55:29.054Z,2026-06-12T23:55:29.054Z,75.350000,,,,,0,0,55000000000000000000000000000000,,success,0x425734a7fd13E9994b66a7909206007A1EF7030B
1018,cantellated_120_cell,Cantellated 120-cell,4d-hyperdimensional,polytope,Cantellated version of 120-cell,formula_sync,0.8,"4d-hyperdimensional, UUON, parametric surface",/shapes/cantellated-120-cell,t,2026-06-12T23:55:29.054Z,2026-06-12T23:55:29.054Z,75.350000,,,,,0,0,55000000000000000000000000000000,,success,0x425734a7fd13E9994b66a7909206007A1EF7030B
1020,16_cell_honeycomb,16-cell Honeycomb,4d-hyperdimensional,honeycomb,4D cross-polytope tiling,formula_sync,0.8,"4d-hyperdimensional, UUON, parametric surface",/shapes/16-cell-honeycomb,t,2026-06-12T23:55:29.054Z,2026-06-12T23:55:29.054Z,75.350000,,,,,0,0,55000000000000000000000000000000,,success,0x425734a7fd13E9994b66a7909206007A1EF7030B
1022,klein_bottle_4d,Klein Bottle Embedding,4d-hyperdimensional,topology,True 4D embedding of Klein bottle,formula_sync,0.8,"4d-hyperdimensional, UUON, parametric surface",/shapes/klein-bottle-4d,t,2026-06-12T23:55:29.054Z,2026-06-12T23:55:29.054Z,75.350000,,,,,0,0,55000000000000000000000000000000,,success,0x425734a7fd13E9994b66a7909206007A1EF7030B
1024,sierpinski_triangle,Sierpiński Triangle,fractals,gasket,Classic triangular gasket,formula_sync,0.8,"fractals, UUON, parametric surface",/shapes/sierpinski-triangle,t,2026-06-12T23:55:29.054Z,2026-06-12T23:55:29.054Z,75.350000,,,,,0,0,55000000000000000000000000000000,,success,0x425734a7fd13E9994b66a7909206007A1EF7030B
1026,burning_ship,Burning Ship Fractal,fractals,2d,Ship-like Mandelbrot variant,formula_sync,0.8,"fractals, UUON, parametric surface",/shapes/burning-ship,t,2026-06-12T23:55:29.054Z,2026-06-12T23:55:29.054Z,75.350000,,,,,0,0,55000000000000000000000000000000,,success,0x425734a7fd13E9994b66a7909206007A1EF7030B
1028,lyapunov_fractal,Lyapunov Fractal,fractals,2d,Stability map of logistic iteration,formula_sync,0.8,"fractals, UUON, parametric surface",/shapes/lyapunov-fractal,t,2026-06-12T23:55:29.054Z,2026-06-12T23:55:29.054Z,75.350000,,,,,0,0,55000000000000000000000000000000,,success,0x425734a7fd13E9994b66a7909206007A1EF7030B
1030,spherical_harmonic_y3,Spherical Harmonic Y₃ᵐ,quantum-mechanics,harmonics,l=3 angular momentum eigenstates,formula_sync,0.8,"quantum-mechanics, UUON, parametric surface",/shapes/spherical-harmonic-y3,t,2026-06-12T23:55:29.054Z,2026-06-12T23:55:29.054Z,75.350000,,,,,0,0,55000000000000000000000000000000,,success,0x425734a7fd13E9994b66a7909206007A1EF7030B
1032,particle_in_box_3d,Particle in 3D Box,quantum-mechanics,basic,Infinite potential well 3D,formula_sync,0.8,"quantum-mechanics, UUON, parametric surface",/shapes/particle-in-box-3d,t,2026-06-12T23:55:29.054Z,2026-06-12T23:55:29.054Z,75.350000,,,,,0,0,55000000000000000000000000000000,,success,0x425734a7fd13E9994b66a7909206007A1EF7030B
1034,wormhole_morris_thorne,Morris-Thorne Wormhole,general-relativity,exotic,Traversable wormhole spacetime,formula_sync,0.8,"general-relativity, UUON, parametric surface",/shapes/wormhole-morris-thorne,t,2026-06-12T23:55:35.647Z,2026-06-12T23:55:35.647Z,75.350000,,,,,0,0,55000000000000000000000000000000,,success,0x425734a7fd13E9994b66a7909206007A1EF7030B
1036,bianchi_ix,Bianchi IX (Mixmaster),general-relativity,cosmology,Chaotic anisotropic cosmology,formula_sync,0.8,"general-relativity, UUON, parametric surface",/shapes/bianchi-ix,t,2026-06-12T23:55:35.647Z,2026-06-12T23:55:35.647Z,75.350000,,,,,0,0,55000000000000000000000000000000,,success,0x425734a7fd13E9994b66a7909206007A1EF7030B
1038,flower_of_life_3d,Flower of Life 3D,sacred-geometry,platonic,Overlapping sphere sacred pattern,formula_sync,0.8,"sacred-geometry, UUON, parametric surface",/shapes/flower-of-life-3d,t,2026-06-12T23:55:35.647Z,2026-06-12T23:55:35.647Z,75.350000,,,,,0,0,55000000000000000000000000000000,,success,0x425734a7fd13E9994b66a7909206007A1EF7030B
1040,sri_yantra_3d,Sri Yantra 3D,sacred-geometry,yantra,Sacred Hindu geometric pattern,formula_sync,0.8,"sacred-geometry, UUON, parametric surface",/shapes/sri-yantra-3d,t,2026-06-12T23:55:35.647Z,2026-06-12T23:55:35.647Z,75.350000,,,,,0,0,55000000000000000000000000000000,,success,0x425734a7fd13E9994b66a7909206007A1EF7030B
1041,metatrons_cube_animated,Metatron's Cube Animated,sacred-geometry,platonic,All platonic solids in one structure,formula_sync,0.8,"sacred-geometry, UUON, parametric surface",/shapes/metatrons-cube-animated,t,2026-06-12T23:55:35.647Z,2026-06-12T23:55:35.647Z,75.350000,,,,,0,0,55000000000000000000000000000000,,success,0x425734a7fd13E9994b66a7909206007A1EF7030B
1043,64_tetrahedron,64 Tetrahedron Grid,sacred-geometry,geometry,Isotropic vector matrix,formula_sync,0.8,"sacred-geometry, UUON, parametric surface",/shapes/64-tetrahedron,t,2026-06-12T23:55:35.647Z,2026-06-12T23:55:35.647Z,75.350000,,,,,0,0,55000000000000000000000000000000,,success,0x425734a7fd13E9994b66a7909206007A1EF7030B
1045,platonic_dual_pair,Platonic Dual Pairs,sacred-geometry,platonic,"Cube-octahedron, dodeca-icosa duality",formula_sync,0.8,"sacred-geometry, UUON, parametric surface",/shapes/platonic-dual-pair,t,2026-06-12T23:55:35.647Z,2026-06-12T23:55:35.647Z,75.350000,,,,,0,0,55000000000000000000000000000000,,success,0x425734a7fd13E9994b66a7909206007A1EF7030B
1047,alpha_helix_protein,Alpha Helix Protein,molecular-biology,protein,Secondary structure helix,formula_sync,0.8,"molecular-biology, UUON, parametric surface",/shapes/alpha-helix-protein,t,2026-06-12T23:55:35.647Z,2026-06-12T23:55:35.647Z,75.350000,,,,,0,0,55000000000000000000000000000000,,success,0x425734a7fd13E9994b66a7909206007A1EF7030B
1049,hemoglobin_quaternary,Hemoglobin Quaternary,molecular-biology,protein,Oxygen transport tetramer,formula_sync,0.8,"molecular-biology, UUON, parametric surface",/shapes/hemoglobin-quaternary,t,2026-06-12T23:55:35.647Z,2026-06-12T23:55:35.647Z,75.350000,,,,,0,0,55000000000000000000000000000000,,success,0x425734a7fd13E9994b66a7909206007A1EF7030B
1051,ribosome_70s,Ribosome 70S,molecular-biology,organelle,Bacterial protein synthesis machine,formula_sync,0.8,"molecular-biology, UUON, parametric surface",/shapes/ribosome-70s,t,2026-06-12T23:55:35.647Z,2026-06-12T23:55:35.647Z,75.350000,,,,,0,0,55000000000000000000000000000000,,success,0x425734a7fd13E9994b66a7909206007A1EF7030B
1053,virus_capsid_icosahedral,Icosahedral Virus Capsid,molecular-biology,virology,Viral protein shell structure,formula_sync,0.8,"molecular-biology, UUON, parametric surface",/shapes/virus-capsid-icosahedral,t,2026-06-12T23:55:35.647Z,2026-06-12T23:55:35.647Z,75.350000,,,,,0,0,55000000000000000000000000000000,,success,0x425734a7fd13E9994b66a7909206007A1EF7030B
1055,mitochondrion_cristae,Mitochondrion Cristae,molecular-biology,organelle,Inner membrane folds,formula_sync,0.8,"molecular-biology, UUON, parametric surface",/shapes/mitochondrion-cristae,t,2026-06-12T23:55:35.647Z,2026-06-12T23:55:35.647Z,75.350000,,,,,0,0,55000000000000000000000000000000,,success,0x425734a7fd13E9994b66a7909206007A1EF7030B
1057,dunce_cap,Dunce Cap,topology,spaces,Non-contractible but simply connected,formula_sync,0.8,"topology, UUON, parametric surface",/shapes/dunce-cap,t,2026-06-12T23:55:35.647Z,2026-06-12T23:55:35.647Z,75.350000,,,,,0,0,55000000000000000000000000000000,,success,0x425734a7fd13E9994b66a7909206007A1EF7030B
1063,dehn_surgery,Dehn Surgery Result,topology,surgery,3-manifold from torus drilling/filling,formula_sync,0.8,"topology, UUON, parametric surface",/shapes/dehn-surgery,t,2026-06-12T23:55:35.647Z,2026-06-12T23:55:35.647Z,75.350000,,,,,0,0,55000000000000000000000000000000,,success,0x425734a7fd13E9994b66a7909206007A1EF7030B
1065,rsa_encryption,RSA Encryption,cryptography,asymmetric,Prime factorization-based encryption,formula_sync,0.8,"cryptography, UUON, parametric surface",/shapes/rsa-encryption,t,2026-06-12T23:55:35.647Z,2026-06-12T23:55:35.647Z,75.350000,,,,,0,0,55000000000000000000000000000000,,success,0x425734a7fd13E9994b66a7909206007A1EF7030B
1067,ecdsa_curve,ECDSA Curve,cryptography,ecc,Elliptic Curve Digital Signature,formula_sync,0.8,"cryptography, UUON, parametric surface",/shapes/ecdsa-curve,t,2026-06-12T23:55:35.647Z,2026-06-12T23:55:35.647Z,75.350000,,,,,0,0,55000000000000000000000000000000,,success,0x425734a7fd13E9994b66a7909206007A1EF7030B
1069,sike_isogeny,SIKE Isogeny,cryptography,post-quantum,Supersingular isogeny key exchange,formula_sync,0.8,"cryptography, UUON, parametric surface",/shapes/sike-isogeny,t,2026-06-12T23:55:35.647Z,2026-06-12T23:55:35.647Z,75.350000,,,,,0,0,55000000000000000000000000000000,,success,0x425734a7fd13E9994b66a7909206007A1EF7030B
1071,ring_signature,Ring Signature,cryptography,privacy,Anonymous group signature,formula_sync,0.8,"cryptography, UUON, parametric surface",/shapes/ring-signature,t,2026-06-12T23:55:35.647Z,2026-06-12T23:55:35.647Z,75.350000,,,,,0,0,55000000000000000000000000000000,,success,0x425734a7fd13E9994b66a7909206007A1EF7030B
1073,oblivious_transfer,Oblivious Transfer,cryptography,mpc,Sender-receiver privacy protocol,formula_sync,0.8,"cryptography, UUON, parametric surface",/shapes/oblivious-transfer,t,2026-06-12T23:55:35.647Z,2026-06-12T23:55:35.647Z,75.350000,,,,,0,0,55000000000000000000000000000000,,success,0x425734a7fd13E9994b66a7909206007A1EF7030B
1075,brainwave_alpha,Brainwave Alpha Pattern,algorithms,neuroscience,Relaxed consciousness 8-13 Hz waves,formula_sync,0.8,"algorithms, UUON, parametric surface",/shapes/brainwave-alpha,t,2026-06-12T23:55:35.647Z,2026-06-12T23:55:35.647Z,75.350000,,,,,0,0,55000000000000000000000000000000,,success,0x425734a7fd13E9994b66a7909206007A1EF7030B
1077,consciousness_field,Consciousness Field Topology,topology,consciousness,Integrated Information Theory geometry,formula_sync,0.8,"topology, UUON, parametric surface",/shapes/consciousness-field,t,2026-06-12T23:55:35.647Z,2026-06-12T23:55:35.647Z,75.350000,,,,,0,0,55000000000000000000000000000000,,success,0x425734a7fd13E9994b66a7909206007A1EF7030B
1079,global_workspace,Global Workspace Theory,algorithms,neuroscience,Conscious broadcasting architecture,formula_sync,0.8,"algorithms, UUON, parametric surface",/shapes/global-workspace,t,2026-06-12T23:55:35.647Z,2026-06-12T23:55:35.647Z,75.350000,,,,,0,0,55000000000000000000000000000000,,success,0x425734a7fd13E9994b66a7909206007A1EF7030B
1081,cmbr_anisotropy,CMB Anisotropy Map,general-relativity,cosmology,Cosmic microwave background fluctuations,formula_sync,0.8,"general-relativity, UUON, parametric surface",/shapes/cmbr-anisotropy,t,2026-06-12T23:55:35.647Z,2026-06-12T23:55:35.647Z,75.350000,,,,,0,0,55000000000000000000000000000000,,success,0x425734a7fd13E9994b66a7909206007A1EF7030B
1083,inflation_potential,Inflationary Potential,general-relativity,cosmology,Slow-roll inflation field,formula_sync,0.8,"general-relativity, UUON, parametric surface",/shapes/inflation-potential,t,2026-06-12T23:55:35.647Z,2026-06-12T23:55:35.647Z,75.350000,,,,,0,0,55000000000000000000000000000000,,success,0x425734a7fd13E9994b66a7909206007A1EF7030B
1085,riemann_zeta_surface,Riemann Zeta Surface,fractals,number-theory,ζ(s) critical line visualization,formula_sync,0.8,"fractals, UUON, parametric surface",/shapes/riemann-zeta-surface,t,2026-06-12T23:55:35.647Z,2026-06-12T23:55:35.647Z,75.350000,,,,,0,0,55000000000000000000000000000000,,success,0x425734a7fd13E9994b66a7909206007A1EF7030B
1087,exceptional_lie_e8,E₈ Lie Algebra Root System,theory-of-everything,lie-groups,Largest exceptional Lie group,formula_sync,0.8,"theory-of-everything, UUON, parametric surface",/shapes/exceptional-lie-e8,t,2026-06-12T23:55:35.647Z,2026-06-12T23:55:35.647Z,75.350000,,,,,0,0,55000000000000000000000000000000,,success,0x425734a7fd13E9994b66a7909206007A1EF7030B
1089,tesla_369_unified,Tesla 369 Unified Field,uuon-acas,unified,The 369th shape - Tesla's sacred number encoded as vortex mathematics unified field theory,formula_sync,0.8,"uuon-acas, UUON, parametric surface",/shapes/tesla-369-unified,t,2026-06-12T23:55:35.647Z,2026-06-12T23:55:35.647Z,75.350000,,,,,0,0,55000000000000000000000000000000,,success,0x425734a7fd13E9994b66a7909206007A1EF7030B
1091,universal_morph_warp,Universal Morph - Warp Phase,morphing,control_manifold,Warp Phase Variant of Control Manifold,formula_sync,0.8,"morphing, UUON, parametric surface",/shapes/universal-morph-warp,t,2026-06-12T23:55:35.647Z,2026-06-12T23:55:35.647Z,75.350000,,,,,0,0,55000000000000000000000000000000,,success,0x425734a7fd13E9994b66a7909206007A1EF7030B
1093,universal_morph_golden,Universal Morph - Golden Ratio,morphing,control_manifold,Golden Ratio Phi-Based Control Manifold,formula_sync,0.8,"morphing, UUON, parametric surface",/shapes/universal-morph-golden,t,2026-06-12T23:55:35.647Z,2026-06-12T23:55:35.647Z,75.350000,,,,,0,0,55000000000000000000000000000000,,success,0x425734a7fd13E9994b66a7909206007A1EF7030B
1095,universal_morph_lattice,Universal Morph - Lattice Harmonics,morphing,control_manifold,Lattice Harmonics Control Manifold,formula_sync,0.8,"morphing, UUON, parametric surface",/shapes/universal-morph-lattice,t,2026-06-12T23:55:35.647Z,2026-06-12T23:55:35.647Z,75.350000,,,,,0,0,55000000000000000000000000000000,,success,0x425734a7fd13E9994b66a7909206007A1EF7030B
1097,universal_morph_portal,Universal Morph - Portal Dynamics,morphing,control_manifold,Portal Dynamics Control Manifold,formula_sync,0.8,"morphing, UUON, parametric surface",/shapes/universal-morph-portal,t,2026-06-12T23:55:35.647Z,2026-06-12T23:55:35.647Z,75.350000,,,,,0,0,55000000000000000000000000000000,,success,0x425734a7fd13E9994b66a7909206007A1EF7030B
1099,wave_displacement_plane,〰️ Wave Displacement Plane - Studio Surface,general,general,Parametric surface,formula_sync,0.8,"general, UUON, parametric surface",/shapes/wave-displacement-plane,t,2026-06-12T23:55:35.647Z,2026-06-12T23:55:35.647Z,75.350000,,,,,0,0,55000000000000000000000000000000,,success,0x425734a7fd13E9994b66a7909206007A1EF7030B
1042,phi_spiral_3d,Golden Spiral 3D,sacred-geometry,spiral,Fibonacci/Golden ratio spiral,formula_sync,0.8,"sacred-geometry, UUON, parametric surface",/shapes/phi-spiral-3d,t,2026-06-12T23:55:35.647Z,2026-06-12T23:55:35.647Z,75.350000,,,,,0,0,55000000000000000000000000000000,,success,0x425734a7fd13E9994b66a7909206007A1EF7030B
1044,merkaba_field,Merkaba Light Body,sacred-geometry,energy,Counter-rotating tetrahedra,formula_sync,0.8,"sacred-geometry, UUON, parametric surface",/shapes/merkaba-field,t,2026-06-12T23:55:35.647Z,2026-06-12T23:55:35.647Z,75.350000,,,,,0,0,55000000000000000000000000000000,,success,0x425734a7fd13E9994b66a7909206007A1EF7030B
1046,golden_rectangle_3d,Golden Rectangle 3D,sacred-geometry,geometry,3D phi-proportioned structure,formula_sync,0.8,"sacred-geometry, UUON, parametric surface",/shapes/golden-rectangle-3d,t,2026-06-12T23:55:35.647Z,2026-06-12T23:55:35.647Z,75.350000,,,,,0,0,55000000000000000000000000000000,,success,0x425734a7fd13E9994b66a7909206007A1EF7030B
1048,beta_sheet_protein,Beta Sheet Protein,molecular-biology,protein,Pleated sheet secondary structure,formula_sync,0.8,"molecular-biology, UUON, parametric surface",/shapes/beta-sheet-protein,t,2026-06-12T23:55:35.647Z,2026-06-12T23:55:35.647Z,75.350000,,,,,0,0,55000000000000000000000000000000,,success,0x425734a7fd13E9994b66a7909206007A1EF7030B
1050,antibody_igg,Antibody IgG Structure,molecular-biology,immunology,Y-shaped immunoglobulin,formula_sync,0.8,"molecular-biology, UUON, parametric surface",/shapes/antibody-igg,t,2026-06-12T23:55:35.647Z,2026-06-12T23:55:35.647Z,75.350000,,,,,0,0,55000000000000000000000000000000,,success,0x425734a7fd13E9994b66a7909206007A1EF7030B
1052,nucleosome_histone,Nucleosome Histone,molecular-biology,chromatin,DNA wrapped around histones,formula_sync,0.8,"molecular-biology, UUON, parametric surface",/shapes/nucleosome-histone,t,2026-06-12T23:55:35.647Z,2026-06-12T23:55:35.647Z,75.350000,,,,,0,0,55000000000000000000000000000000,,success,0x425734a7fd13E9994b66a7909206007A1EF7030B
1054,chloroplast_thylakoid,Chloroplast Thylakoid,molecular-biology,organelle,Photosynthesis membrane stack,formula_sync,0.8,"molecular-biology, UUON, parametric surface",/shapes/chloroplast-thylakoid,t,2026-06-12T23:55:35.647Z,2026-06-12T23:55:35.647Z,75.350000,,,,,0,0,55000000000000000000000000000000,,success,0x425734a7fd13E9994b66a7909206007A1EF7030B
1056,pretzel_knot,Pretzel Knot,topology,knots,Three-twist pretzel form,formula_sync,0.8,"topology, UUON, parametric surface",/shapes/pretzel-knot,t,2026-06-12T23:55:35.647Z,2026-06-12T23:55:35.647Z,75.350000,,,,,0,0,55000000000000000000000000000000,,success,0x425734a7fd13E9994b66a7909206007A1EF7030B
1058,alexander_horned_sphere,Alexander Horned Sphere,topology,wild,Wild embedding of 2-sphere in 3-space,formula_sync,0.8,"topology, UUON, parametric surface",/shapes/alexander-horned-sphere,t,2026-06-12T23:55:35.647Z,2026-06-12T23:55:35.647Z,75.350000,,,,,0,0,55000000000000000000000000000000,,success,0x425734a7fd13E9994b66a7909206007A1EF7030B
1060,orbifold,Orbifold,topology,quotient,Quotient of manifold by group action,formula_sync,0.8,"topology, UUON, parametric surface",/shapes/orbifold,t,2026-06-12T23:55:35.647Z,2026-06-12T23:55:35.647Z,75.350000,,,,,0,0,55000000000000000000000000000000,,success,0x425734a7fd13E9994b66a7909206007A1EF7030B
1064,knot_complement,Knot Complement,topology,knots,S³ minus knot tubular neighborhood,formula_sync,0.8,"topology, UUON, parametric surface",/shapes/knot-complement,t,2026-06-12T23:55:35.647Z,2026-06-12T23:55:35.647Z,75.350000,,,,,0,0,55000000000000000000000000000000,,success,0x425734a7fd13E9994b66a7909206007A1EF7030B
1066,dsa_signature,DSA Digital Signature,cryptography,signature,Digital Signature Algorithm,formula_sync,0.8,"cryptography, UUON, parametric surface",/shapes/dsa-signature,t,2026-06-12T23:55:35.647Z,2026-06-12T23:55:35.647Z,75.350000,,,,,0,0,55000000000000000000000000000000,,success,0x425734a7fd13E9994b66a7909206007A1EF7030B
1068,keccak_sponge,Keccak Sponge Function,cryptography,hash,SHA-3 construction,formula_sync,0.8,"cryptography, UUON, parametric surface",/shapes/keccak-sponge,t,2026-06-12T23:55:35.647Z,2026-06-12T23:55:35.647Z,75.350000,,,,,0,0,55000000000000000000000000000000,,success,0x425734a7fd13E9994b66a7909206007A1EF7030B
1070,mceliece_code,McEliece Code,cryptography,code-based,Error-correcting code cryptosystem,formula_sync,0.8,"cryptography, UUON, parametric surface",/shapes/mceliece-code,t,2026-06-12T23:55:35.647Z,2026-06-12T23:55:35.647Z,75.350000,,,,,0,0,55000000000000000000000000000000,,success,0x425734a7fd13E9994b66a7909206007A1EF7030B
1072,verifiable_delay,Verifiable Delay Function,cryptography,time-lock,Sequential computation proof,formula_sync,0.8,"cryptography, UUON, parametric surface",/shapes/verifiable-delay,t,2026-06-12T23:55:35.647Z,2026-06-12T23:55:35.647Z,75.350000,,,,,0,0,55000000000000000000000000000000,,success,0x425734a7fd13E9994b66a7909206007A1EF7030B
1074,neural_network_3d,Neural Network 3D,algorithms,neuroscience,Artificial neural network visualization,formula_sync,0.8,"algorithms, UUON, parametric surface",/shapes/neural-network-3d,t,2026-06-12T23:55:35.647Z,2026-06-12T23:55:35.647Z,75.350000,,,,,0,0,55000000000000000000000000000000,,success,0x425734a7fd13E9994b66a7909206007A1EF7030B
1076,fractal_neuron,Fractal Neuron Branching,fractals,biology,Dendritic tree fractal structure,formula_sync,0.8,"fractals, UUON, parametric surface",/shapes/fractal-neuron,t,2026-06-12T23:55:35.647Z,2026-06-12T23:55:35.647Z,75.350000,,,,,0,0,55000000000000000000000000000000,,success,0x425734a7fd13E9994b66a7909206007A1EF7030B
1078,penrose_orch_or,Penrose Orch-OR,quantum-mechanics,consciousness,Orchestrated objective reduction,formula_sync,0.8,"quantum-mechanics, UUON, parametric surface",/shapes/penrose-orch-or,t,2026-06-12T23:55:35.647Z,2026-06-12T23:55:35.647Z,75.350000,,,,,0,0,55000000000000000000000000000000,,success,0x425734a7fd13E9994b66a7909206007A1EF7030B
1080,holonomic_brain,Holonomic Brain Theory,quantum-mechanics,consciousness,Pribram's holographic memory,formula_sync,0.8,"quantum-mechanics, UUON, parametric surface",/shapes/holonomic-brain,t,2026-06-12T23:55:35.647Z,2026-06-12T23:55:35.647Z,75.350000,,,,,0,0,55000000000000000000000000000000,,success,0x425734a7fd13E9994b66a7909206007A1EF7030B
1082,lensing_caustic,Gravitational Lensing Caustic,general-relativity,optics,Strong lensing focal structures,formula_sync,0.8,"general-relativity, UUON, parametric surface",/shapes/lensing-caustic,t,2026-06-12T23:55:35.647Z,2026-06-12T23:55:35.647Z,75.350000,,,,,0,0,55000000000000000000000000000000,,success,0x425734a7fd13E9994b66a7909206007A1EF7030B
1084,baryon_acoustic,Baryon Acoustic Oscillations,general-relativity,cosmology,Sound waves in early universe,formula_sync,0.8,"general-relativity, UUON, parametric surface",/shapes/baryon-acoustic,t,2026-06-12T23:55:35.647Z,2026-06-12T23:55:35.647Z,75.350000,,,,,0,0,55000000000000000000000000000000,,success,0x425734a7fd13E9994b66a7909206007A1EF7030B
1086,elliptic_fibration,Elliptic Fibration,4d-hyperdimensional,algebraic,Family of elliptic curves,formula_sync,0.8,"4d-hyperdimensional, UUON, parametric surface",/shapes/elliptic-fibration,t,2026-06-12T23:55:35.647Z,2026-06-12T23:55:35.647Z,75.350000,,,,,0,0,55000000000000000000000000000000,,success,0x425734a7fd13E9994b66a7909206007A1EF7030B
1088,monster_group,Monster Group Visualization,theory-of-everything,group-theory,Largest sporadic simple group,formula_sync,0.8,"theory-of-everything, UUON, parametric surface",/shapes/monster-group,t,2026-06-12T23:55:35.647Z,2026-06-12T23:55:35.647Z,75.350000,,,,,0,0,55000000000000000000000000000000,,success,0x425734a7fd13E9994b66a7909206007A1EF7030B
1090,universal_morph_base,Universal Morph - Base Shape,morphing,control_manifold,A/B/C Control Manifold System,formula_sync,0.8,"morphing, UUON, parametric surface",/shapes/universal-morph-base,t,2026-06-12T23:55:35.647Z,2026-06-12T23:55:35.647Z,75.350000,,,,,0,0,55000000000000000000000000000000,,success,0x425734a7fd13E9994b66a7909206007A1EF7030B
1092,universal_morph_phase,Universal Morph - Phase Shift,morphing,control_manifold,Phase Shift Dynamic Control Manifold,formula_sync,0.8,"morphing, UUON, parametric surface",/shapes/universal-morph-phase,t,2026-06-12T23:55:35.647Z,2026-06-12T23:55:35.647Z,75.350000,,,,,0,0,55000000000000000000000000000000,,success,0x425734a7fd13E9994b66a7909206007A1EF7030B
1094,universal_morph_hyperbolic,Universal Morph - Hyperbolic,morphing,control_manifold,Hyperbolic Control Manifold,formula_sync,0.8,"morphing, UUON, parametric surface",/shapes/universal-morph-hyperbolic,t,2026-06-12T23:55:35.647Z,2026-06-12T23:55:35.647Z,75.350000,,,,,0,0,55000000000000000000000000000000,,success,0x425734a7fd13E9994b66a7909206007A1EF7030B
1096,universal_morph_4d_projection,Universal Morph - 4D Projection,morphing,control_manifold,4D to 3D Projection Control Manifold,formula_sync,0.8,"morphing, UUON, parametric surface",/shapes/universal-morph-4d-projection,t,2026-06-12T23:55:35.647Z,2026-06-12T23:55:35.647Z,75.350000,,,,,0,0,55000000000000000000000000000000,,success,0x425734a7fd13E9994b66a7909206007A1EF7030B
1098,equirectangular_sphere,🌍 Equirectangular Sphere - World Map Projection,general,general,Parametric surface,formula_sync,0.8,"general, UUON, parametric surface",/shapes/equirectangular-sphere,t,2026-06-12T23:55:35.647Z,2026-06-12T23:55:35.647Z,75.350000,,,,,0,0,55000000000000000000000000000000,,success,0x425734a7fd13E9994b66a7909206007A1EF7030B
1100,wave_interference_plane,〰️ Wave Interference Plane - Multi-source,general,general,Parametric surface,formula_sync,0.8,"general, UUON, parametric surface",/shapes/wave-interference-plane,t,2026-06-12T23:55:35.647Z,2026-06-12T23:55:35.647Z,75.350000,,,,,0,0,55000000000000000000000000000000,,success,0x425734a7fd13E9994b66a7909206007A1EF7030B
1101,torus_knot_general,"🔗 General Torus Knot T(p,q)",topology,topology,Parametric surface,formula_sync,0.8,"topology, UUON, parametric surface",/shapes/torus-knot-general,t,2026-06-12T23:55:35.647Z,2026-06-12T23:55:35.647Z,75.350000,,,,,0,0,55000000000000000000000000000000,,success,0x425734a7fd13E9994b66a7909206007A1EF7030B
1103,hypercube,Hypercube (Tesseract → 3D),general,general,Parametric surface,formula_sync,0.8,"general, UUON, parametric surface",/shapes/hypercube,t,2026-06-12T23:55:35.647Z,2026-06-12T23:55:35.647Z,75.350000,,,,,0,0,55000000000000000000000000000000,,success,0x425734a7fd13E9994b66a7909206007A1EF7030B
1105,ellipsoid,Ellipsoid,general,general,Parametric surface,formula_sync,0.8,"general, UUON, parametric surface",/shapes/ellipsoid,t,2026-06-12T23:55:35.647Z,2026-06-12T23:55:35.647Z,75.350000,,,,,0,0,55000000000000000000000000000000,,success,0x425734a7fd13E9994b66a7909206007A1EF7030B
1107,hyperbolic_paraboloid,Hyperbolic Paraboloid - Saddle Surface,general,general,Parametric surface,formula_sync,0.8,"general, UUON, parametric surface",/shapes/hyperbolic-paraboloid,t,2026-06-12T23:55:35.647Z,2026-06-12T23:55:35.647Z,75.350000,,,,,0,0,55000000000000000000000000000000,,success,0x425734a7fd13E9994b66a7909206007A1EF7030B
1109,logarithm_riemann,Logarithm Riemann Surface,general,general,Parametric surface,formula_sync,0.8,"general, UUON, parametric surface",/shapes/logarithm-riemann,t,2026-06-12T23:55:35.647Z,2026-06-12T23:55:35.647Z,75.350000,,,,,0,0,55000000000000000000000000000000,,success,0x425734a7fd13E9994b66a7909206007A1EF7030B
1111,euler_product_formula,🔬 Euler Product ζ(s) = Π(1/(1-p^(-s))) - Prime Connection,medical,medical,Parametric surface,formula_sync,0.8,"medical, UUON, parametric surface",/shapes/euler-product-formula,t,2026-06-12T23:55:35.647Z,2026-06-12T23:55:35.647Z,75.350000,,,,,0,0,55000000000000000000000000000000,,success,0x425734a7fd13E9994b66a7909206007A1EF7030B
1113,quantum_tunneling_barrier,🌀 Quantum Tunneling - Probability Cloud Through Barrier,physics,physics,Parametric surface,formula_sync,0.8,"physics, UUON, parametric surface",/shapes/quantum-tunneling-barrier,t,2026-06-12T23:55:35.647Z,2026-06-12T23:55:35.647Z,75.350000,,,,,0,0,55000000000000000000000000000000,,success,0x425734a7fd13E9994b66a7909206007A1EF7030B
1115,electron_spin_down,↓ Electron Spin Down - Opposite Magnetic Moment,physics,physics,Parametric surface,formula_sync,0.8,"physics, UUON, parametric surface",/shapes/electron-spin-down,t,2026-06-12T23:55:35.647Z,2026-06-12T23:55:35.647Z,75.350000,,,,,0,0,55000000000000000000000000000000,,success,0x425734a7fd13E9994b66a7909206007A1EF7030B
1117,particle_box_n3,📦 Particle in Box n=3 - Second Excited Standing Wave,general,general,Parametric surface,formula_sync,0.8,"general, UUON, parametric surface",/shapes/particle-box-n3,t,2026-06-12T23:55:35.647Z,2026-06-12T23:55:35.647Z,75.350000,,,,,0,0,55000000000000000000000000000000,,success,0x425734a7fd13E9994b66a7909206007A1EF7030B
1119,antibody_y_structure,🛡️ Antibody Y-Structure - Immunoglobulin,general,general,Parametric surface,formula_sync,0.8,"general, UUON, parametric surface",/shapes/antibody-y-structure,t,2026-06-12T23:55:35.647Z,2026-06-12T23:55:35.647Z,75.350000,,,,,0,0,55000000000000000000000000000000,,success,0x425734a7fd13E9994b66a7909206007A1EF7030B
1121,keratin_fiber,🧵 Keratin Fiber - Hair & Nail Protein,general,general,Parametric surface,formula_sync,0.8,"general, UUON, parametric surface",/shapes/keratin-fiber,t,2026-06-12T23:55:35.647Z,2026-06-12T23:55:35.647Z,75.350000,,,,,0,0,55000000000000000000000000000000,,success,0x425734a7fd13E9994b66a7909206007A1EF7030B
1123,diamond_cubic_lattice,💎 Diamond Cubic Lattice - Carbon Crystal Structure,general,general,Parametric surface,formula_sync,0.8,"general, UUON, parametric surface",/shapes/diamond-cubic-lattice,t,2026-06-12T23:55:35.647Z,2026-06-12T23:55:35.647Z,75.350000,,,,,0,0,55000000000000000000000000000000,,success,0x425734a7fd13E9994b66a7909206007A1EF7030B
1125,body_centered_cubic,🔷 Body-Centered Cubic (BCC) - Iron Structure,general,general,Parametric surface,formula_sync,0.8,"general, UUON, parametric surface",/shapes/body-centered-cubic,t,2026-06-12T23:55:35.647Z,2026-06-12T23:55:35.647Z,75.350000,,,,,0,0,55000000000000000000000000000000,,success,0x425734a7fd13E9994b66a7909206007A1EF7030B
1127,wurtzite_structure,⬢ Wurtzite Structure - ZnO Crystal,general,general,Parametric surface,formula_sync,0.8,"general, UUON, parametric surface",/shapes/wurtzite-structure,t,2026-06-12T23:55:35.647Z,2026-06-12T23:55:35.647Z,75.350000,,,,,0,0,55000000000000000000000000000000,,success,0x425734a7fd13E9994b66a7909206007A1EF7030B
1129,perovskite_structure,⚡ Perovskite Structure - Solar Cell Crystal,general,general,Parametric surface,formula_sync,0.8,"general, UUON, parametric surface",/shapes/perovskite-structure,t,2026-06-12T23:55:35.647Z,2026-06-12T23:55:35.647Z,75.350000,,,,,0,0,55000000000000000000000000000000,,success,0x425734a7fd13E9994b66a7909206007A1EF7030B
1131,icosahedral_quasicrystal,⭐ Icosahedral Quasicrystal - 5-Fold Symmetry,general,general,Parametric surface,formula_sync,0.8,"general, UUON, parametric surface",/shapes/icosahedral-quasicrystal,t,2026-06-12T23:55:35.647Z,2026-06-12T23:55:35.647Z,75.350000,,,,,0,0,55000000000000000000000000000000,,success,0x425734a7fd13E9994b66a7909206007A1EF7030B
1133,dodecahedral_quasicrystal,⬟ Dodecahedral Quasicrystal - 12-Fold Geometry,general,general,Parametric surface,formula_sync,0.8,"general, UUON, parametric surface",/shapes/dodecahedral-quasicrystal,t,2026-06-12T23:55:35.647Z,2026-06-12T23:55:35.647Z,75.350000,,,,,0,0,55000000000000000000000000000000,,success,0x425734a7fd13E9994b66a7909206007A1EF7030B
1135,test_g_to_m_wave,🧪 Test: g-m Parameters Wave,general,general,Parametric surface,formula_sync,0.8,"general, UUON, parametric surface",/shapes/test-g-to-m-wave,t,2026-06-12T23:55:42.209Z,2026-06-12T23:55:42.209Z,75.350000,,,,,0,0,55000000000000000000000000000000,,success,0x425734a7fd13E9994b66a7909206007A1EF7030B
1137,richmond_surface,💎 Richmond Minimal Surface,general,general,Parametric surface,formula_sync,0.8,"general, UUON, parametric surface",/shapes/richmond-surface,t,2026-06-12T23:55:42.209Z,2026-06-12T23:55:42.209Z,75.350000,,,,,0,0,55000000000000000000000000000000,,success,0x425734a7fd13E9994b66a7909206007A1EF7030B
1139,scherk_first_surface,🏛️ Scherk's First Minimal Surface,general,general,Parametric surface,formula_sync,0.8,"general, UUON, parametric surface",/shapes/scherk-first-surface,t,2026-06-12T23:55:42.209Z,2026-06-12T23:55:42.209Z,75.350000,,,,,0,0,55000000000000000000000000000000,,success,0x425734a7fd13E9994b66a7909206007A1EF7030B
1141,henneberg_minimal_surface,🌟 Henneberg Minimal Surface,general,general,Parametric surface,formula_sync,0.8,"general, UUON, parametric surface",/shapes/henneberg-minimal-surface,t,2026-06-12T23:55:42.209Z,2026-06-12T23:55:42.209Z,75.350000,,,,,0,0,55000000000000000000000000000000,,success,0x425734a7fd13E9994b66a7909206007A1EF7030B
1797,hemisphere,Hemisphere,general,general,Parametric surface,formula_sync,0.8,"general, UUON, parametric surface",/shapes/hemisphere,t,2026-06-12T23:56:21.595Z,2026-06-12T23:56:21.595Z,75.350000,,,,,0,0,55000000000000000000000000000000,,success,0x425734a7fd13E9994b66a7909206007A1EF7030B
1143,figure8_klein_bottle,🍾 Figure-8 Klein Bottle Immersion,topology,topology,Parametric surface,formula_sync,0.8,"topology, UUON, parametric surface",/shapes/figure8-klein-bottle,t,2026-06-12T23:55:42.209Z,2026-06-12T23:55:42.209Z,75.350000,,,,,0,0,55000000000000000000000000000000,,success,0x425734a7fd13E9994b66a7909206007A1EF7030B
1145,catalan_minimal_surface,🏺 Catalan's Minimal Surface - The 300th,general,general,Parametric surface,formula_sync,0.8,"general, UUON, parametric surface",/shapes/catalan-minimal-surface,t,2026-06-12T23:55:42.209Z,2026-06-12T23:55:42.209Z,75.350000,,,,,0,0,55000000000000000000000000000000,,success,0x425734a7fd13E9994b66a7909206007A1EF7030B
1147,poincare_disk_hyperbolic,🌀 Poincaré Disk - Hyperbolic Geometry,general,general,Parametric surface,formula_sync,0.8,"general, UUON, parametric surface",/shapes/poincare-disk-hyperbolic,t,2026-06-12T23:55:42.209Z,2026-06-12T23:55:42.209Z,75.350000,,,,,0,0,55000000000000000000000000000000,,success,0x425734a7fd13E9994b66a7909206007A1EF7030B
1149,hypercube_5d_projection,🔷 5D Hypercube - Penteract Projection,general,general,Parametric surface,formula_sync,0.8,"general, UUON, parametric surface",/shapes/hypercube-5d-projection,t,2026-06-12T23:55:42.209Z,2026-06-12T23:55:42.209Z,75.350000,,,,,0,0,55000000000000000000000000000000,,success,0x425734a7fd13E9994b66a7909206007A1EF7030B
1151,spin_network_quantum,🌌 Spin Network - Quantum Graph Structure,physics,physics,Parametric surface,formula_sync,0.8,"physics, UUON, parametric surface",/shapes/spin-network-quantum,t,2026-06-12T23:55:42.209Z,2026-06-12T23:55:42.209Z,75.350000,,,,,0,0,55000000000000000000000000000000,,success,0x425734a7fd13E9994b66a7909206007A1EF7030B
1153,mini_olfactory_bulb,🧠 Mini Olfactory Bulb (mOB) - Brain Organoid,general,general,Parametric surface,formula_sync,0.8,"general, UUON, parametric surface",/shapes/mini-olfactory-bulb,t,2026-06-12T23:55:42.209Z,2026-06-12T23:55:42.209Z,75.350000,,,,,0,0,55000000000000000000000000000000,,success,0x425734a7fd13E9994b66a7909206007A1EF7030B
1155,diamond_tpms,💎 Diamond TPMS - Load-Bearing Implant (Schwarz Diamond),general,general,Parametric surface,formula_sync,0.8,"general, UUON, parametric surface",/shapes/diamond-tpms,t,2026-06-12T23:55:42.209Z,2026-06-12T23:55:42.209Z,75.350000,,,,,0,0,55000000000000000000000000000000,,success,0x425734a7fd13E9994b66a7909206007A1EF7030B
1157,iws_tpms,🏗️ IWS TPMS - Tissue Engineering (I-Wrapped Package),general,general,Parametric surface,formula_sync,0.8,"general, UUON, parametric surface",/shapes/iws-tpms,t,2026-06-12T23:55:42.209Z,2026-06-12T23:55:42.209Z,75.350000,,,,,0,0,55000000000000000000000000000000,,success,0x425734a7fd13E9994b66a7909206007A1EF7030B
1159,ciliabot,🦠 CiliaBot - Continuous Beating Spheroid,general,general,Parametric surface,formula_sync,0.8,"general, UUON, parametric surface",/shapes/ciliabot,t,2026-06-12T23:55:42.209Z,2026-06-12T23:55:42.209Z,75.350000,,,,,0,0,55000000000000000000000000000000,,success,0x425734a7fd13E9994b66a7909206007A1EF7030B
1161,magneto_biobot,🧲 Magneto-Biobot - Magnetic Navigation Helix,general,general,Parametric surface,formula_sync,0.8,"general, UUON, parametric surface",/shapes/magneto-biobot,t,2026-06-12T23:55:42.209Z,2026-06-12T23:55:42.209Z,75.350000,,,,,0,0,55000000000000000000000000000000,,success,0x425734a7fd13E9994b66a7909206007A1EF7030B
1102,septafoil_knot,"🔗 Septafoil Knot (7₁) - T(7,2) Torus Knot",general,general,Parametric surface,formula_sync,0.8,"general, UUON, parametric surface",/shapes/septafoil-knot,t,2026-06-12T23:55:35.647Z,2026-06-12T23:55:35.647Z,75.350000,,,,,0,0,55000000000000000000000000000000,,success,0x425734a7fd13E9994b66a7909206007A1EF7030B
1104,hypersimplex,4D Simplex (5-Cell → 3D),general,general,Parametric surface,formula_sync,0.8,"general, UUON, parametric surface",/shapes/hypersimplex,t,2026-06-12T23:55:35.647Z,2026-06-12T23:55:35.647Z,75.350000,,,,,0,0,55000000000000000000000000000000,,success,0x425734a7fd13E9994b66a7909206007A1EF7030B
1106,pseudosphere,Pseudosphere - Constant Negative Curvature,general,general,Parametric surface,formula_sync,0.8,"general, UUON, parametric surface",/shapes/pseudosphere,t,2026-06-12T23:55:35.647Z,2026-06-12T23:55:35.647Z,75.350000,,,,,0,0,55000000000000000000000000000000,,success,0x425734a7fd13E9994b66a7909206007A1EF7030B
1108,square_root_riemann,Square Root Riemann Surface,general,general,Parametric surface,formula_sync,0.8,"general, UUON, parametric surface",/shapes/square-root-riemann,t,2026-06-12T23:55:35.647Z,2026-06-12T23:55:35.647Z,75.350000,,,,,0,0,55000000000000000000000000000000,,success,0x425734a7fd13E9994b66a7909206007A1EF7030B
1110,riemann_zeta_critical_line,📐 Riemann Zeta ζ(s) - Critical Line (Unsolved - Millennium Prize $1M),general,general,Parametric surface,formula_sync,0.8,"general, UUON, parametric surface",/shapes/riemann-zeta-critical-line,t,2026-06-12T23:55:35.647Z,2026-06-12T23:55:35.647Z,75.350000,,,,,0,0,55000000000000000000000000000000,,success,0x425734a7fd13E9994b66a7909206007A1EF7030B
1112,riemann_integral,∫ Riemann Integral - Limit of Riemann Sums,general,general,Parametric surface,formula_sync,0.8,"general, UUON, parametric surface",/shapes/riemann-integral,t,2026-06-12T23:55:35.647Z,2026-06-12T23:55:35.647Z,75.350000,,,,,0,0,55000000000000000000000000000000,,success,0x425734a7fd13E9994b66a7909206007A1EF7030B
1114,electron_spin_up,↑ Electron Spin Up - Magnetic Moment,physics,physics,Parametric surface,formula_sync,0.8,"physics, UUON, parametric surface",/shapes/electron-spin-up,t,2026-06-12T23:55:35.647Z,2026-06-12T23:55:35.647Z,75.350000,,,,,0,0,55000000000000000000000000000000,,success,0x425734a7fd13E9994b66a7909206007A1EF7030B
1116,particle_box_n2,📦 Particle in Box n=2 - First Excited Standing Wave,general,general,Parametric surface,formula_sync,0.8,"general, UUON, parametric surface",/shapes/particle-box-n2,t,2026-06-12T23:55:35.647Z,2026-06-12T23:55:35.647Z,75.350000,,,,,0,0,55000000000000000000000000000000,,success,0x425734a7fd13E9994b66a7909206007A1EF7030B
1118,collagen_triple_helix,🌀 Collagen Triple Helix - Structural Protein,general,general,Parametric surface,formula_sync,0.8,"general, UUON, parametric surface",/shapes/collagen-triple-helix,t,2026-06-12T23:55:35.647Z,2026-06-12T23:55:35.647Z,75.350000,,,,,0,0,55000000000000000000000000000000,,success,0x425734a7fd13E9994b66a7909206007A1EF7030B
1120,myosin_motor_protein,💪 Myosin Motor Protein - Molecular Motor,biological,biological,Parametric surface,formula_sync,0.8,"biological, UUON, parametric surface",/shapes/myosin-motor-protein,t,2026-06-12T23:55:35.647Z,2026-06-12T23:55:35.647Z,75.350000,,,,,0,0,55000000000000000000000000000000,,success,0x425734a7fd13E9994b66a7909206007A1EF7030B
1122,elastin_network,🕸️ Elastin Network - Elastic Fiber Matrix,general,general,Parametric surface,formula_sync,0.8,"general, UUON, parametric surface",/shapes/elastin-network,t,2026-06-12T23:55:35.647Z,2026-06-12T23:55:35.647Z,75.350000,,,,,0,0,55000000000000000000000000000000,,success,0x425734a7fd13E9994b66a7909206007A1EF7030B
1124,hexagonal_close_packed,⬡ Hexagonal Close-Packed (HCP) - Metal Crystal,general,general,Parametric surface,formula_sync,0.8,"general, UUON, parametric surface",/shapes/hexagonal-close-packed,t,2026-06-12T23:55:35.647Z,2026-06-12T23:55:35.647Z,75.350000,,,,,0,0,55000000000000000000000000000000,,success,0x425734a7fd13E9994b66a7909206007A1EF7030B
1126,simple_cubic_lattice,📦 Simple Cubic Lattice - Basic Crystal Structure,general,general,Parametric surface,formula_sync,0.8,"general, UUON, parametric surface",/shapes/simple-cubic-lattice,t,2026-06-12T23:55:35.647Z,2026-06-12T23:55:35.647Z,75.350000,,,,,0,0,55000000000000000000000000000000,,success,0x425734a7fd13E9994b66a7909206007A1EF7030B
1128,rock_salt_structure,🧂 Rock Salt (NaCl) Structure - Ionic Crystal,general,general,Parametric surface,formula_sync,0.8,"general, UUON, parametric surface",/shapes/rock-salt-structure,t,2026-06-12T23:55:35.647Z,2026-06-12T23:55:35.647Z,75.350000,,,,,0,0,55000000000000000000000000000000,,success,0x425734a7fd13E9994b66a7909206007A1EF7030B
1130,penrose_tiling_3d,🔶 Penrose Tiling 3D - Aperiodic Quasicrystal,general,general,Parametric surface,formula_sync,0.8,"general, UUON, parametric surface",/shapes/penrose-tiling-3d,t,2026-06-12T23:55:35.647Z,2026-06-12T23:55:35.647Z,75.350000,,,,,0,0,55000000000000000000000000000000,,success,0x425734a7fd13E9994b66a7909206007A1EF7030B
1132,octahedral_quasicrystal,🔸 Octahedral Quasicrystal - 8-Fold Pattern,general,general,Parametric surface,formula_sync,0.8,"general, UUON, parametric surface",/shapes/octahedral-quasicrystal,t,2026-06-12T23:55:35.647Z,2026-06-12T23:55:35.647Z,75.350000,,,,,0,0,55000000000000000000000000000000,,success,0x425734a7fd13E9994b66a7909206007A1EF7030B
1134,amorphous_glass_network,🌫️ Amorphous Glass Network - Disordered Silica,general,general,Parametric surface,formula_sync,0.8,"general, UUON, parametric surface",/shapes/amorphous-glass-network,t,2026-06-12T23:55:42.209Z,2026-06-12T23:55:42.209Z,75.350000,,,,,0,0,55000000000000000000000000000000,,success,0x425734a7fd13E9994b66a7909206007A1EF7030B
1136,breather_surface,🌊 Breather Surface - Dynamic Soliton,general,general,Parametric surface,formula_sync,0.8,"general, UUON, parametric surface",/shapes/breather-surface,t,2026-06-12T23:55:42.209Z,2026-06-12T23:55:42.209Z,75.350000,,,,,0,0,55000000000000000000000000000000,,success,0x425734a7fd13E9994b66a7909206007A1EF7030B
1138,bour_minimal_surface,🎭 Bour's Minimal Surface,general,general,Parametric surface,formula_sync,0.8,"general, UUON, parametric surface",/shapes/bour-minimal-surface,t,2026-06-12T23:55:42.209Z,2026-06-12T23:55:42.209Z,75.350000,,,,,0,0,55000000000000000000000000000000,,success,0x425734a7fd13E9994b66a7909206007A1EF7030B
1140,costa_minimal_surface,⚡ Costa's Minimal Surface,minimal_surface,minimal_surface,Parametric surface,formula_sync,0.8,"minimal_surface, UUON, parametric surface",/shapes/costa-minimal-surface,t,2026-06-12T23:55:42.209Z,2026-06-12T23:55:42.209Z,75.350000,,,,,0,0,55000000000000000000000000000000,,success,0x425734a7fd13E9994b66a7909206007A1EF7030B
1142,jeener_klein_bottle,🍾 Jeener's Klein Bottle Variant,topology,topology,Parametric surface,formula_sync,0.8,"topology, UUON, parametric surface",/shapes/jeener-klein-bottle,t,2026-06-12T23:55:42.209Z,2026-06-12T23:55:42.209Z,75.350000,,,,,0,0,55000000000000000000000000000000,,success,0x425734a7fd13E9994b66a7909206007A1EF7030B
1144,spartan_shield_300,⚔️ Spartan Shield 300 - THIS IS SPARTA!,general,general,Parametric surface,formula_sync,0.8,"general, UUON, parametric surface",/shapes/spartan-shield-300,t,2026-06-12T23:55:42.209Z,2026-06-12T23:55:42.209Z,75.350000,,,,,0,0,55000000000000000000000000000000,,success,0x425734a7fd13E9994b66a7909206007A1EF7030B
1146,penrose_tiling_projection,🔷 Penrose Quasicrystal Tiling - 5D Projection,general,general,Parametric surface,formula_sync,0.8,"general, UUON, parametric surface",/shapes/penrose-tiling-projection,t,2026-06-12T23:55:42.209Z,2026-06-12T23:55:42.209Z,75.350000,,,,,0,0,55000000000000000000000000000000,,success,0x425734a7fd13E9994b66a7909206007A1EF7030B
1148,voronoi_delaunay_surface,📐 Voronoi-Delaunay Dual Structure,general,general,Parametric surface,formula_sync,0.8,"general, UUON, parametric surface",/shapes/voronoi-delaunay-surface,t,2026-06-12T23:55:42.209Z,2026-06-12T23:55:42.209Z,75.350000,,,,,0,0,55000000000000000000000000000000,,success,0x425734a7fd13E9994b66a7909206007A1EF7030B
1150,lichtenberg_fractal,⚡ Lichtenberg Fractal - Electric Discharge,fractal,fractal,Parametric surface,formula_sync,0.8,"fractal, UUON, parametric surface",/shapes/lichtenberg-fractal,t,2026-06-12T23:55:42.209Z,2026-06-12T23:55:42.209Z,75.350000,,,,,0,0,55000000000000000000000000000000,,success,0x425734a7fd13E9994b66a7909206007A1EF7030B
1152,calabi_yau_simplified,🎭 Calabi-Yau Manifold - String Theory Space,general,general,Parametric surface,formula_sync,0.8,"general, UUON, parametric surface",/shapes/calabi-yau-simplified,t,2026-06-12T23:55:42.209Z,2026-06-12T23:55:42.209Z,75.350000,,,,,0,0,55000000000000000000000000000000,,success,0x425734a7fd13E9994b66a7909206007A1EF7030B
1154,breast_cancer_tissue,🔬 Breast Cancer Tissue - Pathology Model,general,general,Parametric surface,formula_sync,0.8,"general, UUON, parametric surface",/shapes/breast-cancer-tissue,t,2026-06-12T23:55:42.209Z,2026-06-12T23:55:42.209Z,75.350000,,,,,0,0,55000000000000000000000000000000,,success,0x425734a7fd13E9994b66a7909206007A1EF7030B
1156,primitive_tpms,🔲 Primitive TPMS - Cortical Bone (Schwarz P),general,general,Parametric surface,formula_sync,0.8,"general, UUON, parametric surface",/shapes/primitive-tpms,t,2026-06-12T23:55:42.209Z,2026-06-12T23:55:42.209Z,75.350000,,,,,0,0,55000000000000000000000000000000,,success,0x425734a7fd13E9994b66a7909206007A1EF7030B
1158,muscle_powered_biobot,💪 Muscle-Powered Biobot - Contract-Relax Walker,general,general,Parametric surface,formula_sync,0.8,"general, UUON, parametric surface",/shapes/muscle-powered-biobot,t,2026-06-12T23:55:42.209Z,2026-06-12T23:55:42.209Z,75.350000,,,,,0,0,55000000000000000000000000000000,,success,0x425734a7fd13E9994b66a7909206007A1EF7030B
1160,xenobot,🐸 Xenobot - Self-Healing Crawling Blob,general,general,Parametric surface,formula_sync,0.8,"general, UUON, parametric surface",/shapes/xenobot,t,2026-06-12T23:55:42.209Z,2026-06-12T23:55:42.209Z,75.350000,,,,,0,0,55000000000000000000000000000000,,success,0x425734a7fd13E9994b66a7909206007A1EF7030B
1162,light_responsive_biobot,💡 Light-Responsive Biobot - Phototropic Sheet,general,general,Parametric surface,formula_sync,0.8,"general, UUON, parametric surface",/shapes/light-responsive-biobot,t,2026-06-12T23:55:42.209Z,2026-06-12T23:55:42.209Z,75.350000,,,,,0,0,55000000000000000000000000000000,,success,0x425734a7fd13E9994b66a7909206007A1EF7030B
1164,sperm_hybrid_biobot,🏊 Sperm-Hybrid Biobot - Flagella Swimmer,general,general,Parametric surface,formula_sync,0.8,"general, UUON, parametric surface",/shapes/sperm-hybrid-biobot,t,2026-06-12T23:55:42.209Z,2026-06-12T23:55:42.209Z,75.350000,,,,,0,0,55000000000000000000000000000000,,success,0x425734a7fd13E9994b66a7909206007A1EF7030B
1166,anthrobot,"🫁 Anthrobot - Human Tracheal Cell Biobot (30-500 µm, visualized 60x scale)",general,general,Parametric surface,formula_sync,0.8,"general, UUON, parametric surface",/shapes/anthrobot,t,2026-06-12T23:55:42.209Z,2026-06-12T23:55:42.209Z,75.350000,,,,,0,0,55000000000000000000000000000000,,success,0x425734a7fd13E9994b66a7909206007A1EF7030B
1168,neuromuscular_biobot,"⚡ Neuromuscular Biobot - Optogenetic Control (~600 µm, visualized 3x scale)",general,general,Parametric surface,formula_sync,0.8,"general, UUON, parametric surface",/shapes/neuromuscular-biobot,t,2026-06-12T23:55:42.209Z,2026-06-12T23:55:42.209Z,75.350000,,,,,0,0,55000000000000000000000000000000,,success,0x425734a7fd13E9994b66a7909206007A1EF7030B
1170,peroxisome,"🔬 Peroxisome - Metabolic Organelle (0.1-1 µm, visualized 2500x scale)",general,general,Parametric surface,formula_sync,0.8,"general, UUON, parametric surface",/shapes/peroxisome,t,2026-06-12T23:55:42.209Z,2026-06-12T23:55:42.209Z,75.350000,,,,,0,0,55000000000000000000000000000000,,success,0x425734a7fd13E9994b66a7909206007A1EF7030B
1172,centrosome,"⭐ Centrosome - Microtubule Organizing Center (~1 µm, visualized 2000x scale)",general,general,Parametric surface,formula_sync,0.8,"general, UUON, parametric surface",/shapes/centrosome,t,2026-06-12T23:55:42.209Z,2026-06-12T23:55:42.209Z,75.350000,,,,,0,0,55000000000000000000000000000000,,success,0x425734a7fd13E9994b66a7909206007A1EF7030B
1174,smooth_er,🧪 Smooth Endoplasmic Reticulum - Lipid Synthesis (visible scale),general,general,Parametric surface,formula_sync,0.8,"general, UUON, parametric surface",/shapes/smooth-er,t,2026-06-12T23:55:42.209Z,2026-06-12T23:55:42.209Z,75.350000,,,,,0,0,55000000000000000000000000000000,,success,0x425734a7fd13E9994b66a7909206007A1EF7030B
1176,red_blood_cell,🔴 Red Blood Cell (Erythrocyte) - Biconcave Disc (7-8 µm),general,general,Parametric surface,formula_sync,0.8,"general, UUON, parametric surface",/shapes/red-blood-cell,t,2026-06-12T23:55:42.209Z,2026-06-12T23:55:42.209Z,75.350000,,,,,0,0,55000000000000000000000000000000,,success,0x425734a7fd13E9994b66a7909206007A1EF7030B
1178,lymphocyte,🔵 Lymphocyte - Large Nucleus (7-12 µm),general,general,Parametric surface,formula_sync,0.8,"general, UUON, parametric surface",/shapes/lymphocyte,t,2026-06-12T23:55:42.209Z,2026-06-12T23:55:42.209Z,75.350000,,,,,0,0,55000000000000000000000000000000,,success,0x425734a7fd13E9994b66a7909206007A1EF7030B
1180,macrophage,🦠 Macrophage - Irregular with Pseudopodia (15-30 µm),general,general,Parametric surface,formula_sync,0.8,"general, UUON, parametric surface",/shapes/macrophage,t,2026-06-12T23:55:42.209Z,2026-06-12T23:55:42.209Z,75.350000,,,,,0,0,55000000000000000000000000000000,,success,0x425734a7fd13E9994b66a7909206007A1EF7030B
1182,eosinophil,🟠 Eosinophil - Bi-lobed with Large Granules (12-17 µm),general,general,Parametric surface,formula_sync,0.8,"general, UUON, parametric surface",/shapes/eosinophil,t,2026-06-12T23:55:42.209Z,2026-06-12T23:55:42.209Z,75.350000,,,,,0,0,55000000000000000000000000000000,,success,0x425734a7fd13E9994b66a7909206007A1EF7030B
1184,bacterial_cell,🦠 Bacterial Cell - Rod with Flagella (~2 µm),general,general,Parametric surface,formula_sync,0.8,"general, UUON, parametric surface",/shapes/bacterial-cell,t,2026-06-12T23:55:42.209Z,2026-06-12T23:55:42.209Z,75.350000,,,,,0,0,55000000000000000000000000000000,,success,0x425734a7fd13E9994b66a7909206007A1EF7030B
1186,coronavirus,🦠 Coronavirus - Spike Proteins (~120 nm),general,general,Parametric surface,formula_sync,0.8,"general, UUON, parametric surface",/shapes/coronavirus,t,2026-06-12T23:55:42.209Z,2026-06-12T23:55:42.209Z,75.350000,,,,,0,0,55000000000000000000000000000000,,success,0x425734a7fd13E9994b66a7909206007A1EF7030B
1188,yeast_cell,🍞 Yeast Cell - Budding Fungus (~5 µm),general,general,Parametric surface,formula_sync,0.8,"general, UUON, parametric surface",/shapes/yeast-cell,t,2026-06-12T23:55:42.209Z,2026-06-12T23:55:42.209Z,75.350000,,,,,0,0,55000000000000000000000000000000,,success,0x425734a7fd13E9994b66a7909206007A1EF7030B
1190,amoeba,🦠 Amoeba - Shape-Shifting Protist (~250 µm),general,general,Parametric surface,formula_sync,0.8,"general, UUON, parametric surface",/shapes/amoeba,t,2026-06-12T23:55:42.209Z,2026-06-12T23:55:42.209Z,75.350000,,,,,0,0,55000000000000000000000000000000,,success,0x425734a7fd13E9994b66a7909206007A1EF7030B
1192,chloroplast,"🌿 Chloroplast - Photosynthesis Organelle (~5 µm, visualized 400x scale)",general,general,Parametric surface,formula_sync,0.8,"general, UUON, parametric surface",/shapes/chloroplast,t,2026-06-12T23:55:42.209Z,2026-06-12T23:55:42.209Z,75.350000,,,,,0,0,55000000000000000000000000000000,,success,0x425734a7fd13E9994b66a7909206007A1EF7030B
1194,plant_vacuole,💧 Plant Vacuole - Large Central Storage (visible scale),general,general,Parametric surface,formula_sync,0.8,"general, UUON, parametric surface",/shapes/plant-vacuole,t,2026-06-12T23:55:42.209Z,2026-06-12T23:55:42.209Z,75.350000,,,,,0,0,55000000000000000000000000000000,,success,0x425734a7fd13E9994b66a7909206007A1EF7030B
1196,nucleic_acid_double_helix,"🧬 Nucleic Acid Double Helix - Complete Molecular Structure with Base Pairs (~2 nm, 1000000x scale)",general,general,Parametric surface,formula_sync,0.8,"general, UUON, parametric surface",/shapes/nucleic-acid-double-helix,t,2026-06-12T23:55:42.209Z,2026-06-12T23:55:42.209Z,75.350000,,,,,0,0,55000000000000000000000000000000,,success,0x425734a7fd13E9994b66a7909206007A1EF7030B
1198,fullerene_c60,"⚛️ Fullerene C60 - Buckminsterfullerene (~0.7 nm, Nobel Prize 1996, 10000000x scale)",general,general,Parametric surface,formula_sync,0.8,"general, UUON, parametric surface",/shapes/fullerene-c60,t,2026-06-12T23:55:42.209Z,2026-06-12T23:55:42.209Z,75.350000,,,,,0,0,55000000000000000000000000000000,,success,0x425734a7fd13E9994b66a7909206007A1EF7030B
1200,carbon_nanotube,"⚫ Carbon Nanotube - Rolled Graphene Cylinder (~1-2 nm diameter, 1000000x scale)",general,general,Parametric surface,formula_sync,0.8,"general, UUON, parametric surface",/shapes/carbon-nanotube,t,2026-06-12T23:55:42.209Z,2026-06-12T23:55:42.209Z,75.350000,,,,,0,0,55000000000000000000000000000000,,success,0x425734a7fd13E9994b66a7909206007A1EF7030B
1202,quantum_atom_complete,⚛️ Complete Atom - Quantum Wave Pattern (Ψ_atom),physics,physics,Parametric surface,formula_sync,0.8,"physics, UUON, parametric surface",/shapes/quantum-atom-complete,t,2026-06-12T23:55:42.209Z,2026-06-12T23:55:42.209Z,75.350000,,,,,0,0,55000000000000000000000000000000,,success,0x425734a7fd13E9994b66a7909206007A1EF7030B
1204,fractal_time_spiral,🌀 Fractal Time Spiral - Recursive Temporal Dimensions,fractal,fractal,Parametric surface,formula_sync,0.8,"fractal, UUON, parametric surface",/shapes/fractal-time-spiral,t,2026-06-12T23:55:42.209Z,2026-06-12T23:55:42.209Z,75.350000,,,,,0,0,55000000000000000000000000000000,,success,0x425734a7fd13E9994b66a7909206007A1EF7030B
1206,higher_dimensional_projection,🔮 11D M-Theory Projection - Higher Dimensions to 3D,general,general,Parametric surface,formula_sync,0.8,"general, UUON, parametric surface",/shapes/higher-dimensional-projection,t,2026-06-12T23:55:42.209Z,2026-06-12T23:55:42.209Z,75.350000,,,,,0,0,55000000000000000000000000000000,,success,0x425734a7fd13E9994b66a7909206007A1EF7030B
1208,cosmic_fractal_expansion,🌌 Cosmic Fractal Expansion - Dark Energy Scaling,fractal,fractal,Parametric surface,formula_sync,0.8,"fractal, UUON, parametric surface",/shapes/cosmic-fractal-expansion,t,2026-06-12T23:55:42.209Z,2026-06-12T23:55:42.209Z,75.350000,,,,,0,0,55000000000000000000000000000000,,success,0x425734a7fd13E9994b66a7909206007A1EF7030B
1210,diamond_round_brilliant,💎 Round Brilliant Cut - 58 Facets,general,general,Parametric surface,formula_sync,0.8,"general, UUON, parametric surface",/shapes/diamond-round-brilliant,t,2026-06-12T23:55:42.209Z,2026-06-12T23:55:42.209Z,75.350000,,,,,0,0,55000000000000000000000000000000,,success,0x425734a7fd13E9994b66a7909206007A1EF7030B
1212,diamond_emerald,💎 Emerald Cut - Rectangular Step Cut,general,general,Parametric surface,formula_sync,0.8,"general, UUON, parametric surface",/shapes/diamond-emerald,t,2026-06-12T23:55:42.209Z,2026-06-12T23:55:42.209Z,75.350000,,,,,0,0,55000000000000000000000000000000,,success,0x425734a7fd13E9994b66a7909206007A1EF7030B
1214,diamond_marquise,💎 Marquise Cut - Football Shape,general,general,Parametric surface,formula_sync,0.8,"general, UUON, parametric surface",/shapes/diamond-marquise,t,2026-06-12T23:55:42.209Z,2026-06-12T23:55:42.209Z,75.350000,,,,,0,0,55000000000000000000000000000000,,success,0x425734a7fd13E9994b66a7909206007A1EF7030B
1216,diamond_heart,💎 Heart Cut - Romantic Geometry,general,general,Parametric surface,formula_sync,0.8,"general, UUON, parametric surface",/shapes/diamond-heart,t,2026-06-12T23:55:42.209Z,2026-06-12T23:55:42.209Z,75.350000,,,,,0,0,55000000000000000000000000000000,,success,0x425734a7fd13E9994b66a7909206007A1EF7030B
1218,ai_gradient_descent,🎯 Gradient Descent - Loss Surface θ_{t+1} = θ_t - α∇J(θ),general,general,Parametric surface,formula_sync,0.8,"general, UUON, parametric surface",/shapes/ai-gradient-descent,t,2026-06-12T23:55:42.209Z,2026-06-12T23:55:42.209Z,75.350000,,,,,0,0,55000000000000000000000000000000,,success,0x425734a7fd13E9994b66a7909206007A1EF7030B
1163,chemotactic_biobot,🧪 Chemotactic Biobot - Gradient Navigator,general,general,Parametric surface,formula_sync,0.8,"general, UUON, parametric surface",/shapes/chemotactic-biobot,t,2026-06-12T23:55:42.209Z,2026-06-12T23:55:42.209Z,75.350000,,,,,0,0,55000000000000000000000000000000,,success,0x425734a7fd13E9994b66a7909206007A1EF7030B
1165,hydrogel_scaffold_biobot,🧊 Hydrogel Scaffold Biobot - Customizable Hybrid,general,general,Parametric surface,formula_sync,0.8,"general, UUON, parametric surface",/shapes/hydrogel-scaffold-biobot,t,2026-06-12T23:55:42.209Z,2026-06-12T23:55:42.209Z,75.350000,,,,,0,0,55000000000000000000000000000000,,success,0x425734a7fd13E9994b66a7909206007A1EF7030B
1167,cardiac_biobot,❤️ Cardiac Biobot - Beating Heart Tissue,general,general,Parametric surface,formula_sync,0.8,"general, UUON, parametric surface",/shapes/cardiac-biobot,t,2026-06-12T23:55:42.209Z,2026-06-12T23:55:42.209Z,75.350000,,,,,0,0,55000000000000000000000000000000,,success,0x425734a7fd13E9994b66a7909206007A1EF7030B
1169,cortical_assembloid,🧠 Cortical Assembloid - Brain Organoid Biobot,general,general,Parametric surface,formula_sync,0.8,"general, UUON, parametric surface",/shapes/cortical-assembloid,t,2026-06-12T23:55:42.209Z,2026-06-12T23:55:42.209Z,75.350000,,,,,0,0,55000000000000000000000000000000,,success,0x425734a7fd13E9994b66a7909206007A1EF7030B
1171,vacuole,"💧 Vacuole - Storage Compartment (variable size, visible scale)",general,general,Parametric surface,formula_sync,0.8,"general, UUON, parametric surface",/shapes/vacuole,t,2026-06-12T23:55:42.209Z,2026-06-12T23:55:42.209Z,75.350000,,,,,0,0,55000000000000000000000000000000,,success,0x425734a7fd13E9994b66a7909206007A1EF7030B
1173,centriole,"🌀 Centriole - Cylindrical Barrel Structure (~0.5 µm, visualized 4000x scale)",general,general,Parametric surface,formula_sync,0.8,"general, UUON, parametric surface",/shapes/centriole,t,2026-06-12T23:55:42.209Z,2026-06-12T23:55:42.209Z,75.350000,,,,,0,0,55000000000000000000000000000000,,success,0x425734a7fd13E9994b66a7909206007A1EF7030B
1175,rough_er,🔬 Rough ER - Ribosome-Studded Network,general,general,Parametric surface,formula_sync,0.8,"general, UUON, parametric surface",/shapes/rough-er,t,2026-06-12T23:55:42.209Z,2026-06-12T23:55:42.209Z,75.350000,,,,,0,0,55000000000000000000000000000000,,success,0x425734a7fd13E9994b66a7909206007A1EF7030B
1177,neutrophil,⚪ Neutrophil - Multi-lobed Nucleus (10-12 µm),general,general,Parametric surface,formula_sync,0.8,"general, UUON, parametric surface",/shapes/neutrophil,t,2026-06-12T23:55:42.209Z,2026-06-12T23:55:42.209Z,75.350000,,,,,0,0,55000000000000000000000000000000,,success,0x425734a7fd13E9994b66a7909206007A1EF7030B
1179,monocyte,🟤 Monocyte - Kidney-shaped Nucleus (15-22 µm),general,general,Parametric surface,formula_sync,0.8,"general, UUON, parametric surface",/shapes/monocyte,t,2026-06-12T23:55:42.209Z,2026-06-12T23:55:42.209Z,75.350000,,,,,0,0,55000000000000000000000000000000,,success,0x425734a7fd13E9994b66a7909206007A1EF7030B
1181,platelet,🩸 Platelet - Irregular Fragment (2-4 µm),general,general,Parametric surface,formula_sync,0.8,"general, UUON, parametric surface",/shapes/platelet,t,2026-06-12T23:55:42.209Z,2026-06-12T23:55:42.209Z,75.350000,,,,,0,0,55000000000000000000000000000000,,success,0x425734a7fd13E9994b66a7909206007A1EF7030B
1183,basophil,🟣 Basophil - Dark Granules (10-14 µm),general,general,Parametric surface,formula_sync,0.8,"general, UUON, parametric surface",/shapes/basophil,t,2026-06-12T23:55:42.209Z,2026-06-12T23:55:42.209Z,75.350000,,,,,0,0,55000000000000000000000000000000,,success,0x425734a7fd13E9994b66a7909206007A1EF7030B
1185,bacteriophage,🧬 Bacteriophage - Virus Injector (~200 nm),general,general,Parametric surface,formula_sync,0.8,"general, UUON, parametric surface",/shapes/bacteriophage,t,2026-06-12T23:55:42.209Z,2026-06-12T23:55:42.209Z,75.350000,,,,,0,0,55000000000000000000000000000000,,success,0x425734a7fd13E9994b66a7909206007A1EF7030B
1187,icosahedral_virus,🔷 Icosahedral Virus - 20-Faced Capsid (~50 nm),general,general,Parametric surface,formula_sync,0.8,"general, UUON, parametric surface",/shapes/icosahedral-virus,t,2026-06-12T23:55:42.209Z,2026-06-12T23:55:42.209Z,75.350000,,,,,0,0,55000000000000000000000000000000,,success,0x425734a7fd13E9994b66a7909206007A1EF7030B
1189,paramecium,👾 Paramecium - Ciliated Protist (~200 µm),general,general,Parametric surface,formula_sync,0.8,"general, UUON, parametric surface",/shapes/paramecium,t,2026-06-12T23:55:42.209Z,2026-06-12T23:55:42.209Z,75.350000,,,,,0,0,55000000000000000000000000000000,,success,0x425734a7fd13E9994b66a7909206007A1EF7030B
1191,axon_with_myelin,🔗 Axon with Myelin Sheath - Neural Fiber,general,general,Parametric surface,formula_sync,0.8,"general, UUON, parametric surface",/shapes/axon-with-myelin,t,2026-06-12T23:55:42.209Z,2026-06-12T23:55:42.209Z,75.350000,,,,,0,0,55000000000000000000000000000000,,success,0x425734a7fd13E9994b66a7909206007A1EF7030B
1193,plant_cell_wall,🧱 Plant Cell Wall - Cellulose Structure (visible scale),general,general,Parametric surface,formula_sync,0.8,"general, UUON, parametric surface",/shapes/plant-cell-wall,t,2026-06-12T23:55:42.209Z,2026-06-12T23:55:42.209Z,75.350000,,,,,0,0,55000000000000000000000000000000,,success,0x425734a7fd13E9994b66a7909206007A1EF7030B
1195,kinesin,"🚶 Kinesin - Walking Motor Protein (~8 nm, visualized 250000x scale)",general,general,Parametric surface,formula_sync,0.8,"general, UUON, parametric surface",/shapes/kinesin,t,2026-06-12T23:55:42.209Z,2026-06-12T23:55:42.209Z,75.350000,,,,,0,0,55000000000000000000000000000000,,success,0x425734a7fd13E9994b66a7909206007A1EF7030B
1197,liposome,"🫧 Liposome - Phospholipid Bilayer Vesicle (~100 nm, drug delivery nanocarrier, 10000x scale)",general,general,Parametric surface,formula_sync,0.8,"general, UUON, parametric surface",/shapes/liposome,t,2026-06-12T23:55:42.209Z,2026-06-12T23:55:42.209Z,75.350000,,,,,0,0,55000000000000000000000000000000,,success,0x425734a7fd13E9994b66a7909206007A1EF7030B
1199,dendrimer,"🌳 Dendrimer - Branched Polymer Nanostructure (~5-10 nm, generation 4, 1000000x scale)",general,general,Parametric surface,formula_sync,0.8,"general, UUON, parametric surface",/shapes/dendrimer,t,2026-06-12T23:55:42.209Z,2026-06-12T23:55:42.209Z,75.350000,,,,,0,0,55000000000000000000000000000000,,success,0x425734a7fd13E9994b66a7909206007A1EF7030B
1201,graphene_sheet,"◼️ Graphene - Single-Layer Hexagonal Carbon Lattice (~0.34 nm thick, 10000000x scale)",general,general,Parametric surface,formula_sync,0.8,"general, UUON, parametric surface",/shapes/graphene-sheet,t,2026-06-12T23:55:42.209Z,2026-06-12T23:55:42.209Z,75.350000,,,,,0,0,55000000000000000000000000000000,,success,0x425734a7fd13E9994b66a7909206007A1EF7030B
1203,lorenz_butterfly_surface,🦋 Lorenz Butterfly Surface - Phase Space Manifold,general,general,Parametric surface,formula_sync,0.8,"general, UUON, parametric surface",/shapes/lorenz-butterfly-surface,t,2026-06-12T23:55:42.209Z,2026-06-12T23:55:42.209Z,75.350000,,,,,0,0,55000000000000000000000000000000,,success,0x425734a7fd13E9994b66a7909206007A1EF7030B
1205,quantum_entanglement_field,⚛️ Quantum Entanglement Field - Fine Structure Constant,physics,physics,Parametric surface,formula_sync,0.8,"physics, UUON, parametric surface",/shapes/quantum-entanglement-field,t,2026-06-12T23:55:42.209Z,2026-06-12T23:55:42.209Z,75.350000,,,,,0,0,55000000000000000000000000000000,,success,0x425734a7fd13E9994b66a7909206007A1EF7030B
1207,dark_matter_interaction,🌑 Dark Matter Interaction Pattern - Quantum Anomalies,general,general,Parametric surface,formula_sync,0.8,"general, UUON, parametric surface",/shapes/dark-matter-interaction,t,2026-06-12T23:55:42.209Z,2026-06-12T23:55:42.209Z,75.350000,,,,,0,0,55000000000000000000000000000000,,success,0x425734a7fd13E9994b66a7909206007A1EF7030B
1209,planck_scale_quantum,🔬 Planck Scale Quantum Field - Ultra-Precision Constants,physics,physics,Parametric surface,formula_sync,0.8,"physics, UUON, parametric surface",/shapes/planck-scale-quantum,t,2026-06-12T23:55:42.209Z,2026-06-12T23:55:42.209Z,75.350000,,,,,0,0,55000000000000000000000000000000,,success,0x425734a7fd13E9994b66a7909206007A1EF7030B
1211,diamond_princess,💎 Princess Cut - Square Brilliant,general,general,Parametric surface,formula_sync,0.8,"general, UUON, parametric surface",/shapes/diamond-princess,t,2026-06-12T23:55:42.209Z,2026-06-12T23:55:42.209Z,75.350000,,,,,0,0,55000000000000000000000000000000,,success,0x425734a7fd13E9994b66a7909206007A1EF7030B
1213,diamond_oval,💎 Oval Cut - Elliptical Brilliant,general,general,Parametric surface,formula_sync,0.8,"general, UUON, parametric surface",/shapes/diamond-oval,t,2026-06-12T23:55:42.209Z,2026-06-12T23:55:42.209Z,75.350000,,,,,0,0,55000000000000000000000000000000,,success,0x425734a7fd13E9994b66a7909206007A1EF7030B
1215,diamond_pear,💎 Pear Cut - Teardrop Shape,general,general,Parametric surface,formula_sync,0.8,"general, UUON, parametric surface",/shapes/diamond-pear,t,2026-06-12T23:55:42.209Z,2026-06-12T23:55:42.209Z,75.350000,,,,,0,0,55000000000000000000000000000000,,success,0x425734a7fd13E9994b66a7909206007A1EF7030B
1217,diamond_asscher,💎 Asscher Cut - Square Emerald with Step Terraces,general,general,Parametric surface,formula_sync,0.8,"general, UUON, parametric surface",/shapes/diamond-asscher,t,2026-06-12T23:55:42.209Z,2026-06-12T23:55:42.209Z,75.350000,,,,,0,0,55000000000000000000000000000000,,success,0x425734a7fd13E9994b66a7909206007A1EF7030B
1219,ai_sgd_momentum,"🌊 SGD Momentum - v_t = βv_{t-1} + ∇J, θ_{t+1} = θ_t - αv_t",general,general,Parametric surface,formula_sync,0.8,"general, UUON, parametric surface",/shapes/ai-sgd-momentum,t,2026-06-12T23:55:42.209Z,2026-06-12T23:55:42.209Z,75.350000,,,,,0,0,55000000000000000000000000000000,,success,0x425734a7fd13E9994b66a7909206007A1EF7030B
1221,ai_random_forest,🌳 Random Forest - Ensemble Decision Trees,general,general,Parametric surface,formula_sync,0.8,"general, UUON, parametric surface",/shapes/ai-random-forest,t,2026-06-12T23:55:42.209Z,2026-06-12T23:55:42.209Z,75.350000,,,,,0,0,55000000000000000000000000000000,,success,0x425734a7fd13E9994b66a7909206007A1EF7030B
1220,ai_adam_optimizer,"⚡ Adam - m̂_t/√(v̂_t+ε), β₁=0.9, β₂=0.999",general,general,Parametric surface,formula_sync,0.8,"general, UUON, parametric surface",/shapes/ai-adam-optimizer,t,2026-06-12T23:55:42.209Z,2026-06-12T23:55:42.209Z,75.350000,,,,,0,0,55000000000000000000000000000000,,success,0x425734a7fd13E9994b66a7909206007A1EF7030B
1222,ai_svm_kernel,"📊 SVM - K(x,x')=exp(-γ||x-x'||²) RBF Kernel",general,general,Parametric surface,formula_sync,0.8,"general, UUON, parametric surface",/shapes/ai-svm-kernel,t,2026-06-12T23:55:42.209Z,2026-06-12T23:55:42.209Z,75.350000,,,,,0,0,55000000000000000000000000000000,,success,0x425734a7fd13E9994b66a7909206007A1EF7030B
1224,ai_rnn_sequence,🔁 RNN - Recurrent Neural Network,general,general,Parametric surface,formula_sync,0.8,"general, UUON, parametric surface",/shapes/ai-rnn-sequence,t,2026-06-12T23:55:42.209Z,2026-06-12T23:55:42.209Z,75.350000,,,,,0,0,55000000000000000000000000000000,,success,0x425734a7fd13E9994b66a7909206007A1EF7030B
1226,ai_transformer_attention,🎭 Transformer - softmax(QK^T/√d_k)V Multi-Head,general,general,Parametric surface,formula_sync,0.8,"general, UUON, parametric surface",/shapes/ai-transformer-attention,t,2026-06-12T23:55:42.209Z,2026-06-12T23:55:42.209Z,75.350000,,,,,0,0,55000000000000000000000000000000,,success,0x425734a7fd13E9994b66a7909206007A1EF7030B
1228,ai_vae_latent,"🔐 VAE - z = μ + σ⊙ε, KL = ½Σ(μ²+σ²-log(σ²)-1)",general,general,Parametric surface,formula_sync,0.8,"general, UUON, parametric surface",/shapes/ai-vae-latent,t,2026-06-12T23:55:42.209Z,2026-06-12T23:55:42.209Z,75.350000,,,,,0,0,55000000000000000000000000000000,,success,0x425734a7fd13E9994b66a7909206007A1EF7030B
1230,ai_reinforcement_qlearning,🎮 Q-Learning - Value Function Landscape,general,general,Parametric surface,formula_sync,0.8,"general, UUON, parametric surface",/shapes/ai-reinforcement-qlearning,t,2026-06-12T23:55:42.209Z,2026-06-12T23:55:42.209Z,75.350000,,,,,0,0,55000000000000000000000000000000,,success,0x425734a7fd13E9994b66a7909206007A1EF7030B
1232,ai_backpropagation,↩️ Backpropagation - Gradient Flow,general,general,Parametric surface,formula_sync,0.8,"general, UUON, parametric surface",/shapes/ai-backpropagation,t,2026-06-12T23:55:42.209Z,2026-06-12T23:55:42.209Z,75.350000,,,,,0,0,55000000000000000000000000000000,,success,0x425734a7fd13E9994b66a7909206007A1EF7030B
1234,nahui_ocelotl,🐆 Nahui-Ocelotl - Jaguar Sun (Earth),general,general,Parametric surface,formula_sync,0.8,"general, UUON, parametric surface",/shapes/nahui-ocelotl,t,2026-06-12T23:55:48.770Z,2026-06-12T23:55:48.770Z,75.350000,,,,,0,0,55000000000000000000000000000000,,success,0x425734a7fd13E9994b66a7909206007A1EF7030B
1236,nahui_quiahuitl,🔥 Nahui-Quiahuitl - Fire Sun (Rain of Fire),general,general,Parametric surface,formula_sync,0.8,"general, UUON, parametric surface",/shapes/nahui-quiahuitl,t,2026-06-12T23:55:48.770Z,2026-06-12T23:55:48.770Z,75.350000,,,,,0,0,55000000000000000000000000000000,,success,0x425734a7fd13E9994b66a7909206007A1EF7030B
1238,nahui_ollin,⚡ Nahui-Ollin - Movement Sun (Current Age),general,general,Parametric surface,formula_sync,0.8,"general, UUON, parametric surface",/shapes/nahui-ollin,t,2026-06-12T23:55:48.770Z,2026-06-12T23:55:48.770Z,75.350000,,,,,0,0,55000000000000000000000000000000,,success,0x425734a7fd13E9994b66a7909206007A1EF7030B
1240,nested_spheres_golden,🔮 Nested Spheres - Golden Ratio Recursive Compression,general,general,Parametric surface,formula_sync,0.8,"general, UUON, parametric surface",/shapes/nested-spheres-golden,t,2026-06-12T23:55:48.770Z,2026-06-12T23:55:48.770Z,75.350000,,,,,0,0,55000000000000000000000000000000,,success,0x425734a7fd13E9994b66a7909206007A1EF7030B
1242,protein_folding_landscape,🧬 Protein Folding Energy Landscape,biological,biological,Parametric surface,formula_sync,0.8,"biological, UUON, parametric surface",/shapes/protein-folding-landscape,t,2026-06-12T23:55:48.770Z,2026-06-12T23:55:48.770Z,75.350000,,,,,0,0,55000000000000000000000000000000,,success,0x425734a7fd13E9994b66a7909206007A1EF7030B
1244,consciousness_wave_collapse,🧠 Consciousness - Quantum Wave Collapse Geometry,general,general,Parametric surface,formula_sync,0.8,"general, UUON, parametric surface",/shapes/consciousness-wave-collapse,t,2026-06-12T23:55:48.770Z,2026-06-12T23:55:48.770Z,75.350000,,,,,0,0,55000000000000000000000000000000,,success,0x425734a7fd13E9994b66a7909206007A1EF7030B
1246,p_vs_np_complexity,💻 P vs NP - Computational Path Energy Model,general,general,Parametric surface,formula_sync,0.8,"general, UUON, parametric surface",/shapes/p-vs-np-complexity,t,2026-06-12T23:55:48.770Z,2026-06-12T23:55:48.770Z,75.350000,,,,,0,0,55000000000000000000000000000000,,success,0x425734a7fd13E9994b66a7909206007A1EF7030B
1248,time_symmetry_breaking,⏱️ Time Symmetry Breaking - Entropic Phase Distortion,general,general,Parametric surface,formula_sync,0.8,"general, UUON, parametric surface",/shapes/time-symmetry-breaking,t,2026-06-12T23:55:48.770Z,2026-06-12T23:55:48.770Z,75.350000,,,,,0,0,55000000000000000000000000000000,,success,0x425734a7fd13E9994b66a7909206007A1EF7030B
1250,gmod6_six_phase_cycle,🔄 Six-Phase Cycle - Reset→Growth→Decay,general,general,Parametric surface,formula_sync,0.8,"general, UUON, parametric surface",/shapes/gmod6-six-phase-cycle,t,2026-06-12T23:55:48.770Z,2026-06-12T23:55:48.770Z,75.350000,,,,,0,0,55000000000000000000000000000000,,success,0x425734a7fd13E9994b66a7909206007A1EF7030B
1252,gmod6_physics_impulse,⚡ Physics Impulse Cycle - 6 Directional Vibrations,general,general,Parametric surface,formula_sync,0.8,"general, UUON, parametric surface",/shapes/gmod6-physics-impulse,t,2026-06-12T23:55:48.770Z,2026-06-12T23:55:48.770Z,75.350000,,,,,0,0,55000000000000000000000000000000,,success,0x425734a7fd13E9994b66a7909206007A1EF7030B
1254,gmod6_dimensional_cluster,🌌 Dimensional Cluster - 6 Layer Phasing,general,general,Parametric surface,formula_sync,0.8,"general, UUON, parametric surface",/shapes/gmod6-dimensional-cluster,t,2026-06-12T23:55:48.770Z,2026-06-12T23:55:48.770Z,75.350000,,,,,0,0,55000000000000000000000000000000,,success,0x425734a7fd13E9994b66a7909206007A1EF7030B
1256,newtons_apple,🍎 Newton's Apple - Gravity Inspiration,general,general,Parametric surface,formula_sync,0.8,"general, UUON, parametric surface",/shapes/newtons-apple,t,2026-06-12T23:55:48.770Z,2026-06-12T23:55:48.770Z,75.350000,,,,,0,0,55000000000000000000000000000000,,success,0x425734a7fd13E9994b66a7909206007A1EF7030B
1258,annulus_torus,◎ Annulus Torus - Ring Within Ring,topology,topology,Parametric surface,formula_sync,0.8,"topology, UUON, parametric surface",/shapes/annulus-torus,t,2026-06-12T23:55:48.770Z,2026-06-12T23:55:48.770Z,75.350000,,,,,0,0,55000000000000000000000000000000,,success,0x425734a7fd13E9994b66a7909206007A1EF7030B
1260,metabolic_pathway_network,🔄 Metabolic Pathway Network - Biochemical Flows,general,general,Parametric surface,formula_sync,0.8,"general, UUON, parametric surface",/shapes/metabolic-pathway-network,t,2026-06-12T23:55:48.770Z,2026-06-12T23:55:48.770Z,75.350000,,,,,0,0,55000000000000000000000000000000,,success,0x425734a7fd13E9994b66a7909206007A1EF7030B
1262,virus_replication_cycle,🦠 Virus Replication Cycle - Lytic Phase,general,general,Parametric surface,formula_sync,0.8,"general, UUON, parametric surface",/shapes/virus-replication-cycle,t,2026-06-12T23:55:48.770Z,2026-06-12T23:55:48.770Z,75.350000,,,,,0,0,55000000000000000000000000000000,,success,0x425734a7fd13E9994b66a7909206007A1EF7030B
1264,root_system_architecture,🌳 Root System Architecture - Fractal Branching,general,general,Parametric surface,formula_sync,0.8,"general, UUON, parametric surface",/shapes/root-system-architecture,t,2026-06-12T23:55:48.770Z,2026-06-12T23:55:48.770Z,75.350000,,,,,0,0,55000000000000000000000000000000,,success,0x425734a7fd13E9994b66a7909206007A1EF7030B
1266,ecosystem_energy_flow,🌍 Ecosystem Energy Flow - Trophic Cascade,general,general,Parametric surface,formula_sync,0.8,"general, UUON, parametric surface",/shapes/ecosystem-energy-flow,t,2026-06-12T23:55:48.770Z,2026-06-12T23:55:48.770Z,75.350000,,,,,0,0,55000000000000000000000000000000,,success,0x425734a7fd13E9994b66a7909206007A1EF7030B
1268,biodiversity_landscape,🐛 Biodiversity Landscape,general,general,Parametric surface,formula_sync,0.8,"general, UUON, parametric surface",/shapes/biodiversity-landscape,t,2026-06-12T23:55:48.770Z,2026-06-12T23:55:48.770Z,75.350000,,,,,0,0,55000000000000000000000000000000,,success,0x425734a7fd13E9994b66a7909206007A1EF7030B
1270,enzyme_kinetics_surface,🧬 Enzyme Kinetics Surface,general,general,Parametric surface,formula_sync,0.8,"general, UUON, parametric surface",/shapes/enzyme-kinetics-surface,t,2026-06-12T23:55:48.770Z,2026-06-12T23:55:48.770Z,75.350000,,,,,0,0,55000000000000000000000000000000,,success,0x425734a7fd13E9994b66a7909206007A1EF7030B
1272,leaf_venation_pattern,🌱 Leaf Venation Pattern,general,general,Parametric surface,formula_sync,0.8,"general, UUON, parametric surface",/shapes/leaf-venation-pattern,t,2026-06-12T23:55:48.770Z,2026-06-12T23:55:48.770Z,75.350000,,,,,0,0,55000000000000000000000000000000,,success,0x425734a7fd13E9994b66a7909206007A1EF7030B
1274,phloem_transport_system,🌱 Phloem Transport System,general,general,Parametric surface,formula_sync,0.8,"general, UUON, parametric surface",/shapes/phloem-transport-system,t,2026-06-12T23:55:48.770Z,2026-06-12T23:55:48.770Z,75.350000,,,,,0,0,55000000000000000000000000000000,,success,0x425734a7fd13E9994b66a7909206007A1EF7030B
1276,ribosome_structure,🧬 Ribosome Structure,general,general,Parametric surface,formula_sync,0.8,"general, UUON, parametric surface",/shapes/ribosome-structure,t,2026-06-12T23:55:48.770Z,2026-06-12T23:55:48.770Z,75.350000,,,,,0,0,55000000000000000000000000000000,,success,0x425734a7fd13E9994b66a7909206007A1EF7030B
1278,plate_tectonics_simulation,🌍 Plate Tectonics - Mantle Convection,general,general,Parametric surface,formula_sync,0.8,"general, UUON, parametric surface",/shapes/plate-tectonics-simulation,t,2026-06-12T23:55:48.770Z,2026-06-12T23:55:48.770Z,75.350000,,,,,0,0,55000000000000000000000000000000,,success,0x425734a7fd13E9994b66a7909206007A1EF7030B
1223,ai_cnn_layers,🔲 CNN - Convolutional Neural Network Layers,general,general,Parametric surface,formula_sync,0.8,"general, UUON, parametric surface",/shapes/ai-cnn-layers,t,2026-06-12T23:55:42.209Z,2026-06-12T23:55:42.209Z,75.350000,,,,,0,0,55000000000000000000000000000000,,success,0x425734a7fd13E9994b66a7909206007A1EF7030B
1225,ai_lstm_gates,🚪 LSTM - Long Short-Term Memory Gates,general,general,Parametric surface,formula_sync,0.8,"general, UUON, parametric surface",/shapes/ai-lstm-gates,t,2026-06-12T23:55:42.209Z,2026-06-12T23:55:42.209Z,75.350000,,,,,0,0,55000000000000000000000000000000,,success,0x425734a7fd13E9994b66a7909206007A1EF7030B
1227,ai_gan_adversarial,⚔️ GAN - min_G max_D [log D(x) + log(1-D(G(z)))],general,general,Parametric surface,formula_sync,0.8,"general, UUON, parametric surface",/shapes/ai-gan-adversarial,t,2026-06-12T23:55:42.209Z,2026-06-12T23:55:42.209Z,75.350000,,,,,0,0,55000000000000000000000000000000,,success,0x425734a7fd13E9994b66a7909206007A1EF7030B
1229,ai_diffusion_denoise,"🌫️ Diffusion - x_t = √ᾱ_t·x_0 + √(1-ᾱ_t)·ε, DDPM",general,general,Parametric surface,formula_sync,0.8,"general, UUON, parametric surface",/shapes/ai-diffusion-denoise,t,2026-06-12T23:55:42.209Z,2026-06-12T23:55:42.209Z,75.350000,,,,,0,0,55000000000000000000000000000000,,success,0x425734a7fd13E9994b66a7909206007A1EF7030B
1231,ai_neural_activation,⚡ Neural Activation - ReLU/Sigmoid/Tanh,general,general,Parametric surface,formula_sync,0.8,"general, UUON, parametric surface",/shapes/ai-neural-activation,t,2026-06-12T23:55:42.209Z,2026-06-12T23:55:42.209Z,75.350000,,,,,0,0,55000000000000000000000000000000,,success,0x425734a7fd13E9994b66a7909206007A1EF7030B
1233,ai_attention_mechanism,👁️ Attention Mechanism - Query-Key-Value,general,general,Parametric surface,formula_sync,0.8,"general, UUON, parametric surface",/shapes/ai-attention-mechanism,t,2026-06-12T23:55:42.209Z,2026-06-12T23:55:42.209Z,75.350000,,,,,0,0,55000000000000000000000000000000,,success,0x425734a7fd13E9994b66a7909206007A1EF7030B
1235,nahui_ehecatl,💨 Nahui-Ehecatl - Wind Sun (Air),general,general,Parametric surface,formula_sync,0.8,"general, UUON, parametric surface",/shapes/nahui-ehecatl,t,2026-06-12T23:55:48.770Z,2026-06-12T23:55:48.770Z,75.350000,,,,,0,0,55000000000000000000000000000000,,success,0x425734a7fd13E9994b66a7909206007A1EF7030B
1237,nahui_atl,💧 Nahui-Atl - Water Sun (Water),general,general,Parametric surface,formula_sync,0.8,"general, UUON, parametric surface",/shapes/nahui-atl,t,2026-06-12T23:55:48.770Z,2026-06-12T23:55:48.770Z,75.350000,,,,,0,0,55000000000000000000000000000000,,success,0x425734a7fd13E9994b66a7909206007A1EF7030B
1239,operations_convergence,⚡ Operations Convergence - 5-Fold Linear Convergence to φ Point,general,general,Parametric surface,formula_sync,0.8,"general, UUON, parametric surface",/shapes/operations-convergence,t,2026-06-12T23:55:48.770Z,2026-06-12T23:55:48.770Z,75.350000,,,,,0,0,55000000000000000000000000000000,,success,0x425734a7fd13E9994b66a7909206007A1EF7030B
1241,navier_stokes_turbulence,🌊 Navier-Stokes - Quantum Turbulence Geometry,general,general,Parametric surface,formula_sync,0.8,"general, UUON, parametric surface",/shapes/navier-stokes-turbulence,t,2026-06-12T23:55:48.770Z,2026-06-12T23:55:48.770Z,75.350000,,,,,0,0,55000000000000000000000000000000,,success,0x425734a7fd13E9994b66a7909206007A1EF7030B
1243,yang_mills_mass_gap,⚛️ Yang-Mills - Mass Gap Field Curvature,general,general,Parametric surface,formula_sync,0.8,"general, UUON, parametric surface",/shapes/yang-mills-mass-gap,t,2026-06-12T23:55:48.770Z,2026-06-12T23:55:48.770Z,75.350000,,,,,0,0,55000000000000000000000000000000,,success,0x425734a7fd13E9994b66a7909206007A1EF7030B
1245,riemann_zeta_zeros,🔢 Riemann Hypothesis - Zeta Zero Distribution,general,general,Parametric surface,formula_sync,0.8,"general, UUON, parametric surface",/shapes/riemann-zeta-zeros,t,2026-06-12T23:55:48.770Z,2026-06-12T23:55:48.770Z,75.350000,,,,,0,0,55000000000000000000000000000000,,success,0x425734a7fd13E9994b66a7909206007A1EF7030B
1247,quantum_gravity_unified,🌌 Quantum Gravity - Unified Field Geometry,physics,physics,Parametric surface,formula_sync,0.8,"physics, UUON, parametric surface",/shapes/quantum-gravity-unified,t,2026-06-12T23:55:48.770Z,2026-06-12T23:55:48.770Z,75.350000,,,,,0,0,55000000000000000000000000000000,,success,0x425734a7fd13E9994b66a7909206007A1EF7030B
1249,homotopy_infinity_category,∞ Homotopy Type - ∞-Category Morphism Paths,general,general,Parametric surface,formula_sync,0.8,"general, UUON, parametric surface",/shapes/homotopy-infinity-category,t,2026-06-12T23:55:48.770Z,2026-06-12T23:55:48.770Z,75.350000,,,,,0,0,55000000000000000000000000000000,,success,0x425734a7fd13E9994b66a7909206007A1EF7030B
1251,gmod6_topology_selector,🔮 Topology Selector - 6 Mesh Types,general,general,Parametric surface,formula_sync,0.8,"general, UUON, parametric surface",/shapes/gmod6-topology-selector,t,2026-06-12T23:55:48.770Z,2026-06-12T23:55:48.770Z,75.350000,,,,,0,0,55000000000000000000000000000000,,success,0x425734a7fd13E9994b66a7909206007A1EF7030B
1253,gmod6_pattern_generator,"🎨 Pattern Generator - Braids, Tiles, Ripples",general,general,Parametric surface,formula_sync,0.8,"general, UUON, parametric surface",/shapes/gmod6-pattern-generator,t,2026-06-12T23:55:48.770Z,2026-06-12T23:55:48.770Z,75.350000,,,,,0,0,55000000000000000000000000000000,,success,0x425734a7fd13E9994b66a7909206007A1EF7030B
1255,gmod6_vertex_group,🔷 Vertex Group Deformation - 6 Clusters,general,general,Parametric surface,formula_sync,0.8,"general, UUON, parametric surface",/shapes/gmod6-vertex-group,t,2026-06-12T23:55:48.770Z,2026-06-12T23:55:48.770Z,75.350000,,,,,0,0,55000000000000000000000000000000,,success,0x425734a7fd13E9994b66a7909206007A1EF7030B
1257,metatrons_cube_enhanced,⬡ Metatron's Cube Enhanced - Sacred Geometry,general,general,Parametric surface,formula_sync,0.8,"general, UUON, parametric surface",/shapes/metatrons-cube-enhanced,t,2026-06-12T23:55:48.770Z,2026-06-12T23:55:48.770Z,75.350000,,,,,0,0,55000000000000000000000000000000,,success,0x425734a7fd13E9994b66a7909206007A1EF7030B
1259,crispr_cas9_mechanism,🧬 CRISPR-Cas9 Mechanism - Gene Editing Complex,general,general,Parametric surface,formula_sync,0.8,"general, UUON, parametric surface",/shapes/crispr-cas9-mechanism,t,2026-06-12T23:55:48.770Z,2026-06-12T23:55:48.770Z,75.350000,,,,,0,0,55000000000000000000000000000000,,success,0x425734a7fd13E9994b66a7909206007A1EF7030B
1261,bacterial_growth_curve,🦠 Bacterial Growth Dynamics,general,general,Parametric surface,formula_sync,0.8,"general, UUON, parametric surface",/shapes/bacterial-growth-curve,t,2026-06-12T23:55:48.770Z,2026-06-12T23:55:48.770Z,75.350000,,,,,0,0,55000000000000000000000000000000,,success,0x425734a7fd13E9994b66a7909206007A1EF7030B
1263,photosynthesis_light_reactions,🌱 Photosynthesis Light Reactions - Chloroplast,general,general,Parametric surface,formula_sync,0.8,"general, UUON, parametric surface",/shapes/photosynthesis-light-reactions,t,2026-06-12T23:55:48.770Z,2026-06-12T23:55:48.770Z,75.350000,,,,,0,0,55000000000000000000000000000000,,success,0x425734a7fd13E9994b66a7909206007A1EF7030B
1265,population_dynamics_model,🐛 Population Dynamics (Lotka-Volterra),general,general,Parametric surface,formula_sync,0.8,"general, UUON, parametric surface",/shapes/population-dynamics-model,t,2026-06-12T23:55:48.770Z,2026-06-12T23:55:48.770Z,75.350000,,,,,0,0,55000000000000000000000000000000,,success,0x425734a7fd13E9994b66a7909206007A1EF7030B
1267,antibiotic_resistance_evolution,🦠 Antibiotic Resistance Evolution,general,general,Parametric surface,formula_sync,0.8,"general, UUON, parametric surface",/shapes/antibiotic-resistance-evolution,t,2026-06-12T23:55:48.770Z,2026-06-12T23:55:48.770Z,75.350000,,,,,0,0,55000000000000000000000000000000,,success,0x425734a7fd13E9994b66a7909206007A1EF7030B
1269,biofilm_structure,🦠 Biofilm Structure,general,general,Parametric surface,formula_sync,0.8,"general, UUON, parametric surface",/shapes/biofilm-structure,t,2026-06-12T23:55:48.770Z,2026-06-12T23:55:48.770Z,75.350000,,,,,0,0,55000000000000000000000000000000,,success,0x425734a7fd13E9994b66a7909206007A1EF7030B
1271,food_web_visualization,🐛 Food Web Network,general,general,Parametric surface,formula_sync,0.8,"general, UUON, parametric surface",/shapes/food-web-visualization,t,2026-06-12T23:55:48.770Z,2026-06-12T23:55:48.770Z,75.350000,,,,,0,0,55000000000000000000000000000000,,success,0x425734a7fd13E9994b66a7909206007A1EF7030B
1273,phage_therapy_dynamics,🦠 Phage Therapy Dynamics,general,general,Parametric surface,formula_sync,0.8,"general, UUON, parametric surface",/shapes/phage-therapy-dynamics,t,2026-06-12T23:55:48.770Z,2026-06-12T23:55:48.770Z,75.350000,,,,,0,0,55000000000000000000000000000000,,success,0x425734a7fd13E9994b66a7909206007A1EF7030B
1275,predator_prey_dynamics,🐛 Predator-Prey Dynamics,general,general,Parametric surface,formula_sync,0.8,"general, UUON, parametric surface",/shapes/predator-prey-dynamics,t,2026-06-12T23:55:48.770Z,2026-06-12T23:55:48.770Z,75.350000,,,,,0,0,55000000000000000000000000000000,,success,0x425734a7fd13E9994b66a7909206007A1EF7030B
1277,rna_secondary_structure,🧬 RNA Secondary Structure,general,general,Parametric surface,formula_sync,0.8,"general, UUON, parametric surface",/shapes/rna-secondary-structure,t,2026-06-12T23:55:48.770Z,2026-06-12T23:55:48.770Z,75.350000,,,,,0,0,55000000000000000000000000000000,,success,0x425734a7fd13E9994b66a7909206007A1EF7030B
1279,mineral_crystal_growth,💎 Mineral Crystal Growth - Lattice Formation,general,general,Parametric surface,formula_sync,0.8,"general, UUON, parametric surface",/shapes/mineral-crystal-growth,t,2026-06-12T23:55:48.770Z,2026-06-12T23:55:48.770Z,75.350000,,,,,0,0,55000000000000000000000000000000,,success,0x425734a7fd13E9994b66a7909206007A1EF7030B
1281,ocean_current_system,🌊 Ocean Current Circulation,general,general,Parametric surface,formula_sync,0.8,"general, UUON, parametric surface",/shapes/ocean-current-system,t,2026-06-12T23:55:48.770Z,2026-06-12T23:55:48.770Z,75.350000,,,,,0,0,55000000000000000000000000000000,,success,0x425734a7fd13E9994b66a7909206007A1EF7030B
1280,volcanic_eruption_model,🌋 Volcanic Eruption - Magma Chamber,general,general,Parametric surface,formula_sync,0.8,"general, UUON, parametric surface",/shapes/volcanic-eruption-model,t,2026-06-12T23:55:48.770Z,2026-06-12T23:55:48.770Z,75.350000,,,,,0,0,55000000000000000000000000000000,,success,0x425734a7fd13E9994b66a7909206007A1EF7030B
1282,tidal_dynamics_model,🌊 Tidal Dynamics,general,general,Parametric surface,formula_sync,0.8,"general, UUON, parametric surface",/shapes/tidal-dynamics-model,t,2026-06-12T23:55:48.770Z,2026-06-12T23:55:48.770Z,75.350000,,,,,0,0,55000000000000000000000000000000,,success,0x425734a7fd13E9994b66a7909206007A1EF7030B
1284,climate_change_model,🌡️ Climate Change - Temperature Anomaly,general,general,Parametric surface,formula_sync,0.8,"general, UUON, parametric surface",/shapes/climate-change-model,t,2026-06-12T23:55:48.770Z,2026-06-12T23:55:48.770Z,75.350000,,,,,0,0,55000000000000000000000000000000,,success,0x425734a7fd13E9994b66a7909206007A1EF7030B
1286,coral_reef_structure,🌊 Coral Reef Structure,general,general,Parametric surface,formula_sync,0.8,"general, UUON, parametric surface",/shapes/coral-reef-structure,t,2026-06-12T23:55:48.770Z,2026-06-12T23:55:48.770Z,75.350000,,,,,0,0,55000000000000000000000000000000,,success,0x425734a7fd13E9994b66a7909206007A1EF7030B
1288,fault_system_dynamics,🌍 Fault System Dynamics,general,general,Parametric surface,formula_sync,0.8,"general, UUON, parametric surface",/shapes/fault-system-dynamics,t,2026-06-12T23:55:48.770Z,2026-06-12T23:55:48.770Z,75.350000,,,,,0,0,55000000000000000000000000000000,,success,0x425734a7fd13E9994b66a7909206007A1EF7030B
1290,mountain_building_process,🌍 Mountain Building Process,general,general,Parametric surface,formula_sync,0.8,"general, UUON, parametric surface",/shapes/mountain-building-process,t,2026-06-12T23:55:48.770Z,2026-06-12T23:55:48.770Z,75.350000,,,,,0,0,55000000000000000000000000000000,,success,0x425734a7fd13E9994b66a7909206007A1EF7030B
1292,tornado_vortex_structure,🌤️ Tornado Vortex Structure,general,general,Parametric surface,formula_sync,0.8,"general, UUON, parametric surface",/shapes/tornado-vortex-structure,t,2026-06-12T23:55:48.770Z,2026-06-12T23:55:48.770Z,75.350000,,,,,0,0,55000000000000000000000000000000,,success,0x425734a7fd13E9994b66a7909206007A1EF7030B
1294,supply_demand_curves,📊 Supply/Demand - Market Equilibrium,general,general,Parametric surface,formula_sync,0.8,"general, UUON, parametric surface",/shapes/supply-demand-curves,t,2026-06-12T23:55:48.770Z,2026-06-12T23:55:48.770Z,75.350000,,,,,0,0,55000000000000000000000000000000,,success,0x425734a7fd13E9994b66a7909206007A1EF7030B
1296,urban_development_model,🏙️ Urban Development - City Growth,general,general,Parametric surface,formula_sync,0.8,"general, UUON, parametric surface",/shapes/urban-development-model,t,2026-06-12T23:55:48.770Z,2026-06-12T23:55:48.770Z,75.350000,,,,,0,0,55000000000000000000000000000000,,success,0x425734a7fd13E9994b66a7909206007A1EF7030B
1298,manufacturing_optimization,🏭 Manufacturing Optimization - Process Flow,general,general,Parametric surface,formula_sync,0.8,"general, UUON, parametric surface",/shapes/manufacturing-optimization,t,2026-06-12T23:55:48.770Z,2026-06-12T23:55:48.770Z,75.350000,,,,,0,0,55000000000000000000000000000000,,success,0x425734a7fd13E9994b66a7909206007A1EF7030B
1300,aerodynamic_flow_visualization,✈️ Aerodynamic Flow Patterns,general,general,Parametric surface,formula_sync,0.8,"general, UUON, parametric surface",/shapes/aerodynamic-flow-visualization,t,2026-06-12T23:55:48.770Z,2026-06-12T23:55:48.770Z,75.350000,,,,,0,0,55000000000000000000000000000000,,success,0x425734a7fd13E9994b66a7909206007A1EF7030B
1302,bridge_stress_distribution,🏗️ Bridge Stress Distribution,general,general,Parametric surface,formula_sync,0.8,"general, UUON, parametric surface",/shapes/bridge-stress-distribution,t,2026-06-12T23:55:48.770Z,2026-06-12T23:55:48.770Z,75.350000,,,,,0,0,55000000000000000000000000000000,,success,0x425734a7fd13E9994b66a7909206007A1EF7030B
1304,earthquake_response_model,🏗️ Earthquake Response Model,general,general,Parametric surface,formula_sync,0.8,"general, UUON, parametric surface",/shapes/earthquake-response-model,t,2026-06-12T23:55:48.770Z,2026-06-12T23:55:48.770Z,75.350000,,,,,0,0,55000000000000000000000000000000,,success,0x425734a7fd13E9994b66a7909206007A1EF7030B
1306,inflation_dynamics_surface,📊 Inflation Dynamics Surface,general,general,Parametric surface,formula_sync,0.8,"general, UUON, parametric surface",/shapes/inflation-dynamics-surface,t,2026-06-12T23:55:48.770Z,2026-06-12T23:55:48.770Z,75.350000,,,,,0,0,55000000000000000000000000000000,,success,0x425734a7fd13E9994b66a7909206007A1EF7030B
1308,population_migration_pattern,👥 Population Migration Pattern,general,general,Parametric surface,formula_sync,0.8,"general, UUON, parametric surface",/shapes/population-migration-pattern,t,2026-06-12T23:55:48.770Z,2026-06-12T23:55:48.770Z,75.350000,,,,,0,0,55000000000000000000000000000000,,success,0x425734a7fd13E9994b66a7909206007A1EF7030B
1310,production_line_dynamics,🏭 Production Line Dynamics,general,general,Parametric surface,formula_sync,0.8,"general, UUON, parametric surface",/shapes/production-line-dynamics,t,2026-06-12T23:55:48.770Z,2026-06-12T23:55:48.770Z,75.350000,,,,,0,0,55000000000000000000000000000000,,success,0x425734a7fd13E9994b66a7909206007A1EF7030B
1312,shock_wave_pattern,✈️ Shock Wave Pattern,general,general,Parametric surface,formula_sync,0.8,"general, UUON, parametric surface",/shapes/shock-wave-pattern,t,2026-06-12T23:55:48.770Z,2026-06-12T23:55:48.770Z,75.350000,,,,,0,0,55000000000000000000000000000000,,success,0x425734a7fd13E9994b66a7909206007A1EF7030B
1314,spacecraft_trajectory,✈️ Spacecraft Trajectory,general,general,Parametric surface,formula_sync,0.8,"general, UUON, parametric surface",/shapes/spacecraft-trajectory,t,2026-06-12T23:55:48.770Z,2026-06-12T23:55:48.770Z,75.350000,,,,,0,0,55000000000000000000000000000000,,success,0x425734a7fd13E9994b66a7909206007A1EF7030B
1316,unified_wholeness_equation,🌌 Unified Equation of Wholeness - dΨ/dt = F(Ψ),general,general,Parametric surface,formula_sync,0.8,"general, UUON, parametric surface",/shapes/unified-wholeness-equation,t,2026-06-12T23:55:48.770Z,2026-06-12T23:55:48.770Z,75.350000,,,,,0,0,55000000000000000000000000000000,,success,0x425734a7fd13E9994b66a7909206007A1EF7030B
1318,schrodinger_evolution,⚛️ Schrödinger Evolution - iħ∂Ψ/∂t = HΨ,general,general,Parametric surface,formula_sync,0.8,"general, UUON, parametric surface",/shapes/schrodinger-evolution,t,2026-06-12T23:55:48.770Z,2026-06-12T23:55:48.770Z,75.350000,,,,,0,0,55000000000000000000000000000000,,success,0x425734a7fd13E9994b66a7909206007A1EF7030B
1320,predictive_consciousness,🧠 Predictive Consciousness - World Model,general,general,Parametric surface,formula_sync,0.8,"general, UUON, parametric surface",/shapes/predictive-consciousness,t,2026-06-12T23:55:48.770Z,2026-06-12T23:55:48.770Z,75.350000,,,,,0,0,55000000000000000000000000000000,,success,0x425734a7fd13E9994b66a7909206007A1EF7030B
1322,enzyme_kinetics_michaelis,⚗️ Enzyme Kinetics - Michaelis-Menten,general,general,Parametric surface,formula_sync,0.8,"general, UUON, parametric surface",/shapes/enzyme-kinetics-michaelis,t,2026-06-12T23:55:48.770Z,2026-06-12T23:55:48.770Z,75.350000,,,,,0,0,55000000000000000000000000000000,,success,0x425734a7fd13E9994b66a7909206007A1EF7030B
1324,bacterial_growth_logistic,🦠 Bacterial Growth - Logistic Curve,general,general,Parametric surface,formula_sync,0.8,"general, UUON, parametric surface",/shapes/bacterial-growth-logistic,t,2026-06-12T23:55:48.770Z,2026-06-12T23:55:48.770Z,75.350000,,,,,0,0,55000000000000000000000000000000,,success,0x425734a7fd13E9994b66a7909206007A1EF7030B
1451,mass_radius_relation_complete,📊 Mass-Radius Relation,general,general,Parametric surface,formula_sync,0.8,"general, UUON, parametric surface",/shapes/mass-radius-relation-complete,t,2026-06-12T23:56:01.905Z,2026-06-12T23:56:01.905Z,75.350000,,,,,0,0,55000000000000000000000000000000,,success,0x425734a7fd13E9994b66a7909206007A1EF7030B
1453,fractal_aggregate_structure,🧱 Fractal Aggregate,fractal,fractal,Parametric surface,formula_sync,0.8,"fractal, UUON, parametric surface",/shapes/fractal-aggregate-structure,t,2026-06-12T23:56:01.905Z,2026-06-12T23:56:01.905Z,75.350000,,,,,0,0,55000000000000000000000000000000,,success,0x425734a7fd13E9994b66a7909206007A1EF7030B
1455,sem_image_fractal_dimension,🔭 SEM Fractal Dimension,fractal,fractal,Parametric surface,formula_sync,0.8,"fractal, UUON, parametric surface",/shapes/sem-image-fractal-dimension,t,2026-06-12T23:56:01.905Z,2026-06-12T23:56:01.905Z,75.350000,,,,,0,0,55000000000000000000000000000000,,success,0x425734a7fd13E9994b66a7909206007A1EF7030B
1457,intensity_variation_function,📈 Intensity Variation,general,general,Parametric surface,formula_sync,0.8,"general, UUON, parametric surface",/shapes/intensity-variation-function,t,2026-06-12T23:56:01.905Z,2026-06-12T23:56:01.905Z,75.350000,,,,,0,0,55000000000000000000000000000000,,success,0x425734a7fd13E9994b66a7909206007A1EF7030B
1459,heterogeneous_gap_distribution,🔳 Heterogeneous Gaps,general,general,Parametric surface,formula_sync,0.8,"general, UUON, parametric surface",/shapes/heterogeneous-gap-distribution,t,2026-06-12T23:56:01.905Z,2026-06-12T23:56:01.905Z,75.350000,,,,,0,0,55000000000000000000000000000000,,success,0x425734a7fd13E9994b66a7909206007A1EF7030B
1461,center_of_mass_calculation,⚖️ Center of Mass,general,general,Parametric surface,formula_sync,0.8,"general, UUON, parametric surface",/shapes/center-of-mass-calculation,t,2026-06-12T23:56:01.905Z,2026-06-12T23:56:01.905Z,75.350000,,,,,0,0,55000000000000000000000000000000,,success,0x425734a7fd13E9994b66a7909206007A1EF7030B
1463,box_size_epsilon_scaling,📏 Box Size ε Scaling,general,general,Parametric surface,formula_sync,0.8,"general, UUON, parametric surface",/shapes/box-size-epsilon-scaling,t,2026-06-12T23:56:01.905Z,2026-06-12T23:56:01.905Z,75.350000,,,,,0,0,55000000000000000000000000000000,,success,0x425734a7fd13E9994b66a7909206007A1EF7030B
1283,weather_pattern_simulation,🌤️ Weather Patterns - High/Low Pressure,general,general,Parametric surface,formula_sync,0.8,"general, UUON, parametric surface",/shapes/weather-pattern-simulation,t,2026-06-12T23:55:48.770Z,2026-06-12T23:55:48.770Z,75.350000,,,,,0,0,55000000000000000000000000000000,,success,0x425734a7fd13E9994b66a7909206007A1EF7030B
1285,atmospheric_circulation,🌬️ Atmospheric Circulation - Hadley Cells,general,general,Parametric surface,formula_sync,0.8,"general, UUON, parametric surface",/shapes/atmospheric-circulation,t,2026-06-12T23:55:48.770Z,2026-06-12T23:55:48.770Z,75.350000,,,,,0,0,55000000000000000000000000000000,,success,0x425734a7fd13E9994b66a7909206007A1EF7030B
1287,deep_sea_pressure_effects,🌊 Deep Sea Pressure Effects,general,general,Parametric surface,formula_sync,0.8,"general, UUON, parametric surface",/shapes/deep-sea-pressure-effects,t,2026-06-12T23:55:48.770Z,2026-06-12T23:55:48.770Z,75.350000,,,,,0,0,55000000000000000000000000000000,,success,0x425734a7fd13E9994b66a7909206007A1EF7030B
1289,hurricane_eye_wall,🌤️ Hurricane Eye Wall,general,general,Parametric surface,formula_sync,0.8,"general, UUON, parametric surface",/shapes/hurricane-eye-wall,t,2026-06-12T23:55:48.770Z,2026-06-12T23:55:48.770Z,75.350000,,,,,0,0,55000000000000000000000000000000,,success,0x425734a7fd13E9994b66a7909206007A1EF7030B
1291,thermohaline_circulation,🌊 Thermohaline Circulation,general,general,Parametric surface,formula_sync,0.8,"general, UUON, parametric surface",/shapes/thermohaline-circulation,t,2026-06-12T23:55:48.770Z,2026-06-12T23:55:48.770Z,75.350000,,,,,0,0,55000000000000000000000000000000,,success,0x425734a7fd13E9994b66a7909206007A1EF7030B
1293,market_dynamics_visualization,📊 Market Dynamics Surface,general,general,Parametric surface,formula_sync,0.8,"general, UUON, parametric surface",/shapes/market-dynamics-visualization,t,2026-06-12T23:55:48.770Z,2026-06-12T23:55:48.770Z,75.350000,,,,,0,0,55000000000000000000000000000000,,success,0x425734a7fd13E9994b66a7909206007A1EF7030B
1295,social_network_analysis,👥 Social Network - Connection Graph,general,general,Parametric surface,formula_sync,0.8,"general, UUON, parametric surface",/shapes/social-network-analysis,t,2026-06-12T23:55:48.770Z,2026-06-12T23:55:48.770Z,75.350000,,,,,0,0,55000000000000000000000000000000,,success,0x425734a7fd13E9994b66a7909206007A1EF7030B
1297,voting_system_analysis,🗳️ Voting Systems - Electoral Geometry,general,general,Parametric surface,formula_sync,0.8,"general, UUON, parametric surface",/shapes/voting-system-analysis,t,2026-06-12T23:55:48.770Z,2026-06-12T23:55:48.770Z,75.350000,,,,,0,0,55000000000000000000000000000000,,success,0x425734a7fd13E9994b66a7909206007A1EF7030B
1299,structural_load_analysis,🏗️ Structural Load - Stress Distribution,general,general,Parametric surface,formula_sync,0.8,"general, UUON, parametric surface",/shapes/structural-load-analysis,t,2026-06-12T23:55:48.770Z,2026-06-12T23:55:48.770Z,75.350000,,,,,0,0,55000000000000000000000000000000,,success,0x425734a7fd13E9994b66a7909206007A1EF7030B
1301,orbital_mechanics_model,✈️ Orbital Mechanics Trajectory,general,general,Parametric surface,formula_sync,0.8,"general, UUON, parametric surface",/shapes/orbital-mechanics-model,t,2026-06-12T23:55:48.770Z,2026-06-12T23:55:48.770Z,75.350000,,,,,0,0,55000000000000000000000000000000,,success,0x425734a7fd13E9994b66a7909206007A1EF7030B
1303,demographic_transition_model,👥 Demographic Transition Model,general,general,Parametric surface,formula_sync,0.8,"general, UUON, parametric surface",/shapes/demographic-transition-model,t,2026-06-12T23:55:48.770Z,2026-06-12T23:55:48.770Z,75.350000,,,,,0,0,55000000000000000000000000000000,,success,0x425734a7fd13E9994b66a7909206007A1EF7030B
1305,electoral_map_dynamics,🏛️ Electoral Map Dynamics,general,general,Parametric surface,formula_sync,0.8,"general, UUON, parametric surface",/shapes/electoral-map-dynamics,t,2026-06-12T23:55:48.770Z,2026-06-12T23:55:48.770Z,75.350000,,,,,0,0,55000000000000000000000000000000,,success,0x425734a7fd13E9994b66a7909206007A1EF7030B
1307,inventory_optimization_surface,🏭 Inventory Optimization Surface,general,general,Parametric surface,formula_sync,0.8,"general, UUON, parametric surface",/shapes/inventory-optimization-surface,t,2026-06-12T23:55:48.770Z,2026-06-12T23:55:48.770Z,75.350000,,,,,0,0,55000000000000000000000000000000,,success,0x425734a7fd13E9994b66a7909206007A1EF7030B
1309,power_distribution_network,🏛️ Power Distribution Network,general,general,Parametric surface,formula_sync,0.8,"general, UUON, parametric surface",/shapes/power-distribution-network,t,2026-06-12T23:55:48.770Z,2026-06-12T23:55:48.770Z,75.350000,,,,,0,0,55000000000000000000000000000000,,success,0x425734a7fd13E9994b66a7909206007A1EF7030B
1311,quality_control_system,🏭 Quality Control System,general,general,Parametric surface,formula_sync,0.8,"general, UUON, parametric surface",/shapes/quality-control-system,t,2026-06-12T23:55:48.770Z,2026-06-12T23:55:48.770Z,75.350000,,,,,0,0,55000000000000000000000000000000,,success,0x425734a7fd13E9994b66a7909206007A1EF7030B
1313,social_mobility_landscape,👥 Social Mobility Landscape,general,general,Parametric surface,formula_sync,0.8,"general, UUON, parametric surface",/shapes/social-mobility-landscape,t,2026-06-12T23:55:48.770Z,2026-06-12T23:55:48.770Z,75.350000,,,,,0,0,55000000000000000000000000000000,,success,0x425734a7fd13E9994b66a7909206007A1EF7030B
1315,trade_flow_network,📊 Trade Flow Network,general,general,Parametric surface,formula_sync,0.8,"general, UUON, parametric surface",/shapes/trade-flow-network,t,2026-06-12T23:55:48.770Z,2026-06-12T23:55:48.770Z,75.350000,,,,,0,0,55000000000000000000000000000000,,success,0x425734a7fd13E9994b66a7909206007A1EF7030B
1317,classical_hamiltonian_flow,⚙️ Classical Hamiltonian Flow - dq/dt = ∂H/∂p,general,general,Parametric surface,formula_sync,0.8,"general, UUON, parametric surface",/shapes/classical-hamiltonian-flow,t,2026-06-12T23:55:48.770Z,2026-06-12T23:55:48.770Z,75.350000,,,,,0,0,55000000000000000000000000000000,,success,0x425734a7fd13E9994b66a7909206007A1EF7030B
1319,entropy_flow_dynamics,🔥 Entropy Flow - dS/dt > 0,general,general,Parametric surface,formula_sync,0.8,"general, UUON, parametric surface",/shapes/entropy-flow-dynamics,t,2026-06-12T23:55:48.770Z,2026-06-12T23:55:48.770Z,75.350000,,,,,0,0,55000000000000000000000000000000,,success,0x425734a7fd13E9994b66a7909206007A1EF7030B
1321,protein_structure_prediction,🔬 Protein Structure Prediction - AlphaFold,biological,biological,Parametric surface,formula_sync,0.8,"biological, UUON, parametric surface",/shapes/protein-structure-prediction,t,2026-06-12T23:55:48.770Z,2026-06-12T23:55:48.770Z,75.350000,,,,,0,0,55000000000000000000000000000000,,success,0x425734a7fd13E9994b66a7909206007A1EF7030B
1323,gene_regulatory_network,🧬 Gene Regulatory Network - Transcription Factors,general,general,Parametric surface,formula_sync,0.8,"general, UUON, parametric surface",/shapes/gene-regulatory-network,t,2026-06-12T23:55:48.770Z,2026-06-12T23:55:48.770Z,75.350000,,,,,0,0,55000000000000000000000000000000,,success,0x425734a7fd13E9994b66a7909206007A1EF7030B
1465,log_log_plot_fractal,📊 Log-Log Fractal Plot,fractal,fractal,Parametric surface,formula_sync,0.8,"fractal, UUON, parametric surface",/shapes/log-log-plot-fractal,t,2026-06-12T23:56:01.905Z,2026-06-12T23:56:01.905Z,75.350000,,,,,0,0,55000000000000000000000000000000,,success,0x425734a7fd13E9994b66a7909206007A1EF7030B
1467,snowflake_hexagonal,Hexagonal Snowflake,crystallographic,crystallographic,Parametric surface,formula_sync,0.8,"crystallographic, UUON, parametric surface",/shapes/snowflake-hexagonal,t,2026-06-12T23:56:01.905Z,2026-06-12T23:56:01.905Z,75.350000,,,,,0,0,55000000000000000000000000000000,,success,0x425734a7fd13E9994b66a7909206007A1EF7030B
1469,snowflake_stellar_plate,Stellar Plate Crystal,crystallographic,crystallographic,Parametric surface,formula_sync,0.8,"crystallographic, UUON, parametric surface",/shapes/snowflake-stellar-plate,t,2026-06-12T23:56:01.905Z,2026-06-12T23:56:01.905Z,75.350000,,,,,0,0,55000000000000000000000000000000,,success,0x425734a7fd13E9994b66a7909206007A1EF7030B
1471,ice_crystal_column,Hexagonal Ice Column,crystallographic,crystallographic,Parametric surface,formula_sync,0.8,"crystallographic, UUON, parametric surface",/shapes/ice-crystal-column,t,2026-06-12T23:56:01.905Z,2026-06-12T23:56:01.905Z,75.350000,,,,,0,0,55000000000000000000000000000000,,success,0x425734a7fd13E9994b66a7909206007A1EF7030B
1472,ice_crystal_needle,Ice Needle Crystal,crystallographic,crystallographic,Parametric surface,formula_sync,0.8,"crystallographic, UUON, parametric surface",/shapes/ice-crystal-needle,t,2026-06-12T23:56:01.905Z,2026-06-12T23:56:01.905Z,75.350000,,,,,0,0,55000000000000000000000000000000,,success,0x425734a7fd13E9994b66a7909206007A1EF7030B
1473,snowflake_sector_plate,Sector Plate Crystal,crystallographic,crystallographic,Parametric surface,formula_sync,0.8,"crystallographic, UUON, parametric surface",/shapes/snowflake-sector-plate,t,2026-06-12T23:56:01.905Z,2026-06-12T23:56:01.905Z,75.350000,,,,,0,0,55000000000000000000000000000000,,success,0x425734a7fd13E9994b66a7909206007A1EF7030B
1474,snowflake_fernlike,Fernlike Stellar Dendrite,crystallographic,crystallographic,Parametric surface,formula_sync,0.8,"crystallographic, UUON, parametric surface",/shapes/snowflake-fernlike,t,2026-06-12T23:56:01.905Z,2026-06-12T23:56:01.905Z,75.350000,,,,,0,0,55000000000000000000000000000000,,success,0x425734a7fd13E9994b66a7909206007A1EF7030B
1475,ice_capped_column,Capped Ice Column,crystallographic,crystallographic,Parametric surface,formula_sync,0.8,"crystallographic, UUON, parametric surface",/shapes/ice-capped-column,t,2026-06-12T23:56:01.905Z,2026-06-12T23:56:01.905Z,75.350000,,,,,0,0,55000000000000000000000000000000,,success,0x425734a7fd13E9994b66a7909206007A1EF7030B
1476,ice_bullet_rosette,Bullet Rosette,crystallographic,crystallographic,Parametric surface,formula_sync,0.8,"crystallographic, UUON, parametric surface",/shapes/ice-bullet-rosette,t,2026-06-12T23:56:01.905Z,2026-06-12T23:56:01.905Z,75.350000,,,,,0,0,55000000000000000000000000000000,,success,0x425734a7fd13E9994b66a7909206007A1EF7030B
1477,ice_simple_prism,Simple Hexagonal Prism,crystallographic,crystallographic,Parametric surface,formula_sync,0.8,"crystallographic, UUON, parametric surface",/shapes/ice-simple-prism,t,2026-06-12T23:56:01.905Z,2026-06-12T23:56:01.905Z,75.350000,,,,,0,0,55000000000000000000000000000000,,success,0x425734a7fd13E9994b66a7909206007A1EF7030B
1479,hoarfrost_crystal,Hoarfrost Crystal,general,general,Parametric surface,formula_sync,0.8,"general, UUON, parametric surface",/shapes/hoarfrost-crystal,t,2026-06-12T23:56:01.905Z,2026-06-12T23:56:01.905Z,75.350000,,,,,0,0,55000000000000000000000000000000,,success,0x425734a7fd13E9994b66a7909206007A1EF7030B
1481,graupel_pellet,Graupel Snow Pellet,general,general,Parametric surface,formula_sync,0.8,"general, UUON, parametric surface",/shapes/graupel-pellet,t,2026-06-12T23:56:01.905Z,2026-06-12T23:56:01.905Z,75.350000,,,,,0,0,55000000000000000000000000000000,,success,0x425734a7fd13E9994b66a7909206007A1EF7030B
1483,fractal_mandelbrot_z2,Mandelbrot Classic (z² + c),fractal,fractal,Parametric surface,formula_sync,0.8,"fractal, UUON, parametric surface",/shapes/fractal-mandelbrot-z2,t,2026-06-12T23:56:01.905Z,2026-06-12T23:56:01.905Z,75.350000,,,,,0,0,55000000000000000000000000000000,,success,0x425734a7fd13E9994b66a7909206007A1EF7030B
1485,fractal_quartic_z4,Quartic Floral (z⁴ + c),fractal,fractal,Parametric surface,formula_sync,0.8,"fractal, UUON, parametric surface",/shapes/fractal-quartic-z4,t,2026-06-12T23:56:01.905Z,2026-06-12T23:56:01.905Z,75.350000,,,,,0,0,55000000000000000000000000000000,,success,0x425734a7fd13E9994b66a7909206007A1EF7030B
1487,fractal_hexic_z6,Hexic Radiant (z⁶ + c),fractal,fractal,Parametric surface,formula_sync,0.8,"fractal, UUON, parametric surface",/shapes/fractal-hexic-z6,t,2026-06-12T23:56:01.905Z,2026-06-12T23:56:01.905Z,75.350000,,,,,0,0,55000000000000000000000000000000,,success,0x425734a7fd13E9994b66a7909206007A1EF7030B
1489,fractal_octagonal_z8,Octagonal Mandala (z⁸ + c),fractal,fractal,Parametric surface,formula_sync,0.8,"fractal, UUON, parametric surface",/shapes/fractal-octagonal-z8,t,2026-06-12T23:56:01.905Z,2026-06-12T23:56:01.905Z,75.350000,,,,,0,0,55000000000000000000000000000000,,success,0x425734a7fd13E9994b66a7909206007A1EF7030B
1491,fractal_trig_chaos,Trigonometric Chaos (z² + sin(z) + c),fractal,fractal,Parametric surface,formula_sync,0.8,"fractal, UUON, parametric surface",/shapes/fractal-trig-chaos,t,2026-06-12T23:56:01.905Z,2026-06-12T23:56:01.905Z,75.350000,,,,,0,0,55000000000000000000000000000000,,success,0x425734a7fd13E9994b66a7909206007A1EF7030B
1493,fractal_exponential,Exponential Burst (eᶻ + c),fractal,fractal,Parametric surface,formula_sync,0.8,"fractal, UUON, parametric surface",/shapes/fractal-exponential,t,2026-06-12T23:56:01.905Z,2026-06-12T23:56:01.905Z,75.350000,,,,,0,0,55000000000000000000000000000000,,success,0x425734a7fd13E9994b66a7909206007A1EF7030B
1495,fractal_logarithmic,Logarithmic Shell (log(z²+1) + c),fractal,fractal,Parametric surface,formula_sync,0.8,"fractal, UUON, parametric surface",/shapes/fractal-logarithmic,t,2026-06-12T23:56:01.905Z,2026-06-12T23:56:01.905Z,75.350000,,,,,0,0,55000000000000000000000000000000,,success,0x425734a7fd13E9994b66a7909206007A1EF7030B
1497,fractal_hyperbolic_flame,Hyperbolic Flame (sinh(z) + c),fractal,fractal,Parametric surface,formula_sync,0.8,"fractal, UUON, parametric surface",/shapes/fractal-hyperbolic-flame,t,2026-06-12T23:56:01.905Z,2026-06-12T23:56:01.905Z,75.350000,,,,,0,0,55000000000000000000000000000000,,success,0x425734a7fd13E9994b66a7909206007A1EF7030B
1499,fractal_wave_interference,Wave Interference Field,fractal,fractal,Parametric surface,formula_sync,0.8,"fractal, UUON, parametric surface",/shapes/fractal-wave-interference,t,2026-06-12T23:56:01.905Z,2026-06-12T23:56:01.905Z,75.350000,,,,,0,0,55000000000000000000000000000000,,success,0x425734a7fd13E9994b66a7909206007A1EF7030B
1501,fractal_skin_tanh_wave,🌊 Fractal Skin TANH Wave 64x64,fractal,fractal,Parametric surface,formula_sync,0.8,"fractal, UUON, parametric surface",/shapes/fractal-skin-tanh-wave,t,2026-06-12T23:56:01.905Z,2026-06-12T23:56:01.905Z,75.350000,,,,,0,0,55000000000000000000000000000000,,success,0x425734a7fd13E9994b66a7909206007A1EF7030B
1503,fractal_skin_tangent_wave,📐 Fractal Skin Tangent Wave 256x256,fractal,fractal,Parametric surface,formula_sync,0.8,"fractal, UUON, parametric surface",/shapes/fractal-skin-tangent-wave,t,2026-06-12T23:56:01.905Z,2026-06-12T23:56:01.905Z,75.350000,,,,,0,0,55000000000000000000000000000000,,success,0x425734a7fd13E9994b66a7909206007A1EF7030B
1505,fractal_skin_spherical_h,🔵 Fractal Skin Spherical H 256x256,fractal,fractal,Parametric surface,formula_sync,0.8,"fractal, UUON, parametric surface",/shapes/fractal-skin-spherical-h,t,2026-06-12T23:56:01.905Z,2026-06-12T23:56:01.905Z,75.350000,,,,,0,0,55000000000000000000000000000000,,success,0x425734a7fd13E9994b66a7909206007A1EF7030B
1507,euler_prime_quadratic,📐 Euler Prime Quadratic - n² + n + 41,general,general,Parametric surface,formula_sync,0.8,"general, UUON, parametric surface",/shapes/euler-prime-quadratic,t,2026-06-12T23:56:01.905Z,2026-06-12T23:56:01.905Z,75.350000,,,,,0,0,55000000000000000000000000000000,,success,0x425734a7fd13E9994b66a7909206007A1EF7030B
1509,mersenne_primes,🔢 Mersenne Primes - 2ⁿ - 1 Binary Spikes,general,general,Parametric surface,formula_sync,0.8,"general, UUON, parametric surface",/shapes/mersenne-primes,t,2026-06-12T23:56:01.905Z,2026-06-12T23:56:01.905Z,75.350000,,,,,0,0,55000000000000000000000000000000,,success,0x425734a7fd13E9994b66a7909206007A1EF7030B
1511,lucas_numbers,🌻 Lucas Numbers - Fibonacci's Harmonic Cousin,general,general,Parametric surface,formula_sync,0.8,"general, UUON, parametric surface",/shapes/lucas-numbers,t,2026-06-12T23:56:01.905Z,2026-06-12T23:56:01.905Z,75.350000,,,,,0,0,55000000000000000000000000000000,,success,0x425734a7fd13E9994b66a7909206007A1EF7030B
1513,silver_ratio_octagonal,🥈 Silver Ratio - 1 + √2 Octagonal Harmony,general,general,Parametric surface,formula_sync,0.8,"general, UUON, parametric surface",/shapes/silver-ratio-octagonal,t,2026-06-12T23:56:01.905Z,2026-06-12T23:56:01.905Z,75.350000,,,,,0,0,55000000000000000000000000000000,,success,0x425734a7fd13E9994b66a7909206007A1EF7030B
1515,triangular_numbers,🔺 Triangular Numbers - T(n) = n(n+1)/2,general,general,Parametric surface,formula_sync,0.8,"general, UUON, parametric surface",/shapes/triangular-numbers,t,2026-06-12T23:56:01.905Z,2026-06-12T23:56:01.905Z,75.350000,,,,,0,0,55000000000000000000000000000000,,success,0x425734a7fd13E9994b66a7909206007A1EF7030B
1517,pentagonal_numbers,⬠ Pentagonal Numbers - P(n) = n(3n-1)/2,general,general,Parametric surface,formula_sync,0.8,"general, UUON, parametric surface",/shapes/pentagonal-numbers,t,2026-06-12T23:56:01.905Z,2026-06-12T23:56:01.905Z,75.350000,,,,,0,0,55000000000000000000000000000000,,success,0x425734a7fd13E9994b66a7909206007A1EF7030B
1519,tetrahedral_numbers,🔻 Tetrahedral Numbers - Tet(n) = n(n+1)(n+2)/6,general,general,Parametric surface,formula_sync,0.8,"general, UUON, parametric surface",/shapes/tetrahedral-numbers,t,2026-06-12T23:56:01.905Z,2026-06-12T23:56:01.905Z,75.350000,,,,,0,0,55000000000000000000000000000000,,success,0x425734a7fd13E9994b66a7909206007A1EF7030B
1521,repunit_generator,1️⃣ Repunit Generator - R(n) = (10ⁿ-1)/9,general,general,Parametric surface,formula_sync,0.8,"general, UUON, parametric surface",/shapes/repunit-generator,t,2026-06-12T23:56:01.905Z,2026-06-12T23:56:01.905Z,75.350000,,,,,0,0,55000000000000000000000000000000,,success,0x425734a7fd13E9994b66a7909206007A1EF7030B
1523,kaprekar_constant,🔄 Kaprekar Constant - 6174 Attractor,general,general,Parametric surface,formula_sync,0.8,"general, UUON, parametric surface",/shapes/kaprekar-constant,t,2026-06-12T23:56:01.905Z,2026-06-12T23:56:01.905Z,75.350000,,,,,0,0,55000000000000000000000000000000,,success,0x425734a7fd13E9994b66a7909206007A1EF7030B
1525,cyclic_142857,🔁 Cyclic 142857 - 1/7 Repeating Orbit,general,general,Parametric surface,formula_sync,0.8,"general, UUON, parametric surface",/shapes/cyclic-142857,t,2026-06-12T23:56:01.905Z,2026-06-12T23:56:01.905Z,75.350000,,,,,0,0,55000000000000000000000000000000,,success,0x425734a7fd13E9994b66a7909206007A1EF7030B
1527,collatz_map,🌪️ Collatz Map - 3n+1 Attractor Curves,general,general,Parametric surface,formula_sync,0.8,"general, UUON, parametric surface",/shapes/collatz-map,t,2026-06-12T23:56:01.905Z,2026-06-12T23:56:01.905Z,75.350000,,,,,0,0,55000000000000000000000000000000,,success,0x425734a7fd13E9994b66a7909206007A1EF7030B
1529,logistic_map,📈 Logistic Map - Chaos Bifurcation Tree,general,general,Parametric surface,formula_sync,0.8,"general, UUON, parametric surface",/shapes/logistic-map,t,2026-06-12T23:56:01.905Z,2026-06-12T23:56:01.905Z,75.350000,,,,,0,0,55000000000000000000000000000000,,success,0x425734a7fd13E9994b66a7909206007A1EF7030B
1531,l_system_fractal,🌿 L-System - Recursive Symbol Growth,fractal,fractal,Parametric surface,formula_sync,0.8,"fractal, UUON, parametric surface",/shapes/l-system-fractal,t,2026-06-12T23:56:01.905Z,2026-06-12T23:56:01.905Z,75.350000,,,,,0,0,55000000000000000000000000000000,,success,0x425734a7fd13E9994b66a7909206007A1EF7030B
1533,egyptian_fractions,🏺 Egyptian Fractions - Harmonic Decomposition,general,general,Parametric surface,formula_sync,0.8,"general, UUON, parametric surface",/shapes/egyptian-fractions,t,2026-06-12T23:56:01.905Z,2026-06-12T23:56:01.905Z,75.350000,,,,,0,0,55000000000000000000000000000000,,success,0x425734a7fd13E9994b66a7909206007A1EF7030B
1535,repeating_decimals,♾️ Repeating Decimals - Period Structure,general,general,Parametric surface,formula_sync,0.8,"general, UUON, parametric surface",/shapes/repeating-decimals,t,2026-06-12T23:56:08.473Z,2026-06-12T23:56:08.473Z,75.350000,,,,,0,0,55000000000000000000000000000000,,success,0x425734a7fd13E9994b66a7909206007A1EF7030B
1537,repunit_exponential,📈 Repunit Exponential - (10ⁿ-1)/9 Growth,general,general,Parametric surface,formula_sync,0.8,"general, UUON, parametric surface",/shapes/repunit-exponential,t,2026-06-12T23:56:08.473Z,2026-06-12T23:56:08.473Z,75.350000,,,,,0,0,55000000000000000000000000000000,,success,0x425734a7fd13E9994b66a7909206007A1EF7030B
1488,fractal_septic_z7,Septic Vortex (z⁷ + c),fractal,fractal,Parametric surface,formula_sync,0.8,"fractal, UUON, parametric surface",/shapes/fractal-septic-z7,t,2026-06-12T23:56:01.905Z,2026-06-12T23:56:01.905Z,75.350000,,,,,0,0,55000000000000000000000000000000,,success,0x425734a7fd13E9994b66a7909206007A1EF7030B
1490,fractal_burning_ship,Burning Ship (|z|² + c),fractal,fractal,Parametric surface,formula_sync,0.8,"fractal, UUON, parametric surface",/shapes/fractal-burning-ship,t,2026-06-12T23:56:01.905Z,2026-06-12T23:56:01.905Z,75.350000,,,,,0,0,55000000000000000000000000000000,,success,0x425734a7fd13E9994b66a7909206007A1EF7030B
1492,fractal_hyper_spike,Hyper Spike (z² + tan(z) + c),fractal,fractal,Parametric surface,formula_sync,0.8,"fractal, UUON, parametric surface",/shapes/fractal-hyper-spike,t,2026-06-12T23:56:01.905Z,2026-06-12T23:56:01.905Z,75.350000,,,,,0,0,55000000000000000000000000000000,,success,0x425734a7fd13E9994b66a7909206007A1EF7030B
1494,fractal_spiral_jets,Spiral Jets (z·eᶻ + c),fractal,fractal,Parametric surface,formula_sync,0.8,"fractal, UUON, parametric surface",/shapes/fractal-spiral-jets,t,2026-06-12T23:56:01.905Z,2026-06-12T23:56:01.905Z,75.350000,,,,,0,0,55000000000000000000000000000000,,success,0x425734a7fd13E9994b66a7909206007A1EF7030B
1496,fractal_self_feeding,Self-Feeding (z² + z + c),fractal,fractal,Parametric surface,formula_sync,0.8,"fractal, UUON, parametric surface",/shapes/fractal-self-feeding,t,2026-06-12T23:56:01.905Z,2026-06-12T23:56:01.905Z,75.350000,,,,,0,0,55000000000000000000000000000000,,success,0x425734a7fd13E9994b66a7909206007A1EF7030B
1498,fractal_energy_decay,Energy Decay Field,fractal,fractal,Parametric surface,formula_sync,0.8,"fractal, UUON, parametric surface",/shapes/fractal-energy-decay,t,2026-06-12T23:56:01.905Z,2026-06-12T23:56:01.905Z,75.350000,,,,,0,0,55000000000000000000000000000000,,success,0x425734a7fd13E9994b66a7909206007A1EF7030B
1502,fractal_skin_vector_field,🔀 Fractal Skin Vector Field 256x256,fractal,fractal,Parametric surface,formula_sync,0.8,"fractal, UUON, parametric surface",/shapes/fractal-skin-vector-field,t,2026-06-12T23:56:01.905Z,2026-06-12T23:56:01.905Z,75.350000,,,,,0,0,55000000000000000000000000000000,,success,0x425734a7fd13E9994b66a7909206007A1EF7030B
1504,fractal_skin_mandelbrot,🌀 Fractal Skin Mandelbrot 256x256,fractal,fractal,Parametric surface,formula_sync,0.8,"fractal, UUON, parametric surface",/shapes/fractal-skin-mandelbrot,t,2026-06-12T23:56:01.905Z,2026-06-12T23:56:01.905Z,75.350000,,,,,0,0,55000000000000000000000000000000,,success,0x425734a7fd13E9994b66a7909206007A1EF7030B
1506,ulam_spiral,🌀 Ulam Spiral - Prime Distribution Vortex,general,general,Parametric surface,formula_sync,0.8,"general, UUON, parametric surface",/shapes/ulam-spiral,t,2026-06-12T23:56:01.905Z,2026-06-12T23:56:01.905Z,75.350000,,,,,0,0,55000000000000000000000000000000,,success,0x425734a7fd13E9994b66a7909206007A1EF7030B
1508,twin_primes,"👯 Twin Primes - (p, p+2) Lattice Pairs",general,general,Parametric surface,formula_sync,0.8,"general, UUON, parametric surface",/shapes/twin-primes,t,2026-06-12T23:56:01.905Z,2026-06-12T23:56:01.905Z,75.350000,,,,,0,0,55000000000000000000000000000000,,success,0x425734a7fd13E9994b66a7909206007A1EF7030B
1510,sophie_germain_primes,🔐 Sophie Germain Primes - Dual Prime Stabilizers,general,general,Parametric surface,formula_sync,0.8,"general, UUON, parametric surface",/shapes/sophie-germain-primes,t,2026-06-12T23:56:01.905Z,2026-06-12T23:56:01.905Z,75.350000,,,,,0,0,55000000000000000000000000000000,,success,0x425734a7fd13E9994b66a7909206007A1EF7030B
1512,pell_numbers,🔷 Pell Numbers - √2 Diagonal Lattice,general,general,Parametric surface,formula_sync,0.8,"general, UUON, parametric surface",/shapes/pell-numbers,t,2026-06-12T23:56:01.905Z,2026-06-12T23:56:01.905Z,75.350000,,,,,0,0,55000000000000000000000000000000,,success,0x425734a7fd13E9994b66a7909206007A1EF7030B
1514,harmonic_engine_constant,⚡ 6.6 Harmonic Engine - Universal Metaconstant,general,general,Parametric surface,formula_sync,0.8,"general, UUON, parametric surface",/shapes/harmonic-engine-constant,t,2026-06-12T23:56:01.905Z,2026-06-12T23:56:01.905Z,75.350000,,,,,0,0,55000000000000000000000000000000,,success,0x425734a7fd13E9994b66a7909206007A1EF7030B
1516,square_numbers,⬜ Square Numbers - S(n) = n²,general,general,Parametric surface,formula_sync,0.8,"general, UUON, parametric surface",/shapes/square-numbers,t,2026-06-12T23:56:01.905Z,2026-06-12T23:56:01.905Z,75.350000,,,,,0,0,55000000000000000000000000000000,,success,0x425734a7fd13E9994b66a7909206007A1EF7030B
1518,hexagonal_numbers,⬡ Hexagonal Numbers - H(n) = n(2n-1),general,general,Parametric surface,formula_sync,0.8,"general, UUON, parametric surface",/shapes/hexagonal-numbers,t,2026-06-12T23:56:01.905Z,2026-06-12T23:56:01.905Z,75.350000,,,,,0,0,55000000000000000000000000000000,,success,0x425734a7fd13E9994b66a7909206007A1EF7030B
1520,octahedral_numbers,💎 Octahedral Numbers - Oct(n) = n(2n²+1)/3,general,general,Parametric surface,formula_sync,0.8,"general, UUON, parametric surface",/shapes/octahedral-numbers,t,2026-06-12T23:56:01.905Z,2026-06-12T23:56:01.905Z,75.350000,,,,,0,0,55000000000000000000000000000000,,success,0x425734a7fd13E9994b66a7909206007A1EF7030B
1522,repunit_square_identity,🔲 Repunit Square - 111...1² = 123...n...321,general,general,Parametric surface,formula_sync,0.8,"general, UUON, parametric surface",/shapes/repunit-square-identity,t,2026-06-12T23:56:01.905Z,2026-06-12T23:56:01.905Z,75.350000,,,,,0,0,55000000000000000000000000000000,,success,0x425734a7fd13E9994b66a7909206007A1EF7030B
1524,digital_root,🔢 Digital Root - dr(n) = 1 + (n-1) mod 9,general,general,Parametric surface,formula_sync,0.8,"general, UUON, parametric surface",/shapes/digital-root,t,2026-06-12T23:56:01.905Z,2026-06-12T23:56:01.905Z,75.350000,,,,,0,0,55000000000000000000000000000000,,success,0x425734a7fd13E9994b66a7909206007A1EF7030B
1526,armstrong_numbers,💪 Armstrong Numbers - Self-Sum-of-Powers,general,general,Parametric surface,formula_sync,0.8,"general, UUON, parametric surface",/shapes/armstrong-numbers,t,2026-06-12T23:56:01.905Z,2026-06-12T23:56:01.905Z,75.350000,,,,,0,0,55000000000000000000000000000000,,success,0x425734a7fd13E9994b66a7909206007A1EF7030B
1528,recaman_sequence,🎵 Recamán Sequence - Harmonic Leap Arches,general,general,Parametric surface,formula_sync,0.8,"general, UUON, parametric surface",/shapes/recaman-sequence,t,2026-06-12T23:56:01.905Z,2026-06-12T23:56:01.905Z,75.350000,,,,,0,0,55000000000000000000000000000000,,success,0x425734a7fd13E9994b66a7909206007A1EF7030B
1530,thue_morse,📊 Thue-Morse - Bitwise Symmetric Texture,general,general,Parametric surface,formula_sync,0.8,"general, UUON, parametric surface",/shapes/thue-morse,t,2026-06-12T23:56:01.905Z,2026-06-12T23:56:01.905Z,75.350000,,,,,0,0,55000000000000000000000000000000,,success,0x425734a7fd13E9994b66a7909206007A1EF7030B
1532,rudin_shapiro,📉 Rudin-Shapiro - Anti-Correlated Fractal,general,general,Parametric surface,formula_sync,0.8,"general, UUON, parametric surface",/shapes/rudin-shapiro,t,2026-06-12T23:56:01.905Z,2026-06-12T23:56:01.905Z,75.350000,,,,,0,0,55000000000000000000000000000000,,success,0x425734a7fd13E9994b66a7909206007A1EF7030B
1534,modular_cycles,🔄 Modular Cycles - n mod m Loops,general,general,Parametric surface,formula_sync,0.8,"general, UUON, parametric surface",/shapes/modular-cycles,t,2026-06-12T23:56:08.473Z,2026-06-12T23:56:08.473Z,75.350000,,,,,0,0,55000000000000000000000000000000,,success,0x425734a7fd13E9994b66a7909206007A1EF7030B
1536,mersenne_form,⚡ Mersenne Form - 2ⁿ - 1 Binary Burst,general,general,Parametric surface,formula_sync,0.8,"general, UUON, parametric surface",/shapes/mersenne-form,t,2026-06-12T23:56:08.473Z,2026-06-12T23:56:08.473Z,75.350000,,,,,0,0,55000000000000000000000000000000,,success,0x425734a7fd13E9994b66a7909206007A1EF7030B
1538,logarithmic_spiral_pattern,🌀 Logarithmic Spiral Pattern - r = e^(kθ),general,general,Parametric surface,formula_sync,0.8,"general, UUON, parametric surface",/shapes/logarithmic-spiral-pattern,t,2026-06-12T23:56:08.473Z,2026-06-12T23:56:08.473Z,75.350000,,,,,0,0,55000000000000000000000000000000,,success,0x425734a7fd13E9994b66a7909206007A1EF7030B
1540,partition_function,🧩 Partition Function - p(n) Integer Sums,general,general,Parametric surface,formula_sync,0.8,"general, UUON, parametric surface",/shapes/partition-function,t,2026-06-12T23:56:08.473Z,2026-06-12T23:56:08.473Z,75.350000,,,,,0,0,55000000000000000000000000000000,,success,0x425734a7fd13E9994b66a7909206007A1EF7030B
1542,polytope_coordinates,🔷 Polytope Coordinates - n-Dimensional Vectors,general,general,Parametric surface,formula_sync,0.8,"general, UUON, parametric surface",/shapes/polytope-coordinates,t,2026-06-12T23:56:08.473Z,2026-06-12T23:56:08.473Z,75.350000,,,,,0,0,55000000000000000000000000000000,,success,0x425734a7fd13E9994b66a7909206007A1EF7030B
1544,binary_repunits,🔢 Binary Repunits - 111...1₂ = 2ⁿ - 1,general,general,Parametric surface,formula_sync,0.8,"general, UUON, parametric surface",/shapes/binary-repunits,t,2026-06-12T23:56:08.473Z,2026-06-12T23:56:08.473Z,75.350000,,,,,0,0,55000000000000000000000000000000,,success,0x425734a7fd13E9994b66a7909206007A1EF7030B
1546,uuon_emergent_noise_field,🌊 UUON Emergent Noise Field,general,general,Parametric surface,formula_sync,0.8,"general, UUON, parametric surface",/shapes/uuon-emergent-noise-field,t,2026-06-12T23:56:08.473Z,2026-06-12T23:56:08.473Z,75.350000,,,,,0,0,55000000000000000000000000000000,,success,0x425734a7fd13E9994b66a7909206007A1EF7030B
2127,alchemy_lye,🧪 Lye,general,general,Parametric surface,formula_sync,0.8,"general, UUON, parametric surface",/shapes/alchemy-lye,t,2026-06-12T23:56:41.248Z,2026-06-12T23:56:41.248Z,75.350000,,,,,0,0,55000000000000000000000000000000,,success,0x425734a7fd13E9994b66a7909206007A1EF7030B
1548,uuon_curvature_flow,🌀 UUON Curvature Flow Manifold,general,general,Parametric surface,formula_sync,0.8,"general, UUON, parametric surface",/shapes/uuon-curvature-flow,t,2026-06-12T23:56:08.473Z,2026-06-12T23:56:08.473Z,75.350000,,,,,0,0,55000000000000000000000000000000,,success,0x425734a7fd13E9994b66a7909206007A1EF7030B
1539,pi_circle_lattice,🥧 Pi Circle Lattice - C = 2πr,general,general,Parametric surface,formula_sync,0.8,"general, UUON, parametric surface",/shapes/pi-circle-lattice,t,2026-06-12T23:56:08.473Z,2026-06-12T23:56:08.473Z,75.350000,,,,,0,0,55000000000000000000000000000000,,success,0x425734a7fd13E9994b66a7909206007A1EF7030B
1541,knot_invariants,🪢 Knot Invariants - Crossing Patterns,general,general,Parametric surface,formula_sync,0.8,"general, UUON, parametric surface",/shapes/knot-invariants,t,2026-06-12T23:56:08.473Z,2026-06-12T23:56:08.473Z,75.350000,,,,,0,0,55000000000000000000000000000000,,success,0x425734a7fd13E9994b66a7909206007A1EF7030B
1543,gray_code,🔀 Gray Code - G(n) = n ⊕ (n>>1),general,general,Parametric surface,formula_sync,0.8,"general, UUON, parametric surface",/shapes/gray-code,t,2026-06-12T23:56:08.473Z,2026-06-12T23:56:08.473Z,75.350000,,,,,0,0,55000000000000000000000000000000,,success,0x425734a7fd13E9994b66a7909206007A1EF7030B
1545,xor_maps,⊕ XOR Maps - f(n) = n ⊕ k,general,general,Parametric surface,formula_sync,0.8,"general, UUON, parametric surface",/shapes/xor-maps,t,2026-06-12T23:56:08.473Z,2026-06-12T23:56:08.473Z,75.350000,,,,,0,0,55000000000000000000000000000000,,success,0x425734a7fd13E9994b66a7909206007A1EF7030B
1547,uuon_harmonic_shell,🔔 UUON Harmonic Interference Shell,general,general,Parametric surface,formula_sync,0.8,"general, UUON, parametric surface",/shapes/uuon-harmonic-shell,t,2026-06-12T23:56:08.473Z,2026-06-12T23:56:08.473Z,75.350000,,,,,0,0,55000000000000000000000000000000,,success,0x425734a7fd13E9994b66a7909206007A1EF7030B
1549,uuon_symmetry_lattice,💠 UUON Symmetry Emergence Lattice,general,general,Parametric surface,formula_sync,0.8,"general, UUON, parametric surface",/shapes/uuon-symmetry-lattice,t,2026-06-12T23:56:08.473Z,2026-06-12T23:56:08.473Z,75.350000,,,,,0,0,55000000000000000000000000000000,,success,0x425734a7fd13E9994b66a7909206007A1EF7030B
1551,uuon_interference_membrane,〰️ UUON Interference Pattern Membrane,general,general,Parametric surface,formula_sync,0.8,"general, UUON, parametric surface",/shapes/uuon-interference-membrane,t,2026-06-12T23:56:08.473Z,2026-06-12T23:56:08.473Z,75.350000,,,,,0,0,55000000000000000000000000000000,,success,0x425734a7fd13E9994b66a7909206007A1EF7030B
1553,uuon_dimension_fold,📐 UUON Dimension Fold Surface,general,general,Parametric surface,formula_sync,0.8,"general, UUON, parametric surface",/shapes/uuon-dimension-fold,t,2026-06-12T23:56:08.473Z,2026-06-12T23:56:08.473Z,75.350000,,,,,0,0,55000000000000000000000000000000,,success,0x425734a7fd13E9994b66a7909206007A1EF7030B
1555,uuon_perceptual_threshold,👁️ UUON Perceptual Threshold Mesh,general,general,Parametric surface,formula_sync,0.8,"general, UUON, parametric surface",/shapes/uuon-perceptual-threshold,t,2026-06-12T23:56:08.473Z,2026-06-12T23:56:08.473Z,75.350000,,,,,0,0,55000000000000000000000000000000,,success,0x425734a7fd13E9994b66a7909206007A1EF7030B
1557,uuon_resonance_cavity,🔊 UUON Resonance Cavity,general,general,Parametric surface,formula_sync,0.8,"general, UUON, parametric surface",/shapes/uuon-resonance-cavity,t,2026-06-12T23:56:08.473Z,2026-06-12T23:56:08.473Z,75.350000,,,,,0,0,55000000000000000000000000000000,,success,0x425734a7fd13E9994b66a7909206007A1EF7030B
1559,pythagorean_harmony_shell,Pythagorean Harmony Shell,harmonic,harmonic,Parametric surface,formula_sync,0.8,"harmonic, UUON, parametric surface",/shapes/pythagorean-harmony-shell,t,2026-06-12T23:56:08.473Z,2026-06-12T23:56:08.473Z,75.350000,,,,,0,0,55000000000000000000000000000000,,success,0x425734a7fd13E9994b66a7909206007A1EF7030B
1561,symphony_wave_orchestration,Symphony Wave Orchestration,harmonic,harmonic,Parametric surface,formula_sync,0.8,"harmonic, UUON, parametric surface",/shapes/symphony-wave-orchestration,t,2026-06-12T23:56:08.473Z,2026-06-12T23:56:08.473Z,75.350000,,,,,0,0,55000000000000000000000000000000,,success,0x425734a7fd13E9994b66a7909206007A1EF7030B
1563,crescendo_diminuendo_surface,Crescendo Diminuendo Surface,general,general,Parametric surface,formula_sync,0.8,"general, UUON, parametric surface",/shapes/crescendo-diminuendo-surface,t,2026-06-12T23:56:08.473Z,2026-06-12T23:56:08.473Z,75.350000,,,,,0,0,55000000000000000000000000000000,,success,0x425734a7fd13E9994b66a7909206007A1EF7030B
1565,standing_wave_resonator,Standing Wave Resonator,general,general,Parametric surface,formula_sync,0.8,"general, UUON, parametric surface",/shapes/standing-wave-resonator,t,2026-06-12T23:56:08.473Z,2026-06-12T23:56:08.473Z,75.350000,,,,,0,0,55000000000000000000000000000000,,success,0x425734a7fd13E9994b66a7909206007A1EF7030B
1567,sphere_to_torus_morph,Sphere to Torus Morph,topology,topology,Parametric surface,formula_sync,0.8,"topology, UUON, parametric surface",/shapes/sphere-to-torus-morph,t,2026-06-12T23:56:08.473Z,2026-06-12T23:56:08.473Z,75.350000,,,,,0,0,55000000000000000000000000000000,,success,0x425734a7fd13E9994b66a7909206007A1EF7030B
1569,wave_to_calm_morph,Wave to Calm Morph,general,general,Parametric surface,formula_sync,0.8,"general, UUON, parametric surface",/shapes/wave-to-calm-morph,t,2026-06-12T23:56:08.473Z,2026-06-12T23:56:08.473Z,75.350000,,,,,0,0,55000000000000000000000000000000,,success,0x425734a7fd13E9994b66a7909206007A1EF7030B
1571,tesseract_4d_wireframe,Tesseract 4D Wireframe,medical,medical,Parametric surface,formula_sync,0.8,"medical, UUON, parametric surface",/shapes/tesseract-4d-wireframe,t,2026-06-12T23:56:08.473Z,2026-06-12T23:56:08.473Z,75.350000,,,,,0,0,55000000000000000000000000000000,,success,0x425734a7fd13E9994b66a7909206007A1EF7030B
1573,hypercube_rotation_4d,Hypercube Rotation 4D,hyperdimensional,hyperdimensional,Parametric surface,formula_sync,0.8,"hyperdimensional, UUON, parametric surface",/shapes/hypercube-rotation-4d,t,2026-06-12T23:56:08.473Z,2026-06-12T23:56:08.473Z,75.350000,,,,,0,0,55000000000000000000000000000000,,success,0x425734a7fd13E9994b66a7909206007A1EF7030B
1575,newton_cooling_curve,Newton Cooling Curve,engineering,engineering,Parametric surface,formula_sync,0.8,"engineering, UUON, parametric surface",/shapes/newton-cooling-curve,t,2026-06-12T23:56:08.473Z,2026-06-12T23:56:08.473Z,75.350000,,,,,0,0,55000000000000000000000000000000,,success,0x425734a7fd13E9994b66a7909206007A1EF7030B
1577,bohr_atom_shell,Bohr Atom Shell,general,general,Parametric surface,formula_sync,0.8,"general, UUON, parametric surface",/shapes/bohr-atom-shell,t,2026-06-12T23:56:08.473Z,2026-06-12T23:56:08.473Z,75.350000,,,,,0,0,55000000000000000000000000000000,,success,0x425734a7fd13E9994b66a7909206007A1EF7030B
1579,electron_probability_cloud,Electron Probability Cloud,physics,physics,Parametric surface,formula_sync,0.8,"physics, UUON, parametric surface",/shapes/electron-probability-cloud,t,2026-06-12T23:56:08.473Z,2026-06-12T23:56:08.473Z,75.350000,,,,,0,0,55000000000000000000000000000000,,success,0x425734a7fd13E9994b66a7909206007A1EF7030B
1581,p_orbital,P Orbital (l=1),general,general,Parametric surface,formula_sync,0.8,"general, UUON, parametric surface",/shapes/p-orbital,t,2026-06-12T23:56:08.473Z,2026-06-12T23:56:08.473Z,75.350000,,,,,0,0,55000000000000000000000000000000,,success,0x425734a7fd13E9994b66a7909206007A1EF7030B
1583,f_orbital,F Orbital (l=3),general,general,Parametric surface,formula_sync,0.8,"general, UUON, parametric surface",/shapes/f-orbital,t,2026-06-12T23:56:08.473Z,2026-06-12T23:56:08.473Z,75.350000,,,,,0,0,55000000000000000000000000000000,,success,0x425734a7fd13E9994b66a7909206007A1EF7030B
1589,electron_density_field,Electron Density Field,physics,physics,Parametric surface,formula_sync,0.8,"physics, UUON, parametric surface",/shapes/electron-density-field,t,2026-06-12T23:56:08.473Z,2026-06-12T23:56:08.473Z,75.350000,,,,,0,0,55000000000000000000000000000000,,success,0x425734a7fd13E9994b66a7909206007A1EF7030B
1591,electron_spin_surface,Electron Spin Surface,physics,physics,Parametric surface,formula_sync,0.8,"physics, UUON, parametric surface",/shapes/electron-spin-surface,t,2026-06-12T23:56:08.473Z,2026-06-12T23:56:08.473Z,75.350000,,,,,0,0,55000000000000000000000000000000,,success,0x425734a7fd13E9994b66a7909206007A1EF7030B
1593,aufbau_orbital_filling,Aufbau Orbital Filling,general,general,Parametric surface,formula_sync,0.8,"general, UUON, parametric surface",/shapes/aufbau-orbital-filling,t,2026-06-12T23:56:08.473Z,2026-06-12T23:56:08.473Z,75.350000,,,,,0,0,55000000000000000000000000000000,,success,0x425734a7fd13E9994b66a7909206007A1EF7030B
1595,metallic_bond_sea,Metallic Bond Sea,general,general,Parametric surface,formula_sync,0.8,"general, UUON, parametric surface",/shapes/metallic-bond-sea,t,2026-06-12T23:56:08.473Z,2026-06-12T23:56:08.473Z,75.350000,,,,,0,0,55000000000000000000000000000000,,success,0x425734a7fd13E9994b66a7909206007A1EF7030B
1597,molecular_orbital_antibonding,Antibonding Molecular Orbital,general,general,Parametric surface,formula_sync,0.8,"general, UUON, parametric surface",/shapes/molecular-orbital-antibonding,t,2026-06-12T23:56:08.473Z,2026-06-12T23:56:08.473Z,75.350000,,,,,0,0,55000000000000000000000000000000,,success,0x425734a7fd13E9994b66a7909206007A1EF7030B
1599,gortyn_code_tablet,🏛️ Gortyn Code (450 BCE) - Ancient Legal Inscription,general,general,Parametric surface,formula_sync,0.8,"general, UUON, parametric surface",/shapes/gortyn-code-tablet,t,2026-06-12T23:56:08.473Z,2026-06-12T23:56:08.473Z,75.350000,,,,,0,0,55000000000000000000000000000000,,success,0x425734a7fd13E9994b66a7909206007A1EF7030B
1601,toe_quantum_gravity_interface,⚛️ Quantum-Gravity Interface: Planck Scale Unification,physics,physics,Parametric surface,formula_sync,0.8,"physics, UUON, parametric surface",/shapes/toe-quantum-gravity-interface,t,2026-06-12T23:56:08.473Z,2026-06-12T23:56:08.473Z,75.350000,,,,,0,0,55000000000000000000000000000000,,success,0x425734a7fd13E9994b66a7909206007A1EF7030B
1550,uuon_organic_emergence,🧬 UUON Organic Emergence Surface,general,general,Parametric surface,formula_sync,0.8,"general, UUON, parametric surface",/shapes/uuon-organic-emergence,t,2026-06-12T23:56:08.473Z,2026-06-12T23:56:08.473Z,75.350000,,,,,0,0,55000000000000000000000000000000,,success,0x425734a7fd13E9994b66a7909206007A1EF7030B
1552,uuon_morphological_attractor,🎯 UUON Morphological Attractor,general,general,Parametric surface,formula_sync,0.8,"general, UUON, parametric surface",/shapes/uuon-morphological-attractor,t,2026-06-12T23:56:08.473Z,2026-06-12T23:56:08.473Z,75.350000,,,,,0,0,55000000000000000000000000000000,,success,0x425734a7fd13E9994b66a7909206007A1EF7030B
1554,uuon_fractal_bloom,🌸 UUON Fractal Noise Bloom,fractal,fractal,Parametric surface,formula_sync,0.8,"fractal, UUON, parametric surface",/shapes/uuon-fractal-bloom,t,2026-06-12T23:56:08.473Z,2026-06-12T23:56:08.473Z,75.350000,,,,,0,0,55000000000000000000000000000000,,success,0x425734a7fd13E9994b66a7909206007A1EF7030B
1556,uuon_coherence_field,✨ UUON Coherence Field,general,general,Parametric surface,formula_sync,0.8,"general, UUON, parametric surface",/shapes/uuon-coherence-field,t,2026-06-12T23:56:08.473Z,2026-06-12T23:56:08.473Z,75.350000,,,,,0,0,55000000000000000000000000000000,,success,0x425734a7fd13E9994b66a7909206007A1EF7030B
1558,harmonic_resonance_surface,Harmonic Resonance Surface,general,general,Parametric surface,formula_sync,0.8,"general, UUON, parametric surface",/shapes/harmonic-resonance-surface,t,2026-06-12T23:56:08.473Z,2026-06-12T23:56:08.473Z,75.350000,,,,,0,0,55000000000000000000000000000000,,success,0x425734a7fd13E9994b66a7909206007A1EF7030B
1560,golden_harmonic_spiral,Golden Harmonic Spiral,general,general,Parametric surface,formula_sync,0.8,"general, UUON, parametric surface",/shapes/golden-harmonic-spiral,t,2026-06-12T23:56:08.473Z,2026-06-12T23:56:08.473Z,75.350000,,,,,0,0,55000000000000000000000000000000,,success,0x425734a7fd13E9994b66a7909206007A1EF7030B
1562,polyphonic_surface,Polyphonic Surface,general,general,Parametric surface,formula_sync,0.8,"general, UUON, parametric surface",/shapes/polyphonic-surface,t,2026-06-12T23:56:08.473Z,2026-06-12T23:56:08.473Z,75.350000,,,,,0,0,55000000000000000000000000000000,,success,0x425734a7fd13E9994b66a7909206007A1EF7030B
1564,wave_superposition_field,Wave Superposition Field,general,general,Parametric surface,formula_sync,0.8,"general, UUON, parametric surface",/shapes/wave-superposition-field,t,2026-06-12T23:56:08.473Z,2026-06-12T23:56:08.473Z,75.350000,,,,,0,0,55000000000000000000000000000000,,success,0x425734a7fd13E9994b66a7909206007A1EF7030B
1566,doppler_wave_surface,Doppler Wave Surface,general,general,Parametric surface,formula_sync,0.8,"general, UUON, parametric surface",/shapes/doppler-wave-surface,t,2026-06-12T23:56:08.473Z,2026-06-12T23:56:08.473Z,75.350000,,,,,0,0,55000000000000000000000000000000,,success,0x425734a7fd13E9994b66a7909206007A1EF7030B
1568,cube_to_sphere_morph,Cube to Sphere Morph,general,general,Parametric surface,formula_sync,0.8,"general, UUON, parametric surface",/shapes/cube-to-sphere-morph,t,2026-06-12T23:56:08.473Z,2026-06-12T23:56:08.473Z,75.350000,,,,,0,0,55000000000000000000000000000000,,success,0x425734a7fd13E9994b66a7909206007A1EF7030B
1570,hypersphere_4d_projection,Hypersphere 4D Projection,hyperdimensional,hyperdimensional,Parametric surface,formula_sync,0.8,"hyperdimensional, UUON, parametric surface",/shapes/hypersphere-4d-projection,t,2026-06-12T23:56:08.473Z,2026-06-12T23:56:08.473Z,75.350000,,,,,0,0,55000000000000000000000000000000,,success,0x425734a7fd13E9994b66a7909206007A1EF7030B
1572,klein_bottle_4d_harmony,Klein Bottle 4D Harmony,topology,topology,Parametric surface,formula_sync,0.8,"topology, UUON, parametric surface",/shapes/klein-bottle-4d-harmony,t,2026-06-12T23:56:08.473Z,2026-06-12T23:56:08.473Z,75.350000,,,,,0,0,55000000000000000000000000000000,,success,0x425734a7fd13E9994b66a7909206007A1EF7030B
1574,heat_diffusion_surface,Heat Diffusion Surface,general,general,Parametric surface,formula_sync,0.8,"general, UUON, parametric surface",/shapes/heat-diffusion-surface,t,2026-06-12T23:56:08.473Z,2026-06-12T23:56:08.473Z,75.350000,,,,,0,0,55000000000000000000000000000000,,success,0x425734a7fd13E9994b66a7909206007A1EF7030B
1576,entropy_flow_surface,Entropy Flow Surface,general,general,Parametric surface,formula_sync,0.8,"general, UUON, parametric surface",/shapes/entropy-flow-surface,t,2026-06-12T23:56:08.473Z,2026-06-12T23:56:08.473Z,75.350000,,,,,0,0,55000000000000000000000000000000,,success,0x425734a7fd13E9994b66a7909206007A1EF7030B
1584,hybrid_sp3_orbital,SP3 Hybrid Orbital,general,general,Parametric surface,formula_sync,0.8,"general, UUON, parametric surface",/shapes/hybrid-sp3-orbital,t,2026-06-12T23:56:08.473Z,2026-06-12T23:56:08.473Z,75.350000,,,,,0,0,55000000000000000000000000000000,,success,0x425734a7fd13E9994b66a7909206007A1EF7030B
1586,sigma_bond_surface,Sigma Bond Surface,general,general,Parametric surface,formula_sync,0.8,"general, UUON, parametric surface",/shapes/sigma-bond-surface,t,2026-06-12T23:56:08.473Z,2026-06-12T23:56:08.473Z,75.350000,,,,,0,0,55000000000000000000000000000000,,success,0x425734a7fd13E9994b66a7909206007A1EF7030B
1588,covalent_bond_cloud,Covalent Bond Cloud,general,general,Parametric surface,formula_sync,0.8,"general, UUON, parametric surface",/shapes/covalent-bond-cloud,t,2026-06-12T23:56:08.473Z,2026-06-12T23:56:08.473Z,75.350000,,,,,0,0,55000000000000000000000000000000,,success,0x425734a7fd13E9994b66a7909206007A1EF7030B
1592,pauli_exclusion_shell,Pauli Exclusion Shell,general,general,Parametric surface,formula_sync,0.8,"general, UUON, parametric surface",/shapes/pauli-exclusion-shell,t,2026-06-12T23:56:08.473Z,2026-06-12T23:56:08.473Z,75.350000,,,,,0,0,55000000000000000000000000000000,,success,0x425734a7fd13E9994b66a7909206007A1EF7030B
1594,ionic_bond_field,Ionic Bond Field,general,general,Parametric surface,formula_sync,0.8,"general, UUON, parametric surface",/shapes/ionic-bond-field,t,2026-06-12T23:56:08.473Z,2026-06-12T23:56:08.473Z,75.350000,,,,,0,0,55000000000000000000000000000000,,success,0x425734a7fd13E9994b66a7909206007A1EF7030B
1596,hydrogen_bond_bridge,Hydrogen Bond Bridge,general,general,Parametric surface,formula_sync,0.8,"general, UUON, parametric surface",/shapes/hydrogen-bond-bridge,t,2026-06-12T23:56:08.473Z,2026-06-12T23:56:08.473Z,75.350000,,,,,0,0,55000000000000000000000000000000,,success,0x425734a7fd13E9994b66a7909206007A1EF7030B
1598,boustrophedon_pattern,📜 Boustrophedon (5th C. BCE) - Ox-Turn Writing Pattern,general,general,Parametric surface,formula_sync,0.8,"general, UUON, parametric surface",/shapes/boustrophedon-pattern,t,2026-06-12T23:56:08.473Z,2026-06-12T23:56:08.473Z,75.350000,,,,,0,0,55000000000000000000000000000000,,success,0x425734a7fd13E9994b66a7909206007A1EF7030B
1600,toe_unified_field_manifold,🌌 Theory of Everything: Unified Field Manifold,general,general,Parametric surface,formula_sync,0.8,"general, UUON, parametric surface",/shapes/toe-unified-field-manifold,t,2026-06-12T23:56:08.473Z,2026-06-12T23:56:08.473Z,75.350000,,,,,0,0,55000000000000000000000000000000,,success,0x425734a7fd13E9994b66a7909206007A1EF7030B
1602,toe_four_forces_mandala,🔮 Four Forces Mandala: Gravity + EM + Weak + Strong,general,general,Parametric surface,formula_sync,0.8,"general, UUON, parametric surface",/shapes/toe-four-forces-mandala,t,2026-06-12T23:56:08.473Z,2026-06-12T23:56:08.473Z,75.350000,,,,,0,0,55000000000000000000000000000000,,success,0x425734a7fd13E9994b66a7909206007A1EF7030B
1604,toe_holographic_universe,📺 Holographic Universe: AdS/CFT Correspondence,general,general,Parametric surface,formula_sync,0.8,"general, UUON, parametric surface",/shapes/toe-holographic-universe,t,2026-06-12T23:56:08.473Z,2026-06-12T23:56:08.473Z,75.350000,,,,,0,0,55000000000000000000000000000000,,success,0x425734a7fd13E9994b66a7909206007A1EF7030B
1606,toe_grand_unified_gauge,🎯 Grand Unified Gauge: SU(5)/SO(10) Symmetry,general,general,Parametric surface,formula_sync,0.8,"general, UUON, parametric surface",/shapes/toe-grand-unified-gauge,t,2026-06-12T23:56:08.473Z,2026-06-12T23:56:08.473Z,75.350000,,,,,0,0,55000000000000000000000000000000,,success,0x425734a7fd13E9994b66a7909206007A1EF7030B
1582,d_orbital,D Orbital (l=2),general,general,Parametric surface,formula_sync,0.8,"general, UUON, parametric surface",/shapes/d-orbital,t,2026-06-12T23:56:08.473Z,2026-06-12T23:56:08.473Z,75.350000,,,,,0,0,55000000000000000000000000000000,,success,0x425734a7fd13E9994b66a7909206007A1EF7030B
1608,toe_vacuum_energy_cosmological,🌑 Vacuum Energy: Cosmological Constant Problem,general,general,Parametric surface,formula_sync,0.8,"general, UUON, parametric surface",/shapes/toe-vacuum-energy-cosmological,t,2026-06-12T23:56:08.473Z,2026-06-12T23:56:08.473Z,75.350000,,,,,0,0,55000000000000000000000000000000,,success,0x425734a7fd13E9994b66a7909206007A1EF7030B
1610,hexic_spirals,🌀 Hexic Spirals - z⁶ + c (6-fold symmetry),general,general,Parametric surface,formula_sync,0.8,"general, UUON, parametric surface",/shapes/hexic-spirals,t,2026-06-12T23:56:08.473Z,2026-06-12T23:56:08.473Z,75.350000,,,,,0,0,55000000000000000000000000000000,,success,0x425734a7fd13E9994b66a7909206007A1EF7030B
1612,octagonal_mandala,🔮 Octagonal Mandala - z⁸ + c (8-fold symmetry),general,general,Parametric surface,formula_sync,0.8,"general, UUON, parametric surface",/shapes/octagonal-mandala,t,2026-06-12T23:56:08.473Z,2026-06-12T23:56:08.473Z,75.350000,,,,,0,0,55000000000000000000000000000000,,success,0x425734a7fd13E9994b66a7909206007A1EF7030B
1603,toe_string_landscape_multiverse,🎻 String Landscape: 10^500 Vacua Multiverse,general,general,Parametric surface,formula_sync,0.8,"general, UUON, parametric surface",/shapes/toe-string-landscape-multiverse,t,2026-06-12T23:56:08.473Z,2026-06-12T23:56:08.473Z,75.350000,,,,,0,0,55000000000000000000000000000000,,success,0x425734a7fd13E9994b66a7909206007A1EF7030B
1605,toe_supersymmetry_partners,🔄 Supersymmetry: Boson-Fermion Partner Manifold,general,general,Parametric surface,formula_sync,0.8,"general, UUON, parametric surface",/shapes/toe-supersymmetry-partners,t,2026-06-12T23:56:08.473Z,2026-06-12T23:56:08.473Z,75.350000,,,,,0,0,55000000000000000000000000000000,,success,0x425734a7fd13E9994b66a7909206007A1EF7030B
1607,toe_information_entropy_cosmos,📊 Information-Entropy Cosmos: It from Bit,general,general,Parametric surface,formula_sync,0.8,"general, UUON, parametric surface",/shapes/toe-information-entropy-cosmos,t,2026-06-12T23:56:08.473Z,2026-06-12T23:56:08.473Z,75.350000,,,,,0,0,55000000000000000000000000000000,,success,0x425734a7fd13E9994b66a7909206007A1EF7030B
1609,toe_complete_universe_fabric,🌐 Complete Universe Fabric: All Systems United,general,general,Parametric surface,formula_sync,0.8,"general, UUON, parametric surface",/shapes/toe-complete-universe-fabric,t,2026-06-12T23:56:08.473Z,2026-06-12T23:56:08.473Z,75.350000,,,,,0,0,55000000000000000000000000000000,,success,0x425734a7fd13E9994b66a7909206007A1EF7030B
1611,septic_vortex,🌪️ Septic Vortex - z⁷ + c (7-fold asymmetric),general,general,Parametric surface,formula_sync,0.8,"general, UUON, parametric surface",/shapes/septic-vortex,t,2026-06-12T23:56:08.473Z,2026-06-12T23:56:08.473Z,75.350000,,,,,0,0,55000000000000000000000000000000,,success,0x425734a7fd13E9994b66a7909206007A1EF7030B
1613,wave_energy_hybrid,⚡ Wave Energy Hybrid - z² + sin(z) + eᶻ + c,general,general,Parametric surface,formula_sync,0.8,"general, UUON, parametric surface",/shapes/wave-energy-hybrid,t,2026-06-12T23:56:08.473Z,2026-06-12T23:56:08.473Z,75.350000,,,,,0,0,55000000000000000000000000000000,,success,0x425734a7fd13E9994b66a7909206007A1EF7030B
1615,crystal_flame_fusion,🔥 Crystal Flame Fusion - z⁵ + z·eᶻ + sinh(z) + c,general,general,Parametric surface,formula_sync,0.8,"general, UUON, parametric surface",/shapes/crystal-flame-fusion,t,2026-06-12T23:56:08.473Z,2026-06-12T23:56:08.473Z,75.350000,,,,,0,0,55000000000000000000000000000000,,success,0x425734a7fd13E9994b66a7909206007A1EF7030B
1617,parametric_line,📏 Line - Simplest Base Curve,general,general,Parametric surface,formula_sync,0.8,"general, UUON, parametric surface",/shapes/parametric-line,t,2026-06-12T23:56:08.473Z,2026-06-12T23:56:08.473Z,75.350000,,,,,0,0,55000000000000000000000000000000,,success,0x425734a7fd13E9994b66a7909206007A1EF7030B
1619,parametric_ellipse,🥚 Ellipse - Scaled Circle,general,general,Parametric surface,formula_sync,0.8,"general, UUON, parametric surface",/shapes/parametric-ellipse,t,2026-06-12T23:56:08.473Z,2026-06-12T23:56:08.473Z,75.350000,,,,,0,0,55000000000000000000000000000000,,success,0x425734a7fd13E9994b66a7909206007A1EF7030B
1621,logarithmic_spiral_curve,🐚 Logarithmic Spiral Curve - Golden Spiral Behavior,general,general,Parametric surface,formula_sync,0.8,"general, UUON, parametric surface",/shapes/logarithmic-spiral-curve,t,2026-06-12T23:56:08.473Z,2026-06-12T23:56:08.473Z,75.350000,,,,,0,0,55000000000000000000000000000000,,success,0x425734a7fd13E9994b66a7909206007A1EF7030B
1623,cycloid_surface,🎡 Cycloid Surface - Rolling Motion Geometry,general,general,Parametric surface,formula_sync,0.8,"general, UUON, parametric surface",/shapes/cycloid-surface,t,2026-06-12T23:56:08.473Z,2026-06-12T23:56:08.473Z,75.350000,,,,,0,0,55000000000000000000000000000000,,success,0x425734a7fd13E9994b66a7909206007A1EF7030B
1625,revolution_sphere,🌐 Sphere - Perfect Symmetry Surface,general,general,Parametric surface,formula_sync,0.8,"general, UUON, parametric surface",/shapes/revolution-sphere,t,2026-06-12T23:56:08.473Z,2026-06-12T23:56:08.473Z,75.350000,,,,,0,0,55000000000000000000000000000000,,success,0x425734a7fd13E9994b66a7909206007A1EF7030B
1627,revolution_cone,📐 Cone - Linear Taper Surface,general,general,Parametric surface,formula_sync,0.8,"general, UUON, parametric surface",/shapes/revolution-cone,t,2026-06-12T23:56:08.473Z,2026-06-12T23:56:08.473Z,75.350000,,,,,0,0,55000000000000000000000000000000,,success,0x425734a7fd13E9994b66a7909206007A1EF7030B
1629,revolution_hyperboloid,⏳ Hyperboloid - One Sheet Revolution,general,general,Parametric surface,formula_sync,0.8,"general, UUON, parametric surface",/shapes/revolution-hyperboloid,t,2026-06-12T23:56:08.473Z,2026-06-12T23:56:08.473Z,75.350000,,,,,0,0,55000000000000000000000000000000,,success,0x425734a7fd13E9994b66a7909206007A1EF7030B
1631,helical_sweep,🧬 Helical Sweep - Threads & Springs,general,general,Parametric surface,formula_sync,0.8,"general, UUON, parametric surface",/shapes/helical-sweep,t,2026-06-12T23:56:08.473Z,2026-06-12T23:56:08.473Z,75.350000,,,,,0,0,55000000000000000000000000000000,,success,0x425734a7fd13E9994b66a7909206007A1EF7030B
1633,loft_surface,🚗 Loft Surface - Smooth Profile Blend,general,general,Parametric surface,formula_sync,0.8,"general, UUON, parametric surface",/shapes/loft-surface,t,2026-06-12T23:56:08.473Z,2026-06-12T23:56:08.473Z,75.350000,,,,,0,0,55000000000000000000000000000000,,success,0x425734a7fd13E9994b66a7909206007A1EF7030B
1635,superellipse,🔷 Superellipse - Variable Curvature,general,general,Parametric surface,formula_sync,0.8,"general, UUON, parametric surface",/shapes/superellipse,t,2026-06-12T23:56:15.036Z,2026-06-12T23:56:15.036Z,75.350000,,,,,0,0,55000000000000000000000000000000,,success,0x425734a7fd13E9994b66a7909206007A1EF7030B
1637,gielis_superformula,🌿 Gielis Superformula - Biological Organic Shapes,general,general,Parametric surface,formula_sync,0.8,"general, UUON, parametric surface",/shapes/gielis-superformula,t,2026-06-12T23:56:15.036Z,2026-06-12T23:56:15.036Z,75.350000,,,,,0,0,55000000000000000000000000000000,,success,0x425734a7fd13E9994b66a7909206007A1EF7030B
1639,catenoid_minimal,🎺 Catenoid - Minimal Soap Film,minimal_surface,minimal_surface,Parametric surface,formula_sync,0.8,"minimal_surface, UUON, parametric surface",/shapes/catenoid-minimal,t,2026-06-12T23:56:15.036Z,2026-06-12T23:56:15.036Z,75.350000,,,,,0,0,55000000000000000000000000000000,,success,0x425734a7fd13E9994b66a7909206007A1EF7030B
2111,alchemy_philosophers_stone,🔴 Philosopher's Stone,general,general,Parametric surface,formula_sync,0.8,"general, UUON, parametric surface",/shapes/alchemy-philosophers-stone,t,2026-06-12T23:56:41.248Z,2026-06-12T23:56:41.248Z,75.350000,,,,,0,0,55000000000000000000000000000000,,success,0x425734a7fd13E9994b66a7909206007A1EF7030B
2113,alchemy_caduceus,⚕️ Caduceus,general,general,Parametric surface,formula_sync,0.8,"general, UUON, parametric surface",/shapes/alchemy-caduceus,t,2026-06-12T23:56:41.248Z,2026-06-12T23:56:41.248Z,75.350000,,,,,0,0,55000000000000000000000000000000,,success,0x425734a7fd13E9994b66a7909206007A1EF7030B
1641,enneper_minimal,🦋 Enneper Surface - Self-Intersecting Minimal,minimal_surface,minimal_surface,Parametric surface,formula_sync,0.8,"minimal_surface, UUON, parametric surface",/shapes/enneper-minimal,t,2026-06-12T23:56:15.036Z,2026-06-12T23:56:15.036Z,75.350000,,,,,0,0,55000000000000000000000000000000,,success,0x425734a7fd13E9994b66a7909206007A1EF7030B
1643,harmonic_plane,〰️ Harmonic Plane - Sinusoidal Surface,general,general,Parametric surface,formula_sync,0.8,"general, UUON, parametric surface",/shapes/harmonic-plane,t,2026-06-12T23:56:15.036Z,2026-06-12T23:56:15.036Z,75.350000,,,,,0,0,55000000000000000000000000000000,,success,0x425734a7fd13E9994b66a7909206007A1EF7030B
1645,spherical_harmonic,⚛️ Spherical Harmonic - Quantum Orbital Shape,general,general,Parametric surface,formula_sync,0.8,"general, UUON, parametric surface",/shapes/spherical-harmonic,t,2026-06-12T23:56:15.036Z,2026-06-12T23:56:15.036Z,75.350000,,,,,0,0,55000000000000000000000000000000,,success,0x425734a7fd13E9994b66a7909206007A1EF7030B
1647,ridged_fractal,⛰️ Ridged Fractal - Sharp Mountain Ridges,fractal,fractal,Parametric surface,formula_sync,0.8,"fractal, UUON, parametric surface",/shapes/ridged-fractal,t,2026-06-12T23:56:15.036Z,2026-06-12T23:56:15.036Z,75.350000,,,,,0,0,55000000000000000000000000000000,,success,0x425734a7fd13E9994b66a7909206007A1EF7030B
1649,mandelbulb_distance,🔮 Mandelbulb - 3D Fractal Distance Field,general,general,Parametric surface,formula_sync,0.8,"general, UUON, parametric surface",/shapes/mandelbulb-distance,t,2026-06-12T23:56:15.036Z,2026-06-12T23:56:15.036Z,75.350000,,,,,0,0,55000000000000000000000000000000,,success,0x425734a7fd13E9994b66a7909206007A1EF7030B
1651,klein_bottle_param,🍶 Klein Bottle - 4D Immersion,topology,topology,Parametric surface,formula_sync,0.8,"topology, UUON, parametric surface",/shapes/klein-bottle-param,t,2026-06-12T23:56:15.036Z,2026-06-12T23:56:15.036Z,75.350000,,,,,0,0,55000000000000000000000000000000,,success,0x425734a7fd13E9994b66a7909206007A1EF7030B
1653,portal_vortex,🌀 Portal Vortex - Phi Spiral Gateway,general,general,Parametric surface,formula_sync,0.8,"general, UUON, parametric surface",/shapes/portal-vortex,t,2026-06-12T23:56:15.036Z,2026-06-12T23:56:15.036Z,75.350000,,,,,0,0,55000000000000000000000000000000,,success,0x425734a7fd13E9994b66a7909206007A1EF7030B
1655,time_cross_field,✝️ Time-Shifted Cross-Field,general,general,Parametric surface,formula_sync,0.8,"general, UUON, parametric surface",/shapes/time-cross-field,t,2026-06-12T23:56:15.036Z,2026-06-12T23:56:15.036Z,75.350000,,,,,0,0,55000000000000000000000000000000,,success,0x425734a7fd13E9994b66a7909206007A1EF7030B
1657,golden_spiral_torus,🌊 Golden Spiral Torus,topology,topology,Parametric surface,formula_sync,0.8,"topology, UUON, parametric surface",/shapes/golden-spiral-torus,t,2026-06-12T23:56:15.036Z,2026-06-12T23:56:15.036Z,75.350000,,,,,0,0,55000000000000000000000000000000,,success,0x425734a7fd13E9994b66a7909206007A1EF7030B
1659,cellMembrane,Cell Membrane Bilayer,general,general,Parametric surface,formula_sync,0.8,"general, UUON, parametric surface",/shapes/cellmembrane,t,2026-06-12T23:56:15.036Z,2026-06-12T23:56:15.036Z,75.350000,,,,,0,0,55000000000000000000000000000000,,success,0x425734a7fd13E9994b66a7909206007A1EF7030B
1661,circular_disc,Mathematical Circular Disc,general,general,Parametric surface,formula_sync,0.8,"general, UUON, parametric surface",/shapes/circular-disc,t,2026-06-12T23:56:15.036Z,2026-06-12T23:56:15.036Z,75.350000,,,,,0,0,55000000000000000000000000000000,,success,0x425734a7fd13E9994b66a7909206007A1EF7030B
1663,spherical_computation_unit,Spherical Computation Unit,general,general,Parametric surface,formula_sync,0.8,"general, UUON, parametric surface",/shapes/spherical-computation-unit,t,2026-06-12T23:56:15.036Z,2026-06-12T23:56:15.036Z,75.350000,,,,,0,0,55000000000000000000000000000000,,success,0x425734a7fd13E9994b66a7909206007A1EF7030B
1614,spike_shell_armor,🦔 Spike Shell Armor - z³ + tan(z) + log(z²+1) + c,general,general,Parametric surface,formula_sync,0.8,"general, UUON, parametric surface",/shapes/spike-shell-armor,t,2026-06-12T23:56:08.473Z,2026-06-12T23:56:08.473Z,75.350000,,,,,0,0,55000000000000000000000000000000,,success,0x425734a7fd13E9994b66a7909206007A1EF7030B
1616,bio_organic_tissue,🧬 Bio-Organic Tissue - (z²+z³) + sin(z²) + e^(z/2) + c,general,general,Parametric surface,formula_sync,0.8,"general, UUON, parametric surface",/shapes/bio-organic-tissue,t,2026-06-12T23:56:08.473Z,2026-06-12T23:56:08.473Z,75.350000,,,,,0,0,55000000000000000000000000000000,,success,0x425734a7fd13E9994b66a7909206007A1EF7030B
1618,parametric_circle,⭕ Circle - Perfect Radial Symmetry,general,general,Parametric surface,formula_sync,0.8,"general, UUON, parametric surface",/shapes/parametric-circle,t,2026-06-12T23:56:08.473Z,2026-06-12T23:56:08.473Z,75.350000,,,,,0,0,55000000000000000000000000000000,,success,0x425734a7fd13E9994b66a7909206007A1EF7030B
1620,archimedean_spiral,🌀 Archimedean Spiral - Evenly Expanding,general,general,Parametric surface,formula_sync,0.8,"general, UUON, parametric surface",/shapes/archimedean-spiral,t,2026-06-12T23:56:08.473Z,2026-06-12T23:56:08.473Z,75.350000,,,,,0,0,55000000000000000000000000000000,,success,0x425734a7fd13E9994b66a7909206007A1EF7030B
1622,lissajous_surface,∞ Lissajous Surface - Wave Interference Pattern,general,general,Parametric surface,formula_sync,0.8,"general, UUON, parametric surface",/shapes/lissajous-surface,t,2026-06-12T23:56:08.473Z,2026-06-12T23:56:08.473Z,75.350000,,,,,0,0,55000000000000000000000000000000,,success,0x425734a7fd13E9994b66a7909206007A1EF7030B
1624,trochoid_surface,⚙️ Trochoid Surface - Extended Rolling Geometry,general,general,Parametric surface,formula_sync,0.8,"general, UUON, parametric surface",/shapes/trochoid-surface,t,2026-06-12T23:56:08.473Z,2026-06-12T23:56:08.473Z,75.350000,,,,,0,0,55000000000000000000000000000000,,success,0x425734a7fd13E9994b66a7909206007A1EF7030B
1626,revolution_torus,🍩 Torus - Donut Loop Topology,topology,topology,Parametric surface,formula_sync,0.8,"topology, UUON, parametric surface",/shapes/revolution-torus,t,2026-06-12T23:56:08.473Z,2026-06-12T23:56:08.473Z,75.350000,,,,,0,0,55000000000000000000000000000000,,success,0x425734a7fd13E9994b66a7909206007A1EF7030B
1628,revolution_paraboloid,📡 Paraboloid - Parabolic Revolution,general,general,Parametric surface,formula_sync,0.8,"general, UUON, parametric surface",/shapes/revolution-paraboloid,t,2026-06-12T23:56:08.473Z,2026-06-12T23:56:08.473Z,75.350000,,,,,0,0,55000000000000000000000000000000,,success,0x425734a7fd13E9994b66a7909206007A1EF7030B
1,yeganeh-eagle,Yeganeh Eagle,mathematical-art,Mathematical Art,Yeganeh Eagle - Mathematical Art mathematical visualization,frontend,0.8,"Yeganeh Eagle, Mathematical Art, mathematical visualization, 3D geometry, parametric surface",/shape/yeganeh-eagle,t,2025-12-04T10:34:40.589Z,2025-12-04T10:34:40.589Z,75.350000,,,,,0,0,55000000000000000000000000000000,,success,0x425734a7fd13E9994b66a7909206007A1EF7030B
2,babylonian_aries_hired_man,Babylonian Aries Hired Man,babylonian-zodiac,Babylonian Zodiac,Babylonian Aries Hired Man - Babylonian Zodiac mathematical visualization,frontend,0.8,"Babylonian Aries Hired Man, Babylonian Zodiac, mathematical visualization, 3D geometry, parametric surface",/shape/babylonian_aries_hired_man,t,2025-12-04T10:34:40.589Z,2025-12-04T10:34:40.589Z,75.350000,,,,,0,0,55000000000000000000000000000000,,success,0x425734a7fd13E9994b66a7909206007A1EF7030B
3,babylonian_taurus_bull_of_heaven,Babylonian Taurus Bull Of Heaven,babylonian-zodiac,Babylonian Zodiac,Babylonian Taurus Bull Of Heaven - Babylonian Zodiac mathematical visualization,frontend,0.8,"Babylonian Taurus Bull Of Heaven, Babylonian Zodiac, mathematical visualization, 3D geometry, parametric surface",/shape/babylonian_taurus_bull_of_heaven,t,2025-12-04T10:34:40.589Z,2025-12-04T10:34:40.589Z,75.350000,,,,,0,0,55000000000000000000000000000000,,success,0x425734a7fd13E9994b66a7909206007A1EF7030B
4,babylonian_gemini_great_twins,Babylonian Gemini Great Twins,babylonian-zodiac,Babylonian Zodiac,Babylonian Gemini Great Twins - Babylonian Zodiac mathematical visualization,frontend,0.8,"Babylonian Gemini Great Twins, Babylonian Zodiac, mathematical visualization, 3D geometry, parametric surface",/shape/babylonian_gemini_great_twins,t,2025-12-04T10:34:40.589Z,2025-12-04T10:34:40.589Z,75.350000,,,,,0,0,55000000000000000000000000000000,,success,0x425734a7fd13E9994b66a7909206007A1EF7030B
5,babylonian_cancer_crayfish,Babylonian Cancer Crayfish,babylonian-zodiac,Babylonian Zodiac,Babylonian Cancer Crayfish - Babylonian Zodiac mathematical visualization,frontend,0.8,"Babylonian Cancer Crayfish, Babylonian Zodiac, mathematical visualization, 3D geometry, parametric surface",/shape/babylonian_cancer_crayfish,t,2025-12-04T10:34:40.589Z,2025-12-04T10:34:40.589Z,75.350000,,,,,0,0,55000000000000000000000000000000,,success,0x425734a7fd13E9994b66a7909206007A1EF7030B
6,babylonian_leo_lion,Babylonian Leo Lion,babylonian-zodiac,Babylonian Zodiac,Babylonian Leo Lion - Babylonian Zodiac mathematical visualization,frontend,0.8,"Babylonian Leo Lion, Babylonian Zodiac, mathematical visualization, 3D geometry, parametric surface",/shape/babylonian_leo_lion,t,2025-12-04T10:34:40.589Z,2025-12-04T10:34:40.589Z,75.350000,,,,,0,0,55000000000000000000000000000000,,success,0x425734a7fd13E9994b66a7909206007A1EF7030B
7,babylonian_virgo_furrow,Babylonian Virgo Furrow,babylonian-zodiac,Babylonian Zodiac,Babylonian Virgo Furrow - Babylonian Zodiac mathematical visualization,frontend,0.8,"Babylonian Virgo Furrow, Babylonian Zodiac, mathematical visualization, 3D geometry, parametric surface",/shape/babylonian_virgo_furrow,t,2025-12-04T10:34:40.589Z,2025-12-04T10:34:40.589Z,75.350000,,,,,0,0,55000000000000000000000000000000,,success,0x425734a7fd13E9994b66a7909206007A1EF7030B
8,babylonian_libra_scales,Babylonian Libra Scales,babylonian-zodiac,Babylonian Zodiac,Babylonian Libra Scales - Babylonian Zodiac mathematical visualization,frontend,0.8,"Babylonian Libra Scales, Babylonian Zodiac, mathematical visualization, 3D geometry, parametric surface",/shape/babylonian_libra_scales,t,2025-12-04T10:34:40.589Z,2025-12-04T10:34:40.589Z,75.350000,,,,,0,0,55000000000000000000000000000000,,success,0x425734a7fd13E9994b66a7909206007A1EF7030B
9,babylonian_scorpio_scorpion,Babylonian Scorpio Scorpion,babylonian-zodiac,Babylonian Zodiac,Babylonian Scorpio Scorpion - Babylonian Zodiac mathematical visualization,frontend,0.8,"Babylonian Scorpio Scorpion, Babylonian Zodiac, mathematical visualization, 3D geometry, parametric surface",/shape/babylonian_scorpio_scorpion,t,2025-12-04T10:34:40.589Z,2025-12-04T10:34:40.589Z,75.350000,,,,,0,0,55000000000000000000000000000000,,success,0x425734a7fd13E9994b66a7909206007A1EF7030B
1630,linear_extrude,📦 Linear Extrude - Wall-like Surfaces,general,general,Parametric surface,formula_sync,0.8,"general, UUON, parametric surface",/shapes/linear-extrude,t,2026-06-12T23:56:08.473Z,2026-06-12T23:56:08.473Z,75.350000,,,,,0,0,55000000000000000000000000000000,,success,0x425734a7fd13E9994b66a7909206007A1EF7030B
1632,pipe_sweep,🔧 Pipe Sweep - Cables & Tendrils,general,general,Parametric surface,formula_sync,0.8,"general, UUON, parametric surface",/shapes/pipe-sweep,t,2026-06-12T23:56:08.473Z,2026-06-12T23:56:08.473Z,75.350000,,,,,0,0,55000000000000000000000000000000,,success,0x425734a7fd13E9994b66a7909206007A1EF7030B
1634,ruled_surface,📐 Ruled Surface - Architectural Panels,general,general,Parametric surface,formula_sync,0.8,"general, UUON, parametric surface",/shapes/ruled-surface,t,2026-06-12T23:56:15.036Z,2026-06-12T23:56:15.036Z,75.350000,,,,,0,0,55000000000000000000000000000000,,success,0x425734a7fd13E9994b66a7909206007A1EF7030B
1636,superquadric,🎲 Superquadric - SDF Compatible Form,general,general,Parametric surface,formula_sync,0.8,"general, UUON, parametric surface",/shapes/superquadric,t,2026-06-12T23:56:15.036Z,2026-06-12T23:56:15.036Z,75.350000,,,,,0,0,55000000000000000000000000000000,,success,0x425734a7fd13E9994b66a7909206007A1EF7030B
1638,supertoroid,🔮 Supertoroid - Torus + Superquadric Mix,general,general,Parametric surface,formula_sync,0.8,"general, UUON, parametric surface",/shapes/supertoroid,t,2026-06-12T23:56:15.036Z,2026-06-12T23:56:15.036Z,75.350000,,,,,0,0,55000000000000000000000000000000,,success,0x425734a7fd13E9994b66a7909206007A1EF7030B
1640,helicoid_minimal,🌪️ Helicoid - Spiral Minimal Surface,general,general,Parametric surface,formula_sync,0.8,"general, UUON, parametric surface",/shapes/helicoid-minimal,t,2026-06-12T23:56:15.036Z,2026-06-12T23:56:15.036Z,75.350000,,,,,0,0,55000000000000000000000000000000,,success,0x425734a7fd13E9994b66a7909206007A1EF7030B
1642,gyroid_parametric,🔬 Gyroid - TPMS Lattice Structure,general,general,Parametric surface,formula_sync,0.8,"general, UUON, parametric surface",/shapes/gyroid-parametric,t,2026-06-12T23:56:15.036Z,2026-06-12T23:56:15.036Z,75.350000,,,,,0,0,55000000000000000000000000000000,,success,0x425734a7fd13E9994b66a7909206007A1EF7030B
1644,ripple_radial,💧 Ripple - Radial Harmonic,general,general,Parametric surface,formula_sync,0.8,"general, UUON, parametric surface",/shapes/ripple-radial,t,2026-06-12T23:56:15.036Z,2026-06-12T23:56:15.036Z,75.350000,,,,,0,0,55000000000000000000000000000000,,success,0x425734a7fd13E9994b66a7909206007A1EF7030B
1646,fractal_heightmap,🏔️ Fractal Heightmap - Terrain Surface,fractal,fractal,Parametric surface,formula_sync,0.8,"fractal, UUON, parametric surface",/shapes/fractal-heightmap,t,2026-06-12T23:56:15.036Z,2026-06-12T23:56:15.036Z,75.350000,,,,,0,0,55000000000000000000000000000000,,success,0x425734a7fd13E9994b66a7909206007A1EF7030B
1648,fractal_sphere,🌍 Fractal Sphere - Noisy Planet,fractal,fractal,Parametric surface,formula_sync,0.8,"fractal, UUON, parametric surface",/shapes/fractal-sphere,t,2026-06-12T23:56:15.036Z,2026-06-12T23:56:15.036Z,75.350000,,,,,0,0,55000000000000000000000000000000,,success,0x425734a7fd13E9994b66a7909206007A1EF7030B
1650,mobius_strip_param,♾️ Möbius Strip - One-Sided Surface,general,general,Parametric surface,formula_sync,0.8,"general, UUON, parametric surface",/shapes/mobius-strip-param,t,2026-06-12T23:56:15.036Z,2026-06-12T23:56:15.036Z,75.350000,,,,,0,0,55000000000000000000000000000000,,success,0x425734a7fd13E9994b66a7909206007A1EF7030B
1652,phi_harmonic_sphere,🌟 Φ-Harmonic Sphere - Golden Ratio Modulated,general,general,Parametric surface,formula_sync,0.8,"general, UUON, parametric surface",/shapes/phi-harmonic-sphere,t,2026-06-12T23:56:15.036Z,2026-06-12T23:56:15.036Z,75.350000,,,,,0,0,55000000000000000000000000000000,,success,0x425734a7fd13E9994b66a7909206007A1EF7030B
1654,dual_mirror_phi_pi,🔯 Dual-Mirrored Φ–π Map,general,general,Parametric surface,formula_sync,0.8,"general, UUON, parametric surface",/shapes/dual-mirror-phi-pi,t,2026-06-12T23:56:15.036Z,2026-06-12T23:56:15.036Z,75.350000,,,,,0,0,55000000000000000000000000000000,,success,0x425734a7fd13E9994b66a7909206007A1EF7030B
1656,phi_pi_fusion,🔮 Φ-π Fusion Surface,general,general,Parametric surface,formula_sync,0.8,"general, UUON, parametric surface",/shapes/phi-pi-fusion,t,2026-06-12T23:56:15.036Z,2026-06-12T23:56:15.036Z,75.350000,,,,,0,0,55000000000000000000000000000000,,success,0x425734a7fd13E9994b66a7909206007A1EF7030B
1658,dnaHelix,DNA Double Helix,biological,biological,Parametric surface,formula_sync,0.8,"biological, UUON, parametric surface",/shapes/dnahelix,t,2026-06-12T23:56:15.036Z,2026-06-12T23:56:15.036Z,75.350000,,,,,0,0,55000000000000000000000000000000,,success,0x425734a7fd13E9994b66a7909206007A1EF7030B
1660,proteinFolding,Protein Folding Structure,biological,biological,Parametric surface,formula_sync,0.8,"biological, UUON, parametric surface",/shapes/proteinfolding,t,2026-06-12T23:56:15.036Z,2026-06-12T23:56:15.036Z,75.350000,,,,,0,0,55000000000000000000000000000000,,success,0x425734a7fd13E9994b66a7909206007A1EF7030B
1662,multi_node_system,Multi-Node Mathematical System,general,general,Parametric surface,formula_sync,0.8,"general, UUON, parametric surface",/shapes/multi-node-system,t,2026-06-12T23:56:15.036Z,2026-06-12T23:56:15.036Z,75.350000,,,,,0,0,55000000000000000000000000000000,,success,0x425734a7fd13E9994b66a7909206007A1EF7030B
1664,curved_processing_unit,Curved Processing Unit,general,general,Parametric surface,formula_sync,0.8,"general, UUON, parametric surface",/shapes/curved-processing-unit,t,2026-06-12T23:56:15.036Z,2026-06-12T23:56:15.036Z,75.350000,,,,,0,0,55000000000000000000000000000000,,success,0x425734a7fd13E9994b66a7909206007A1EF7030B
1669,convolution_kernel,Convolution Kernel Surface,general,general,Parametric surface,formula_sync,0.8,"general, UUON, parametric surface",/shapes/convolution-kernel,t,2026-06-12T23:56:15.036Z,2026-06-12T23:56:15.036Z,75.350000,,,,,0,0,55000000000000000000000000000000,,success,0x425734a7fd13E9994b66a7909206007A1EF7030B
1671,wave_function_collapse,Wave Function Collapse,general,general,Parametric surface,formula_sync,0.8,"general, UUON, parametric surface",/shapes/wave-function-collapse,t,2026-06-12T23:56:15.036Z,2026-06-12T23:56:15.036Z,75.350000,,,,,0,0,55000000000000000000000000000000,,success,0x425734a7fd13E9994b66a7909206007A1EF7030B
1673,bose_einstein_condensate,Bose-Einstein Condensate,general,general,Parametric surface,formula_sync,0.8,"general, UUON, parametric surface",/shapes/bose-einstein-condensate,t,2026-06-12T23:56:15.036Z,2026-06-12T23:56:15.036Z,75.350000,,,,,0,0,55000000000000000000000000000000,,success,0x425734a7fd13E9994b66a7909206007A1EF7030B
1675,elliptic_curve_surface,Elliptic Curve Surface,general,general,Parametric surface,formula_sync,0.8,"general, UUON, parametric surface",/shapes/elliptic-curve-surface,t,2026-06-12T23:56:15.036Z,2026-06-12T23:56:15.036Z,75.350000,,,,,0,0,55000000000000000000000000000000,,success,0x425734a7fd13E9994b66a7909206007A1EF7030B
1677,modular_arithmetic_torus,Modular Arithmetic Torus,topology,topology,Parametric surface,formula_sync,0.8,"topology, UUON, parametric surface",/shapes/modular-arithmetic-torus,t,2026-06-12T23:56:15.036Z,2026-06-12T23:56:15.036Z,75.350000,,,,,0,0,55000000000000000000000000000000,,success,0x425734a7fd13E9994b66a7909206007A1EF7030B
1679,saddle_surface,Hyperbolic Paraboloid,general,general,Parametric surface,formula_sync,0.8,"general, UUON, parametric surface",/shapes/saddle-surface,t,2026-06-12T23:56:15.036Z,2026-06-12T23:56:15.036Z,75.350000,,,,,0,0,55000000000000000000000000000000,,success,0x425734a7fd13E9994b66a7909206007A1EF7030B
1681,dinis_surface,Dini's Surface,general,general,Parametric surface,formula_sync,0.8,"general, UUON, parametric surface",/shapes/dinis-surface,t,2026-06-12T23:56:15.036Z,2026-06-12T23:56:15.036Z,75.350000,,,,,0,0,55000000000000000000000000000000,,success,0x425734a7fd13E9994b66a7909206007A1EF7030B
1685,julia_set_surface,Julia Set 3D Surface,general,general,Parametric surface,formula_sync,0.8,"general, UUON, parametric surface",/shapes/julia-set-surface,t,2026-06-12T23:56:15.036Z,2026-06-12T23:56:15.036Z,75.350000,,,,,0,0,55000000000000000000000000000000,,success,0x425734a7fd13E9994b66a7909206007A1EF7030B
1687,uuon-motor-rotation,UUON Motor Rotation,general,general,Parametric surface,formula_sync,0.8,"general, UUON, parametric surface",/shapes/uuon-motor-rotation,t,2026-06-12T23:56:15.036Z,2026-06-12T23:56:15.036Z,75.350000,,,,,0,0,55000000000000000000000000000000,,success,0x425734a7fd13E9994b66a7909206007A1EF7030B
1689,uuon-wheel-encoder,UUON Wheel Encoder,general,general,Parametric surface,formula_sync,0.8,"general, UUON, parametric surface",/shapes/uuon-wheel-encoder,t,2026-06-12T23:56:15.036Z,2026-06-12T23:56:15.036Z,75.350000,,,,,0,0,55000000000000000000000000000000,,success,0x425734a7fd13E9994b66a7909206007A1EF7030B
1691,uuon-oscillating-quant,UUON Oscillating Quantum,general,general,Parametric surface,formula_sync,0.8,"general, UUON, parametric surface",/shapes/uuon-oscillating-quant,t,2026-06-12T23:56:15.036Z,2026-06-12T23:56:15.036Z,75.350000,,,,,0,0,55000000000000000000000000000000,,success,0x425734a7fd13E9994b66a7909206007A1EF7030B
1693,uuon-gyroscope-drift,UUON Gyroscope Drift,general,general,Parametric surface,formula_sync,0.8,"general, UUON, parametric surface",/shapes/uuon-gyroscope-drift,t,2026-06-12T23:56:15.036Z,2026-06-12T23:56:15.036Z,75.350000,,,,,0,0,55000000000000000000000000000000,,success,0x425734a7fd13E9994b66a7909206007A1EF7030B
1695,uuon-harmonic-cycle,UUON Harmonic Cycle,general,general,Parametric surface,formula_sync,0.8,"general, UUON, parametric surface",/shapes/uuon-harmonic-cycle,t,2026-06-12T23:56:15.036Z,2026-06-12T23:56:15.036Z,75.350000,,,,,0,0,55000000000000000000000000000000,,success,0x425734a7fd13E9994b66a7909206007A1EF7030B
1697,uuon-control-reset,UUON Control Reset,general,general,Parametric surface,formula_sync,0.8,"general, UUON, parametric surface",/shapes/uuon-control-reset,t,2026-06-12T23:56:15.036Z,2026-06-12T23:56:15.036Z,75.350000,,,,,0,0,55000000000000000000000000000000,,success,0x425734a7fd13E9994b66a7909206007A1EF7030B
1699,uuon-strange-attractor-loop,UUON Strange Attractor Loop,general,general,Parametric surface,formula_sync,0.8,"general, UUON, parametric surface",/shapes/uuon-strange-attractor-loop,t,2026-06-12T23:56:15.036Z,2026-06-12T23:56:15.036Z,75.350000,,,,,0,0,55000000000000000000000000000000,,success,0x425734a7fd13E9994b66a7909206007A1EF7030B
1701,uuon-modular-fractal-gen,UUON Modular Fractal Generator,fractal,fractal,Parametric surface,formula_sync,0.8,"fractal, UUON, parametric surface",/shapes/uuon-modular-fractal-gen,t,2026-06-12T23:56:15.036Z,2026-06-12T23:56:15.036Z,75.350000,,,,,0,0,55000000000000000000000000000000,,success,0x425734a7fd13E9994b66a7909206007A1EF7030B
1703,uuon-discrete-dynamical,UUON Discrete Dynamical System,general,general,Parametric surface,formula_sync,0.8,"general, UUON, parametric surface",/shapes/uuon-discrete-dynamical,t,2026-06-12T23:56:15.036Z,2026-06-12T23:56:15.036Z,75.350000,,,,,0,0,55000000000000000000000000000000,,success,0x425734a7fd13E9994b66a7909206007A1EF7030B
1705,uuon-wave-interference,UUON Wave Interference,general,general,Parametric surface,formula_sync,0.8,"general, UUON, parametric surface",/shapes/uuon-wave-interference,t,2026-06-12T23:56:15.036Z,2026-06-12T23:56:15.036Z,75.350000,,,,,0,0,55000000000000000000000000000000,,success,0x425734a7fd13E9994b66a7909206007A1EF7030B
1707,uuon-state-machine,UUON State Machine,general,general,Parametric surface,formula_sync,0.8,"general, UUON, parametric surface",/shapes/uuon-state-machine,t,2026-06-12T23:56:15.036Z,2026-06-12T23:56:15.036Z,75.350000,,,,,0,0,55000000000000000000000000000000,,success,0x425734a7fd13E9994b66a7909206007A1EF7030B
1709,uuon-pwm-modulation,UUON PWM Modulation,general,general,Parametric surface,formula_sync,0.8,"general, UUON, parametric surface",/shapes/uuon-pwm-modulation,t,2026-06-12T23:56:15.036Z,2026-06-12T23:56:15.036Z,75.350000,,,,,0,0,55000000000000000000000000000000,,success,0x425734a7fd13E9994b66a7909206007A1EF7030B
1711,uuon-inverse-kinematics,UUON Inverse Kinematics,general,general,Parametric surface,formula_sync,0.8,"general, UUON, parametric surface",/shapes/uuon-inverse-kinematics,t,2026-06-12T23:56:15.036Z,2026-06-12T23:56:15.036Z,75.350000,,,,,0,0,55000000000000000000000000000000,,success,0x425734a7fd13E9994b66a7909206007A1EF7030B
1713,uuon-neural-activation,UUON Neural Activation,general,general,Parametric surface,formula_sync,0.8,"general, UUON, parametric surface",/shapes/uuon-neural-activation,t,2026-06-12T23:56:15.036Z,2026-06-12T23:56:15.036Z,75.350000,,,,,0,0,55000000000000000000000000000000,,success,0x425734a7fd13E9994b66a7909206007A1EF7030B
1715,uuon-clock-sync,UUON Clock Synchronization,general,general,Parametric surface,formula_sync,0.8,"general, UUON, parametric surface",/shapes/uuon-clock-sync,t,2026-06-12T23:56:15.036Z,2026-06-12T23:56:15.036Z,75.350000,,,,,0,0,55000000000000000000000000000000,,success,0x425734a7fd13E9994b66a7909206007A1EF7030B
1717,uuon-thermal-model,UUON Thermal Model,engineering,engineering,Parametric surface,formula_sync,0.8,"engineering, UUON, parametric surface",/shapes/uuon-thermal-model,t,2026-06-12T23:56:15.036Z,2026-06-12T23:56:15.036Z,75.350000,,,,,0,0,55000000000000000000000000000000,,success,0x425734a7fd13E9994b66a7909206007A1EF7030B
1719,uuon-data-compression,UUON Data Compression,general,general,Parametric surface,formula_sync,0.8,"general, UUON, parametric surface",/shapes/uuon-data-compression,t,2026-06-12T23:56:15.036Z,2026-06-12T23:56:15.036Z,75.350000,,,,,0,0,55000000000000000000000000000000,,success,0x425734a7fd13E9994b66a7909206007A1EF7030B
1721,uuon-bus-arbiter,UUON Bus Arbiter,general,general,Parametric surface,formula_sync,0.8,"general, UUON, parametric surface",/shapes/uuon-bus-arbiter,t,2026-06-12T23:56:15.036Z,2026-06-12T23:56:15.036Z,75.350000,,,,,0,0,55000000000000000000000000000000,,success,0x425734a7fd13E9994b66a7909206007A1EF7030B
1723,uuon-watchdog-timer,UUON Watchdog Timer,general,general,Parametric surface,formula_sync,0.8,"general, UUON, parametric surface",/shapes/uuon-watchdog-timer,t,2026-06-12T23:56:15.036Z,2026-06-12T23:56:15.036Z,75.350000,,,,,0,0,55000000000000000000000000000000,,success,0x425734a7fd13E9994b66a7909206007A1EF7030B
1725,uuon-firmware-update,UUON Firmware Update,general,general,Parametric surface,formula_sync,0.8,"general, UUON, parametric surface",/shapes/uuon-firmware-update,t,2026-06-12T23:56:15.036Z,2026-06-12T23:56:15.036Z,75.350000,,,,,0,0,55000000000000000000000000000000,,success,0x425734a7fd13E9994b66a7909206007A1EF7030B
1727,uuon-diagnostic-mode,UUON Diagnostic Mode,general,general,Parametric surface,formula_sync,0.8,"general, UUON, parametric surface",/shapes/uuon-diagnostic-mode,t,2026-06-12T23:56:15.036Z,2026-06-12T23:56:15.036Z,75.350000,,,,,0,0,55000000000000000000000000000000,,success,0x425734a7fd13E9994b66a7909206007A1EF7030B
1729,uuon-rotation-period,UUON Rotation Period,general,general,Parametric surface,formula_sync,0.8,"general, UUON, parametric surface",/shapes/uuon-rotation-period,t,2026-06-12T23:56:15.036Z,2026-06-12T23:56:15.036Z,75.350000,,,,,0,0,55000000000000000000000000000000,,success,0x425734a7fd13E9994b66a7909206007A1EF7030B
1686,lorenz_attractor_surface,Lorenz Attractor Surface,general,general,Parametric surface,formula_sync,0.8,"general, UUON, parametric surface",/shapes/lorenz-attractor-surface,t,2026-06-12T23:56:15.036Z,2026-06-12T23:56:15.036Z,75.350000,,,,,0,0,55000000000000000000000000000000,,success,0x425734a7fd13E9994b66a7909206007A1EF7030B
1688,uuon-servo-angle,UUON Servo Angle,general,general,Parametric surface,formula_sync,0.8,"general, UUON, parametric surface",/shapes/uuon-servo-angle,t,2026-06-12T23:56:15.036Z,2026-06-12T23:56:15.036Z,75.350000,,,,,0,0,55000000000000000000000000000000,,success,0x425734a7fd13E9994b66a7909206007A1EF7030B
1690,uuon-periodic-system,UUON Periodic System,general,general,Parametric surface,formula_sync,0.8,"general, UUON, parametric surface",/shapes/uuon-periodic-system,t,2026-06-12T23:56:15.036Z,2026-06-12T23:56:15.036Z,75.350000,,,,,0,0,55000000000000000000000000000000,,success,0x425734a7fd13E9994b66a7909206007A1EF7030B
1692,uuon-pid-controller,UUON PID Controller Response,general,general,Parametric surface,formula_sync,0.8,"general, UUON, parametric surface",/shapes/uuon-pid-controller,t,2026-06-12T23:56:15.036Z,2026-06-12T23:56:15.036Z,75.350000,,,,,0,0,55000000000000000000000000000000,,success,0x425734a7fd13E9994b66a7909206007A1EF7030B
1694,uuon-accelerometer-3axis,UUON 3-Axis Accelerometer,general,general,Parametric surface,formula_sync,0.8,"general, UUON, parametric surface",/shapes/uuon-accelerometer-3axis,t,2026-06-12T23:56:15.036Z,2026-06-12T23:56:15.036Z,75.350000,,,,,0,0,55000000000000000000000000000000,,success,0x425734a7fd13E9994b66a7909206007A1EF7030B
1696,uuon-sensor-sampling,UUON Sensor Sampling,general,general,Parametric surface,formula_sync,0.8,"general, UUON, parametric surface",/shapes/uuon-sensor-sampling,t,2026-06-12T23:56:15.036Z,2026-06-12T23:56:15.036Z,75.350000,,,,,0,0,55000000000000000000000000000000,,success,0x425734a7fd13E9994b66a7909206007A1EF7030B
1698,uuon-rotation-state,UUON Rotation State,general,general,Parametric surface,formula_sync,0.8,"general, UUON, parametric surface",/shapes/uuon-rotation-state,t,2026-06-12T23:56:15.036Z,2026-06-12T23:56:15.036Z,75.350000,,,,,0,0,55000000000000000000000000000000,,success,0x425734a7fd13E9994b66a7909206007A1EF7030B
1700,uuon-iteration-bound,UUON Iteration Bound,general,general,Parametric surface,formula_sync,0.8,"general, UUON, parametric surface",/shapes/uuon-iteration-bound,t,2026-06-12T23:56:15.036Z,2026-06-12T23:56:15.036Z,75.350000,,,,,0,0,55000000000000000000000000000000,,success,0x425734a7fd13E9994b66a7909206007A1EF7030B
1702,uuon-chaos-segment,UUON Chaos Segment,general,general,Parametric surface,formula_sync,0.8,"general, UUON, parametric surface",/shapes/uuon-chaos-segment,t,2026-06-12T23:56:15.036Z,2026-06-12T23:56:15.036Z,75.350000,,,,,0,0,55000000000000000000000000000000,,success,0x425734a7fd13E9994b66a7909206007A1EF7030B
1704,uuon-celestial-phase,UUON Celestial Phase,general,general,Parametric surface,formula_sync,0.8,"general, UUON, parametric surface",/shapes/uuon-celestial-phase,t,2026-06-12T23:56:15.036Z,2026-06-12T23:56:15.036Z,75.350000,,,,,0,0,55000000000000000000000000000000,,success,0x425734a7fd13E9994b66a7909206007A1EF7030B
1706,uuon-feedback-loop,UUON Feedback Loop,general,general,Parametric surface,formula_sync,0.8,"general, UUON, parametric surface",/shapes/uuon-feedback-loop,t,2026-06-12T23:56:15.036Z,2026-06-12T23:56:15.036Z,75.350000,,,,,0,0,55000000000000000000000000000000,,success,0x425734a7fd13E9994b66a7909206007A1EF7030B
1708,uuon-signal-filter,UUON Signal Filter,general,general,Parametric surface,formula_sync,0.8,"general, UUON, parametric surface",/shapes/uuon-signal-filter,t,2026-06-12T23:56:15.036Z,2026-06-12T23:56:15.036Z,75.350000,,,,,0,0,55000000000000000000000000000000,,success,0x425734a7fd13E9994b66a7909206007A1EF7030B
1710,uuon-trajectory-planner,UUON Trajectory Planner,general,general,Parametric surface,formula_sync,0.8,"general, UUON, parametric surface",/shapes/uuon-trajectory-planner,t,2026-06-12T23:56:15.036Z,2026-06-12T23:56:15.036Z,75.350000,,,,,0,0,55000000000000000000000000000000,,success,0x425734a7fd13E9994b66a7909206007A1EF7030B
1712,uuon-differential-drive,UUON Differential Drive,general,general,Parametric surface,formula_sync,0.8,"general, UUON, parametric surface",/shapes/uuon-differential-drive,t,2026-06-12T23:56:15.036Z,2026-06-12T23:56:15.036Z,75.350000,,,,,0,0,55000000000000000000000000000000,,success,0x425734a7fd13E9994b66a7909206007A1EF7030B
1714,uuon-memory-buffer,UUON Memory Buffer,general,general,Parametric surface,formula_sync,0.8,"general, UUON, parametric surface",/shapes/uuon-memory-buffer,t,2026-06-12T23:56:15.036Z,2026-06-12T23:56:15.036Z,75.350000,,,,,0,0,55000000000000000000000000000000,,success,0x425734a7fd13E9994b66a7909206007A1EF7030B
1716,uuon-power-management,UUON Power Management,general,general,Parametric surface,formula_sync,0.8,"general, UUON, parametric surface",/shapes/uuon-power-management,t,2026-06-12T23:56:15.036Z,2026-06-12T23:56:15.036Z,75.350000,,,,,0,0,55000000000000000000000000000000,,success,0x425734a7fd13E9994b66a7909206007A1EF7030B
1718,uuon-error-correction,UUON Error Correction,general,general,Parametric surface,formula_sync,0.8,"general, UUON, parametric surface",/shapes/uuon-error-correction,t,2026-06-12T23:56:15.036Z,2026-06-12T23:56:15.036Z,75.350000,,,,,0,0,55000000000000000000000000000000,,success,0x425734a7fd13E9994b66a7909206007A1EF7030B
1720,uuon-protocol-handler,UUON Protocol Handler,general,general,Parametric surface,formula_sync,0.8,"general, UUON, parametric surface",/shapes/uuon-protocol-handler,t,2026-06-12T23:56:15.036Z,2026-06-12T23:56:15.036Z,75.350000,,,,,0,0,55000000000000000000000000000000,,success,0x425734a7fd13E9994b66a7909206007A1EF7030B
1722,uuon-interrupt-handler,UUON Interrupt Handler,general,general,Parametric surface,formula_sync,0.8,"general, UUON, parametric surface",/shapes/uuon-interrupt-handler,t,2026-06-12T23:56:15.036Z,2026-06-12T23:56:15.036Z,75.350000,,,,,0,0,55000000000000000000000000000000,,success,0x425734a7fd13E9994b66a7909206007A1EF7030B
1724,uuon-bootloader-sequence,UUON Bootloader Sequence,general,general,Parametric surface,formula_sync,0.8,"general, UUON, parametric surface",/shapes/uuon-bootloader-sequence,t,2026-06-12T23:56:15.036Z,2026-06-12T23:56:15.036Z,75.350000,,,,,0,0,55000000000000000000000000000000,,success,0x425734a7fd13E9994b66a7909206007A1EF7030B
1726,uuon-calibration-routine,UUON Calibration Routine,general,general,Parametric surface,formula_sync,0.8,"general, UUON, parametric surface",/shapes/uuon-calibration-routine,t,2026-06-12T23:56:15.036Z,2026-06-12T23:56:15.036Z,75.350000,,,,,0,0,55000000000000000000000000000000,,success,0x425734a7fd13E9994b66a7909206007A1EF7030B
1728,uuon-orbital-resonance,UUON Orbital Resonance,general,general,Parametric surface,formula_sync,0.8,"general, UUON, parametric surface",/shapes/uuon-orbital-resonance,t,2026-06-12T23:56:15.036Z,2026-06-12T23:56:15.036Z,75.350000,,,,,0,0,55000000000000000000000000000000,,success,0x425734a7fd13E9994b66a7909206007A1EF7030B
1730,uuon-periodic-cosmic,UUON Periodic Cosmic,general,general,Parametric surface,formula_sync,0.8,"general, UUON, parametric surface",/shapes/uuon-periodic-cosmic,t,2026-06-12T23:56:15.036Z,2026-06-12T23:56:15.036Z,75.350000,,,,,0,0,55000000000000000000000000000000,,success,0x425734a7fd13E9994b66a7909206007A1EF7030B
1732,uuon-quantum-number-wrap,UUON Quantum Number Wrap,physics,physics,Parametric surface,formula_sync,0.8,"physics, UUON, parametric surface",/shapes/uuon-quantum-number-wrap,t,2026-06-12T23:56:15.036Z,2026-06-12T23:56:15.036Z,75.350000,,,,,0,0,55000000000000000000000000000000,,success,0x425734a7fd13E9994b66a7909206007A1EF7030B
1734,uuon-harmonic-energy-phase,UUON Harmonic Energy Phase,general,general,Parametric surface,formula_sync,0.8,"general, UUON, parametric surface",/shapes/uuon-harmonic-energy-phase,t,2026-06-12T23:56:21.595Z,2026-06-12T23:56:21.595Z,75.350000,,,,,0,0,55000000000000000000000000000000,,success,0x425734a7fd13E9994b66a7909206007A1EF7030B
1736,uuon-universal-symmetry,UUON Universal Symmetry,general,general,Parametric surface,formula_sync,0.8,"general, UUON, parametric surface",/shapes/uuon-universal-symmetry,t,2026-06-12T23:56:21.595Z,2026-06-12T23:56:21.595Z,75.350000,,,,,0,0,55000000000000000000000000000000,,success,0x425734a7fd13E9994b66a7909206007A1EF7030B
1738,uuon-galactic-rotation,UUON Galactic Rotation,general,general,Parametric surface,formula_sync,0.8,"general, UUON, parametric surface",/shapes/uuon-galactic-rotation,t,2026-06-12T23:56:21.595Z,2026-06-12T23:56:21.595Z,75.350000,,,,,0,0,55000000000000000000000000000000,,success,0x425734a7fd13E9994b66a7909206007A1EF7030B
1740,uuon-planck-quantization,UUON Planck Quantization,general,general,Parametric surface,formula_sync,0.8,"general, UUON, parametric surface",/shapes/uuon-planck-quantization,t,2026-06-12T23:56:21.595Z,2026-06-12T23:56:21.595Z,75.350000,,,,,0,0,55000000000000000000000000000000,,success,0x425734a7fd13E9994b66a7909206007A1EF7030B
1742,uuon-gravitational-lens,UUON Gravitational Lens,general,general,Parametric surface,formula_sync,0.8,"general, UUON, parametric surface",/shapes/uuon-gravitational-lens,t,2026-06-12T23:56:21.595Z,2026-06-12T23:56:21.595Z,75.350000,,,,,0,0,55000000000000000000000000000000,,success,0x425734a7fd13E9994b66a7909206007A1EF7030B
1744,uuon-event-horizon,UUON Event Horizon,general,general,Parametric surface,formula_sync,0.8,"general, UUON, parametric surface",/shapes/uuon-event-horizon,t,2026-06-12T23:56:21.595Z,2026-06-12T23:56:21.595Z,75.350000,,,,,0,0,55000000000000000000000000000000,,success,0x425734a7fd13E9994b66a7909206007A1EF7030B
1746,uuon-wormhole-throat,UUON Wormhole Throat,general,general,Parametric surface,formula_sync,0.8,"general, UUON, parametric surface",/shapes/uuon-wormhole-throat,t,2026-06-12T23:56:21.595Z,2026-06-12T23:56:21.595Z,75.350000,,,,,0,0,55000000000000000000000000000000,,success,0x425734a7fd13E9994b66a7909206007A1EF7030B
1748,uuon-pulsar-beam,UUON Pulsar Beam,general,general,Parametric surface,formula_sync,0.8,"general, UUON, parametric surface",/shapes/uuon-pulsar-beam,t,2026-06-12T23:56:21.595Z,2026-06-12T23:56:21.595Z,75.350000,,,,,0,0,55000000000000000000000000000000,,success,0x425734a7fd13E9994b66a7909206007A1EF7030B
1936,letter-g,Letter G (Linguistic Geometry),general,general,Parametric surface,formula_sync,0.8,"general, UUON, parametric surface",/shapes/letter-g,t,2026-06-12T23:56:34.690Z,2026-06-12T23:56:34.690Z,75.350000,,,,,0,0,55000000000000000000000000000000,,success,0x425734a7fd13E9994b66a7909206007A1EF7030B
1731,uuon-energy-state-loop,UUON Energy State Loop,general,general,Parametric surface,formula_sync,0.8,"general, UUON, parametric surface",/shapes/uuon-energy-state-loop,t,2026-06-12T23:56:15.036Z,2026-06-12T23:56:15.036Z,75.350000,,,,,0,0,55000000000000000000000000000000,,success,0x425734a7fd13E9994b66a7909206007A1EF7030B
1733,uuon-modular-symmetry-phys,UUON Modular Symmetry Physics,general,general,Parametric surface,formula_sync,0.8,"general, UUON, parametric surface",/shapes/uuon-modular-symmetry-phys,t,2026-06-12T23:56:15.036Z,2026-06-12T23:56:15.036Z,75.350000,,,,,0,0,55000000000000000000000000000000,,success,0x425734a7fd13E9994b66a7909206007A1EF7030B
1735,uuon-cosmic-cycle-segment,UUON Cosmic Cycle Segment,general,general,Parametric surface,formula_sync,0.8,"general, UUON, parametric surface",/shapes/uuon-cosmic-cycle-segment,t,2026-06-12T23:56:21.595Z,2026-06-12T23:56:21.595Z,75.350000,,,,,0,0,55000000000000000000000000000000,,success,0x425734a7fd13E9994b66a7909206007A1EF7030B
1737,uuon-phi-phase-division,UUON Phi Phase Division,general,general,Parametric surface,formula_sync,0.8,"general, UUON, parametric surface",/shapes/uuon-phi-phase-division,t,2026-06-12T23:56:21.595Z,2026-06-12T23:56:21.595Z,75.350000,,,,,0,0,55000000000000000000000000000000,,success,0x425734a7fd13E9994b66a7909206007A1EF7030B
1739,uuon-stellar-evolution,UUON Stellar Evolution,general,general,Parametric surface,formula_sync,0.8,"general, UUON, parametric surface",/shapes/uuon-stellar-evolution,t,2026-06-12T23:56:21.595Z,2026-06-12T23:56:21.595Z,75.350000,,,,,0,0,55000000000000000000000000000000,,success,0x425734a7fd13E9994b66a7909206007A1EF7030B
1741,uuon-dark-matter-halo,UUON Dark Matter Halo,general,general,Parametric surface,formula_sync,0.8,"general, UUON, parametric surface",/shapes/uuon-dark-matter-halo,t,2026-06-12T23:56:21.595Z,2026-06-12T23:56:21.595Z,75.350000,,,,,0,0,55000000000000000000000000000000,,success,0x425734a7fd13E9994b66a7909206007A1EF7030B
1743,uuon-cosmic-string,UUON Cosmic String,general,general,Parametric surface,formula_sync,0.8,"general, UUON, parametric surface",/shapes/uuon-cosmic-string,t,2026-06-12T23:56:21.595Z,2026-06-12T23:56:21.595Z,75.350000,,,,,0,0,55000000000000000000000000000000,,success,0x425734a7fd13E9994b66a7909206007A1EF7030B
1745,uuon-spacetime-curvature,UUON Spacetime Curvature,general,general,Parametric surface,formula_sync,0.8,"general, UUON, parametric surface",/shapes/uuon-spacetime-curvature,t,2026-06-12T23:56:21.595Z,2026-06-12T23:56:21.595Z,75.350000,,,,,0,0,55000000000000000000000000000000,,success,0x425734a7fd13E9994b66a7909206007A1EF7030B
1747,uuon-neutron-star-crust,UUON Neutron Star Crust,general,general,Parametric surface,formula_sync,0.8,"general, UUON, parametric surface",/shapes/uuon-neutron-star-crust,t,2026-06-12T23:56:21.595Z,2026-06-12T23:56:21.595Z,75.350000,,,,,0,0,55000000000000000000000000000000,,success,0x425734a7fd13E9994b66a7909206007A1EF7030B
1749,uuon-magnetar-field,UUON Magnetar Field,general,general,Parametric surface,formula_sync,0.8,"general, UUON, parametric surface",/shapes/uuon-magnetar-field,t,2026-06-12T23:56:21.595Z,2026-06-12T23:56:21.595Z,75.350000,,,,,0,0,55000000000000000000000000000000,,success,0x425734a7fd13E9994b66a7909206007A1EF7030B
1751,uuon-quasar-jet,UUON Quasar Jet,general,general,Parametric surface,formula_sync,0.8,"general, UUON, parametric surface",/shapes/uuon-quasar-jet,t,2026-06-12T23:56:21.595Z,2026-06-12T23:56:21.595Z,75.350000,,,,,0,0,55000000000000000000000000000000,,success,0x425734a7fd13E9994b66a7909206007A1EF7030B
1753,uuon-inflation-field,UUON Inflation Field,general,general,Parametric surface,formula_sync,0.8,"general, UUON, parametric surface",/shapes/uuon-inflation-field,t,2026-06-12T23:56:21.595Z,2026-06-12T23:56:21.595Z,75.350000,,,,,0,0,55000000000000000000000000000000,,success,0x425734a7fd13E9994b66a7909206007A1EF7030B
1755,uuon-holographic-boundary,UUON Holographic Boundary,general,general,Parametric surface,formula_sync,0.8,"general, UUON, parametric surface",/shapes/uuon-holographic-boundary,t,2026-06-12T23:56:21.595Z,2026-06-12T23:56:21.595Z,75.350000,,,,,0,0,55000000000000000000000000000000,,success,0x425734a7fd13E9994b66a7909206007A1EF7030B
1757,uuon-vacuum-fluctuation,UUON Vacuum Fluctuation,general,general,Parametric surface,formula_sync,0.8,"general, UUON, parametric surface",/shapes/uuon-vacuum-fluctuation,t,2026-06-12T23:56:21.595Z,2026-06-12T23:56:21.595Z,75.350000,,,,,0,0,55000000000000000000000000000000,,success,0x425734a7fd13E9994b66a7909206007A1EF7030B
1759,uuon-hawking-radiation,UUON Hawking Radiation,general,general,Parametric surface,formula_sync,0.8,"general, UUON, parametric surface",/shapes/uuon-hawking-radiation,t,2026-06-12T23:56:21.595Z,2026-06-12T23:56:21.595Z,75.350000,,,,,0,0,55000000000000000000000000000000,,success,0x425734a7fd13E9994b66a7909206007A1EF7030B
1761,uuon-fibonacci-modular,UUON Fibonacci Modular,general,general,Parametric surface,formula_sync,0.8,"general, UUON, parametric surface",/shapes/uuon-fibonacci-modular,t,2026-06-12T23:56:21.595Z,2026-06-12T23:56:21.595Z,75.350000,,,,,0,0,55000000000000000000000000000000,,success,0x425734a7fd13E9994b66a7909206007A1EF7030B
1763,uuon-portal-value-cycle,UUON Portal Value Cycle,general,general,Parametric surface,formula_sync,0.8,"general, UUON, parametric surface",/shapes/uuon-portal-value-cycle,t,2026-06-12T23:56:21.595Z,2026-06-12T23:56:21.595Z,75.350000,,,,,0,0,55000000000000000000000000000000,,success,0x425734a7fd13E9994b66a7909206007A1EF7030B
1765,uuon-waveform-phase-index,UUON Waveform Phase Index,general,general,Parametric surface,formula_sync,0.8,"general, UUON, parametric surface",/shapes/uuon-waveform-phase-index,t,2026-06-12T23:56:21.595Z,2026-06-12T23:56:21.595Z,75.350000,,,,,0,0,55000000000000000000000000000000,,success,0x425734a7fd13E9994b66a7909206007A1EF7030B
1767,uuon-quantum-space-cycle,UUON Quantum Space Cycle,physics,physics,Parametric surface,formula_sync,0.8,"physics, UUON, parametric surface",/shapes/uuon-quantum-space-cycle,t,2026-06-12T23:56:21.595Z,2026-06-12T23:56:21.595Z,75.350000,,,,,0,0,55000000000000000000000000000000,,success,0x425734a7fd13E9994b66a7909206007A1EF7030B
1769,uuon-algorithmic-waveform,UUON Algorithmic Waveform,general,general,Parametric surface,formula_sync,0.8,"general, UUON, parametric surface",/shapes/uuon-algorithmic-waveform,t,2026-06-12T23:56:21.595Z,2026-06-12T23:56:21.595Z,75.350000,,,,,0,0,55000000000000000000000000000000,,success,0x425734a7fd13E9994b66a7909206007A1EF7030B
1771,uuon-prime-spiral,UUON Prime Spiral,general,general,Parametric surface,formula_sync,0.8,"general, UUON, parametric surface",/shapes/uuon-prime-spiral,t,2026-06-12T23:56:21.595Z,2026-06-12T23:56:21.595Z,75.350000,,,,,0,0,55000000000000000000000000000000,,success,0x425734a7fd13E9994b66a7909206007A1EF7030B
1773,uuon-symmetry-breaking,UUON Symmetry Breaking,general,general,Parametric surface,formula_sync,0.8,"general, UUON, parametric surface",/shapes/uuon-symmetry-breaking,t,2026-06-12T23:56:21.595Z,2026-06-12T23:56:21.595Z,75.350000,,,,,0,0,55000000000000000000000000000000,,success,0x425734a7fd13E9994b66a7909206007A1EF7030B
1775,uuon-spin-orbit,UUON Spin-Orbit Coupling,general,general,Parametric surface,formula_sync,0.8,"general, UUON, parametric surface",/shapes/uuon-spin-orbit,t,2026-06-12T23:56:21.595Z,2026-06-12T23:56:21.595Z,75.350000,,,,,0,0,55000000000000000000000000000000,,success,0x425734a7fd13E9994b66a7909206007A1EF7030B
1777,uuon-phase-transition,UUON Phase Transition,general,general,Parametric surface,formula_sync,0.8,"general, UUON, parametric surface",/shapes/uuon-phase-transition,t,2026-06-12T23:56:21.595Z,2026-06-12T23:56:21.595Z,75.350000,,,,,0,0,55000000000000000000000000000000,,success,0x425734a7fd13E9994b66a7909206007A1EF7030B
1779,uuon-superfluid-vortex,UUON Superfluid Vortex,general,general,Parametric surface,formula_sync,0.8,"general, UUON, parametric surface",/shapes/uuon-superfluid-vortex,t,2026-06-12T23:56:21.595Z,2026-06-12T23:56:21.595Z,75.350000,,,,,0,0,55000000000000000000000000000000,,success,0x425734a7fd13E9994b66a7909206007A1EF7030B
1783,uuon-soliton-wave,UUON Soliton Wave,general,general,Parametric surface,formula_sync,0.8,"general, UUON, parametric surface",/shapes/uuon-soliton-wave,t,2026-06-12T23:56:21.595Z,2026-06-12T23:56:21.595Z,75.350000,,,,,0,0,55000000000000000000000000000000,,success,0x425734a7fd13E9994b66a7909206007A1EF7030B
1785,uuon-six-state-energy-ring,UUON Six-State Energy Ring,general,general,Parametric surface,formula_sync,0.8,"general, UUON, parametric surface",/shapes/uuon-six-state-energy-ring,t,2026-06-12T23:56:21.595Z,2026-06-12T23:56:21.595Z,75.350000,,,,,0,0,55000000000000000000000000000000,,success,0x425734a7fd13E9994b66a7909206007A1EF7030B
1787,bell_state_correlation,Bell State Correlation,general,general,Parametric surface,formula_sync,0.8,"general, UUON, parametric surface",/shapes/bell-state-correlation,t,2026-06-12T23:56:21.595Z,2026-06-12T23:56:21.595Z,75.350000,,,,,0,0,55000000000000000000000000000000,,success,0x425734a7fd13E9994b66a7909206007A1EF7030B
1789,decoherence_evolution,Decoherence Evolution,general,general,Parametric surface,formula_sync,0.8,"general, UUON, parametric surface",/shapes/decoherence-evolution,t,2026-06-12T23:56:21.595Z,2026-06-12T23:56:21.595Z,75.350000,,,,,0,0,55000000000000000000000000000000,,success,0x425734a7fd13E9994b66a7909206007A1EF7030B
1791,quantum_neural_network,Quantum Neural Network,physics,physics,Parametric surface,formula_sync,0.8,"physics, UUON, parametric surface",/shapes/quantum-neural-network,t,2026-06-12T23:56:21.595Z,2026-06-12T23:56:21.595Z,75.350000,,,,,0,0,55000000000000000000000000000000,,success,0x425734a7fd13E9994b66a7909206007A1EF7030B
1793,gravitational_wave_strain,Gravitational Wave Strain,general,general,Parametric surface,formula_sync,0.8,"general, UUON, parametric surface",/shapes/gravitational-wave-strain,t,2026-06-12T23:56:21.595Z,2026-06-12T23:56:21.595Z,75.350000,,,,,0,0,55000000000000000000000000000000,,success,0x425734a7fd13E9994b66a7909206007A1EF7030B
1750,uuon-accretion-disk,UUON Accretion Disk,general,general,Parametric surface,formula_sync,0.8,"general, UUON, parametric surface",/shapes/uuon-accretion-disk,t,2026-06-12T23:56:21.595Z,2026-06-12T23:56:21.595Z,75.350000,,,,,0,0,55000000000000000000000000000000,,success,0x425734a7fd13E9994b66a7909206007A1EF7030B
1752,uuon-cosmic-void,UUON Cosmic Void,general,general,Parametric surface,formula_sync,0.8,"general, UUON, parametric surface",/shapes/uuon-cosmic-void,t,2026-06-12T23:56:21.595Z,2026-06-12T23:56:21.595Z,75.350000,,,,,0,0,55000000000000000000000000000000,,success,0x425734a7fd13E9994b66a7909206007A1EF7030B
1754,uuon-brane-collision,UUON Brane Collision,general,general,Parametric surface,formula_sync,0.8,"general, UUON, parametric surface",/shapes/uuon-brane-collision,t,2026-06-12T23:56:21.595Z,2026-06-12T23:56:21.595Z,75.350000,,,,,0,0,55000000000000000000000000000000,,success,0x425734a7fd13E9994b66a7909206007A1EF7030B
1756,uuon-entropy-gradient,UUON Entropy Gradient,general,general,Parametric surface,formula_sync,0.8,"general, UUON, parametric surface",/shapes/uuon-entropy-gradient,t,2026-06-12T23:56:21.595Z,2026-06-12T23:56:21.595Z,75.350000,,,,,0,0,55000000000000000000000000000000,,success,0x425734a7fd13E9994b66a7909206007A1EF7030B
1758,uuon-casimir-effect,UUON Casimir Effect,general,general,Parametric surface,formula_sync,0.8,"general, UUON, parametric surface",/shapes/uuon-casimir-effect,t,2026-06-12T23:56:21.595Z,2026-06-12T23:56:21.595Z,75.350000,,,,,0,0,55000000000000000000000000000000,,success,0x425734a7fd13E9994b66a7909206007A1EF7030B
1760,uuon-unruh-effect,UUON Unruh Effect,general,general,Parametric surface,formula_sync,0.8,"general, UUON, parametric surface",/shapes/uuon-unruh-effect,t,2026-06-12T23:56:21.595Z,2026-06-12T23:56:21.595Z,75.350000,,,,,0,0,55000000000000000000000000000000,,success,0x425734a7fd13E9994b66a7909206007A1EF7030B
1762,uuon-golden-ratio-harmonics,UUON Golden Ratio Harmonics,general,general,Parametric surface,formula_sync,0.8,"general, UUON, parametric surface",/shapes/uuon-golden-ratio-harmonics,t,2026-06-12T23:56:21.595Z,2026-06-12T23:56:21.595Z,75.350000,,,,,0,0,55000000000000000000000000000000,,success,0x425734a7fd13E9994b66a7909206007A1EF7030B
1764,uuon-multidim-index-loop,UUON Multidimensional Index Loop,general,general,Parametric surface,formula_sync,0.8,"general, UUON, parametric surface",/shapes/uuon-multidim-index-loop,t,2026-06-12T23:56:21.595Z,2026-06-12T23:56:21.595Z,75.350000,,,,,0,0,55000000000000000000000000000000,,success,0x425734a7fd13E9994b66a7909206007A1EF7030B
1766,uuon-3d-fractal-wrap,UUON 3D Fractal Wrap,fractal,fractal,Parametric surface,formula_sync,0.8,"fractal, UUON, parametric surface",/shapes/uuon-3d-fractal-wrap,t,2026-06-12T23:56:21.595Z,2026-06-12T23:56:21.595Z,75.350000,,,,,0,0,55000000000000000000000000000000,,success,0x425734a7fd13E9994b66a7909206007A1EF7030B
1768,uuon-toroidal-spherical-seg,UUON Toroidal Spherical Segment,general,general,Parametric surface,formula_sync,0.8,"general, UUON, parametric surface",/shapes/uuon-toroidal-spherical-seg,t,2026-06-12T23:56:21.595Z,2026-06-12T23:56:21.595Z,75.350000,,,,,0,0,55000000000000000000000000000000,,success,0x425734a7fd13E9994b66a7909206007A1EF7030B
1770,uuon-hex-tetra-wrap,UUON Hex-Tetra Wrap,general,general,Parametric surface,formula_sync,0.8,"general, UUON, parametric surface",/shapes/uuon-hex-tetra-wrap,t,2026-06-12T23:56:21.595Z,2026-06-12T23:56:21.595Z,75.350000,,,,,0,0,55000000000000000000000000000000,,success,0x425734a7fd13E9994b66a7909206007A1EF7030B
1772,uuon-chaos-attractor,UUON Chaos Attractor,general,general,Parametric surface,formula_sync,0.8,"general, UUON, parametric surface",/shapes/uuon-chaos-attractor,t,2026-06-12T23:56:21.595Z,2026-06-12T23:56:21.595Z,75.350000,,,,,0,0,55000000000000000000000000000000,,success,0x425734a7fd13E9994b66a7909206007A1EF7030B
1774,uuon-quantum-tunneling,UUON Quantum Tunneling,physics,physics,Parametric surface,formula_sync,0.8,"physics, UUON, parametric surface",/shapes/uuon-quantum-tunneling,t,2026-06-12T23:56:21.595Z,2026-06-12T23:56:21.595Z,75.350000,,,,,0,0,55000000000000000000000000000000,,success,0x425734a7fd13E9994b66a7909206007A1EF7030B
1776,uuon-topological-defect,UUON Topological Defect,general,general,Parametric surface,formula_sync,0.8,"general, UUON, parametric surface",/shapes/uuon-topological-defect,t,2026-06-12T23:56:21.595Z,2026-06-12T23:56:21.595Z,75.350000,,,,,0,0,55000000000000000000000000000000,,success,0x425734a7fd13E9994b66a7909206007A1EF7030B
1778,uuon-crystalline-lattice,UUON Crystalline Lattice,general,general,Parametric surface,formula_sync,0.8,"general, UUON, parametric surface",/shapes/uuon-crystalline-lattice,t,2026-06-12T23:56:21.595Z,2026-06-12T23:56:21.595Z,75.350000,,,,,0,0,55000000000000000000000000000000,,success,0x425734a7fd13E9994b66a7909206007A1EF7030B
1780,uuon-monopole-field,UUON Monopole Field,general,general,Parametric surface,formula_sync,0.8,"general, UUON, parametric surface",/shapes/uuon-monopole-field,t,2026-06-12T23:56:21.595Z,2026-06-12T23:56:21.595Z,75.350000,,,,,0,0,55000000000000000000000000000000,,success,0x425734a7fd13E9994b66a7909206007A1EF7030B
1782,uuon-instanton,UUON Instanton,general,general,Parametric surface,formula_sync,0.8,"general, UUON, parametric surface",/shapes/uuon-instanton,t,2026-06-12T23:56:21.595Z,2026-06-12T23:56:21.595Z,75.350000,,,,,0,0,55000000000000000000000000000000,,success,0x425734a7fd13E9994b66a7909206007A1EF7030B
1784,uuon-dynamic-visual-phase,UUON Dynamic Visual Phase,general,general,Parametric surface,formula_sync,0.8,"general, UUON, parametric surface",/shapes/uuon-dynamic-visual-phase,t,2026-06-12T23:56:21.595Z,2026-06-12T23:56:21.595Z,75.350000,,,,,0,0,55000000000000000000000000000000,,success,0x425734a7fd13E9994b66a7909206007A1EF7030B
1786,bloch_sphere_dynamic,Bloch Sphere Dynamic,general,general,Parametric surface,formula_sync,0.8,"general, UUON, parametric surface",/shapes/bloch-sphere-dynamic,t,2026-06-12T23:56:21.595Z,2026-06-12T23:56:21.595Z,75.350000,,,,,0,0,55000000000000000000000000000000,,success,0x425734a7fd13E9994b66a7909206007A1EF7030B
1788,quantum_gate_rotation,Quantum Gate Rotation,physics,physics,Parametric surface,formula_sync,0.8,"physics, UUON, parametric surface",/shapes/quantum-gate-rotation,t,2026-06-12T23:56:21.595Z,2026-06-12T23:56:21.595Z,75.350000,,,,,0,0,55000000000000000000000000000000,,success,0x425734a7fd13E9994b66a7909206007A1EF7030B
1790,fibonacci_anyon_braiding,Fibonacci Anyon Braiding,general,general,Parametric surface,formula_sync,0.8,"general, UUON, parametric surface",/shapes/fibonacci-anyon-braiding,t,2026-06-12T23:56:21.595Z,2026-06-12T23:56:21.595Z,75.350000,,,,,0,0,55000000000000000000000000000000,,success,0x425734a7fd13E9994b66a7909206007A1EF7030B
1792,spacetime_curvature,Spacetime Curvature,general,general,Parametric surface,formula_sync,0.8,"general, UUON, parametric surface",/shapes/spacetime-curvature,t,2026-06-12T23:56:21.595Z,2026-06-12T23:56:21.595Z,75.350000,,,,,0,0,55000000000000000000000000000000,,success,0x425734a7fd13E9994b66a7909206007A1EF7030B
1794,event_horizon_surface,Event Horizon Surface,general,general,Parametric surface,formula_sync,0.8,"general, UUON, parametric surface",/shapes/event-horizon-surface,t,2026-06-12T23:56:21.595Z,2026-06-12T23:56:21.595Z,75.350000,,,,,0,0,55000000000000000000000000000000,,success,0x425734a7fd13E9994b66a7909206007A1EF7030B
1796,hyperboloid,Hyperboloid,general,general,Parametric surface,formula_sync,0.8,"general, UUON, parametric surface",/shapes/hyperboloid,t,2026-06-12T23:56:21.595Z,2026-06-12T23:56:21.595Z,75.350000,,,,,0,0,55000000000000000000000000000000,,success,0x425734a7fd13E9994b66a7909206007A1EF7030B
1798,gamma_function_surface,Gamma Function Surface,general,general,Parametric surface,formula_sync,0.8,"general, UUON, parametric surface",/shapes/gamma-function-surface,t,2026-06-12T23:56:21.595Z,2026-06-12T23:56:21.595Z,75.350000,,,,,0,0,55000000000000000000000000000000,,success,0x425734a7fd13E9994b66a7909206007A1EF7030B
1800,legendre_polynomial,Legendre Polynomial Surface,general,general,Parametric surface,formula_sync,0.8,"general, UUON, parametric surface",/shapes/legendre-polynomial,t,2026-06-12T23:56:21.595Z,2026-06-12T23:56:21.595Z,75.350000,,,,,0,0,55000000000000000000000000000000,,success,0x425734a7fd13E9994b66a7909206007A1EF7030B
1802,spherical_harmonics_y32,"Spherical Harmonics Y(3,2)",general,general,Parametric surface,formula_sync,0.8,"general, UUON, parametric surface",/shapes/spherical-harmonics-y32,t,2026-06-12T23:56:21.595Z,2026-06-12T23:56:21.595Z,75.350000,,,,,0,0,55000000000000000000000000000000,,success,0x425734a7fd13E9994b66a7909206007A1EF7030B
1804,laguerre_surface,Laguerre Polynomial Surface,general,general,Parametric surface,formula_sync,0.8,"general, UUON, parametric surface",/shapes/laguerre-surface,t,2026-06-12T23:56:21.595Z,2026-06-12T23:56:21.595Z,75.350000,,,,,0,0,55000000000000000000000000000000,,success,0x425734a7fd13E9994b66a7909206007A1EF7030B
1806,jacobian_determinant_field,Jacobian Determinant Field,general,general,Parametric surface,formula_sync,0.8,"general, UUON, parametric surface",/shapes/jacobian-determinant-field,t,2026-06-12T23:56:21.595Z,2026-06-12T23:56:21.595Z,75.350000,,,,,0,0,55000000000000000000000000000000,,success,0x425734a7fd13E9994b66a7909206007A1EF7030B
1808,cylindrical_jacobian_helix,Cylindrical Jacobian Helix,general,general,Parametric surface,formula_sync,0.8,"general, UUON, parametric surface",/shapes/cylindrical-jacobian-helix,t,2026-06-12T23:56:21.595Z,2026-06-12T23:56:21.595Z,75.350000,,,,,0,0,55000000000000000000000000000000,,success,0x425734a7fd13E9994b66a7909206007A1EF7030B
1810,coordinate_transformation_flow,Coordinate Transformation Flow,general,general,Parametric surface,formula_sync,0.8,"general, UUON, parametric surface",/shapes/coordinate-transformation-flow,t,2026-06-12T23:56:21.595Z,2026-06-12T23:56:21.595Z,75.350000,,,,,0,0,55000000000000000000000000000000,,success,0x425734a7fd13E9994b66a7909206007A1EF7030B
1812,inverse_jacobian_surface,Inverse Jacobian Surface,general,general,Parametric surface,formula_sync,0.8,"general, UUON, parametric surface",/shapes/inverse-jacobian-surface,t,2026-06-12T23:56:21.595Z,2026-06-12T23:56:21.595Z,75.350000,,,,,0,0,55000000000000000000000000000000,,success,0x425734a7fd13E9994b66a7909206007A1EF7030B
1795,quantum_foam_texture,Quantum Foam Texture,physics,physics,Parametric surface,formula_sync,0.8,"physics, UUON, parametric surface",/shapes/quantum-foam-texture,t,2026-06-12T23:56:21.595Z,2026-06-12T23:56:21.595Z,75.350000,,,,,0,0,55000000000000000000000000000000,,success,0x425734a7fd13E9994b66a7909206007A1EF7030B
1799,bessel_function_surface,Bessel Function Surface,general,general,Parametric surface,formula_sync,0.8,"general, UUON, parametric surface",/shapes/bessel-function-surface,t,2026-06-12T23:56:21.595Z,2026-06-12T23:56:21.595Z,75.350000,,,,,0,0,55000000000000000000000000000000,,success,0x425734a7fd13E9994b66a7909206007A1EF7030B
1801,hermite_function,Hermite Function Surface,general,general,Parametric surface,formula_sync,0.8,"general, UUON, parametric surface",/shapes/hermite-function,t,2026-06-12T23:56:21.595Z,2026-06-12T23:56:21.595Z,75.350000,,,,,0,0,55000000000000000000000000000000,,success,0x425734a7fd13E9994b66a7909206007A1EF7030B
1803,chebyshev_surface,Chebyshev Polynomial Surface,general,general,Parametric surface,formula_sync,0.8,"general, UUON, parametric surface",/shapes/chebyshev-surface,t,2026-06-12T23:56:21.595Z,2026-06-12T23:56:21.595Z,75.350000,,,,,0,0,55000000000000000000000000000000,,success,0x425734a7fd13E9994b66a7909206007A1EF7030B
1805,cascading_coordinate_surface,Cascading Coordinate Surface (u=x+y+z),general,general,Parametric surface,formula_sync,0.8,"general, UUON, parametric surface",/shapes/cascading-coordinate-surface,t,2026-06-12T23:56:21.595Z,2026-06-12T23:56:21.595Z,75.350000,,,,,0,0,55000000000000000000000000000000,,success,0x425734a7fd13E9994b66a7909206007A1EF7030B
1807,spherical_jacobian_shell,Spherical Jacobian Shell (r²sin(θ)),general,general,Parametric surface,formula_sync,0.8,"general, UUON, parametric surface",/shapes/spherical-jacobian-shell,t,2026-06-12T23:56:21.595Z,2026-06-12T23:56:21.595Z,75.350000,,,,,0,0,55000000000000000000000000000000,,success,0x425734a7fd13E9994b66a7909206007A1EF7030B
1809,volume_scaling_manifold,Volume Scaling Manifold (J=4),general,general,Parametric surface,formula_sync,0.8,"general, UUON, parametric surface",/shapes/volume-scaling-manifold,t,2026-06-12T23:56:21.595Z,2026-06-12T23:56:21.595Z,75.350000,,,,,0,0,55000000000000000000000000000000,,success,0x425734a7fd13E9994b66a7909206007A1EF7030B
1811,partial_derivative_surface,"Partial Derivative Surface (∂x/∂u, ∂y/∂v)",general,general,Parametric surface,formula_sync,0.8,"general, UUON, parametric surface",/shapes/partial-derivative-surface,t,2026-06-12T23:56:21.595Z,2026-06-12T23:56:21.595Z,75.350000,,,,,0,0,55000000000000000000000000000000,,success,0x425734a7fd13E9994b66a7909206007A1EF7030B
1813,gaussian_curvature_surface,Gaussian Curvature Surface (K),general,general,Parametric surface,formula_sync,0.8,"general, UUON, parametric surface",/shapes/gaussian-curvature-surface,t,2026-06-12T23:56:21.595Z,2026-06-12T23:56:21.595Z,75.350000,,,,,0,0,55000000000000000000000000000000,,success,0x425734a7fd13E9994b66a7909206007A1EF7030B
1815,matrix_eigenvalue_surface,Matrix Eigenvalue Surface,general,general,Parametric surface,formula_sync,0.8,"general, UUON, parametric surface",/shapes/matrix-eigenvalue-surface,t,2026-06-12T23:56:21.595Z,2026-06-12T23:56:21.595Z,75.350000,,,,,0,0,55000000000000000000000000000000,,success,0x425734a7fd13E9994b66a7909206007A1EF7030B
1817,tangent_bundle_projection,Tangent Bundle Projection,general,general,Parametric surface,formula_sync,0.8,"general, UUON, parametric surface",/shapes/tangent-bundle-projection,t,2026-06-12T23:56:21.595Z,2026-06-12T23:56:21.595Z,75.350000,,,,,0,0,55000000000000000000000000000000,,success,0x425734a7fd13E9994b66a7909206007A1EF7030B
1819,christoffel_symbol_flow,Christoffel Symbol Flow (Γⁱⱼₖ),general,general,Parametric surface,formula_sync,0.8,"general, UUON, parametric surface",/shapes/christoffel-symbol-flow,t,2026-06-12T23:56:21.595Z,2026-06-12T23:56:21.595Z,75.350000,,,,,0,0,55000000000000000000000000000000,,success,0x425734a7fd13E9994b66a7909206007A1EF7030B
1821,scalar_curvature_field,Scalar Curvature Field (R),general,general,Parametric surface,formula_sync,0.8,"general, UUON, parametric surface",/shapes/scalar-curvature-field,t,2026-06-12T23:56:21.595Z,2026-06-12T23:56:21.595Z,75.350000,,,,,0,0,55000000000000000000000000000000,,success,0x425734a7fd13E9994b66a7909206007A1EF7030B
1823,heat_flux_density,🌡️ Heat Flux Density: q = Q/A (kW/m²),general,general,Parametric surface,formula_sync,0.8,"general, UUON, parametric surface",/shapes/heat-flux-density,t,2026-06-12T23:56:21.595Z,2026-06-12T23:56:21.595Z,75.350000,,,,,0,0,55000000000000000000000000000000,,success,0x425734a7fd13E9994b66a7909206007A1EF7030B
1825,pue_efficiency_surface,⚡ PUE Surface: Total/IT Power Efficiency,general,general,Parametric surface,formula_sync,0.8,"general, UUON, parametric surface",/shapes/pue-efficiency-surface,t,2026-06-12T23:56:21.595Z,2026-06-12T23:56:21.595Z,75.350000,,,,,0,0,55000000000000000000000000000000,,success,0x425734a7fd13E9994b66a7909206007A1EF7030B
1827,thermal_resistance_network,🔌 Thermal Resistance: R_th = DT/Q,engineering,engineering,Parametric surface,formula_sync,0.8,"engineering, UUON, parametric surface",/shapes/thermal-resistance-network,t,2026-06-12T23:56:21.595Z,2026-06-12T23:56:21.595Z,75.350000,,,,,0,0,55000000000000000000000000000000,,success,0x425734a7fd13E9994b66a7909206007A1EF7030B
1829,nusselt_convection_surface,🌀 Nusselt Number: Nu = hL/k (Convection),general,general,Parametric surface,formula_sync,0.8,"general, UUON, parametric surface",/shapes/nusselt-convection-surface,t,2026-06-12T23:56:21.595Z,2026-06-12T23:56:21.595Z,75.350000,,,,,0,0,55000000000000000000000000000000,,success,0x425734a7fd13E9994b66a7909206007A1EF7030B
1831,immersion_cooling_boiling,💧 Immersion Cooling: Two-Phase Boiling,engineering,engineering,Parametric surface,formula_sync,0.8,"engineering, UUON, parametric surface",/shapes/immersion-cooling-boiling,t,2026-06-12T23:56:21.595Z,2026-06-12T23:56:21.595Z,75.350000,,,,,0,0,55000000000000000000000000000000,,success,0x425734a7fd13E9994b66a7909206007A1EF7030B
1833,ntu_transfer_units,📊 NTU Method: UA/(ṁCp)_min,general,general,Parametric surface,formula_sync,0.8,"general, UUON, parametric surface",/shapes/ntu-transfer-units,t,2026-06-12T23:56:21.595Z,2026-06-12T23:56:21.595Z,75.350000,,,,,0,0,55000000000000000000000000000000,,success,0x425734a7fd13E9994b66a7909206007A1EF7030B
1835,hot_cold_aisle_containment,🏢 Hot/Cold Aisle Containment,general,general,Parametric surface,formula_sync,0.8,"general, UUON, parametric surface",/shapes/hot-cold-aisle-containment,t,2026-06-12T23:56:28.146Z,2026-06-12T23:56:28.146Z,75.350000,,,,,0,0,55000000000000000000000000000000,,success,0x425734a7fd13E9994b66a7909206007A1EF7030B
1837,fan_affinity_laws,🌬️ Fan Affinity: P₂/P₁ = (N₂/N₁)³,general,general,Parametric surface,formula_sync,0.8,"general, UUON, parametric surface",/shapes/fan-affinity-laws,t,2026-06-12T23:56:28.146Z,2026-06-12T23:56:28.146Z,75.350000,,,,,0,0,55000000000000000000000000000000,,success,0x425734a7fd13E9994b66a7909206007A1EF7030B
1839,rack_power_density_limit,📦 Rack Density: q_max/(R_th × A),general,general,Parametric surface,formula_sync,0.8,"general, UUON, parametric surface",/shapes/rack-power-density-limit,t,2026-06-12T23:56:28.146Z,2026-06-12T23:56:28.146Z,75.350000,,,,,0,0,55000000000000000000000000000000,,success,0x425734a7fd13E9994b66a7909206007A1EF7030B
1841,exergy_thermodynamic_analysis,⚡ Exergy: Ex = Dh - T₀Ds,general,general,Parametric surface,formula_sync,0.8,"general, UUON, parametric surface",/shapes/exergy-thermodynamic-analysis,t,2026-06-12T23:56:28.146Z,2026-06-12T23:56:28.146Z,75.350000,,,,,0,0,55000000000000000000000000000000,,success,0x425734a7fd13E9994b66a7909206007A1EF7030B
1843,phase_change_thermal_storage,🧊 PCM Thermal Storage: Q = m × h_fusion,engineering,engineering,Parametric surface,formula_sync,0.8,"engineering, UUON, parametric surface",/shapes/phase-change-thermal-storage,t,2026-06-12T23:56:28.146Z,2026-06-12T23:56:28.146Z,75.350000,,,,,0,0,55000000000000000000000000000000,,success,0x425734a7fd13E9994b66a7909206007A1EF7030B
1845,carbon_usage_effectiveness,🌍 CUE: PUE × Carbon Intensity × (1 - Renewable%),general,general,Parametric surface,formula_sync,0.8,"general, UUON, parametric surface",/shapes/carbon-usage-effectiveness,t,2026-06-12T23:56:28.146Z,2026-06-12T23:56:28.146Z,75.350000,,,,,0,0,55000000000000000000000000000000,,success,0x425734a7fd13E9994b66a7909206007A1EF7030B
1847,polynomial_cop_surface,📈 Polynomial COP: a₀ + a₁L + a₂L² + a₃T + a₄T² + a₅LT,general,general,Parametric surface,formula_sync,0.8,"general, UUON, parametric surface",/shapes/polynomial-cop-surface,t,2026-06-12T23:56:28.146Z,2026-06-12T23:56:28.146Z,75.350000,,,,,0,0,55000000000000000000000000000000,,success,0x425734a7fd13E9994b66a7909206007A1EF7030B
1849,bezier_cop_curve,🎯 Bezier COP: Σᵢ Bᵢ(t)Pᵢ (Manufacturer Curves),general,general,Parametric surface,formula_sync,0.8,"general, UUON, parametric surface",/shapes/bezier-cop-curve,t,2026-06-12T23:56:28.146Z,2026-06-12T23:56:28.146Z,75.350000,,,,,0,0,55000000000000000000000000000000,,success,0x425734a7fd13E9994b66a7909206007A1EF7030B
1851,interference_enhanced_cooling,🌊 Interference Cooling: T₀×exp(-r²/4αt)×[1+m×cos(k₁x)×cos(k₂y)],engineering,engineering,Parametric surface,formula_sync,0.8,"engineering, UUON, parametric surface",/shapes/interference-enhanced-cooling,t,2026-06-12T23:56:28.146Z,2026-06-12T23:56:28.146Z,75.350000,,,,,0,0,55000000000000000000000000000000,,success,0x425734a7fd13E9994b66a7909206007A1EF7030B
1853,spiral_flow_structure,🌀 Spiral Flow Structure: r(θ) = a·e^(bθ),general,general,Parametric surface,formula_sync,0.8,"general, UUON, parametric surface",/shapes/spiral-flow-structure,t,2026-06-12T23:56:28.146Z,2026-06-12T23:56:28.146Z,75.350000,,,,,0,0,55000000000000000000000000000000,,success,0x425734a7fd13E9994b66a7909206007A1EF7030B
1814,mean_curvature_flow,Mean Curvature Flow (H),general,general,Parametric surface,formula_sync,0.8,"general, UUON, parametric surface",/shapes/mean-curvature-flow,t,2026-06-12T23:56:21.595Z,2026-06-12T23:56:21.595Z,75.350000,,,,,0,0,55000000000000000000000000000000,,success,0x425734a7fd13E9994b66a7909206007A1EF7030B
1816,differential_form_surface,Differential Form Surface (dx∧dy),general,general,Parametric surface,formula_sync,0.8,"general, UUON, parametric surface",/shapes/differential-form-surface,t,2026-06-12T23:56:21.595Z,2026-06-12T23:56:21.595Z,75.350000,,,,,0,0,55000000000000000000000000000000,,success,0x425734a7fd13E9994b66a7909206007A1EF7030B
1818,cotangent_bundle_surface,Cotangent Bundle Surface,general,general,Parametric surface,formula_sync,0.8,"general, UUON, parametric surface",/shapes/cotangent-bundle-surface,t,2026-06-12T23:56:21.595Z,2026-06-12T23:56:21.595Z,75.350000,,,,,0,0,55000000000000000000000000000000,,success,0x425734a7fd13E9994b66a7909206007A1EF7030B
1820,riemann_curvature_manifold,Riemann Curvature Manifold (Rⁱⱼₖₗ),general,general,Parametric surface,formula_sync,0.8,"general, UUON, parametric surface",/shapes/riemann-curvature-manifold,t,2026-06-12T23:56:21.595Z,2026-06-12T23:56:21.595Z,75.350000,,,,,0,0,55000000000000000000000000000000,,success,0x425734a7fd13E9994b66a7909206007A1EF7030B
1822,heat_dissipation_surface,🔥 Heat Dissipation: Q = P × (1 - η),general,general,Parametric surface,formula_sync,0.8,"general, UUON, parametric surface",/shapes/heat-dissipation-surface,t,2026-06-12T23:56:21.595Z,2026-06-12T23:56:21.595Z,75.350000,,,,,0,0,55000000000000000000000000000000,,success,0x425734a7fd13E9994b66a7909206007A1EF7030B
1824,sensible_heat_removal,💨 Sensible Heat: Q = ṁ × Cp × DT,general,general,Parametric surface,formula_sync,0.8,"general, UUON, parametric surface",/shapes/sensible-heat-removal,t,2026-06-12T23:56:21.595Z,2026-06-12T23:56:21.595Z,75.350000,,,,,0,0,55000000000000000000000000000000,,success,0x425734a7fd13E9994b66a7909206007A1EF7030B
1826,cop_coefficient_performance,❄️ COP: Cooling Output/Power Input,general,general,Parametric surface,formula_sync,0.8,"general, UUON, parametric surface",/shapes/cop-coefficient-performance,t,2026-06-12T23:56:21.595Z,2026-06-12T23:56:21.595Z,75.350000,,,,,0,0,55000000000000000000000000000000,,success,0x425734a7fd13E9994b66a7909206007A1EF7030B
1828,junction_temperature_surface,🔥 Junction Temp: T_j = T_amb + Q×ΣR,general,general,Parametric surface,formula_sync,0.8,"general, UUON, parametric surface",/shapes/junction-temperature-surface,t,2026-06-12T23:56:21.595Z,2026-06-12T23:56:21.595Z,75.350000,,,,,0,0,55000000000000000000000000000000,,success,0x425734a7fd13E9994b66a7909206007A1EF7030B
1830,reynolds_flow_regime,🌊 Reynolds Number: Re = ρvL/μ (Turbulence),general,general,Parametric surface,formula_sync,0.8,"general, UUON, parametric surface",/shapes/reynolds-flow-regime,t,2026-06-12T23:56:21.595Z,2026-06-12T23:56:21.595Z,75.350000,,,,,0,0,55000000000000000000000000000000,,success,0x425734a7fd13E9994b66a7909206007A1EF7030B
1832,heat_exchanger_effectiveness,🔄 Heat Exchanger: ε = DT_actual/DT_max,general,general,Parametric surface,formula_sync,0.8,"general, UUON, parametric surface",/shapes/heat-exchanger-effectiveness,t,2026-06-12T23:56:21.595Z,2026-06-12T23:56:21.595Z,75.350000,,,,,0,0,55000000000000000000000000000000,,success,0x425734a7fd13E9994b66a7909206007A1EF7030B
1834,navier_stokes_momentum,🌀 Navier-Stokes: ρ(∂v/∂t + v·∇v) = -∇P + μ∇²v,general,general,Parametric surface,formula_sync,0.8,"general, UUON, parametric surface",/shapes/navier-stokes-momentum,t,2026-06-12T23:56:28.146Z,2026-06-12T23:56:28.146Z,75.350000,,,,,0,0,55000000000000000000000000000000,,success,0x425734a7fd13E9994b66a7909206007A1EF7030B
1836,direct_chip_liquid_cooling,💧 Direct-to-Chip: Microchannel Cooling,medical,medical,Parametric surface,formula_sync,0.8,"medical, UUON, parametric surface",/shapes/direct-chip-liquid-cooling,t,2026-06-12T23:56:28.146Z,2026-06-12T23:56:28.146Z,75.350000,,,,,0,0,55000000000000000000000000000000,,success,0x425734a7fd13E9994b66a7909206007A1EF7030B
1838,cooling_tower_effectiveness,🗼 Cooling Tower: (T_in - T_out)/(T_in - T_wb),engineering,engineering,Parametric surface,formula_sync,0.8,"engineering, UUON, parametric surface",/shapes/cooling-tower-effectiveness,t,2026-06-12T23:56:28.146Z,2026-06-12T23:56:28.146Z,75.350000,,,,,0,0,55000000000000000000000000000000,,success,0x425734a7fd13E9994b66a7909206007A1EF7030B
1840,gpu_dynamic_power,🎮 GPU Power: P = CV²fα (Dynamic),general,general,Parametric surface,formula_sync,0.8,"general, UUON, parametric surface",/shapes/gpu-dynamic-power,t,2026-06-12T23:56:28.146Z,2026-06-12T23:56:28.146Z,75.350000,,,,,0,0,55000000000000000000000000000000,,success,0x425734a7fd13E9994b66a7909206007A1EF7030B
1842,waste_heat_recovery,♻️ Waste Heat Recovery: Q × η × $/kWh,general,general,Parametric surface,formula_sync,0.8,"general, UUON, parametric surface",/shapes/waste-heat-recovery,t,2026-06-12T23:56:28.146Z,2026-06-12T23:56:28.146Z,75.350000,,,,,0,0,55000000000000000000000000000000,,success,0x425734a7fd13E9994b66a7909206007A1EF7030B
1844,water_usage_effectiveness,💧 WUE: Water Usage/IT Energy (L/kWh),general,general,Parametric surface,formula_sync,0.8,"general, UUON, parametric surface",/shapes/water-usage-effectiveness,t,2026-06-12T23:56:28.146Z,2026-06-12T23:56:28.146Z,75.350000,,,,,0,0,55000000000000000000000000000000,,success,0x425734a7fd13E9994b66a7909206007A1EF7030B
1846,ehd_electrohydrodynamic_cooling,⚡ EHD Cooling: h_enhanced = h × (1 + C×E²),engineering,engineering,Parametric surface,formula_sync,0.8,"engineering, UUON, parametric surface",/shapes/ehd-electrohydrodynamic-cooling,t,2026-06-12T23:56:28.146Z,2026-06-12T23:56:28.146Z,75.350000,,,,,0,0,55000000000000000000000000000000,,success,0x425734a7fd13E9994b66a7909206007A1EF7030B
1848,rational_cop_model,📊 Rational COP: (a₀+a₁L+a₂L²)/(1+a₃L+a₄T+a₅LT),general,general,Parametric surface,formula_sync,0.8,"general, UUON, parametric surface",/shapes/rational-cop-model,t,2026-06-12T23:56:28.146Z,2026-06-12T23:56:28.146Z,75.350000,,,,,0,0,55000000000000000000000000000000,,success,0x425734a7fd13E9994b66a7909206007A1EF7030B
1850,unified_polar_field,🌀 Unified Polar: A×exp(-r/λ)×cos(nθ)×r^α,general,general,Parametric surface,formula_sync,0.8,"general, UUON, parametric surface",/shapes/unified-polar-field,t,2026-06-12T23:56:28.146Z,2026-06-12T23:56:28.146Z,75.350000,,,,,0,0,55000000000000000000000000000000,,success,0x425734a7fd13E9994b66a7909206007A1EF7030B
1852,spherical_harmonic_cop,"⚛️ Spherical Harmonic COP: Σₗₘ cₗₘYₗᵐ(θ,φ)",general,general,Parametric surface,formula_sync,0.8,"general, UUON, parametric surface",/shapes/spherical-harmonic-cop,t,2026-06-12T23:56:28.146Z,2026-06-12T23:56:28.146Z,75.350000,,,,,0,0,55000000000000000000000000000000,,success,0x425734a7fd13E9994b66a7909206007A1EF7030B
1854,relativistic_thermal_curvature,🌌 Relativistic Thermal: g_μν × exp(-r/λ)×cos(nθ),engineering,engineering,Parametric surface,formula_sync,0.8,"engineering, UUON, parametric surface",/shapes/relativistic-thermal-curvature,t,2026-06-12T23:56:28.146Z,2026-06-12T23:56:28.146Z,75.350000,,,,,0,0,55000000000000000000000000000000,,success,0x425734a7fd13E9994b66a7909206007A1EF7030B
1856,hawking_interference_cooling,🔥 Hawking-Interference: T_H × [1 + cos(k₁x)cos(k₂y)],engineering,engineering,Parametric surface,formula_sync,0.8,"engineering, UUON, parametric surface",/shapes/hawking-interference-cooling,t,2026-06-12T23:56:28.146Z,2026-06-12T23:56:28.146Z,75.350000,,,,,0,0,55000000000000000000000000000000,,success,0x425734a7fd13E9994b66a7909206007A1EF7030B
1858,christoffel_harmonic_field,"📐 Christoffel-Harmonic: Γᵃ_bc × Y_lm(θ,φ)",general,general,Parametric surface,formula_sync,0.8,"general, UUON, parametric surface",/shapes/christoffel-harmonic-field,t,2026-06-12T23:56:28.146Z,2026-06-12T23:56:28.146Z,75.350000,,,,,0,0,55000000000000000000000000000000,,success,0x425734a7fd13E9994b66a7909206007A1EF7030B
1860,harmonic_cop_fourier,"🎵 Harmonic COP: Σ aₙcos(nωL) × COP(L,T)",general,general,Parametric surface,formula_sync,0.8,"general, UUON, parametric surface",/shapes/harmonic-cop-fourier,t,2026-06-12T23:56:28.146Z,2026-06-12T23:56:28.146Z,75.350000,,,,,0,0,55000000000000000000000000000000,,success,0x425734a7fd13E9994b66a7909206007A1EF7030B
1862,five_simplex_5d,🔺 5-Simplex (Hexateron) - 6 Vertices,general,general,Parametric surface,formula_sync,0.8,"general, UUON, parametric surface",/shapes/five-simplex-5d,t,2026-06-12T23:56:28.146Z,2026-06-12T23:56:28.146Z,75.350000,,,,,0,0,55000000000000000000000000000000,,success,0x425734a7fd13E9994b66a7909206007A1EF7030B
1864,five_orthoplex_5d,✖️ 5-Orthoplex (Pentacross) - 10 Vertices,general,general,Parametric surface,formula_sync,0.8,"general, UUON, parametric surface",/shapes/five-orthoplex-5d,t,2026-06-12T23:56:28.146Z,2026-06-12T23:56:28.146Z,75.350000,,,,,0,0,55000000000000000000000000000000,,success,0x425734a7fd13E9994b66a7909206007A1EF7030B
1866,five_sphere_5d,🌐 5-Sphere (S⁴) - Hypersphere Boundary,general,general,Parametric surface,formula_sync,0.8,"general, UUON, parametric surface",/shapes/five-sphere-5d,t,2026-06-12T23:56:28.146Z,2026-06-12T23:56:28.146Z,75.350000,,,,,0,0,55000000000000000000000000000000,,success,0x425734a7fd13E9994b66a7909206007A1EF7030B
1868,spherinder_5d,🔮 Spherinder (Sphere × Interval),general,general,Parametric surface,formula_sync,0.8,"general, UUON, parametric surface",/shapes/spherinder-5d,t,2026-06-12T23:56:28.146Z,2026-06-12T23:56:28.146Z,75.350000,,,,,0,0,55000000000000000000000000000000,,success,0x425734a7fd13E9994b66a7909206007A1EF7030B
1870,n_cube_6d,🔷 6-Cube (Hexeract) - 64 Vertices,general,general,Parametric surface,formula_sync,0.8,"general, UUON, parametric surface",/shapes/n-cube-6d,t,2026-06-12T23:56:28.146Z,2026-06-12T23:56:28.146Z,75.350000,,,,,0,0,55000000000000000000000000000000,,success,0x425734a7fd13E9994b66a7909206007A1EF7030B
1855,warped_cop_schwarzschild,⚫ Warped COP: COP × (1 - r_s/r)^½,general,general,Parametric surface,formula_sync,0.8,"general, UUON, parametric surface",/shapes/warped-cop-schwarzschild,t,2026-06-12T23:56:28.146Z,2026-06-12T23:56:28.146Z,75.350000,,,,,0,0,55000000000000000000000000000000,,success,0x425734a7fd13E9994b66a7909206007A1EF7030B
1857,quantum_cooling_lattice,🔷 Quantum Cooling Lattice: ψ² × COP × cos(kx),physics,physics,Parametric surface,formula_sync,0.8,"physics, UUON, parametric surface",/shapes/quantum-cooling-lattice,t,2026-06-12T23:56:28.146Z,2026-06-12T23:56:28.146Z,75.350000,,,,,0,0,55000000000000000000000000000000,,success,0x425734a7fd13E9994b66a7909206007A1EF7030B
1859,riemann_harmonic_surface,🔶 Riemann-Harmonic: R_abcd × Σ c_lm Y_lm,general,general,Parametric surface,formula_sync,0.8,"general, UUON, parametric surface",/shapes/riemann-harmonic-surface,t,2026-06-12T23:56:28.146Z,2026-06-12T23:56:28.146Z,75.350000,,,,,0,0,55000000000000000000000000000000,,success,0x425734a7fd13E9994b66a7909206007A1EF7030B
1861,thermal_landscape_chebyshev,🏔️ Thermal Landscape: T_n(x) × efficiency(y),engineering,engineering,Parametric surface,formula_sync,0.8,"engineering, UUON, parametric surface",/shapes/thermal-landscape-chebyshev,t,2026-06-12T23:56:28.146Z,2026-06-12T23:56:28.146Z,75.350000,,,,,0,0,55000000000000000000000000000000,,success,0x425734a7fd13E9994b66a7909206007A1EF7030B
1863,five_cube_penteract,🔷 5-Cube (Penteract) - 32 Vertices,general,general,Parametric surface,formula_sync,0.8,"general, UUON, parametric surface",/shapes/five-cube-penteract,t,2026-06-12T23:56:28.146Z,2026-06-12T23:56:28.146Z,75.350000,,,,,0,0,55000000000000000000000000000000,,success,0x425734a7fd13E9994b66a7909206007A1EF7030B
1865,demipenteract_5d,💎 Demipenteract (5D Half-Cube) - 16 Vertices,medical,medical,Parametric surface,formula_sync,0.8,"medical, UUON, parametric surface",/shapes/demipenteract-5d,t,2026-06-12T23:56:28.146Z,2026-06-12T23:56:28.146Z,75.350000,,,,,0,0,55000000000000000000000000000000,,success,0x425734a7fd13E9994b66a7909206007A1EF7030B
1867,cubinder_5d,📦 Cubinder (Cube × Interval),general,general,Parametric surface,formula_sync,0.8,"general, UUON, parametric surface",/shapes/cubinder-5d,t,2026-06-12T23:56:28.146Z,2026-06-12T23:56:28.146Z,75.350000,,,,,0,0,55000000000000000000000000000000,,success,0x425734a7fd13E9994b66a7909206007A1EF7030B
1869,n_simplex_6d,🔺 6-Simplex (Heptapeton) - 7 Vertices,general,general,Parametric surface,formula_sync,0.8,"general, UUON, parametric surface",/shapes/n-simplex-6d,t,2026-06-12T23:56:28.146Z,2026-06-12T23:56:28.146Z,75.350000,,,,,0,0,55000000000000000000000000000000,,success,0x425734a7fd13E9994b66a7909206007A1EF7030B
1871,n_orthoplex_6d,✖️ 6-Orthoplex (Hexacross) - 12 Vertices,general,general,Parametric surface,formula_sync,0.8,"general, UUON, parametric surface",/shapes/n-orthoplex-6d,t,2026-06-12T23:56:28.146Z,2026-06-12T23:56:28.146Z,75.350000,,,,,0,0,55000000000000000000000000000000,,success,0x425734a7fd13E9994b66a7909206007A1EF7030B
1873,e7_lattice,⚛️ E₇ Exceptional Lattice (7D),general,general,Parametric surface,formula_sync,0.8,"general, UUON, parametric surface",/shapes/e7-lattice,t,2026-06-12T23:56:28.146Z,2026-06-12T23:56:28.146Z,75.350000,,,,,0,0,55000000000000000000000000000000,,success,0x425734a7fd13E9994b66a7909206007A1EF7030B
1875,leech_lattice_24d,🌌 Leech Lattice (24D) - Sphere Packing,hyperdimensional,hyperdimensional,Parametric surface,formula_sync,0.8,"hyperdimensional, UUON, parametric surface",/shapes/leech-lattice-24d,t,2026-06-12T23:56:28.146Z,2026-06-12T23:56:28.146Z,75.350000,,,,,0,0,55000000000000000000000000000000,,success,0x425734a7fd13E9994b66a7909206007A1EF7030B
1877,n_cube_generic,🔷 N-Cube (Configurable Dimension),general,general,Parametric surface,formula_sync,0.8,"general, UUON, parametric surface",/shapes/n-cube-generic,t,2026-06-12T23:56:28.146Z,2026-06-12T23:56:28.146Z,75.350000,,,,,0,0,55000000000000000000000000000000,,success,0x425734a7fd13E9994b66a7909206007A1EF7030B
1879,gosset_polytope_8d,💎 Gosset 4₂₁ Polytope (8D) - 240 Vertices,general,general,Parametric surface,formula_sync,0.8,"general, UUON, parametric surface",/shapes/gosset-polytope-8d,t,2026-06-12T23:56:28.146Z,2026-06-12T23:56:28.146Z,75.350000,,,,,0,0,55000000000000000000000000000000,,success,0x425734a7fd13E9994b66a7909206007A1EF7030B
1881,hypersphere_4d,4D Hypersphere,hyperdimensional,hyperdimensional,Parametric surface,formula_sync,0.8,"hyperdimensional, UUON, parametric surface",/shapes/hypersphere-4d,t,2026-06-12T23:56:28.146Z,2026-06-12T23:56:28.146Z,75.350000,,,,,0,0,55000000000000000000000000000000,,success,0x425734a7fd13E9994b66a7909206007A1EF7030B
1883,four_d_simplex_5_cell,4D Simplex (5-Cell),general,general,Parametric surface,formula_sync,0.8,"general, UUON, parametric surface",/shapes/four-d-simplex-5-cell,t,2026-06-12T23:56:28.146Z,2026-06-12T23:56:28.146Z,75.350000,,,,,0,0,55000000000000000000000000000000,,success,0x425734a7fd13E9994b66a7909206007A1EF7030B
1885,four_d_mobius_strip,4D Möbius Strip,general,general,Parametric surface,formula_sync,0.8,"general, UUON, parametric surface",/shapes/four-d-mobius-strip,t,2026-06-12T23:56:28.146Z,2026-06-12T23:56:28.146Z,75.350000,,,,,0,0,55000000000000000000000000000000,,success,0x425734a7fd13E9994b66a7909206007A1EF7030B
1887,four_d_modular_surface_knots,4D Modular Surface Knots,general,general,Parametric surface,formula_sync,0.8,"general, UUON, parametric surface",/shapes/four-d-modular-surface-knots,t,2026-06-12T23:56:28.146Z,2026-06-12T23:56:28.146Z,75.350000,,,,,0,0,55000000000000000000000000000000,,success,0x425734a7fd13E9994b66a7909206007A1EF7030B
1889,four_d_perfectoid_spaces,4D Perfectoid Spaces,general,general,Parametric surface,formula_sync,0.8,"general, UUON, parametric surface",/shapes/four-d-perfectoid-spaces,t,2026-06-12T23:56:28.146Z,2026-06-12T23:56:28.146Z,75.350000,,,,,0,0,55000000000000000000000000000000,,success,0x425734a7fd13E9994b66a7909206007A1EF7030B
1891,molecular_stability_surface,🧪 Molecular Stability: E_mol = min U(x₁...xₙ),general,general,Parametric surface,formula_sync,0.8,"general, UUON, parametric surface",/shapes/molecular-stability-surface,t,2026-06-12T23:56:28.146Z,2026-06-12T23:56:28.146Z,75.350000,,,,,0,0,55000000000000000000000000000000,,success,0x425734a7fd13E9994b66a7909206007A1EF7030B
1893,molecular_orbital_hybridization,🔬 Molecular Orbital Hybridization,general,general,Parametric surface,formula_sync,0.8,"general, UUON, parametric surface",/shapes/molecular-orbital-hybridization,t,2026-06-12T23:56:28.146Z,2026-06-12T23:56:28.146Z,75.350000,,,,,0,0,55000000000000000000000000000000,,success,0x425734a7fd13E9994b66a7909206007A1EF7030B
1895,binding_energy_curve,☢️ Nuclear Binding Energy: E_b = [Zm_p + Nm_n - m_nuc]c²,general,general,Parametric surface,formula_sync,0.8,"general, UUON, parametric surface",/shapes/binding-energy-curve,t,2026-06-12T23:56:28.146Z,2026-06-12T23:56:28.146Z,75.350000,,,,,0,0,55000000000000000000000000000000,,success,0x425734a7fd13E9994b66a7909206007A1EF7030B
1897,nucleon_shell_model,🔵 Nuclear Shell Model,general,general,Parametric surface,formula_sync,0.8,"general, UUON, parametric surface",/shapes/nucleon-shell-model,t,2026-06-12T23:56:28.146Z,2026-06-12T23:56:28.146Z,75.350000,,,,,0,0,55000000000000000000000000000000,,success,0x425734a7fd13E9994b66a7909206007A1EF7030B
1899,isotope_valley_stability,🏔️ Valley of Nuclear Stability,general,general,Parametric surface,formula_sync,0.8,"general, UUON, parametric surface",/shapes/isotope-valley-stability,t,2026-06-12T23:56:28.146Z,2026-06-12T23:56:28.146Z,75.350000,,,,,0,0,55000000000000000000000000000000,,success,0x425734a7fd13E9994b66a7909206007A1EF7030B
1901,turing_pattern_formation,"🦓 Turing Pattern: ∂u/∂t = D∇²u + f(u,v)",general,general,Parametric surface,formula_sync,0.8,"general, UUON, parametric surface",/shapes/turing-pattern-formation,t,2026-06-12T23:56:28.146Z,2026-06-12T23:56:28.146Z,75.350000,,,,,0,0,55000000000000000000000000000000,,success,0x425734a7fd13E9994b66a7909206007A1EF7030B
1903,neural_network_topology,🧠 Neural Network Topology,general,general,Parametric surface,formula_sync,0.8,"general, UUON, parametric surface",/shapes/neural-network-topology,t,2026-06-12T23:56:28.146Z,2026-06-12T23:56:28.146Z,75.350000,,,,,0,0,55000000000000000000000000000000,,success,0x425734a7fd13E9994b66a7909206007A1EF7030B
1905,drug_receptor_binding,💊 Drug-Receptor Binding: K_d = [D][R]/[DR],general,general,Parametric surface,formula_sync,0.8,"general, UUON, parametric surface",/shapes/drug-receptor-binding,t,2026-06-12T23:56:28.146Z,2026-06-12T23:56:28.146Z,75.350000,,,,,0,0,55000000000000000000000000000000,,success,0x425734a7fd13E9994b66a7909206007A1EF7030B
1907,nuclear_imaging_decay,🔬 Nuclear Imaging: I(t) = I₀e^(-λt),general,general,Parametric surface,formula_sync,0.8,"general, UUON, parametric surface",/shapes/nuclear-imaging-decay,t,2026-06-12T23:56:28.146Z,2026-06-12T23:56:28.146Z,75.350000,,,,,0,0,55000000000000000000000000000000,,success,0x425734a7fd13E9994b66a7909206007A1EF7030B
1909,cardiac_electrical_propagation,❤️ Cardiac Electrical Propagation,general,general,Parametric surface,formula_sync,0.8,"general, UUON, parametric surface",/shapes/cardiac-electrical-propagation,t,2026-06-12T23:56:28.146Z,2026-06-12T23:56:28.146Z,75.350000,,,,,0,0,55000000000000000000000000000000,,success,0x425734a7fd13E9994b66a7909206007A1EF7030B
1911,emergence_hierarchy,🔺 Emergence Hierarchy Surface,general,general,Parametric surface,formula_sync,0.8,"general, UUON, parametric surface",/shapes/emergence-hierarchy,t,2026-06-12T23:56:28.146Z,2026-06-12T23:56:28.146Z,75.350000,,,,,0,0,55000000000000000000000000000000,,success,0x425734a7fd13E9994b66a7909206007A1EF7030B
1913,differential-boundary,Differential Boundary (Present Moment),general,general,Parametric surface,formula_sync,0.8,"general, UUON, parametric surface",/shapes/differential-boundary,t,2026-06-12T23:56:28.146Z,2026-06-12T23:56:28.146Z,75.350000,,,,,0,0,55000000000000000000000000000000,,success,0x425734a7fd13E9994b66a7909206007A1EF7030B
1872,e6_lattice,⚛️ E₆ Exceptional Lattice (6D),general,general,Parametric surface,formula_sync,0.8,"general, UUON, parametric surface",/shapes/e6-lattice,t,2026-06-12T23:56:28.146Z,2026-06-12T23:56:28.146Z,75.350000,,,,,0,0,55000000000000000000000000000000,,success,0x425734a7fd13E9994b66a7909206007A1EF7030B
1874,e8_lattice,⚛️ E₈ Exceptional Lattice (8D) - 240 Roots,general,general,Parametric surface,formula_sync,0.8,"general, UUON, parametric surface",/shapes/e8-lattice,t,2026-06-12T23:56:28.146Z,2026-06-12T23:56:28.146Z,75.350000,,,,,0,0,55000000000000000000000000000000,,success,0x425734a7fd13E9994b66a7909206007A1EF7030B
1876,n_simplex_generic,🔺 N-Simplex (Configurable Dimension),general,general,Parametric surface,formula_sync,0.8,"general, UUON, parametric surface",/shapes/n-simplex-generic,t,2026-06-12T23:56:28.146Z,2026-06-12T23:56:28.146Z,75.350000,,,,,0,0,55000000000000000000000000000000,,success,0x425734a7fd13E9994b66a7909206007A1EF7030B
1878,n_orthoplex_generic,✖️ N-Orthoplex (Configurable Cross-Polytope),general,general,Parametric surface,formula_sync,0.8,"general, UUON, parametric surface",/shapes/n-orthoplex-generic,t,2026-06-12T23:56:28.146Z,2026-06-12T23:56:28.146Z,75.350000,,,,,0,0,55000000000000000000000000000000,,success,0x425734a7fd13E9994b66a7909206007A1EF7030B
1880,tesseract_4d_hypercube,Tesseract (4D Hypercube),medical,medical,Parametric surface,formula_sync,0.8,"medical, UUON, parametric surface",/shapes/tesseract-4d-hypercube,t,2026-06-12T23:56:28.146Z,2026-06-12T23:56:28.146Z,75.350000,,,,,0,0,55000000000000000000000000000000,,success,0x425734a7fd13E9994b66a7909206007A1EF7030B
1882,duocylinder_4d_torus,4D Torus (Duocylinder),topology,topology,Parametric surface,formula_sync,0.8,"topology, UUON, parametric surface",/shapes/duocylinder-4d-torus,t,2026-06-12T23:56:28.146Z,2026-06-12T23:56:28.146Z,75.350000,,,,,0,0,55000000000000000000000000000000,,success,0x425734a7fd13E9994b66a7909206007A1EF7030B
1884,four_d_cross_polytope_16_cell,4D Cross-Polytope (16-Cell),general,general,Parametric surface,formula_sync,0.8,"general, UUON, parametric surface",/shapes/four-d-cross-polytope-16-cell,t,2026-06-12T23:56:28.146Z,2026-06-12T23:56:28.146Z,75.350000,,,,,0,0,55000000000000000000000000000000,,success,0x425734a7fd13E9994b66a7909206007A1EF7030B
1886,hopf_fibration_4d,Hopf Fibration (S³ → S²),hyperdimensional,hyperdimensional,Parametric surface,formula_sync,0.8,"hyperdimensional, UUON, parametric surface",/shapes/hopf-fibration-4d,t,2026-06-12T23:56:28.146Z,2026-06-12T23:56:28.146Z,75.350000,,,,,0,0,55000000000000000000000000000000,,success,0x425734a7fd13E9994b66a7909206007A1EF7030B
1888,four_d_quantum_hall_droplets,4D Quantum Hall Droplets,physics,physics,Parametric surface,formula_sync,0.8,"physics, UUON, parametric surface",/shapes/four-d-quantum-hall-droplets,t,2026-06-12T23:56:28.146Z,2026-06-12T23:56:28.146Z,75.350000,,,,,0,0,55000000000000000000000000000000,,success,0x425734a7fd13E9994b66a7909206007A1EF7030B
1890,schrodinger_wavefunction,⚛️ Schrodinger Wavefunction: Hψ = Eψ,general,general,Parametric surface,formula_sync,0.8,"general, UUON, parametric surface",/shapes/schrodinger-wavefunction,t,2026-06-12T23:56:28.146Z,2026-06-12T23:56:28.146Z,75.350000,,,,,0,0,55000000000000000000000000000000,,success,0x425734a7fd13E9994b66a7909206007A1EF7030B
1892,reaction_kinetics_flow,"⚗️ Reaction Dynamics: dC/dt = R(C,T,P)",general,general,Parametric surface,formula_sync,0.8,"general, UUON, parametric surface",/shapes/reaction-kinetics-flow,t,2026-06-12T23:56:28.146Z,2026-06-12T23:56:28.146Z,75.350000,,,,,0,0,55000000000000000000000000000000,,success,0x425734a7fd13E9994b66a7909206007A1EF7030B
1894,covalent_bond_surface,🔗 Covalent Bond Electron Density,general,general,Parametric surface,formula_sync,0.8,"general, UUON, parametric surface",/shapes/covalent-bond-surface,t,2026-06-12T23:56:28.146Z,2026-06-12T23:56:28.146Z,75.350000,,,,,0,0,55000000000000000000000000000000,,success,0x425734a7fd13E9994b66a7909206007A1EF7030B
1896,radioactive_decay_cascade,⚡ Radioactive Decay: N(t) = N₀e^(-λt),general,general,Parametric surface,formula_sync,0.8,"general, UUON, parametric surface",/shapes/radioactive-decay-cascade,t,2026-06-12T23:56:28.146Z,2026-06-12T23:56:28.146Z,75.350000,,,,,0,0,55000000000000000000000000000000,,success,0x425734a7fd13E9994b66a7909206007A1EF7030B
1898,strong_force_potential,💪 Strong Force Yukawa Potential,general,general,Parametric surface,formula_sync,0.8,"general, UUON, parametric surface",/shapes/strong-force-potential,t,2026-06-12T23:56:28.146Z,2026-06-12T23:56:28.146Z,75.350000,,,,,0,0,55000000000000000000000000000000,,success,0x425734a7fd13E9994b66a7909206007A1EF7030B
1900,iterative_development,🧬 Iterative Development: x_{n+1} = F(x_n),general,general,Parametric surface,formula_sync,0.8,"general, UUON, parametric surface",/shapes/iterative-development,t,2026-06-12T23:56:28.146Z,2026-06-12T23:56:28.146Z,75.350000,,,,,0,0,55000000000000000000000000000000,,success,0x425734a7fd13E9994b66a7909206007A1EF7030B
1902,cellular_growth_spiral,🌀 Cellular Growth Spiral,general,general,Parametric surface,formula_sync,0.8,"general, UUON, parametric surface",/shapes/cellular-growth-spiral,t,2026-06-12T23:56:28.146Z,2026-06-12T23:56:28.146Z,75.350000,,,,,0,0,55000000000000000000000000000000,,success,0x425734a7fd13E9994b66a7909206007A1EF7030B
1904,cell_membrane_dynamics,🔴 Cell Membrane Lipid Bilayer,general,general,Parametric surface,formula_sync,0.8,"general, UUON, parametric surface",/shapes/cell-membrane-dynamics,t,2026-06-12T23:56:28.146Z,2026-06-12T23:56:28.146Z,75.350000,,,,,0,0,55000000000000000000000000000000,,success,0x425734a7fd13E9994b66a7909206007A1EF7030B
1906,pharmacokinetics_curve,📈 Pharmacokinetics: dE/dt = k_a·D - k_e·E,general,general,Parametric surface,formula_sync,0.8,"general, UUON, parametric surface",/shapes/pharmacokinetics-curve,t,2026-06-12T23:56:28.146Z,2026-06-12T23:56:28.146Z,75.350000,,,,,0,0,55000000000000000000000000000000,,success,0x425734a7fd13E9994b66a7909206007A1EF7030B
1908,therapeutic_dose_response,💉 Dose-Response Curve (Hill Equation),general,general,Parametric surface,formula_sync,0.8,"general, UUON, parametric surface",/shapes/therapeutic-dose-response,t,2026-06-12T23:56:28.146Z,2026-06-12T23:56:28.146Z,75.350000,,,,,0,0,55000000000000000000000000000000,,success,0x425734a7fd13E9994b66a7909206007A1EF7030B
1910,unified_scientific_identity,🌐 Unified Scientific Identity: U(N→C→B→M),general,general,Parametric surface,formula_sync,0.8,"general, UUON, parametric surface",/shapes/unified-scientific-identity,t,2026-06-12T23:56:28.146Z,2026-06-12T23:56:28.146Z,75.350000,,,,,0,0,55000000000000000000000000000000,,success,0x425734a7fd13E9994b66a7909206007A1EF7030B
1912,cross_domain_bridge,🌉 Cross-Domain Bridge Manifold,general,general,Parametric surface,formula_sync,0.8,"general, UUON, parametric surface",/shapes/cross-domain-bridge,t,2026-06-12T23:56:28.146Z,2026-06-12T23:56:28.146Z,75.350000,,,,,0,0,55000000000000000000000000000000,,success,0x425734a7fd13E9994b66a7909206007A1EF7030B
1914,probability-collapse,Probability Collapse (Quantum Now),general,general,Parametric surface,formula_sync,0.8,"general, UUON, parametric surface",/shapes/probability-collapse,t,2026-06-12T23:56:28.146Z,2026-06-12T23:56:28.146Z,75.350000,,,,,0,0,55000000000000000000000000000000,,success,0x425734a7fd13E9994b66a7909206007A1EF7030B
1916,flow-operator,Flow Operator (Reality Function),general,general,Parametric surface,formula_sync,0.8,"general, UUON, parametric surface",/shapes/flow-operator,t,2026-06-12T23:56:28.146Z,2026-06-12T23:56:28.146Z,75.350000,,,,,0,0,55000000000000000000000000000000,,success,0x425734a7fd13E9994b66a7909206007A1EF7030B
1920,phenomenon-field,Phenomenon Field (Complete Form),general,general,Parametric surface,formula_sync,0.8,"general, UUON, parametric surface",/shapes/phenomenon-field,t,2026-06-12T23:56:28.146Z,2026-06-12T23:56:28.146Z,75.350000,,,,,0,0,55000000000000000000000000000000,,success,0x425734a7fd13E9994b66a7909206007A1EF7030B
1922,emergence-limit,Emergence Limit (Iterative Birth),general,general,Parametric surface,formula_sync,0.8,"general, UUON, parametric surface",/shapes/emergence-limit,t,2026-06-12T23:56:28.146Z,2026-06-12T23:56:28.146Z,75.350000,,,,,0,0,55000000000000000000000000000000,,success,0x425734a7fd13E9994b66a7909206007A1EF7030B
1924,information-entropy,Information Entropy (Order Pattern),general,general,Parametric surface,formula_sync,0.8,"general, UUON, parametric surface",/shapes/information-entropy,t,2026-06-12T23:56:28.146Z,2026-06-12T23:56:28.146Z,75.350000,,,,,0,0,55000000000000000000000000000000,,success,0x425734a7fd13E9994b66a7909206007A1EF7030B
1926,natural-laws-manifold,Natural Laws Manifold (Λ Constraints),general,general,Parametric surface,formula_sync,0.8,"general, UUON, parametric surface",/shapes/natural-laws-manifold,t,2026-06-12T23:56:28.146Z,2026-06-12T23:56:28.146Z,75.350000,,,,,0,0,55000000000000000000000000000000,,success,0x425734a7fd13E9994b66a7909206007A1EF7030B
1928,consciousness-perception,Consciousness Perception Layer,general,general,Parametric surface,formula_sync,0.8,"general, UUON, parametric surface",/shapes/consciousness-perception,t,2026-06-12T23:56:28.146Z,2026-06-12T23:56:28.146Z,75.350000,,,,,0,0,55000000000000000000000000000000,,success,0x425734a7fd13E9994b66a7909206007A1EF7030B
1930,letter-a,Letter A (Linguistic Geometry),general,general,Parametric surface,formula_sync,0.8,"general, UUON, parametric surface",/shapes/letter-a,t,2026-06-12T23:56:28.146Z,2026-06-12T23:56:28.146Z,75.350000,,,,,0,0,55000000000000000000000000000000,,success,0x425734a7fd13E9994b66a7909206007A1EF7030B
1932,letter-c,Letter C (Linguistic Geometry),general,general,Parametric surface,formula_sync,0.8,"general, UUON, parametric surface",/shapes/letter-c,t,2026-06-12T23:56:28.146Z,2026-06-12T23:56:28.146Z,75.350000,,,,,0,0,55000000000000000000000000000000,,success,0x425734a7fd13E9994b66a7909206007A1EF7030B
1915,algorithmic-commit,Algorithmic Commit (State Transition),general,general,Parametric surface,formula_sync,0.8,"general, UUON, parametric surface",/shapes/algorithmic-commit,t,2026-06-12T23:56:28.146Z,2026-06-12T23:56:28.146Z,75.350000,,,,,0,0,55000000000000000000000000000000,,success,0x425734a7fd13E9994b66a7909206007A1EF7030B
1917,past-present-future,Past-Present-Future Ribbon,general,general,Parametric surface,formula_sync,0.8,"general, UUON, parametric surface",/shapes/past-present-future,t,2026-06-12T23:56:28.146Z,2026-06-12T23:56:28.146Z,75.350000,,,,,0,0,55000000000000000000000000000000,,success,0x425734a7fd13E9994b66a7909206007A1EF7030B
1919,now-crystallization,Now Moment (Crystallization Point),general,general,Parametric surface,formula_sync,0.8,"general, UUON, parametric surface",/shapes/now-crystallization,t,2026-06-12T23:56:28.146Z,2026-06-12T23:56:28.146Z,75.350000,,,,,0,0,55000000000000000000000000000000,,success,0x425734a7fd13E9994b66a7909206007A1EF7030B
1921,sei-intersection,Structure-Energy-Information Intersection,general,general,Parametric surface,formula_sync,0.8,"general, UUON, parametric surface",/shapes/sei-intersection,t,2026-06-12T23:56:28.146Z,2026-06-12T23:56:28.146Z,75.350000,,,,,0,0,55000000000000000000000000000000,,success,0x425734a7fd13E9994b66a7909206007A1EF7030B
1923,energy-flow-field,Energy Flow Field (Change Driver),general,general,Parametric surface,formula_sync,0.8,"general, UUON, parametric surface",/shapes/energy-flow-field,t,2026-06-12T23:56:28.146Z,2026-06-12T23:56:28.146Z,75.350000,,,,,0,0,55000000000000000000000000000000,,success,0x425734a7fd13E9994b66a7909206007A1EF7030B
1925,structural-topology,Structural Topology (Allowed Form),general,general,Parametric surface,formula_sync,0.8,"general, UUON, parametric surface",/shapes/structural-topology,t,2026-06-12T23:56:28.146Z,2026-06-12T23:56:28.146Z,75.350000,,,,,0,0,55000000000000000000000000000000,,success,0x425734a7fd13E9994b66a7909206007A1EF7030B
1927,reality-manifestation,Reality Manifestation Engine,general,general,Parametric surface,formula_sync,0.8,"general, UUON, parametric surface",/shapes/reality-manifestation,t,2026-06-12T23:56:28.146Z,2026-06-12T23:56:28.146Z,75.350000,,,,,0,0,55000000000000000000000000000000,,success,0x425734a7fd13E9994b66a7909206007A1EF7030B
1929,universal-os,Universal Operating System,general,general,Parametric surface,formula_sync,0.8,"general, UUON, parametric surface",/shapes/universal-os,t,2026-06-12T23:56:28.146Z,2026-06-12T23:56:28.146Z,75.350000,,,,,0,0,55000000000000000000000000000000,,success,0x425734a7fd13E9994b66a7909206007A1EF7030B
1931,letter-b,Letter B (Linguistic Geometry),general,general,Parametric surface,formula_sync,0.8,"general, UUON, parametric surface",/shapes/letter-b,t,2026-06-12T23:56:28.146Z,2026-06-12T23:56:28.146Z,75.350000,,,,,0,0,55000000000000000000000000000000,,success,0x425734a7fd13E9994b66a7909206007A1EF7030B
1933,letter-d,Letter D (Linguistic Geometry),general,general,Parametric surface,formula_sync,0.8,"general, UUON, parametric surface",/shapes/letter-d,t,2026-06-12T23:56:28.146Z,2026-06-12T23:56:28.146Z,75.350000,,,,,0,0,55000000000000000000000000000000,,success,0x425734a7fd13E9994b66a7909206007A1EF7030B
1935,letter-f,Letter F (Linguistic Geometry),general,general,Parametric surface,formula_sync,0.8,"general, UUON, parametric surface",/shapes/letter-f,t,2026-06-12T23:56:34.690Z,2026-06-12T23:56:34.690Z,75.350000,,,,,0,0,55000000000000000000000000000000,,success,0x425734a7fd13E9994b66a7909206007A1EF7030B
1937,letter-h,Letter H (Linguistic Geometry),general,general,Parametric surface,formula_sync,0.8,"general, UUON, parametric surface",/shapes/letter-h,t,2026-06-12T23:56:34.690Z,2026-06-12T23:56:34.690Z,75.350000,,,,,0,0,55000000000000000000000000000000,,success,0x425734a7fd13E9994b66a7909206007A1EF7030B
1939,letter-j,Letter J (Linguistic Geometry),general,general,Parametric surface,formula_sync,0.8,"general, UUON, parametric surface",/shapes/letter-j,t,2026-06-12T23:56:34.690Z,2026-06-12T23:56:34.690Z,75.350000,,,,,0,0,55000000000000000000000000000000,,success,0x425734a7fd13E9994b66a7909206007A1EF7030B
1941,letter-l,Letter L (Linguistic Geometry),general,general,Parametric surface,formula_sync,0.8,"general, UUON, parametric surface",/shapes/letter-l,t,2026-06-12T23:56:34.690Z,2026-06-12T23:56:34.690Z,75.350000,,,,,0,0,55000000000000000000000000000000,,success,0x425734a7fd13E9994b66a7909206007A1EF7030B
1943,letter-n,Letter N (Linguistic Geometry),general,general,Parametric surface,formula_sync,0.8,"general, UUON, parametric surface",/shapes/letter-n,t,2026-06-12T23:56:34.690Z,2026-06-12T23:56:34.690Z,75.350000,,,,,0,0,55000000000000000000000000000000,,success,0x425734a7fd13E9994b66a7909206007A1EF7030B
1945,letter-p,Letter P (Linguistic Geometry),general,general,Parametric surface,formula_sync,0.8,"general, UUON, parametric surface",/shapes/letter-p,t,2026-06-12T23:56:34.690Z,2026-06-12T23:56:34.690Z,75.350000,,,,,0,0,55000000000000000000000000000000,,success,0x425734a7fd13E9994b66a7909206007A1EF7030B
1947,letter-r,Letter R (Linguistic Geometry),general,general,Parametric surface,formula_sync,0.8,"general, UUON, parametric surface",/shapes/letter-r,t,2026-06-12T23:56:34.690Z,2026-06-12T23:56:34.690Z,75.350000,,,,,0,0,55000000000000000000000000000000,,success,0x425734a7fd13E9994b66a7909206007A1EF7030B
1949,letter-t,Letter T (Linguistic Geometry),general,general,Parametric surface,formula_sync,0.8,"general, UUON, parametric surface",/shapes/letter-t,t,2026-06-12T23:56:34.690Z,2026-06-12T23:56:34.690Z,75.350000,,,,,0,0,55000000000000000000000000000000,,success,0x425734a7fd13E9994b66a7909206007A1EF7030B
1951,letter-v,Letter V (Linguistic Geometry),general,general,Parametric surface,formula_sync,0.8,"general, UUON, parametric surface",/shapes/letter-v,t,2026-06-12T23:56:34.690Z,2026-06-12T23:56:34.690Z,75.350000,,,,,0,0,55000000000000000000000000000000,,success,0x425734a7fd13E9994b66a7909206007A1EF7030B
1953,letter-x,Letter X (Linguistic Geometry),general,general,Parametric surface,formula_sync,0.8,"general, UUON, parametric surface",/shapes/letter-x,t,2026-06-12T23:56:34.690Z,2026-06-12T23:56:34.690Z,75.350000,,,,,0,0,55000000000000000000000000000000,,success,0x425734a7fd13E9994b66a7909206007A1EF7030B
1955,letter-z,Letter Z (Linguistic Geometry),general,general,Parametric surface,formula_sync,0.8,"general, UUON, parametric surface",/shapes/letter-z,t,2026-06-12T23:56:34.690Z,2026-06-12T23:56:34.690Z,75.350000,,,,,0,0,55000000000000000000000000000000,,success,0x425734a7fd13E9994b66a7909206007A1EF7030B
1957,mri_signal_intensity,🏥 MRI Signal Intensity Surface,medical,medical,Parametric surface,formula_sync,0.8,"medical, UUON, parametric surface",/shapes/mri-signal-intensity,t,2026-06-12T23:56:34.690Z,2026-06-12T23:56:34.690Z,75.350000,,,,,0,0,55000000000000000000000000000000,,success,0x425734a7fd13E9994b66a7909206007A1EF7030B
1959,voxel_density_field,🏥 Voxel Density Field,general,general,Parametric surface,formula_sync,0.8,"general, UUON, parametric surface",/shapes/voxel-density-field,t,2026-06-12T23:56:34.690Z,2026-06-12T23:56:34.690Z,75.350000,,,,,0,0,55000000000000000000000000000000,,success,0x425734a7fd13E9994b66a7909206007A1EF7030B
1961,mpr_sagittal_plane,🏥 MPR Sagittal Plane,general,general,Parametric surface,formula_sync,0.8,"general, UUON, parametric surface",/shapes/mpr-sagittal-plane,t,2026-06-12T23:56:34.690Z,2026-06-12T23:56:34.690Z,75.350000,,,,,0,0,55000000000000000000000000000000,,success,0x425734a7fd13E9994b66a7909206007A1EF7030B
1963,mpr_oblique_plane,🏥 MPR Oblique Plane,general,general,Parametric surface,formula_sync,0.8,"general, UUON, parametric surface",/shapes/mpr-oblique-plane,t,2026-06-12T23:56:34.690Z,2026-06-12T23:56:34.690Z,75.350000,,,,,0,0,55000000000000000000000000000000,,success,0x425734a7fd13E9994b66a7909206007A1EF7030B
1965,parallax_occlusion_surface,🏥 Parallax Occlusion Surface,general,general,Parametric surface,formula_sync,0.8,"general, UUON, parametric surface",/shapes/parallax-occlusion-surface,t,2026-06-12T23:56:34.690Z,2026-06-12T23:56:34.690Z,75.350000,,,,,0,0,55000000000000000000000000000000,,success,0x425734a7fd13E9994b66a7909206007A1EF7030B
1967,isosurface_marching_cubes,🏥 Isosurface (Marching Cubes),general,general,Parametric surface,formula_sync,0.8,"general, UUON, parametric surface",/shapes/isosurface-marching-cubes,t,2026-06-12T23:56:34.690Z,2026-06-12T23:56:34.690Z,75.350000,,,,,0,0,55000000000000000000000000000000,,success,0x425734a7fd13E9994b66a7909206007A1EF7030B
1969,maximum_intensity_projection,🏥 Maximum Intensity Projection (MIP),general,general,Parametric surface,formula_sync,0.8,"general, UUON, parametric surface",/shapes/maximum-intensity-projection,t,2026-06-12T23:56:34.690Z,2026-06-12T23:56:34.690Z,75.350000,,,,,0,0,55000000000000000000000000000000,,success,0x425734a7fd13E9994b66a7909206007A1EF7030B
1971,windowing_function,🏥 CT Windowing Function,general,general,Parametric surface,formula_sync,0.8,"general, UUON, parametric surface",/shapes/windowing-function,t,2026-06-12T23:56:34.690Z,2026-06-12T23:56:34.690Z,75.350000,,,,,0,0,55000000000000000000000000000000,,success,0x425734a7fd13E9994b66a7909206007A1EF7030B
1973,fractional_anisotropy,🏥 Fractional Anisotropy Surface,general,general,Parametric surface,formula_sync,0.8,"general, UUON, parametric surface",/shapes/fractional-anisotropy,t,2026-06-12T23:56:34.690Z,2026-06-12T23:56:34.690Z,75.350000,,,,,0,0,55000000000000000000000000000000,,success,0x425734a7fd13E9994b66a7909206007A1EF7030B
1975,dicom_slice_interpolation,🏥 DICOM Slice Interpolation,crystallographic,crystallographic,Parametric surface,formula_sync,0.8,"crystallographic, UUON, parametric surface",/shapes/dicom-slice-interpolation,t,2026-06-12T23:56:34.690Z,2026-06-12T23:56:34.690Z,75.350000,,,,,0,0,55000000000000000000000000000000,,success,0x425734a7fd13E9994b66a7909206007A1EF7030B
1977,slinky_compression_helix,Slinky Compression Helix,general,general,Parametric surface,formula_sync,0.8,"general, UUON, parametric surface",/shapes/slinky-compression-helix,t,2026-06-12T23:56:34.690Z,2026-06-12T23:56:34.690Z,75.350000,,,,,0,0,55000000000000000000000000000000,,success,0x425734a7fd13E9994b66a7909206007A1EF7030B
1979,slinky_standing_wave,Slinky Standing Wave,general,general,Parametric surface,formula_sync,0.8,"general, UUON, parametric surface",/shapes/slinky-standing-wave,t,2026-06-12T23:56:34.690Z,2026-06-12T23:56:34.690Z,75.350000,,,,,0,0,55000000000000000000000000000000,,success,0x425734a7fd13E9994b66a7909206007A1EF7030B
1940,letter-k,Letter K (Linguistic Geometry),general,general,Parametric surface,formula_sync,0.8,"general, UUON, parametric surface",/shapes/letter-k,t,2026-06-12T23:56:34.690Z,2026-06-12T23:56:34.690Z,75.350000,,,,,0,0,55000000000000000000000000000000,,success,0x425734a7fd13E9994b66a7909206007A1EF7030B
1942,letter-m,Letter M (Linguistic Geometry),general,general,Parametric surface,formula_sync,0.8,"general, UUON, parametric surface",/shapes/letter-m,t,2026-06-12T23:56:34.690Z,2026-06-12T23:56:34.690Z,75.350000,,,,,0,0,55000000000000000000000000000000,,success,0x425734a7fd13E9994b66a7909206007A1EF7030B
1944,letter-o,Letter O (Linguistic Geometry),general,general,Parametric surface,formula_sync,0.8,"general, UUON, parametric surface",/shapes/letter-o,t,2026-06-12T23:56:34.690Z,2026-06-12T23:56:34.690Z,75.350000,,,,,0,0,55000000000000000000000000000000,,success,0x425734a7fd13E9994b66a7909206007A1EF7030B
1946,letter-q,Letter Q (Linguistic Geometry),general,general,Parametric surface,formula_sync,0.8,"general, UUON, parametric surface",/shapes/letter-q,t,2026-06-12T23:56:34.690Z,2026-06-12T23:56:34.690Z,75.350000,,,,,0,0,55000000000000000000000000000000,,success,0x425734a7fd13E9994b66a7909206007A1EF7030B
1948,letter-s,Letter S (Linguistic Geometry),general,general,Parametric surface,formula_sync,0.8,"general, UUON, parametric surface",/shapes/letter-s,t,2026-06-12T23:56:34.690Z,2026-06-12T23:56:34.690Z,75.350000,,,,,0,0,55000000000000000000000000000000,,success,0x425734a7fd13E9994b66a7909206007A1EF7030B
1950,letter-u,Letter U (Linguistic Geometry),general,general,Parametric surface,formula_sync,0.8,"general, UUON, parametric surface",/shapes/letter-u,t,2026-06-12T23:56:34.690Z,2026-06-12T23:56:34.690Z,75.350000,,,,,0,0,55000000000000000000000000000000,,success,0x425734a7fd13E9994b66a7909206007A1EF7030B
1952,letter-w,Letter W (Linguistic Geometry),general,general,Parametric surface,formula_sync,0.8,"general, UUON, parametric surface",/shapes/letter-w,t,2026-06-12T23:56:34.690Z,2026-06-12T23:56:34.690Z,75.350000,,,,,0,0,55000000000000000000000000000000,,success,0x425734a7fd13E9994b66a7909206007A1EF7030B
1954,letter-y,Letter Y (Linguistic Geometry),general,general,Parametric surface,formula_sync,0.8,"general, UUON, parametric surface",/shapes/letter-y,t,2026-06-12T23:56:34.690Z,2026-06-12T23:56:34.690Z,75.350000,,,,,0,0,55000000000000000000000000000000,,success,0x425734a7fd13E9994b66a7909206007A1EF7030B
1956,ct_slice_stack,🏥 CT Slice Stack,medical,medical,Parametric surface,formula_sync,0.8,"medical, UUON, parametric surface",/shapes/ct-slice-stack,t,2026-06-12T23:56:34.690Z,2026-06-12T23:56:34.690Z,75.350000,,,,,0,0,55000000000000000000000000000000,,success,0x425734a7fd13E9994b66a7909206007A1EF7030B
1958,volume_rendering_transfer,🏥 Volume Rendering Transfer Function,general,general,Parametric surface,formula_sync,0.8,"general, UUON, parametric surface",/shapes/volume-rendering-transfer,t,2026-06-12T23:56:34.690Z,2026-06-12T23:56:34.690Z,75.350000,,,,,0,0,55000000000000000000000000000000,,success,0x425734a7fd13E9994b66a7909206007A1EF7030B
1960,mpr_coronal_plane,🏥 MPR Coronal Plane,general,general,Parametric surface,formula_sync,0.8,"general, UUON, parametric surface",/shapes/mpr-coronal-plane,t,2026-06-12T23:56:34.690Z,2026-06-12T23:56:34.690Z,75.350000,,,,,0,0,55000000000000000000000000000000,,success,0x425734a7fd13E9994b66a7909206007A1EF7030B
1962,mpr_axial_plane,🏥 MPR Axial Plane,general,general,Parametric surface,formula_sync,0.8,"general, UUON, parametric surface",/shapes/mpr-axial-plane,t,2026-06-12T23:56:34.690Z,2026-06-12T23:56:34.690Z,75.350000,,,,,0,0,55000000000000000000000000000000,,success,0x425734a7fd13E9994b66a7909206007A1EF7030B
2046,phi3_aureum_ovum,🥚 Φ³ Aureum Ovum,general,general,Parametric surface,formula_sync,0.8,"general, UUON, parametric surface",/shapes/phi3-aureum-ovum,t,2026-06-12T23:56:41.248Z,2026-06-12T23:56:41.248Z,75.350000,,,,,0,0,55000000000000000000000000000000,,success,0x425734a7fd13E9994b66a7909206007A1EF7030B
1964,displacement_height_field,🏥 Displacement Height Field,general,general,Parametric surface,formula_sync,0.8,"general, UUON, parametric surface",/shapes/displacement-height-field,t,2026-06-12T23:56:34.690Z,2026-06-12T23:56:34.690Z,75.350000,,,,,0,0,55000000000000000000000000000000,,success,0x425734a7fd13E9994b66a7909206007A1EF7030B
1966,hounsfield_unit_surface,🏥 Hounsfield Unit Surface,general,general,Parametric surface,formula_sync,0.8,"general, UUON, parametric surface",/shapes/hounsfield-unit-surface,t,2026-06-12T23:56:34.690Z,2026-06-12T23:56:34.690Z,75.350000,,,,,0,0,55000000000000000000000000000000,,success,0x425734a7fd13E9994b66a7909206007A1EF7030B
1968,ray_casting_volume,🏥 Ray Casting Volume,general,general,Parametric surface,formula_sync,0.8,"general, UUON, parametric surface",/shapes/ray-casting-volume,t,2026-06-12T23:56:34.690Z,2026-06-12T23:56:34.690Z,75.350000,,,,,0,0,55000000000000000000000000000000,,success,0x425734a7fd13E9994b66a7909206007A1EF7030B
1970,surface_shaded_display,🏥 Surface Shaded Display (SSD),general,general,Parametric surface,formula_sync,0.8,"general, UUON, parametric surface",/shapes/surface-shaded-display,t,2026-06-12T23:56:34.690Z,2026-06-12T23:56:34.690Z,75.350000,,,,,0,0,55000000000000000000000000000000,,success,0x425734a7fd13E9994b66a7909206007A1EF7030B
1972,diffusion_tensor_imaging,🏥 Diffusion Tensor Imaging (DTI),general,general,Parametric surface,formula_sync,0.8,"general, UUON, parametric surface",/shapes/diffusion-tensor-imaging,t,2026-06-12T23:56:34.690Z,2026-06-12T23:56:34.690Z,75.350000,,,,,0,0,55000000000000000000000000000000,,success,0x425734a7fd13E9994b66a7909206007A1EF7030B
1974,fiber_tractography,🏥 Fiber Tractography,general,general,Parametric surface,formula_sync,0.8,"general, UUON, parametric surface",/shapes/fiber-tractography,t,2026-06-12T23:56:34.690Z,2026-06-12T23:56:34.690Z,75.350000,,,,,0,0,55000000000000000000000000000000,,success,0x425734a7fd13E9994b66a7909206007A1EF7030B
1976,slinky_time_varying_helix,Slinky Time-Varying Helix,general,general,Parametric surface,formula_sync,0.8,"general, UUON, parametric surface",/shapes/slinky-time-varying-helix,t,2026-06-12T23:56:34.690Z,2026-06-12T23:56:34.690Z,75.350000,,,,,0,0,55000000000000000000000000000000,,success,0x425734a7fd13E9994b66a7909206007A1EF7030B
1978,slinky_longitudinal_wave,Slinky Longitudinal Wave,general,general,Parametric surface,formula_sync,0.8,"general, UUON, parametric surface",/shapes/slinky-longitudinal-wave,t,2026-06-12T23:56:34.690Z,2026-06-12T23:56:34.690Z,75.350000,,,,,0,0,55000000000000000000000000000000,,success,0x425734a7fd13E9994b66a7909206007A1EF7030B
1980,slinky_compression_envelope,Slinky Compression Envelope,general,general,Parametric surface,formula_sync,0.8,"general, UUON, parametric surface",/shapes/slinky-compression-envelope,t,2026-06-12T23:56:34.690Z,2026-06-12T23:56:34.690Z,75.350000,,,,,0,0,55000000000000000000000000000000,,success,0x425734a7fd13E9994b66a7909206007A1EF7030B
1982,slinky_walking_map,Slinky Walking Map,general,general,Parametric surface,formula_sync,0.8,"general, UUON, parametric surface",/shapes/slinky-walking-map,t,2026-06-12T23:56:34.690Z,2026-06-12T23:56:34.690Z,75.350000,,,,,0,0,55000000000000000000000000000000,,success,0x425734a7fd13E9994b66a7909206007A1EF7030B
1984,slinky_lagrangian_surface,Slinky Lagrangian Surface,general,general,Parametric surface,formula_sync,0.8,"general, UUON, parametric surface",/shapes/slinky-lagrangian-surface,t,2026-06-12T23:56:34.690Z,2026-06-12T23:56:34.690Z,75.350000,,,,,0,0,55000000000000000000000000000000,,success,0x425734a7fd13E9994b66a7909206007A1EF7030B
1986,slinky_hamiltonian_flow,Slinky Hamiltonian Flow,general,general,Parametric surface,formula_sync,0.8,"general, UUON, parametric surface",/shapes/slinky-hamiltonian-flow,t,2026-06-12T23:56:34.690Z,2026-06-12T23:56:34.690Z,75.350000,,,,,0,0,55000000000000000000000000000000,,success,0x425734a7fd13E9994b66a7909206007A1EF7030B
1988,slinky_resonance_zones,Slinky Resonance Zones,general,general,Parametric surface,formula_sync,0.8,"general, UUON, parametric surface",/shapes/slinky-resonance-zones,t,2026-06-12T23:56:34.690Z,2026-06-12T23:56:34.690Z,75.350000,,,,,0,0,55000000000000000000000000000000,,success,0x425734a7fd13E9994b66a7909206007A1EF7030B
1990,slinky_nonlinear_wave,Slinky Nonlinear Wave,general,general,Parametric surface,formula_sync,0.8,"general, UUON, parametric surface",/shapes/slinky-nonlinear-wave,t,2026-06-12T23:56:34.690Z,2026-06-12T23:56:34.690Z,75.350000,,,,,0,0,55000000000000000000000000000000,,success,0x425734a7fd13E9994b66a7909206007A1EF7030B
1992,slinky_coupled_modes,Slinky Coupled Modes,general,general,Parametric surface,formula_sync,0.8,"general, UUON, parametric surface",/shapes/slinky-coupled-modes,t,2026-06-12T23:56:34.690Z,2026-06-12T23:56:34.690Z,75.350000,,,,,0,0,55000000000000000000000000000000,,success,0x425734a7fd13E9994b66a7909206007A1EF7030B
1994,slinky_wave_equation,Slinky Wave Equation,general,general,Parametric surface,formula_sync,0.8,"general, UUON, parametric surface",/shapes/slinky-wave-equation,t,2026-06-12T23:56:34.690Z,2026-06-12T23:56:34.690Z,75.350000,,,,,0,0,55000000000000000000000000000000,,success,0x425734a7fd13E9994b66a7909206007A1EF7030B
1996,rubiks_cube_lattice,Rubik's Cube Lattice,general,general,Parametric surface,formula_sync,0.8,"general, UUON, parametric surface",/shapes/rubiks-cube-lattice,t,2026-06-12T23:56:34.690Z,2026-06-12T23:56:34.690Z,75.350000,,,,,0,0,55000000000000000000000000000000,,success,0x425734a7fd13E9994b66a7909206007A1EF7030B
1998,rubiks_face_rotation,Rubik's Face Rotation,general,general,Parametric surface,formula_sync,0.8,"general, UUON, parametric surface",/shapes/rubiks-face-rotation,t,2026-06-12T23:56:34.690Z,2026-06-12T23:56:34.690Z,75.350000,,,,,0,0,55000000000000000000000000000000,,success,0x425734a7fd13E9994b66a7909206007A1EF7030B
2000,rubiks_slice_move,Rubik's Slice Move,crystallographic,crystallographic,Parametric surface,formula_sync,0.8,"crystallographic, UUON, parametric surface",/shapes/rubiks-slice-move,t,2026-06-12T23:56:34.690Z,2026-06-12T23:56:34.690Z,75.350000,,,,,0,0,55000000000000000000000000000000,,success,0x425734a7fd13E9994b66a7909206007A1EF7030B
2002,rubiks_cayley_graph,Rubik's Cayley Graph,general,general,Parametric surface,formula_sync,0.8,"general, UUON, parametric surface",/shapes/rubiks-cayley-graph,t,2026-06-12T23:56:34.690Z,2026-06-12T23:56:34.690Z,75.350000,,,,,0,0,55000000000000000000000000000000,,success,0x425734a7fd13E9994b66a7909206007A1EF7030B
2004,rubiks_state_space,Rubik's State Space,general,general,Parametric surface,formula_sync,0.8,"general, UUON, parametric surface",/shapes/rubiks-state-space,t,2026-06-12T23:56:34.690Z,2026-06-12T23:56:34.690Z,75.350000,,,,,0,0,55000000000000000000000000000000,,success,0x425734a7fd13E9994b66a7909206007A1EF7030B
1981,slinky_tension_propagation,Slinky Tension Propagation,general,general,Parametric surface,formula_sync,0.8,"general, UUON, parametric surface",/shapes/slinky-tension-propagation,t,2026-06-12T23:56:34.690Z,2026-06-12T23:56:34.690Z,75.350000,,,,,0,0,55000000000000000000000000000000,,success,0x425734a7fd13E9994b66a7909206007A1EF7030B
1983,slinky_stair_descent,Slinky Stair Descent,general,general,Parametric surface,formula_sync,0.8,"general, UUON, parametric surface",/shapes/slinky-stair-descent,t,2026-06-12T23:56:34.690Z,2026-06-12T23:56:34.690Z,75.350000,,,,,0,0,55000000000000000000000000000000,,success,0x425734a7fd13E9994b66a7909206007A1EF7030B
1985,slinky_phase_space,Slinky Phase Space,general,general,Parametric surface,formula_sync,0.8,"general, UUON, parametric surface",/shapes/slinky-phase-space,t,2026-06-12T23:56:34.690Z,2026-06-12T23:56:34.690Z,75.350000,,,,,0,0,55000000000000000000000000000000,,success,0x425734a7fd13E9994b66a7909206007A1EF7030B
1987,slinky_parametric_oscillator,Slinky Parametric Oscillator,general,general,Parametric surface,formula_sync,0.8,"general, UUON, parametric surface",/shapes/slinky-parametric-oscillator,t,2026-06-12T23:56:34.690Z,2026-06-12T23:56:34.690Z,75.350000,,,,,0,0,55000000000000000000000000000000,,success,0x425734a7fd13E9994b66a7909206007A1EF7030B
1989,slinky_soliton_wave,Slinky Soliton Wave,general,general,Parametric surface,formula_sync,0.8,"general, UUON, parametric surface",/shapes/slinky-soliton-wave,t,2026-06-12T23:56:34.690Z,2026-06-12T23:56:34.690Z,75.350000,,,,,0,0,55000000000000000000000000000000,,success,0x425734a7fd13E9994b66a7909206007A1EF7030B
1991,slinky_torsional_mode,Slinky Torsional Mode,general,general,Parametric surface,formula_sync,0.8,"general, UUON, parametric surface",/shapes/slinky-torsional-mode,t,2026-06-12T23:56:34.690Z,2026-06-12T23:56:34.690Z,75.350000,,,,,0,0,55000000000000000000000000000000,,success,0x425734a7fd13E9994b66a7909206007A1EF7030B
1993,slinky_distributed_spring,Slinky Distributed Mass-Spring,general,general,Parametric surface,formula_sync,0.8,"general, UUON, parametric surface",/shapes/slinky-distributed-spring,t,2026-06-12T23:56:34.690Z,2026-06-12T23:56:34.690Z,75.350000,,,,,0,0,55000000000000000000000000000000,,success,0x425734a7fd13E9994b66a7909206007A1EF7030B
1995,slinky_gravity_drop,Slinky Gravity Drop,general,general,Parametric surface,formula_sync,0.8,"general, UUON, parametric surface",/shapes/slinky-gravity-drop,t,2026-06-12T23:56:34.690Z,2026-06-12T23:56:34.690Z,75.350000,,,,,0,0,55000000000000000000000000000000,,success,0x425734a7fd13E9994b66a7909206007A1EF7030B
1997,rubiks_cube_face,Rubik's Cube Face,general,general,Parametric surface,formula_sync,0.8,"general, UUON, parametric surface",/shapes/rubiks-cube-face,t,2026-06-12T23:56:34.690Z,2026-06-12T23:56:34.690Z,75.350000,,,,,0,0,55000000000000000000000000000000,,success,0x425734a7fd13E9994b66a7909206007A1EF7030B
1999,rubiks_rotation_orbit,Rubik's Rotation Orbit,general,general,Parametric surface,formula_sync,0.8,"general, UUON, parametric surface",/shapes/rubiks-rotation-orbit,t,2026-06-12T23:56:34.690Z,2026-06-12T23:56:34.690Z,75.350000,,,,,0,0,55000000000000000000000000000000,,success,0x425734a7fd13E9994b66a7909206007A1EF7030B
2001,rubiks_permutation_cycle,Rubik's Permutation Cycle,general,general,Parametric surface,formula_sync,0.8,"general, UUON, parametric surface",/shapes/rubiks-permutation-cycle,t,2026-06-12T23:56:34.690Z,2026-06-12T23:56:34.690Z,75.350000,,,,,0,0,55000000000000000000000000000000,,success,0x425734a7fd13E9994b66a7909206007A1EF7030B
2003,rubiks_group_orbit,Rubik's Group Orbit,general,general,Parametric surface,formula_sync,0.8,"general, UUON, parametric surface",/shapes/rubiks-group-orbit,t,2026-06-12T23:56:34.690Z,2026-06-12T23:56:34.690Z,75.350000,,,,,0,0,55000000000000000000000000000000,,success,0x425734a7fd13E9994b66a7909206007A1EF7030B
2005,rubiks_solve_path,Rubik's Solve Path,general,general,Parametric surface,formula_sync,0.8,"general, UUON, parametric surface",/shapes/rubiks-solve-path,t,2026-06-12T23:56:34.690Z,2026-06-12T23:56:34.690Z,75.350000,,,,,0,0,55000000000000000000000000000000,,success,0x425734a7fd13E9994b66a7909206007A1EF7030B
2007,rubiks_corner_orientation,Rubik's Corner Orientation,general,general,Parametric surface,formula_sync,0.8,"general, UUON, parametric surface",/shapes/rubiks-corner-orientation,t,2026-06-12T23:56:34.690Z,2026-06-12T23:56:34.690Z,75.350000,,,,,0,0,55000000000000000000000000000000,,success,0x425734a7fd13E9994b66a7909206007A1EF7030B
2009,rubiks_commutator,Rubik's Commutator,general,general,Parametric surface,formula_sync,0.8,"general, UUON, parametric surface",/shapes/rubiks-commutator,t,2026-06-12T23:56:34.690Z,2026-06-12T23:56:34.690Z,75.350000,,,,,0,0,55000000000000000000000000000000,,success,0x425734a7fd13E9994b66a7909206007A1EF7030B
2011,rubiks_sexy_move,Rubik's Sexy Move,general,general,Parametric surface,formula_sync,0.8,"general, UUON, parametric surface",/shapes/rubiks-sexy-move,t,2026-06-12T23:56:34.690Z,2026-06-12T23:56:34.690Z,75.350000,,,,,0,0,55000000000000000000000000000000,,success,0x425734a7fd13E9994b66a7909206007A1EF7030B
2013,rubiks_subgroup_structure,Rubik's Subgroup Structure,general,general,Parametric surface,formula_sync,0.8,"general, UUON, parametric surface",/shapes/rubiks-subgroup-structure,t,2026-06-12T23:56:34.690Z,2026-06-12T23:56:34.690Z,75.350000,,,,,0,0,55000000000000000000000000000000,,success,0x425734a7fd13E9994b66a7909206007A1EF7030B
2015,rubiks_pattern_cube,Rubik's Pattern Cube,general,general,Parametric surface,formula_sync,0.8,"general, UUON, parametric surface",/shapes/rubiks-pattern-cube,t,2026-06-12T23:56:34.690Z,2026-06-12T23:56:34.690Z,75.350000,,,,,0,0,55000000000000000000000000000000,,success,0x425734a7fd13E9994b66a7909206007A1EF7030B
2017,nasa_saturn_rings,💍 NASA Saturn Rings,general,general,Parametric surface,formula_sync,0.8,"general, UUON, parametric surface",/shapes/nasa-saturn-rings,t,2026-06-12T23:56:34.690Z,2026-06-12T23:56:34.690Z,75.350000,,,,,0,0,55000000000000000000000000000000,,success,0x425734a7fd13E9994b66a7909206007A1EF7030B
2019,evolutionary_harmonic_string,🎵 Evolutionary Harmonic String,general,general,Parametric surface,formula_sync,0.8,"general, UUON, parametric surface",/shapes/evolutionary-harmonic-string,t,2026-06-12T23:56:34.690Z,2026-06-12T23:56:34.690Z,75.350000,,,,,0,0,55000000000000000000000000000000,,success,0x425734a7fd13E9994b66a7909206007A1EF7030B
2021,consciousness_energy_spectrum,💫 Consciousness-Energy Spectrum,general,general,Parametric surface,formula_sync,0.8,"general, UUON, parametric surface",/shapes/consciousness-energy-spectrum,t,2026-06-12T23:56:34.690Z,2026-06-12T23:56:34.690Z,75.350000,,,,,0,0,55000000000000000000000000000000,,success,0x425734a7fd13E9994b66a7909206007A1EF7030B
2023,eleven_dimensional_compactification,🔮 11D Compactification Manifold,general,general,Parametric surface,formula_sync,0.8,"general, UUON, parametric surface",/shapes/eleven-dimensional-compactification,t,2026-06-12T23:56:34.690Z,2026-06-12T23:56:34.690Z,75.350000,,,,,0,0,55000000000000000000000000000000,,success,0x425734a7fd13E9994b66a7909206007A1EF7030B
2025,phylogenetic_ontogenetic_harmony,🧬 Phylogeny-Ontogeny Harmonic,harmonic,harmonic,Parametric surface,formula_sync,0.8,"harmonic, UUON, parametric surface",/shapes/phylogenetic-ontogenetic-harmony,t,2026-06-12T23:56:34.690Z,2026-06-12T23:56:34.690Z,75.350000,,,,,0,0,55000000000000000000000000000000,,success,0x425734a7fd13E9994b66a7909206007A1EF7030B
2027,evolutionary_leap_surface,🚀 Evolutionary Leap Surface,general,general,Parametric surface,formula_sync,0.8,"general, UUON, parametric surface",/shapes/evolutionary-leap-surface,t,2026-06-12T23:56:34.690Z,2026-06-12T23:56:34.690Z,75.350000,,,,,0,0,55000000000000000000000000000000,,success,0x425734a7fd13E9994b66a7909206007A1EF7030B
2029,holographic_fractal_universe,🔬 Holographic Fractal Universe,fractal,fractal,Parametric surface,formula_sync,0.8,"fractal, UUON, parametric surface",/shapes/holographic-fractal-universe,t,2026-06-12T23:56:34.690Z,2026-06-12T23:56:34.690Z,75.350000,,,,,0,0,55000000000000000000000000000000,,success,0x425734a7fd13E9994b66a7909206007A1EF7030B
2031,entropic_syntropic_balance,⚡ Entropic-Syntropic Balance,general,general,Parametric surface,formula_sync,0.8,"general, UUON, parametric surface",/shapes/entropic-syntropic-balance,t,2026-06-12T23:56:34.690Z,2026-06-12T23:56:34.690Z,75.350000,,,,,0,0,55000000000000000000000000000000,,success,0x425734a7fd13E9994b66a7909206007A1EF7030B
2033,implicate_explicate_holomovement,🔄 Implicate-Explicate Holomovement,general,general,Parametric surface,formula_sync,0.8,"general, UUON, parametric surface",/shapes/implicate-explicate-holomovement,t,2026-06-12T23:56:34.690Z,2026-06-12T23:56:34.690Z,75.350000,,,,,0,0,55000000000000000000000000000000,,success,0x425734a7fd13E9994b66a7909206007A1EF7030B
2035,quantum_leap_discontinuity,⚡ Quantum Leap Discontinuity,physics,physics,Parametric surface,formula_sync,0.8,"physics, UUON, parametric surface",/shapes/quantum-leap-discontinuity,t,2026-06-12T23:56:41.248Z,2026-06-12T23:56:41.248Z,75.350000,,,,,0,0,55000000000000000000000000000000,,success,0x425734a7fd13E9994b66a7909206007A1EF7030B
2037,collective_memory_field,🧠 Collective Memory Field,general,general,Parametric surface,formula_sync,0.8,"general, UUON, parametric surface",/shapes/collective-memory-field,t,2026-06-12T23:56:41.248Z,2026-06-12T23:56:41.248Z,75.350000,,,,,0,0,55000000000000000000000000000000,,success,0x425734a7fd13E9994b66a7909206007A1EF7030B
2039,efv_frequency_modulator,🔄 EFV Frequency Modulator,general,general,Parametric surface,formula_sync,0.8,"general, UUON, parametric surface",/shapes/efv-frequency-modulator,t,2026-06-12T23:56:41.248Z,2026-06-12T23:56:41.248Z,75.350000,,,,,0,0,55000000000000000000000000000000,,success,0x425734a7fd13E9994b66a7909206007A1EF7030B
2041,efv_composite_transformation,🌀 EFV Composite Transformation,general,general,Parametric surface,formula_sync,0.8,"general, UUON, parametric surface",/shapes/efv-composite-transformation,t,2026-06-12T23:56:41.248Z,2026-06-12T23:56:41.248Z,75.350000,,,,,0,0,55000000000000000000000000000000,,success,0x425734a7fd13E9994b66a7909206007A1EF7030B
2006,rubiks_gods_number,Rubik's God's Number,general,general,Parametric surface,formula_sync,0.8,"general, UUON, parametric surface",/shapes/rubiks-gods-number,t,2026-06-12T23:56:34.690Z,2026-06-12T23:56:34.690Z,75.350000,,,,,0,0,55000000000000000000000000000000,,success,0x425734a7fd13E9994b66a7909206007A1EF7030B
2008,rubiks_edge_orientation,Rubik's Edge Orientation,general,general,Parametric surface,formula_sync,0.8,"general, UUON, parametric surface",/shapes/rubiks-edge-orientation,t,2026-06-12T23:56:34.690Z,2026-06-12T23:56:34.690Z,75.350000,,,,,0,0,55000000000000000000000000000000,,success,0x425734a7fd13E9994b66a7909206007A1EF7030B
2010,rubiks_conjugate,Rubik's Conjugate,general,general,Parametric surface,formula_sync,0.8,"general, UUON, parametric surface",/shapes/rubiks-conjugate,t,2026-06-12T23:56:34.690Z,2026-06-12T23:56:34.690Z,75.350000,,,,,0,0,55000000000000000000000000000000,,success,0x425734a7fd13E9994b66a7909206007A1EF7030B
2012,rubiks_symmetry_group,Rubik's Symmetry Group,general,general,Parametric surface,formula_sync,0.8,"general, UUON, parametric surface",/shapes/rubiks-symmetry-group,t,2026-06-12T23:56:34.690Z,2026-06-12T23:56:34.690Z,75.350000,,,,,0,0,55000000000000000000000000000000,,success,0x425734a7fd13E9994b66a7909206007A1EF7030B
2014,rubiks_scramble_entropy,Rubik's Scramble Entropy,general,general,Parametric surface,formula_sync,0.8,"general, UUON, parametric surface",/shapes/rubiks-scramble-entropy,t,2026-06-12T23:56:34.690Z,2026-06-12T23:56:34.690Z,75.350000,,,,,0,0,55000000000000000000000000000000,,success,0x425734a7fd13E9994b66a7909206007A1EF7030B
2016,nasa_saturn,🪐 NASA Saturn - Gas Giant,general,general,Parametric surface,formula_sync,0.8,"general, UUON, parametric surface",/shapes/nasa-saturn,t,2026-06-12T23:56:34.690Z,2026-06-12T23:56:34.690Z,75.350000,,,,,0,0,55000000000000000000000000000000,,success,0x425734a7fd13E9994b66a7909206007A1EF7030B
2018,nasa_saturn_complete,🪐 NASA Saturn Complete System,general,general,Parametric surface,formula_sync,0.8,"general, UUON, parametric surface",/shapes/nasa-saturn-complete,t,2026-06-12T23:56:34.690Z,2026-06-12T23:56:34.690Z,75.350000,,,,,0,0,55000000000000000000000000000000,,success,0x425734a7fd13E9994b66a7909206007A1EF7030B
2020,omega_singularity_attractor,Ω Omega Singularity Attractor,general,general,Parametric surface,formula_sync,0.8,"general, UUON, parametric surface",/shapes/omega-singularity-attractor,t,2026-06-12T23:56:34.690Z,2026-06-12T23:56:34.690Z,75.350000,,,,,0,0,55000000000000000000000000000000,,success,0x425734a7fd13E9994b66a7909206007A1EF7030B
2022,toroidal_universe_model,🍩 Toroidal Universe Model,general,general,Parametric surface,formula_sync,0.8,"general, UUON, parametric surface",/shapes/toroidal-universe-model,t,2026-06-12T23:56:34.690Z,2026-06-12T23:56:34.690Z,75.350000,,,,,0,0,55000000000000000000000000000000,,success,0x425734a7fd13E9994b66a7909206007A1EF7030B
2024,planck_scale_vibration,⚛️ Planck Scale Vibration (10⁻³⁵m),general,general,Parametric surface,formula_sync,0.8,"general, UUON, parametric surface",/shapes/planck-scale-vibration,t,2026-06-12T23:56:34.690Z,2026-06-12T23:56:34.690Z,75.350000,,,,,0,0,55000000000000000000000000000000,,success,0x425734a7fd13E9994b66a7909206007A1EF7030B
2026,three_realms_manifold,🌌 Three Realms Manifold,general,general,Parametric surface,formula_sync,0.8,"general, UUON, parametric surface",/shapes/three-realms-manifold,t,2026-06-12T23:56:34.690Z,2026-06-12T23:56:34.690Z,75.350000,,,,,0,0,55000000000000000000000000000000,,success,0x425734a7fd13E9994b66a7909206007A1EF7030B
2028,universal_string_fundamental,🎻 Universal String Fundamental,general,general,Parametric surface,formula_sync,0.8,"general, UUON, parametric surface",/shapes/universal-string-fundamental,t,2026-06-12T23:56:34.690Z,2026-06-12T23:56:34.690Z,75.350000,,,,,0,0,55000000000000000000000000000000,,success,0x425734a7fd13E9994b66a7909206007A1EF7030B
2030,nondual_absolute_core,☯️ Non-Dual Absolute Core,general,general,Parametric surface,formula_sync,0.8,"general, UUON, parametric surface",/shapes/nondual-absolute-core,t,2026-06-12T23:56:34.690Z,2026-06-12T23:56:34.690Z,75.350000,,,,,0,0,55000000000000000000000000000000,,success,0x425734a7fd13E9994b66a7909206007A1EF7030B
2032,chakra_harmonic_spectrum,🌈 Chakra Harmonic Spectrum,symbolic,symbolic,Parametric surface,formula_sync,0.8,"symbolic, UUON, parametric surface",/shapes/chakra-harmonic-spectrum,t,2026-06-12T23:56:34.690Z,2026-06-12T23:56:34.690Z,75.350000,,,,,0,0,55000000000000000000000000000000,,success,0x425734a7fd13E9994b66a7909206007A1EF7030B
2034,spiral_of_fifths_evolution,🎼 Spiral of Fifths Evolution,general,general,Parametric surface,formula_sync,0.8,"general, UUON, parametric surface",/shapes/spiral-of-fifths-evolution,t,2026-06-12T23:56:41.248Z,2026-06-12T23:56:41.248Z,75.350000,,,,,0,0,55000000000000000000000000000000,,success,0x425734a7fd13E9994b66a7909206007A1EF7030B
2036,fractal_time_acceleration,⏰ Fractal Time Acceleration,fractal,fractal,Parametric surface,formula_sync,0.8,"fractal, UUON, parametric surface",/shapes/fractal-time-acceleration,t,2026-06-12T23:56:41.248Z,2026-06-12T23:56:41.248Z,75.350000,,,,,0,0,55000000000000000000000000000000,,success,0x425734a7fd13E9994b66a7909206007A1EF7030B
2038,efv_amplitude_operator,⚡ EFV Amplitude Operator,general,general,Parametric surface,formula_sync,0.8,"general, UUON, parametric surface",/shapes/efv-amplitude-operator,t,2026-06-12T23:56:41.248Z,2026-06-12T23:56:41.248Z,75.350000,,,,,0,0,55000000000000000000000000000000,,success,0x425734a7fd13E9994b66a7909206007A1EF7030B
2040,efv_variation_entropy,🎲 EFV Variation Entropy,general,general,Parametric surface,formula_sync,0.8,"general, UUON, parametric surface",/shapes/efv-variation-entropy,t,2026-06-12T23:56:41.248Z,2026-06-12T23:56:41.248Z,75.350000,,,,,0,0,55000000000000000000000000000000,,success,0x425734a7fd13E9994b66a7909206007A1EF7030B
2042,efv_configuration_space,📐 EFV Configuration Space,general,general,Parametric surface,formula_sync,0.8,"general, UUON, parametric surface",/shapes/efv-configuration-space,t,2026-06-12T23:56:41.248Z,2026-06-12T23:56:41.248Z,75.350000,,,,,0,0,55000000000000000000000000000000,,success,0x425734a7fd13E9994b66a7909206007A1EF7030B
2044,efv_direction_field,🧭 EFV Direction Field,general,general,Parametric surface,formula_sync,0.8,"general, UUON, parametric surface",/shapes/efv-direction-field,t,2026-06-12T23:56:41.248Z,2026-06-12T23:56:41.248Z,75.350000,,,,,0,0,55000000000000000000000000000000,,success,0x425734a7fd13E9994b66a7909206007A1EF7030B
2048,phi3_aureum_manifold,✨ Φ³ Aureum Manifold,general,general,Parametric surface,formula_sync,0.8,"general, UUON, parametric surface",/shapes/phi3-aureum-manifold,t,2026-06-12T23:56:41.248Z,2026-06-12T23:56:41.248Z,75.350000,,,,,0,0,55000000000000000000000000000000,,success,0x425734a7fd13E9994b66a7909206007A1EF7030B
2050,pennate_diatom,🔬 Pennate Diatom,general,general,Parametric surface,formula_sync,0.8,"general, UUON, parametric surface",/shapes/pennate-diatom,t,2026-06-12T23:56:41.248Z,2026-06-12T23:56:41.248Z,75.350000,,,,,0,0,55000000000000000000000000000000,,success,0x425734a7fd13E9994b66a7909206007A1EF7030B
2052,colonial_chain_diatom,🔬 Colonial Chain Diatom,general,general,Parametric surface,formula_sync,0.8,"general, UUON, parametric surface",/shapes/colonial-chain-diatom,t,2026-06-12T23:56:41.248Z,2026-06-12T23:56:41.248Z,75.350000,,,,,0,0,55000000000000000000000000000000,,success,0x425734a7fd13E9994b66a7909206007A1EF7030B
2054,diatom_frustule_complete,🔬 Complete Diatom Frustule,general,general,Parametric surface,formula_sync,0.8,"general, UUON, parametric surface",/shapes/diatom-frustule-complete,t,2026-06-12T23:56:41.248Z,2026-06-12T23:56:41.248Z,75.350000,,,,,0,0,55000000000000000000000000000000,,success,0x425734a7fd13E9994b66a7909206007A1EF7030B
2056,navicula_diatom,🔬 Navicula,general,general,Parametric surface,formula_sync,0.8,"general, UUON, parametric surface",/shapes/navicula-diatom,t,2026-06-12T23:56:41.248Z,2026-06-12T23:56:41.248Z,75.350000,,,,,0,0,55000000000000000000000000000000,,success,0x425734a7fd13E9994b66a7909206007A1EF7030B
2058,arachnoidiscus_diatom,🔬 Arachnoidiscus,minimal_surface,minimal_surface,Parametric surface,formula_sync,0.8,"minimal_surface, UUON, parametric surface",/shapes/arachnoidiscus-diatom,t,2026-06-12T23:56:41.248Z,2026-06-12T23:56:41.248Z,75.350000,,,,,0,0,55000000000000000000000000000000,,success,0x425734a7fd13E9994b66a7909206007A1EF7030B
2060,pinnularia_diatom,🔬 Pinnularia,general,general,Parametric surface,formula_sync,0.8,"general, UUON, parametric surface",/shapes/pinnularia-diatom,t,2026-06-12T23:56:41.248Z,2026-06-12T23:56:41.248Z,75.350000,,,,,0,0,55000000000000000000000000000000,,success,0x425734a7fd13E9994b66a7909206007A1EF7030B
2062,5_simplex,5-Simplex (5D),general,general,Parametric surface,formula_sync,0.8,"general, UUON, parametric surface",/shapes/5-simplex,t,2026-06-12T23:56:41.248Z,2026-06-12T23:56:41.248Z,75.350000,,,,,0,0,55000000000000000000000000000000,,success,0x425734a7fd13E9994b66a7909206007A1EF7030B
2064,5_orthoplex,5-Orthoplex (5D Cross-Polytope),general,general,Parametric surface,formula_sync,0.8,"general, UUON, parametric surface",/shapes/5-orthoplex,t,2026-06-12T23:56:41.248Z,2026-06-12T23:56:41.248Z,75.350000,,,,,0,0,55000000000000000000000000000000,,success,0x425734a7fd13E9994b66a7909206007A1EF7030B
2066,5_sphere_glome,5-Sphere (Glome),general,general,Parametric surface,formula_sync,0.8,"general, UUON, parametric surface",/shapes/5-sphere-glome,t,2026-06-12T23:56:41.248Z,2026-06-12T23:56:41.248Z,75.350000,,,,,0,0,55000000000000000000000000000000,,success,0x425734a7fd13E9994b66a7909206007A1EF7030B
2068,barnes_wall_lattice,Barnes-Wall Lattice,general,general,Parametric surface,formula_sync,0.8,"general, UUON, parametric surface",/shapes/barnes-wall-lattice,t,2026-06-12T23:56:41.248Z,2026-06-12T23:56:41.248Z,75.350000,,,,,0,0,55000000000000000000000000000000,,success,0x425734a7fd13E9994b66a7909206007A1EF7030B
2043,efv_emergent_stability,✨ EFV Emergent Stability,general,general,Parametric surface,formula_sync,0.8,"general, UUON, parametric surface",/shapes/efv-emergent-stability,t,2026-06-12T23:56:41.248Z,2026-06-12T23:56:41.248Z,75.350000,,,,,0,0,55000000000000000000000000000000,,success,0x425734a7fd13E9994b66a7909206007A1EF7030B
2045,efv_bounded_variation,🔒 EFV Bounded Variation,general,general,Parametric surface,formula_sync,0.8,"general, UUON, parametric surface",/shapes/efv-bounded-variation,t,2026-06-12T23:56:41.248Z,2026-06-12T23:56:41.248Z,75.350000,,,,,0,0,55000000000000000000000000000000,,success,0x425734a7fd13E9994b66a7909206007A1EF7030B
2047,phi3_aureum_helix,🌀 Φ³ Aureum Helix,general,general,Parametric surface,formula_sync,0.8,"general, UUON, parametric surface",/shapes/phi3-aureum-helix,t,2026-06-12T23:56:41.248Z,2026-06-12T23:56:41.248Z,75.350000,,,,,0,0,55000000000000000000000000000000,,success,0x425734a7fd13E9994b66a7909206007A1EF7030B
2049,radial_centric_diatom,🔬 Radial Centric Diatom,general,general,Parametric surface,formula_sync,0.8,"general, UUON, parametric surface",/shapes/radial-centric-diatom,t,2026-06-12T23:56:41.248Z,2026-06-12T23:56:41.248Z,75.350000,,,,,0,0,55000000000000000000000000000000,,success,0x425734a7fd13E9994b66a7909206007A1EF7030B
2051,polygonal_diatom,🔬 Polygonal Diatom,general,general,Parametric surface,formula_sync,0.8,"general, UUON, parametric surface",/shapes/polygonal-diatom,t,2026-06-12T23:56:41.248Z,2026-06-12T23:56:41.248Z,75.350000,,,,,0,0,55000000000000000000000000000000,,success,0x425734a7fd13E9994b66a7909206007A1EF7030B
2053,stellate_diatom,🔬 Stellate Diatom,general,general,Parametric surface,formula_sync,0.8,"general, UUON, parametric surface",/shapes/stellate-diatom,t,2026-06-12T23:56:41.248Z,2026-06-12T23:56:41.248Z,75.350000,,,,,0,0,55000000000000000000000000000000,,success,0x425734a7fd13E9994b66a7909206007A1EF7030B
2055,coscinodiscus_diatom,🔬 Coscinodiscus,general,general,Parametric surface,formula_sync,0.8,"general, UUON, parametric surface",/shapes/coscinodiscus-diatom,t,2026-06-12T23:56:41.248Z,2026-06-12T23:56:41.248Z,75.350000,,,,,0,0,55000000000000000000000000000000,,success,0x425734a7fd13E9994b66a7909206007A1EF7030B
2057,triceratium_diatom,🔬 Triceratium,general,general,Parametric surface,formula_sync,0.8,"general, UUON, parametric surface",/shapes/triceratium-diatom,t,2026-06-12T23:56:41.248Z,2026-06-12T23:56:41.248Z,75.350000,,,,,0,0,55000000000000000000000000000000,,success,0x425734a7fd13E9994b66a7909206007A1EF7030B
2059,thalassiosira_diatom,🔬 Thalassiosira,general,general,Parametric surface,formula_sync,0.8,"general, UUON, parametric surface",/shapes/thalassiosira-diatom,t,2026-06-12T23:56:41.248Z,2026-06-12T23:56:41.248Z,75.350000,,,,,0,0,55000000000000000000000000000000,,success,0x425734a7fd13E9994b66a7909206007A1EF7030B
2061,nil_diatom_template,🔬 NIL Diatom Template,general,general,Parametric surface,formula_sync,0.8,"general, UUON, parametric surface",/shapes/nil-diatom-template,t,2026-06-12T23:56:41.248Z,2026-06-12T23:56:41.248Z,75.350000,,,,,0,0,55000000000000000000000000000000,,success,0x425734a7fd13E9994b66a7909206007A1EF7030B
2063,5_cube_penteract,5-Cube (Penteract),general,general,Parametric surface,formula_sync,0.8,"general, UUON, parametric surface",/shapes/5-cube-penteract,t,2026-06-12T23:56:41.248Z,2026-06-12T23:56:41.248Z,75.350000,,,,,0,0,55000000000000000000000000000000,,success,0x425734a7fd13E9994b66a7909206007A1EF7030B
2065,demipenteract,Demipenteract (5D),general,general,Parametric surface,formula_sync,0.8,"general, UUON, parametric surface",/shapes/demipenteract,t,2026-06-12T23:56:41.248Z,2026-06-12T23:56:41.248Z,75.350000,,,,,0,0,55000000000000000000000000000000,,success,0x425734a7fd13E9994b66a7909206007A1EF7030B
2067,leech_lattice,Leech Lattice (24D Optimal Packing),general,general,Parametric surface,formula_sync,0.8,"general, UUON, parametric surface",/shapes/leech-lattice,t,2026-06-12T23:56:41.248Z,2026-06-12T23:56:41.248Z,75.350000,,,,,0,0,55000000000000000000000000000000,,success,0x425734a7fd13E9994b66a7909206007A1EF7030B
2069,grand_antiprism_4d,Grand Antiprism (4D),hyperdimensional,hyperdimensional,Parametric surface,formula_sync,0.8,"hyperdimensional, UUON, parametric surface",/shapes/grand-antiprism-4d,t,2026-06-12T23:56:41.248Z,2026-06-12T23:56:41.248Z,75.350000,,,,,0,0,55000000000000000000000000000000,,success,0x425734a7fd13E9994b66a7909206007A1EF7030B
2071,alchemy_fire,🔺 Fire (Alchemy),general,general,Parametric surface,formula_sync,0.8,"general, UUON, parametric surface",/shapes/alchemy-fire,t,2026-06-12T23:56:41.248Z,2026-06-12T23:56:41.248Z,75.350000,,,,,0,0,55000000000000000000000000000000,,success,0x425734a7fd13E9994b66a7909206007A1EF7030B
2073,alchemy_air,🔺̶ Air (Alchemy),general,general,Parametric surface,formula_sync,0.8,"general, UUON, parametric surface",/shapes/alchemy-air,t,2026-06-12T23:56:41.248Z,2026-06-12T23:56:41.248Z,75.350000,,,,,0,0,55000000000000000000000000000000,,success,0x425734a7fd13E9994b66a7909206007A1EF7030B
2075,alchemy_sun,☉ Sun (Alchemy),general,general,Parametric surface,formula_sync,0.8,"general, UUON, parametric surface",/shapes/alchemy-sun,t,2026-06-12T23:56:41.248Z,2026-06-12T23:56:41.248Z,75.350000,,,,,0,0,55000000000000000000000000000000,,success,0x425734a7fd13E9994b66a7909206007A1EF7030B
2077,alchemy_mercury,☿ Mercury (Alchemy),general,general,Parametric surface,formula_sync,0.8,"general, UUON, parametric surface",/shapes/alchemy-mercury,t,2026-06-12T23:56:41.248Z,2026-06-12T23:56:41.248Z,75.350000,,,,,0,0,55000000000000000000000000000000,,success,0x425734a7fd13E9994b66a7909206007A1EF7030B
2079,alchemy_mars,♂ Mars (Alchemy),general,general,Parametric surface,formula_sync,0.8,"general, UUON, parametric surface",/shapes/alchemy-mars,t,2026-06-12T23:56:41.248Z,2026-06-12T23:56:41.248Z,75.350000,,,,,0,0,55000000000000000000000000000000,,success,0x425734a7fd13E9994b66a7909206007A1EF7030B
2081,alchemy_saturn,♄ Saturn (Alchemy),general,general,Parametric surface,formula_sync,0.8,"general, UUON, parametric surface",/shapes/alchemy-saturn,t,2026-06-12T23:56:41.248Z,2026-06-12T23:56:41.248Z,75.350000,,,,,0,0,55000000000000000000000000000000,,success,0x425734a7fd13E9994b66a7909206007A1EF7030B
2083,alchemy_neptune,♆ Neptune (Alchemy),general,general,Parametric surface,formula_sync,0.8,"general, UUON, parametric surface",/shapes/alchemy-neptune,t,2026-06-12T23:56:41.248Z,2026-06-12T23:56:41.248Z,75.350000,,,,,0,0,55000000000000000000000000000000,,success,0x425734a7fd13E9994b66a7909206007A1EF7030B
2085,alchemy_silver,🥈 Silver (Argentum),general,general,Parametric surface,formula_sync,0.8,"general, UUON, parametric surface",/shapes/alchemy-silver,t,2026-06-12T23:56:41.248Z,2026-06-12T23:56:41.248Z,75.350000,,,,,0,0,55000000000000000000000000000000,,success,0x425734a7fd13E9994b66a7909206007A1EF7030B
2087,alchemy_iron,⚔️ Iron (Ferrum),general,general,Parametric surface,formula_sync,0.8,"general, UUON, parametric surface",/shapes/alchemy-iron,t,2026-06-12T23:56:41.248Z,2026-06-12T23:56:41.248Z,75.350000,,,,,0,0,55000000000000000000000000000000,,success,0x425734a7fd13E9994b66a7909206007A1EF7030B
2089,alchemy_lead,⬛ Lead (Plumbum),general,general,Parametric surface,formula_sync,0.8,"general, UUON, parametric surface",/shapes/alchemy-lead,t,2026-06-12T23:56:41.248Z,2026-06-12T23:56:41.248Z,75.350000,,,,,0,0,55000000000000000000000000000000,,success,0x425734a7fd13E9994b66a7909206007A1EF7030B
2091,alchemy_sulfur,🔥 Sulfur (Brimstone),general,general,Parametric surface,formula_sync,0.8,"general, UUON, parametric surface",/shapes/alchemy-sulfur,t,2026-06-12T23:56:41.248Z,2026-06-12T23:56:41.248Z,75.350000,,,,,0,0,55000000000000000000000000000000,,success,0x425734a7fd13E9994b66a7909206007A1EF7030B
2093,alchemy_aqua_regia,👑 Aqua Regia,general,general,Parametric surface,formula_sync,0.8,"general, UUON, parametric surface",/shapes/alchemy-aqua-regia,t,2026-06-12T23:56:41.248Z,2026-06-12T23:56:41.248Z,75.350000,,,,,0,0,55000000000000000000000000000000,,success,0x425734a7fd13E9994b66a7909206007A1EF7030B
2095,alchemy_vitriol,⚗️ Vitriol,general,general,Parametric surface,formula_sync,0.8,"general, UUON, parametric surface",/shapes/alchemy-vitriol,t,2026-06-12T23:56:41.248Z,2026-06-12T23:56:41.248Z,75.350000,,,,,0,0,55000000000000000000000000000000,,success,0x425734a7fd13E9994b66a7909206007A1EF7030B
2097,alchemy_arsenic,☠️ Arsenic,general,general,Parametric surface,formula_sync,0.8,"general, UUON, parametric surface",/shapes/alchemy-arsenic,t,2026-06-12T23:56:41.248Z,2026-06-12T23:56:41.248Z,75.350000,,,,,0,0,55000000000000000000000000000000,,success,0x425734a7fd13E9994b66a7909206007A1EF7030B
2099,alchemy_borax,🧊 Borax,general,general,Parametric surface,formula_sync,0.8,"general, UUON, parametric surface",/shapes/alchemy-borax,t,2026-06-12T23:56:41.248Z,2026-06-12T23:56:41.248Z,75.350000,,,,,0,0,55000000000000000000000000000000,,success,0x425734a7fd13E9994b66a7909206007A1EF7030B
2101,alchemy_sal_ammoniac,🌀 Sal Ammoniac,general,general,Parametric surface,formula_sync,0.8,"general, UUON, parametric surface",/shapes/alchemy-sal-ammoniac,t,2026-06-12T23:56:41.248Z,2026-06-12T23:56:41.248Z,75.350000,,,,,0,0,55000000000000000000000000000000,,success,0x425734a7fd13E9994b66a7909206007A1EF7030B
2103,alchemy_brass,🔔 Brass,general,general,Parametric surface,formula_sync,0.8,"general, UUON, parametric surface",/shapes/alchemy-brass,t,2026-06-12T23:56:41.248Z,2026-06-12T23:56:41.248Z,75.350000,,,,,0,0,55000000000000000000000000000000,,success,0x425734a7fd13E9994b66a7909206007A1EF7030B
2105,alchemy_glass,🔮 Glass,general,general,Parametric surface,formula_sync,0.8,"general, UUON, parametric surface",/shapes/alchemy-glass,t,2026-06-12T23:56:41.248Z,2026-06-12T23:56:41.248Z,75.350000,,,,,0,0,55000000000000000000000000000000,,success,0x425734a7fd13E9994b66a7909206007A1EF7030B
2107,alchemy_oil,🛢️ Oil,general,general,Parametric surface,formula_sync,0.8,"general, UUON, parametric surface",/shapes/alchemy-oil,t,2026-06-12T23:56:41.248Z,2026-06-12T23:56:41.248Z,75.350000,,,,,0,0,55000000000000000000000000000000,,success,0x425734a7fd13E9994b66a7909206007A1EF7030B
2109,alchemy_wax,🕯️ Wax,general,general,Parametric surface,formula_sync,0.8,"general, UUON, parametric surface",/shapes/alchemy-wax,t,2026-06-12T23:56:41.248Z,2026-06-12T23:56:41.248Z,75.350000,,,,,0,0,55000000000000000000000000000000,,success,0x425734a7fd13E9994b66a7909206007A1EF7030B
2070,duoprism_square_triangle,Square-Triangle Duoprism (4D),general,general,Parametric surface,formula_sync,0.8,"general, UUON, parametric surface",/shapes/duoprism-square-triangle,t,2026-06-12T23:56:41.248Z,2026-06-12T23:56:41.248Z,75.350000,,,,,0,0,55000000000000000000000000000000,,success,0x425734a7fd13E9994b66a7909206007A1EF7030B
2072,alchemy_water,🔻 Water (Alchemy),general,general,Parametric surface,formula_sync,0.8,"general, UUON, parametric surface",/shapes/alchemy-water,t,2026-06-12T23:56:41.248Z,2026-06-12T23:56:41.248Z,75.350000,,,,,0,0,55000000000000000000000000000000,,success,0x425734a7fd13E9994b66a7909206007A1EF7030B
2074,alchemy_earth,🔻̶ Earth (Alchemy),general,general,Parametric surface,formula_sync,0.8,"general, UUON, parametric surface",/shapes/alchemy-earth,t,2026-06-12T23:56:41.248Z,2026-06-12T23:56:41.248Z,75.350000,,,,,0,0,55000000000000000000000000000000,,success,0x425734a7fd13E9994b66a7909206007A1EF7030B
2076,alchemy_moon,☽ Moon (Alchemy),general,general,Parametric surface,formula_sync,0.8,"general, UUON, parametric surface",/shapes/alchemy-moon,t,2026-06-12T23:56:41.248Z,2026-06-12T23:56:41.248Z,75.350000,,,,,0,0,55000000000000000000000000000000,,success,0x425734a7fd13E9994b66a7909206007A1EF7030B
2078,alchemy_venus,♀ Venus (Alchemy),general,general,Parametric surface,formula_sync,0.8,"general, UUON, parametric surface",/shapes/alchemy-venus,t,2026-06-12T23:56:41.248Z,2026-06-12T23:56:41.248Z,75.350000,,,,,0,0,55000000000000000000000000000000,,success,0x425734a7fd13E9994b66a7909206007A1EF7030B
2080,alchemy_jupiter,♃ Jupiter (Alchemy),general,general,Parametric surface,formula_sync,0.8,"general, UUON, parametric surface",/shapes/alchemy-jupiter,t,2026-06-12T23:56:41.248Z,2026-06-12T23:56:41.248Z,75.350000,,,,,0,0,55000000000000000000000000000000,,success,0x425734a7fd13E9994b66a7909206007A1EF7030B
2082,alchemy_uranus,♅ Uranus (Alchemy),general,general,Parametric surface,formula_sync,0.8,"general, UUON, parametric surface",/shapes/alchemy-uranus,t,2026-06-12T23:56:41.248Z,2026-06-12T23:56:41.248Z,75.350000,,,,,0,0,55000000000000000000000000000000,,success,0x425734a7fd13E9994b66a7909206007A1EF7030B
2084,alchemy_gold,🥇 Gold (Aurum),general,general,Parametric surface,formula_sync,0.8,"general, UUON, parametric surface",/shapes/alchemy-gold,t,2026-06-12T23:56:41.248Z,2026-06-12T23:56:41.248Z,75.350000,,,,,0,0,55000000000000000000000000000000,,success,0x425734a7fd13E9994b66a7909206007A1EF7030B
2086,alchemy_copper,🔶 Copper (Cuprum),general,general,Parametric surface,formula_sync,0.8,"general, UUON, parametric surface",/shapes/alchemy-copper,t,2026-06-12T23:56:41.248Z,2026-06-12T23:56:41.248Z,75.350000,,,,,0,0,55000000000000000000000000000000,,success,0x425734a7fd13E9994b66a7909206007A1EF7030B
2088,alchemy_tin,🔧 Tin (Stannum),general,general,Parametric surface,formula_sync,0.8,"general, UUON, parametric surface",/shapes/alchemy-tin,t,2026-06-12T23:56:41.248Z,2026-06-12T23:56:41.248Z,75.350000,,,,,0,0,55000000000000000000000000000000,,success,0x425734a7fd13E9994b66a7909206007A1EF7030B
2090,alchemy_platinum,💎 Platinum,general,general,Parametric surface,formula_sync,0.8,"general, UUON, parametric surface",/shapes/alchemy-platinum,t,2026-06-12T23:56:41.248Z,2026-06-12T23:56:41.248Z,75.350000,,,,,0,0,55000000000000000000000000000000,,success,0x425734a7fd13E9994b66a7909206007A1EF7030B
2092,alchemy_salt,⭕ Salt,general,general,Parametric surface,formula_sync,0.8,"general, UUON, parametric surface",/shapes/alchemy-salt,t,2026-06-12T23:56:41.248Z,2026-06-12T23:56:41.248Z,75.350000,,,,,0,0,55000000000000000000000000000000,,success,0x425734a7fd13E9994b66a7909206007A1EF7030B
2094,alchemy_cinnabar,🔴 Cinnabar,general,general,Parametric surface,formula_sync,0.8,"general, UUON, parametric surface",/shapes/alchemy-cinnabar,t,2026-06-12T23:56:41.248Z,2026-06-12T23:56:41.248Z,75.350000,,,,,0,0,55000000000000000000000000000000,,success,0x425734a7fd13E9994b66a7909206007A1EF7030B
2096,alchemy_quicksilver,💧 Quicksilver,general,general,Parametric surface,formula_sync,0.8,"general, UUON, parametric surface",/shapes/alchemy-quicksilver,t,2026-06-12T23:56:41.248Z,2026-06-12T23:56:41.248Z,75.350000,,,,,0,0,55000000000000000000000000000000,,success,0x425734a7fd13E9994b66a7909206007A1EF7030B
2098,alchemy_antimony,⚒️ Antimony,general,general,Parametric surface,formula_sync,0.8,"general, UUON, parametric surface",/shapes/alchemy-antimony,t,2026-06-12T23:56:41.248Z,2026-06-12T23:56:41.248Z,75.350000,,,,,0,0,55000000000000000000000000000000,,success,0x425734a7fd13E9994b66a7909206007A1EF7030B
2100,alchemy_saltpeter,💥 Saltpeter,general,general,Parametric surface,formula_sync,0.8,"general, UUON, parametric surface",/shapes/alchemy-saltpeter,t,2026-06-12T23:56:41.248Z,2026-06-12T23:56:41.248Z,75.350000,,,,,0,0,55000000000000000000000000000000,,success,0x425734a7fd13E9994b66a7909206007A1EF7030B
2102,alchemy_lime,⚪ Lime (Calcium Oxide),general,general,Parametric surface,formula_sync,0.8,"general, UUON, parametric surface",/shapes/alchemy-lime,t,2026-06-12T23:56:41.248Z,2026-06-12T23:56:41.248Z,75.350000,,,,,0,0,55000000000000000000000000000000,,success,0x425734a7fd13E9994b66a7909206007A1EF7030B
2104,alchemy_steel,⚔️ Steel,general,general,Parametric surface,formula_sync,0.8,"general, UUON, parametric surface",/shapes/alchemy-steel,t,2026-06-12T23:56:41.248Z,2026-06-12T23:56:41.248Z,75.350000,,,,,0,0,55000000000000000000000000000000,,success,0x425734a7fd13E9994b66a7909206007A1EF7030B
2106,alchemy_crystal,💎 Crystal,general,general,Parametric surface,formula_sync,0.8,"general, UUON, parametric surface",/shapes/alchemy-crystal,t,2026-06-12T23:56:41.248Z,2026-06-12T23:56:41.248Z,75.350000,,,,,0,0,55000000000000000000000000000000,,success,0x425734a7fd13E9994b66a7909206007A1EF7030B
2108,alchemy_vinegar,🍶 Vinegar,general,general,Parametric surface,formula_sync,0.8,"general, UUON, parametric surface",/shapes/alchemy-vinegar,t,2026-06-12T23:56:41.248Z,2026-06-12T23:56:41.248Z,75.350000,,,,,0,0,55000000000000000000000000000000,,success,0x425734a7fd13E9994b66a7909206007A1EF7030B
2110,alchemy_tartar,🍷 Tartar,general,general,Parametric surface,formula_sync,0.8,"general, UUON, parametric surface",/shapes/alchemy-tartar,t,2026-06-12T23:56:41.248Z,2026-06-12T23:56:41.248Z,75.350000,,,,,0,0,55000000000000000000000000000000,,success,0x425734a7fd13E9994b66a7909206007A1EF7030B
2112,alchemy_ouroboros,🐍 Ouroboros,general,general,Parametric surface,formula_sync,0.8,"general, UUON, parametric surface",/shapes/alchemy-ouroboros,t,2026-06-12T23:56:41.248Z,2026-06-12T23:56:41.248Z,75.350000,,,,,0,0,55000000000000000000000000000000,,success,0x425734a7fd13E9994b66a7909206007A1EF7030B
2114,alchemy_athanor,🔥 Athanor,general,general,Parametric surface,formula_sync,0.8,"general, UUON, parametric surface",/shapes/alchemy-athanor,t,2026-06-12T23:56:41.248Z,2026-06-12T23:56:41.248Z,75.350000,,,,,0,0,55000000000000000000000000000000,,success,0x425734a7fd13E9994b66a7909206007A1EF7030B
2116,alchemy_crucible,🫕 Crucible,general,general,Parametric surface,formula_sync,0.8,"general, UUON, parametric surface",/shapes/alchemy-crucible,t,2026-06-12T23:56:41.248Z,2026-06-12T23:56:41.248Z,75.350000,,,,,0,0,55000000000000000000000000000000,,success,0x425734a7fd13E9994b66a7909206007A1EF7030B
2118,alchemy_albedo,⚪ Albedo (Whitening),general,general,Parametric surface,formula_sync,0.8,"general, UUON, parametric surface",/shapes/alchemy-albedo,t,2026-06-12T23:56:41.248Z,2026-06-12T23:56:41.248Z,75.350000,,,,,0,0,55000000000000000000000000000000,,success,0x425734a7fd13E9994b66a7909206007A1EF7030B
2120,alchemy_rubedo,🔴 Rubedo (Reddening),general,general,Parametric surface,formula_sync,0.8,"general, UUON, parametric surface",/shapes/alchemy-rubedo,t,2026-06-12T23:56:41.248Z,2026-06-12T23:56:41.248Z,75.350000,,,,,0,0,55000000000000000000000000000000,,success,0x425734a7fd13E9994b66a7909206007A1EF7030B
2122,alchemy_caput_mortuum,💀 Caput Mortuum,general,general,Parametric surface,formula_sync,0.8,"general, UUON, parametric surface",/shapes/alchemy-caput-mortuum,t,2026-06-12T23:56:41.248Z,2026-06-12T23:56:41.248Z,75.350000,,,,,0,0,55000000000000000000000000000000,,success,0x425734a7fd13E9994b66a7909206007A1EF7030B
2124,alchemy_camphire,🌿 Camphire (Henna),general,general,Parametric surface,formula_sync,0.8,"general, UUON, parametric surface",/shapes/alchemy-camphire,t,2026-06-12T23:56:41.248Z,2026-06-12T23:56:41.248Z,75.350000,,,,,0,0,55000000000000000000000000000000,,success,0x425734a7fd13E9994b66a7909206007A1EF7030B
2126,alchemy_gravel,🪨 Gravel,general,general,Parametric surface,formula_sync,0.8,"general, UUON, parametric surface",/shapes/alchemy-gravel,t,2026-06-12T23:56:41.248Z,2026-06-12T23:56:41.248Z,75.350000,,,,,0,0,55000000000000000000000000000000,,success,0x425734a7fd13E9994b66a7909206007A1EF7030B
2128,alchemy_magnet,🧲 Magnet,general,general,Parametric surface,formula_sync,0.8,"general, UUON, parametric surface",/shapes/alchemy-magnet,t,2026-06-12T23:56:41.248Z,2026-06-12T23:56:41.248Z,75.350000,,,,,0,0,55000000000000000000000000000000,,success,0x425734a7fd13E9994b66a7909206007A1EF7030B
2130,alchemy_soap,🧼 Soap,general,general,Parametric surface,formula_sync,0.8,"general, UUON, parametric surface",/shapes/alchemy-soap,t,2026-06-12T23:56:41.248Z,2026-06-12T23:56:41.248Z,75.350000,,,,,0,0,55000000000000000000000000000000,,success,0x425734a7fd13E9994b66a7909206007A1EF7030B
2132,alchemy_sugar,🍬 Sugar,general,general,Parametric surface,formula_sync,0.8,"general, UUON, parametric surface",/shapes/alchemy-sugar,t,2026-06-12T23:56:41.248Z,2026-06-12T23:56:41.248Z,75.350000,,,,,0,0,55000000000000000000000000000000,,success,0x425734a7fd13E9994b66a7909206007A1EF7030B
2134,alchemy_eggshells,🥚 Eggshells,general,general,Parametric surface,formula_sync,0.8,"general, UUON, parametric surface",/shapes/alchemy-eggshells,t,2026-06-12T23:56:47.830Z,2026-06-12T23:56:47.830Z,75.350000,,,,,0,0,55000000000000000000000000000000,,success,0x425734a7fd13E9994b66a7909206007A1EF7030B
2136,enneper_surface_classic,🌀 Enneper Surface (1871),minimal_surface,minimal_surface,Parametric surface,formula_sync,0.8,"minimal_surface, UUON, parametric surface",/shapes/enneper-surface-classic,t,2026-06-12T23:56:47.830Z,2026-06-12T23:56:47.830Z,75.350000,,,,,0,0,55000000000000000000000000000000,,success,0x425734a7fd13E9994b66a7909206007A1EF7030B
2115,alchemy_alembic,⚗️ Alembic,general,general,Parametric surface,formula_sync,0.8,"general, UUON, parametric surface",/shapes/alchemy-alembic,t,2026-06-12T23:56:41.248Z,2026-06-12T23:56:41.248Z,75.350000,,,,,0,0,55000000000000000000000000000000,,success,0x425734a7fd13E9994b66a7909206007A1EF7030B
2117,alchemy_nigredo,⚫ Nigredo (Blackening),general,general,Parametric surface,formula_sync,0.8,"general, UUON, parametric surface",/shapes/alchemy-nigredo,t,2026-06-12T23:56:41.248Z,2026-06-12T23:56:41.248Z,75.350000,,,,,0,0,55000000000000000000000000000000,,success,0x425734a7fd13E9994b66a7909206007A1EF7030B
2119,alchemy_citrinitas,🟡 Citrinitas (Yellowing),general,general,Parametric surface,formula_sync,0.8,"general, UUON, parametric surface",/shapes/alchemy-citrinitas,t,2026-06-12T23:56:41.248Z,2026-06-12T23:56:41.248Z,75.350000,,,,,0,0,55000000000000000000000000000000,,success,0x425734a7fd13E9994b66a7909206007A1EF7030B
2121,alchemy_aqua_vitae,🍷 Aqua Vitae,general,general,Parametric surface,formula_sync,0.8,"general, UUON, parametric surface",/shapes/alchemy-aqua-vitae,t,2026-06-12T23:56:41.248Z,2026-06-12T23:56:41.248Z,75.350000,,,,,0,0,55000000000000000000000000000000,,success,0x425734a7fd13E9994b66a7909206007A1EF7030B
2123,alchemy_cerussa,⬜ Cerussa (White Lead),general,general,Parametric surface,formula_sync,0.8,"general, UUON, parametric surface",/shapes/alchemy-cerussa,t,2026-06-12T23:56:41.248Z,2026-06-12T23:56:41.248Z,75.350000,,,,,0,0,55000000000000000000000000000000,,success,0x425734a7fd13E9994b66a7909206007A1EF7030B
2125,alchemy_ashes,🔘 Ashes,general,general,Parametric surface,formula_sync,0.8,"general, UUON, parametric surface",/shapes/alchemy-ashes,t,2026-06-12T23:56:41.248Z,2026-06-12T23:56:41.248Z,75.350000,,,,,0,0,55000000000000000000000000000000,,success,0x425734a7fd13E9994b66a7909206007A1EF7030B
2129,alchemy_manure,🌱 Manure,general,general,Parametric surface,formula_sync,0.8,"general, UUON, parametric surface",/shapes/alchemy-manure,t,2026-06-12T23:56:41.248Z,2026-06-12T23:56:41.248Z,75.350000,,,,,0,0,55000000000000000000000000000000,,success,0x425734a7fd13E9994b66a7909206007A1EF7030B
2131,alchemy_soot,⬛ Soot,general,general,Parametric surface,formula_sync,0.8,"general, UUON, parametric surface",/shapes/alchemy-soot,t,2026-06-12T23:56:41.248Z,2026-06-12T23:56:41.248Z,75.350000,,,,,0,0,55000000000000000000000000000000,,success,0x425734a7fd13E9994b66a7909206007A1EF7030B
2133,alchemy_urine,💛 Urine,general,general,Parametric surface,formula_sync,0.8,"general, UUON, parametric surface",/shapes/alchemy-urine,t,2026-06-12T23:56:41.248Z,2026-06-12T23:56:41.248Z,75.350000,,,,,0,0,55000000000000000000000000000000,,success,0x425734a7fd13E9994b66a7909206007A1EF7030B
2135,catenoid_euler,⏳ Catenoid (Euler 1744),minimal_surface,minimal_surface,Parametric surface,formula_sync,0.8,"minimal_surface, UUON, parametric surface",/shapes/catenoid-euler,t,2026-06-12T23:56:47.830Z,2026-06-12T23:56:47.830Z,75.350000,,,,,0,0,55000000000000000000000000000000,,success,0x425734a7fd13E9994b66a7909206007A1EF7030B
2137,jorge_meeks_3noid,🔱 Jorge-Meeks 3-Noid,minimal_surface,minimal_surface,Parametric surface,formula_sync,0.8,"minimal_surface, UUON, parametric surface",/shapes/jorge-meeks-3noid,t,2026-06-12T23:56:47.830Z,2026-06-12T23:56:47.830Z,75.350000,,,,,0,0,55000000000000000000000000000000,,success,0x425734a7fd13E9994b66a7909206007A1EF7030B
2139,noid_4_two_planes,✦ 4-Noid with Two Symmetry Planes,minimal_surface,minimal_surface,Parametric surface,formula_sync,0.8,"minimal_surface, UUON, parametric surface",/shapes/noid-4-two-planes,t,2026-06-12T23:56:47.830Z,2026-06-12T23:56:47.830Z,75.350000,,,,,0,0,55000000000000000000000000000000,,success,0x425734a7fd13E9994b66a7909206007A1EF7030B
2141,bipyramidal_knoid,💎 Bipyramidal k-Noid,minimal_surface,minimal_surface,Parametric surface,formula_sync,0.8,"minimal_surface, UUON, parametric surface",/shapes/bipyramidal-knoid,t,2026-06-12T23:56:47.830Z,2026-06-12T23:56:47.830Z,75.350000,,,,,0,0,55000000000000000000000000000000,,success,0x425734a7fd13E9994b66a7909206007A1EF7030B
2143,antiprismatic_knoid,⬡ Antiprismatic k-Noid,minimal_surface,minimal_surface,Parametric surface,formula_sync,0.8,"minimal_surface, UUON, parametric surface",/shapes/antiprismatic-knoid,t,2026-06-12T23:56:47.830Z,2026-06-12T23:56:47.830Z,75.350000,,,,,0,0,55000000000000000000000000000000,,success,0x425734a7fd13E9994b66a7909206007A1EF7030B
2145,finite_riemann,∞ Finite Riemann (Plane-1 Catenoid-2),general,general,Parametric surface,formula_sync,0.8,"general, UUON, parametric surface",/shapes/finite-riemann,t,2026-06-12T23:56:47.830Z,2026-06-12T23:56:47.830Z,75.350000,,,,,0,0,55000000000000000000000000000000,,success,0x425734a7fd13E9994b66a7909206007A1EF7030B
2147,lopez_catenoid_enneper,🔶 López Sphere (Catenoid + Enneper End),minimal_surface,minimal_surface,Parametric surface,formula_sync,0.8,"minimal_surface, UUON, parametric surface",/shapes/lopez-catenoid-enneper,t,2026-06-12T23:56:47.830Z,2026-06-12T23:56:47.830Z,75.350000,,,,,0,0,55000000000000000000000000000000,,success,0x425734a7fd13E9994b66a7909206007A1EF7030B
2149,costa_hoffman_karcher,🌐 Costa-Hoffman-Karcher Torus,minimal_surface,minimal_surface,Parametric surface,formula_sync,0.8,"minimal_surface, UUON, parametric surface",/shapes/costa-hoffman-karcher,t,2026-06-12T23:56:47.830Z,2026-06-12T23:56:47.830Z,75.350000,,,,,0,0,55000000000000000000000000000000,,success,0x425734a7fd13E9994b66a7909206007A1EF7030B
2151,costa_enneper,🌀🌊 Costa-Enneper,minimal_surface,minimal_surface,Parametric surface,formula_sync,0.8,"minimal_surface, UUON, parametric surface",/shapes/costa-enneper,t,2026-06-12T23:56:47.830Z,2026-06-12T23:56:47.830Z,75.350000,,,,,0,0,55000000000000000000000000000000,,success,0x425734a7fd13E9994b66a7909206007A1EF7030B
2153,torus_catenoid_enneper,🔄 Torus with Catenoid & Enneper End,topology,topology,Parametric surface,formula_sync,0.8,"topology, UUON, parametric surface",/shapes/torus-catenoid-enneper,t,2026-06-12T23:56:47.830Z,2026-06-12T23:56:47.830Z,75.350000,,,,,0,0,55000000000000000000000000000000,,success,0x425734a7fd13E9994b66a7909206007A1EF7030B
2155,genus_one_helicoid,🧬 Genus One Helicoid,general,general,Parametric surface,formula_sync,0.8,"general, UUON, parametric surface",/shapes/genus-one-helicoid,t,2026-06-12T23:56:47.830Z,2026-06-12T23:56:47.830Z,75.350000,,,,,0,0,55000000000000000000000000000000,,success,0x425734a7fd13E9994b66a7909206007A1EF7030B
2157,wohlgemuth_genus3,🔮 Wohlgemuth Second Surface (Genus 3),general,general,Parametric surface,formula_sync,0.8,"general, UUON, parametric surface",/shapes/wohlgemuth-genus3,t,2026-06-12T23:56:47.830Z,2026-06-12T23:56:47.830Z,75.350000,,,,,0,0,55000000000000000000000000000000,,success,0x425734a7fd13E9994b66a7909206007A1EF7030B
2159,weber_wolf_genus3,"🕸️ Weber-Wolf Surface (Genus 3, 5 Ends)",general,general,Parametric surface,formula_sync,0.8,"general, UUON, parametric surface",/shapes/weber-wolf-genus3,t,2026-06-12T23:56:47.830Z,2026-06-12T23:56:47.830Z,75.350000,,,,,0,0,55000000000000000000000000000000,,success,0x425734a7fd13E9994b66a7909206007A1EF7030B
2161,chen_gackstatter_genus_g,🍩 Chen-Gackstatter (Genus g),general,general,Parametric surface,formula_sync,0.8,"general, UUON, parametric surface",/shapes/chen-gackstatter-genus-g,t,2026-06-12T23:56:47.830Z,2026-06-12T23:56:47.830Z,75.350000,,,,,0,0,55000000000000000000000000000000,,success,0x425734a7fd13E9994b66a7909206007A1EF7030B
2163,yol_stitched_catenoids,🧵 Yol's Doubly Stitched Catenoids,minimal_surface,minimal_surface,Parametric surface,formula_sync,0.8,"minimal_surface, UUON, parametric surface",/shapes/yol-stitched-catenoids,t,2026-06-12T23:56:47.830Z,2026-06-12T23:56:47.830Z,75.350000,,,,,0,0,55000000000000000000000000000000,,success,0x425734a7fd13E9994b66a7909206007A1EF7030B
2165,modular_surface_knot,Modular Surface Knot,Missing Shapes,Missing Shapes,Parametric surface equation,formula_sync,0.8,"Missing Shapes, UUON, parametric surface",/shapes/modular-surface-knot,t,2026-06-12T23:56:47.830Z,2026-06-12T23:56:47.830Z,75.350000,,,,,0,0,55000000000000000000000000000000,,success,0x425734a7fd13E9994b66a7909206007A1EF7030B
2167,quantum_hall_droplet,Quantum Hall Droplet,physics,physics,Parametric surface equation,formula_sync,0.8,"physics, UUON, parametric surface",/shapes/quantum-hall-droplet,t,2026-06-12T23:56:47.830Z,2026-06-12T23:56:47.830Z,75.350000,,,,,0,0,55000000000000000000000000000000,,success,0x425734a7fd13E9994b66a7909206007A1EF7030B
2169,n_dimensional_sphere,N Dimensional Sphere,Missing Shapes,Missing Shapes,Parametric surface equation,formula_sync,0.8,"Missing Shapes, UUON, parametric surface",/shapes/n-dimensional-sphere,t,2026-06-12T23:56:47.830Z,2026-06-12T23:56:47.830Z,75.350000,,,,,0,0,55000000000000000000000000000000,,success,0x425734a7fd13E9994b66a7909206007A1EF7030B
2138,jorge_meeks_knoid,🌟 Jorge-Meeks k-Noid (Parametric),minimal_surface,minimal_surface,Parametric surface,formula_sync,0.8,"minimal_surface, UUON, parametric surface",/shapes/jorge-meeks-knoid,t,2026-06-12T23:56:47.830Z,2026-06-12T23:56:47.830Z,75.350000,,,,,0,0,55000000000000000000000000000000,,success,0x425734a7fd13E9994b66a7909206007A1EF7030B
2140,pyramidal_knoid,🔺 Pyramidal k-Noid,minimal_surface,minimal_surface,Parametric surface,formula_sync,0.8,"minimal_surface, UUON, parametric surface",/shapes/pyramidal-knoid,t,2026-06-12T23:56:47.830Z,2026-06-12T23:56:47.830Z,75.350000,,,,,0,0,55000000000000000000000000000000,,success,0x425734a7fd13E9994b66a7909206007A1EF7030B
2142,prismatic_knoid,🏛️ Prismatic k-Noid,minimal_surface,minimal_surface,Parametric surface,formula_sync,0.8,"minimal_surface, UUON, parametric surface",/shapes/prismatic-knoid,t,2026-06-12T23:56:47.830Z,2026-06-12T23:56:47.830Z,75.350000,,,,,0,0,55000000000000000000000000000000,,success,0x425734a7fd13E9994b66a7909206007A1EF7030B
2144,double_enneper,🌀🌀 Double Enneper,minimal_surface,minimal_surface,Parametric surface,formula_sync,0.8,"minimal_surface, UUON, parametric surface",/shapes/double-enneper,t,2026-06-12T23:56:47.830Z,2026-06-12T23:56:47.830Z,75.350000,,,,,0,0,55000000000000000000000000000000,,success,0x425734a7fd13E9994b66a7909206007A1EF7030B
2146,lopez_two_index2,🔷 López Sphere (Two Index-2 Ends),general,general,Parametric surface,formula_sync,0.8,"general, UUON, parametric surface",/shapes/lopez-two-index2,t,2026-06-12T23:56:47.830Z,2026-06-12T23:56:47.830Z,75.350000,,,,,0,0,55000000000000000000000000000000,,success,0x425734a7fd13E9994b66a7909206007A1EF7030B
2148,chen_gackstatter,🍩 Chen-Gackstatter Surface (1982),general,general,Parametric surface,formula_sync,0.8,"general, UUON, parametric surface",/shapes/chen-gackstatter,t,2026-06-12T23:56:47.830Z,2026-06-12T23:56:47.830Z,75.350000,,,,,0,0,55000000000000000000000000000000,,success,0x425734a7fd13E9994b66a7909206007A1EF7030B
2150,toroidal_knoid,🔗 Toroidal k-Noid,minimal_surface,minimal_surface,Parametric surface,formula_sync,0.8,"minimal_surface, UUON, parametric surface",/shapes/toroidal-knoid,t,2026-06-12T23:56:47.830Z,2026-06-12T23:56:47.830Z,75.350000,,,,,0,0,55000000000000000000000000000000,,success,0x425734a7fd13E9994b66a7909206007A1EF7030B
2152,four_ended_torus,✚ 4-Ended Torus,topology,topology,Parametric surface,formula_sync,0.8,"topology, UUON, parametric surface",/shapes/four-ended-torus,t,2026-06-12T23:56:47.830Z,2026-06-12T23:56:47.830Z,75.350000,,,,,0,0,55000000000000000000000000000000,,success,0x425734a7fd13E9994b66a7909206007A1EF7030B
2154,torus_two_enneper,🌀✨ Torus with Two Enneper Ends,topology,topology,Parametric surface,formula_sync,0.8,"topology, UUON, parametric surface",/shapes/torus-two-enneper,t,2026-06-12T23:56:47.830Z,2026-06-12T23:56:47.830Z,75.350000,,,,,0,0,55000000000000000000000000000000,,success,0x425734a7fd13E9994b66a7909206007A1EF7030B
2156,wohlgemuth_genus2,"🔮 Wohlgemuth Surface (Genus 2, 4 Ends)",general,general,Parametric surface,formula_sync,0.8,"general, UUON, parametric surface",/shapes/wohlgemuth-genus2,t,2026-06-12T23:56:47.830Z,2026-06-12T23:56:47.830Z,75.350000,,,,,0,0,55000000000000000000000000000000,,success,0x425734a7fd13E9994b66a7909206007A1EF7030B
2158,kapouleas_surface,🌌 Kapouleas Surfaces,general,general,Parametric surface,formula_sync,0.8,"general, UUON, parametric surface",/shapes/kapouleas-surface,t,2026-06-12T23:56:47.830Z,2026-06-12T23:56:47.830Z,75.350000,,,,,0,0,55000000000000000000000000000000,,success,0x425734a7fd13E9994b66a7909206007A1EF7030B
2160,weber_wolf_genus4,"🕸️ Weber-Wolf Surface (Genus 4, 5 Ends)",general,general,Parametric surface,formula_sync,0.8,"general, UUON, parametric surface",/shapes/weber-wolf-genus4,t,2026-06-12T23:56:47.830Z,2026-06-12T23:56:47.830Z,75.350000,,,,,0,0,55000000000000000000000000000000,,success,0x425734a7fd13E9994b66a7909206007A1EF7030B
2162,catenoid_enneper_genus_g,⏳🌀 Catenoid-Enneper (Genus g),minimal_surface,minimal_surface,Parametric surface,formula_sync,0.8,"minimal_surface, UUON, parametric surface",/shapes/catenoid-enneper-genus-g,t,2026-06-12T23:56:47.830Z,2026-06-12T23:56:47.830Z,75.350000,,,,,0,0,55000000000000000000000000000000,,success,0x425734a7fd13E9994b66a7909206007A1EF7030B
2164,duoprism_4d,Duoprism 4d,hyperdimensional,hyperdimensional,Parametric surface equation,formula_sync,0.8,"hyperdimensional, UUON, parametric surface",/shapes/duoprism-4d,t,2026-06-12T23:56:47.830Z,2026-06-12T23:56:47.830Z,75.350000,,,,,0,0,55000000000000000000000000000000,,success,0x425734a7fd13E9994b66a7909206007A1EF7030B
2166,perfectoid_space,Perfectoid Space,Missing Shapes,Missing Shapes,Parametric surface equation,formula_sync,0.8,"Missing Shapes, UUON, parametric surface",/shapes/perfectoid-space,t,2026-06-12T23:56:47.830Z,2026-06-12T23:56:47.830Z,75.350000,,,,,0,0,55000000000000000000000000000000,,success,0x425734a7fd13E9994b66a7909206007A1EF7030B
2168,calabi_yau_surface,Calabi Yau Surface,Missing Shapes,Missing Shapes,Parametric surface equation,formula_sync,0.8,"Missing Shapes, UUON, parametric surface",/shapes/calabi-yau-surface,t,2026-06-12T23:56:47.830Z,2026-06-12T23:56:47.830Z,75.350000,,,,,0,0,55000000000000000000000000000000,,success,0x425734a7fd13E9994b66a7909206007A1EF7030B
2170,interaction_shape,User Interaction Generated Shape,interaction,,,formula_sync,0.8,"interaction, UUON, parametric surface",/shapes/interaction-shape,t,2026-06-12T23:56:47.830Z,2026-06-12T23:56:47.830Z,75.350000,,,,,0,0,55000000000000000000000000000000,,success,0x425734a7fd13E9994b66a7909206007A1EF7030B
