# Newtons Apple, Δmension M.U..
# Mesh: Newtons Apple (112)
# Geometry: unnamed (22)
v 0.012732000090181828 0.24640600383281708 -14.116600036621094
v 0.012720800004899502 0.2491219937801361 -14.116600036621094
v 0.012687399983406067 0.2518340051174164 -14.116499900817871
v 0.01263159979134798 0.2545360028743744 -14.116499900817871
v 0.012553700245916843 0.2572239935398102 -14.116399765014648
v 0.012453800067305565 0.259893000125885 -14.116399765014648
v 0.012331999838352203 0.26253798604011536 -14.116399765014648
v 0.01218860037624836 0.26515498757362366 -14.116299629211426
v 0.01202389970421791 0.2677389979362488 -14.116299629211426
v 0.011838000267744064 0.2702859938144684 -14.116299629211426
v 0.01163140032440424 0.2727909982204437 -14.11620044708252
v 0.011404300108551979 0.27524900436401367 -14.11620044708252
v 0.01115730032324791 0.27765798568725586 -14.11620044708252
v 0.010890600271522999 0.28001099824905396 -14.11620044708252
v 0.010604900307953358 0.2823050022125244 -14.11620044708252
v 0.010300599969923496 0.2845369875431061 -14.11620044708252
v 0.009978160262107849 0.2867009937763214 -14.116100311279297
v 0.00963824987411499 0.28879499435424805 -14.116100311279297
v 0.009281430393457413 0.29081499576568604 -14.116100311279297
v 0.008908320218324661 0.29275599122047424 -14.116100311279297
v 0.008519589900970459 0.2946169972419739 -14.116100311279297
v 0.008115899749100208 0.2963930070400238 -14.116100311279297
v 0.007697979919612408 0.29808101058006287 -14.116100311279297
v 0.007266549859195948 0.2996779978275299 -14.116100311279297
v 0.006822369992733002 0.30118200182914734 -14.116100311279297
v 0.006366219837218523 0.302590012550354 -14.116100311279297
v 0.005898899864405394 0.30389899015426636 -14.116100311279297
v 0.005421219859272242 0.3051080107688904 -14.116100311279297
v 0.004934039898216724 0.30621299147605896 -14.116100311279297
v 0.004438200034201145 0.30721399188041687 -14.116100311279297
v 0.003934570122510195 0.30810800194740295 -14.116100311279297
v 0.003424030030146241 0.30889400839805603 -14.116100311279297
v 0.0029074898920953274 0.30956900119781494 -14.116100311279297
v 0.0023858400527387857 0.31013500690460205 -14.116100311279297
v 0.0018600099720060825 0.310588002204895 -14.116100311279297
v 0.0013309200294315815 0.31092900037765503 -14.116100311279297
v 0.0007994850166141987 0.3111560046672821 -14.116100311279297
v 0.00026665101177059114 0.31126999855041504 -14.116100311279297
v -0.00026665101177059114 0.31126999855041504 -14.116100311279297
v -0.0007994850166141987 0.3111560046672821 -14.116100311279297
v -0.0013309200294315815 0.31092900037765503 -14.116100311279297
v -0.0018600099720060825 0.310588002204895 -14.116100311279297
v -0.0023858400527387857 0.31013500690460205 -14.116100311279297
v -0.0029074898920953274 0.30956900119781494 -14.116100311279297
v -0.003424030030146241 0.30889400839805603 -14.116100311279297
v -0.003934570122510195 0.30810800194740295 -14.116100311279297
v -0.004438200034201145 0.30721399188041687 -14.116100311279297
v -0.004934039898216724 0.30621299147605896 -14.116100311279297
v -0.005421219859272242 0.3051080107688904 -14.116100311279297
v -0.005898899864405394 0.30389899015426636 -14.116100311279297
v -0.006366219837218523 0.302590012550354 -14.116100311279297
v -0.006822369992733002 0.30118200182914734 -14.116100311279297
v -0.007266549859195948 0.2996779978275299 -14.116100311279297
v -0.007697979919612408 0.29808101058006287 -14.116100311279297
v -0.008115899749100208 0.2963930070400238 -14.116100311279297
v -0.008519589900970459 0.2946169972419739 -14.116100311279297
v -0.008908320218324661 0.29275599122047424 -14.116100311279297
v -0.009281430393457413 0.29081499576568604 -14.116100311279297
v -0.00963824987411499 0.28879499435424805 -14.116100311279297
v -0.009978160262107849 0.2867009937763214 -14.116100311279297
v -0.010300599969923496 0.2845369875431061 -14.11620044708252
v -0.010604900307953358 0.2823050022125244 -14.11620044708252
v -0.010890600271522999 0.28001099824905396 -14.11620044708252
v -0.01115730032324791 0.27765798568725586 -14.11620044708252
v -0.011404300108551979 0.27524900436401367 -14.11620044708252
v -0.01163140032440424 0.2727909982204437 -14.11620044708252
v -0.011838000267744064 0.2702859938144684 -14.116299629211426
v -0.01202389970421791 0.2677389979362488 -14.116299629211426
v -0.01218860037624836 0.26515498757362366 -14.116299629211426
v -0.012331999838352203 0.26253798604011536 -14.116399765014648
v -0.012453800067305565 0.259893000125885 -14.116399765014648
v -0.012553700245916843 0.2572239935398102 -14.116399765014648
v -0.01263159979134798 0.2545360028743744 -14.116499900817871
v -0.012687399983406067 0.2518340051174164 -14.116499900817871
v -0.012720800004899502 0.2491219937801361 -14.116600036621094
v -0.012732000090181828 0.24640600383281708 -14.116600036621094
v -0.012720800004899502 0.24368999898433685 -14.116700172424316
v -0.012687399983406067 0.24097900092601776 -14.116700172424316
v -0.01263159979134798 0.23827700316905975 -14.116800308227539
v -0.012553700245916843 0.23558899760246277 -14.116800308227539
v -0.012453800067305565 0.23292100429534912 -14.116900444030762
v -0.012331999838352203 0.23027600347995758 -14.116900444030762
v -0.01218860037624836 0.22765900194644928 -14.116999626159668
v -0.01202389970421791 0.22507600486278534 -14.116999626159668
v -0.011838000267744064 0.22253000736236572 -14.11709976196289
v -0.01163140032440424 0.22002500295639038 -14.117199897766113
v -0.011404300108551979 0.21756699681282043 -14.117199897766113
v -0.01115730032324791 0.21515999734401703 -14.117300033569336
v -0.010890600271522999 0.21280799806118011 -14.117400169372559
v -0.010604900307953358 0.21051399409770966 -14.117400169372559
v -0.010300599969923496 0.20828300714492798 -14.117500305175781
v -0.009978160262107849 0.20611999928951263 -14.117500305175781
v -0.00963824987411499 0.204026997089386 -14.117600440979004
v -0.009281430393457413 0.20200799405574799 -14.11769962310791
v -0.008908320218324661 0.20006699860095978 -14.11769962310791
v -0.008519589900970459 0.1982080042362213 -14.117799758911133
v -0.008115899749100208 0.19643299281597137 -14.117799758911133
v -0.007697979919612408 0.1947460025548935 -14.117899894714355
v -0.007266549859195948 0.19314900040626526 -14.118000030517578
v -0.006822369992733002 0.19164599478244781 -14.118000030517578
v -0.006366219837218523 0.19023899734020233 -14.1181001663208
v -0.005898899864405394 0.18893000483512878 -14.1181001663208
v -0.005421219859272242 0.18772199749946594 -14.1181001663208
v -0.004934039898216724 0.18661800026893616 -14.118200302124023
v -0.004438200034201145 0.18561799824237823 -14.118200302124023
v -0.003934570122510195 0.18472400307655334 -14.118200302124023
v -0.003424030030146241 0.18393899500370026 -14.118300437927246
v -0.0029074898920953274 0.18326400220394135 -14.118300437927246
v -0.0023858400527387857 0.18269899487495422 -14.118300437927246
v -0.0018600099720060825 0.18224599957466125 -14.118300437927246
v -0.0013309200294315815 0.18190599977970123 -14.118399620056152
v -0.0007994850166141987 0.18167799711227417 -14.118399620056152
v -0.00026665101177059114 0.18156500160694122 -14.118399620056152
v 0.00026665101177059114 0.18156500160694122 -14.118399620056152
v 0.0007994850166141987 0.18167799711227417 -14.118399620056152
v 0.0013309200294315815 0.18190599977970123 -14.118399620056152
v 0.0018600099720060825 0.18224599957466125 -14.118300437927246
v 0.0023858400527387857 0.18269899487495422 -14.118300437927246
v 0.0029074898920953274 0.18326400220394135 -14.118300437927246
v 0.003424030030146241 0.18393899500370026 -14.118300437927246
v 0.003934570122510195 0.18472400307655334 -14.118200302124023
v 0.004438200034201145 0.18561799824237823 -14.118200302124023
v 0.004934039898216724 0.18661800026893616 -14.118200302124023
v 0.005421219859272242 0.18772199749946594 -14.1181001663208
v 0.005898899864405394 0.18893000483512878 -14.1181001663208
v 0.006366219837218523 0.19023899734020233 -14.1181001663208
v 0.006822369992733002 0.19164599478244781 -14.118000030517578
v 0.007266549859195948 0.19314900040626526 -14.118000030517578
v 0.007697979919612408 0.1947460025548935 -14.117899894714355
v 0.008115899749100208 0.19643299281597137 -14.117799758911133
v 0.008519589900970459 0.1982080042362213 -14.117799758911133
v 0.008908320218324661 0.20006699860095978 -14.11769962310791
v 0.009281430393457413 0.20200799405574799 -14.11769962310791
v 0.00963824987411499 0.204026997089386 -14.117600440979004
v 0.009978160262107849 0.20611999928951263 -14.117500305175781
v 0.010300599969923496 0.20828300714492798 -14.117500305175781
v 0.010604900307953358 0.21051399409770966 -14.117400169372559
v 0.010890600271522999 0.21280799806118011 -14.117400169372559
v 0.01115730032324791 0.21515999734401703 -14.117300033569336
v 0.011404300108551979 0.21756699681282043 -14.117199897766113
v 0.01163140032440424 0.22002500295639038 -14.117199897766113
v 0.011838000267744064 0.22253000736236572 -14.11709976196289
v 0.01202389970421791 0.22507600486278534 -14.116999626159668
v 0.01218860037624836 0.22765900194644928 -14.116999626159668
v 0.012331999838352203 0.23027600347995758 -14.116900444030762
v 0.012453800067305565 0.23292100429534912 -14.116900444030762
v 0.012553700245916843 0.23558899760246277 -14.116800308227539
v 0.01263159979134798 0.23827700316905975 -14.116800308227539
v 0.012687399983406067 0.24097900092601776 -14.116700172424316
v 0.012720800004899502 0.24368999898433685 -14.116700172424316
v 0.012732000090181828 0.24640600383281708 -14.116600036621094
v 0.010404599830508232 0.11559800058603287 -6.6226301193237305
v 0.010395499877631664 0.11781799793243408 -6.622590065002441
v 0.01036820001900196 0.12003400176763535 -6.622560024261475
v 0.010322599671781063 0.12224200367927551 -6.62253999710083
v 0.010258999653160572 0.12443900108337402 -6.6225199699401855
v 0.010177399963140488 0.12662099301815033 -6.6225199699401855
v 0.010077900253236294 0.12878300249576569 -6.622509956359863
v 0.009960790164768696 0.13092200458049774 -6.6225199699401855
v 0.009826179593801498 0.13303500413894653 -6.6225199699401855
v 0.009674349799752235 0.13511699438095093 -6.62253999710083
v 0.009505540132522583 0.13716499507427216 -6.622560024261475
v 0.009320070035755634 0.13917499780654907 -6.622580051422119
v 0.00911824032664299 0.1411440074443817 -6.622610092163086
v 0.008900419808924198 0.14306800067424774 -6.622650146484375
v 0.00866698008030653 0.1449439972639084 -6.622690200805664
v 0.008418340235948563 0.14676900207996368 -6.622729778289795
v 0.008154920302331448 0.14854000508785248 -6.622769832611084
v 0.007877199910581112 0.15025199949741364 -6.622819900512695
v 0.007585649844259024 0.15190400183200836 -6.622869968414307
v 0.007280780002474785 0.1534920036792755 -6.622920036315918
v 0.006963139865547419 0.15501399338245392 -6.622970104217529
v 0.006633270066231489 0.156467005610466 -6.623020172119141
v 0.0062917498871684074 0.15784800052642822 -6.623069763183594
v 0.005939189810305834 0.1591549962759018 -6.623129844665527
v 0.0055761998519301414 0.16038599610328674 -6.623179912567139
v 0.005203410051763058 0.1615380048751831 -6.623219966888428
v 0.004821490030735731 0.16260899603366852 -6.623270034790039
v 0.004431100096553564 0.16359800100326538 -6.62332010269165
v 0.004032920114696026 0.16450299322605133 -6.6233601570129395
v 0.003627659985795617 0.16532200574874878 -6.6234002113342285
v 0.003216030076146126 0.16605299711227417 -6.623429775238037
v 0.002798740053549409 0.1666959971189499 -6.623469829559326
v 0.0023765400983393192 0.16724899411201477 -6.623489856719971
v 0.0019501600181683898 0.16771200299263 -6.6235198974609375
v 0.0015203600050881505 0.16808299720287323 -6.623539924621582
v 0.0010878799948841333 0.16836200654506683 -6.623549938201904
v 0.0006534950225614011 0.16854800283908844 -6.623559951782227
v 0.0002179589937441051 0.16864100098609924 -6.623569965362549
v -0.0002179589937441051 0.16864100098609924 -6.623569965362549
v -0.0006534950225614011 0.16854800283908844 -6.623559951782227
v -0.0010878799948841333 0.16836200654506683 -6.623549938201904
v -0.0015203600050881505 0.16808299720287323 -6.623539924621582
v -0.0019501600181683898 0.16771200299263 -6.6235198974609375
v -0.0023765400983393192 0.16724899411201477 -6.623489856719971
v -0.002798740053549409 0.1666959971189499 -6.623469829559326
v -0.003216030076146126 0.16605299711227417 -6.623429775238037
v -0.003627659985795617 0.16532200574874878 -6.6234002113342285
v -0.004032920114696026 0.16450299322605133 -6.6233601570129395
v -0.004431100096553564 0.16359800100326538 -6.62332010269165
v -0.004821490030735731 0.16260899603366852 -6.623270034790039
v -0.005203410051763058 0.1615380048751831 -6.623219966888428
v -0.0055761998519301414 0.16038599610328674 -6.623179912567139
v -0.005939189810305834 0.1591549962759018 -6.623129844665527
v -0.0062917498871684074 0.15784800052642822 -6.623069763183594
v -0.006633270066231489 0.156467005610466 -6.623020172119141
v -0.006963139865547419 0.15501399338245392 -6.622970104217529
v -0.007280780002474785 0.1534920036792755 -6.622920036315918
v -0.007585649844259024 0.15190400183200836 -6.622869968414307
v -0.007877199910581112 0.15025199949741364 -6.622819900512695
v -0.008154920302331448 0.14854000508785248 -6.622769832611084
v -0.008418340235948563 0.14676900207996368 -6.622729778289795
v -0.00866698008030653 0.1449439972639084 -6.622690200805664
v -0.008900419808924198 0.14306800067424774 -6.622650146484375
v -0.00911824032664299 0.1411440074443817 -6.622610092163086
v -0.009320070035755634 0.13917499780654907 -6.622580051422119
v -0.009505540132522583 0.13716499507427216 -6.622560024261475
v -0.009674349799752235 0.13511699438095093 -6.62253999710083
v -0.009826179593801498 0.13303500413894653 -6.6225199699401855
v -0.009960790164768696 0.13092200458049774 -6.6225199699401855
v -0.010077900253236294 0.12878300249576569 -6.622509956359863
v -0.010177399963140488 0.12662099301815033 -6.6225199699401855
v -0.010258999653160572 0.12443900108337402 -6.6225199699401855
v -0.010322599671781063 0.12224200367927551 -6.62253999710083
v -0.01036820001900196 0.12003400176763535 -6.622560024261475
v -0.010395499877631664 0.11781799793243408 -6.622590065002441
v -0.010404599830508232 0.11559800058603287 -6.6226301193237305
v -0.010395499877631664 0.11337900161743164 -6.6226701736450195
v -0.01036820001900196 0.11116299778223038 -6.622719764709473
v -0.010322599671781063 0.1089550033211708 -6.622769832611084
v -0.010258999653160572 0.10675899684429169 -6.622829914093018
v -0.010177399963140488 0.10457900166511536 -6.622900009155273
v -0.010077900253236294 0.10241799801588058 -6.622970104217529
v -0.009960790164768696 0.10028000175952911 -6.623050212860107
v -0.009826179593801498 0.09816920012235641 -6.623129844665527
v -0.009674349799752235 0.09608890116214752 -6.623219966888428
v -0.009505540132522583 0.09404289722442627 -6.623310089111328
v -0.009320070035755634 0.09203480184078217 -6.623410224914551
v -0.00911824032664299 0.09006799757480621 -6.623509883880615
v -0.008900419808924198 0.08814600110054016 -6.623610019683838
v -0.00866698008030653 0.08627220243215561 -6.6237101554870605
v -0.008418340235948563 0.084449902176857 -6.623819828033447
v -0.008154920302331448 0.08268219977617264 -6.62391996383667
v -0.007877199910581112 0.08097229897975922 -6.624030113220215
v -0.007585649844259024 0.07932309806346893 -6.624129772186279
v -0.007280780002474785 0.07773759961128235 -6.624239921569824
v -0.006963139865547419 0.07621839642524719 -6.624340057373047
v -0.006633270066231489 0.0747682973742485 -6.624450206756592
v -0.0062917498871684074 0.07338990271091461 -6.624549865722656
v -0.005939189810305834 0.07208549976348877 -6.624639987945557
v -0.0055761998519301414 0.07085739821195602 -6.624740123748779
v -0.005203410051763058 0.06970780342817307 -6.6248297691345215
v -0.004821490030735731 0.06863860040903091 -6.6249098777771
v -0.004431100096553564 0.0676518976688385 -6.624989986419678
v -0.004032920114696026 0.0667492002248764 -6.625070095062256
v -0.003627659985795617 0.06593230366706848 -6.6251301765441895
v -0.003216030076146126 0.06520240008831024 -6.625189781188965
v -0.002798740053549409 0.06456100195646286 -6.625249862670898
v -0.0023765400983393192 0.06400900334119797 -6.62529993057251
v -0.0019501600181683898 0.06354759633541107 -6.625339984893799
v -0.0015203600050881505 0.06317750364542007 -6.625370025634766
v -0.0010878799948841333 0.0628994032740593 -6.62539005279541
v -0.0006534950225614011 0.06271360069513321 -6.625410079956055
v -0.0002179589937441051 0.06262069940567017 -6.625420093536377
v 0.0002179589937441051 0.06262069940567017 -6.625420093536377
v 0.0006534950225614011 0.06271360069513321 -6.625410079956055
v 0.0010878799948841333 0.0628994032740593 -6.62539005279541
v 0.0015203600050881505 0.06317750364542007 -6.625370025634766
v 0.0019501600181683898 0.06354759633541107 -6.625339984893799
v 0.0023765400983393192 0.06400900334119797 -6.62529993057251
v 0.002798740053549409 0.06456100195646286 -6.625249862670898
v 0.003216030076146126 0.06520240008831024 -6.625189781188965
v 0.003627659985795617 0.06593230366706848 -6.6251301765441895
v 0.004032920114696026 0.0667492002248764 -6.625070095062256
v 0.004431100096553564 0.0676518976688385 -6.624989986419678
v 0.004821490030735731 0.06863860040903091 -6.6249098777771
v 0.005203410051763058 0.06970780342817307 -6.6248297691345215
v 0.0055761998519301414 0.07085739821195602 -6.624740123748779
v 0.005939189810305834 0.07208549976348877 -6.624639987945557
v 0.0062917498871684074 0.07338990271091461 -6.624549865722656
v 0.006633270066231489 0.0747682973742485 -6.624450206756592
v 0.006963139865547419 0.07621839642524719 -6.624340057373047
v 0.007280780002474785 0.07773759961128235 -6.624239921569824
v 0.007585649844259024 0.07932309806346893 -6.624129772186279
v 0.007877199910581112 0.08097229897975922 -6.624030113220215
v 0.008154920302331448 0.08268219977617264 -6.62391996383667
v 0.008418340235948563 0.084449902176857 -6.623819828033447
v 0.00866698008030653 0.08627220243215561 -6.6237101554870605
v 0.008900419808924198 0.08814600110054016 -6.623610019683838
v 0.00911824032664299 0.09006799757480621 -6.623509883880615
v 0.009320070035755634 0.09203480184078217 -6.623410224914551
v 0.009505540132522583 0.09404289722442627 -6.623310089111328
v 0.009674349799752235 0.09608890116214752 -6.623219966888428
v 0.009826179593801498 0.09816920012235641 -6.623129844665527
v 0.009960790164768696 0.10028000175952911 -6.623050212860107
v 0.010077900253236294 0.10241799801588058 -6.622970104217529
v 0.010177399963140488 0.10457900166511536 -6.622900009155273
v 0.010258999653160572 0.10675899684429169 -6.622829914093018
v 0.010322599671781063 0.1089550033211708 -6.622769832611084
v 0.01036820001900196 0.11116299778223038 -6.622719764709473
v 0.010395499877631664 0.11337900161743164 -6.6226701736450195
v 0.010404599830508232 0.11559800058603287 -6.6226301193237305
v -0.0014648899668827653 -0.009255990386009216 0.5302760004997253
v -0.0014635799452662468 -0.009568329900503159 0.5302600264549255
v -0.0014596499968320131 -0.009879750199615955 0.5302249789237976
v -0.0014531000051647425 -0.010189699940383434 0.5301709771156311
v -0.001443949993699789 -0.0104975001886487 0.530098021030426
v -0.0014322299975901842 -0.01080270018428564 0.5300059914588928
v -0.001417940016835928 -0.011104700155556202 0.5298960208892822
v -0.001401129993610084 -0.011402900330722332 0.529770016670227
v -0.0013818299630656838 -0.011696900241076946 0.5296260118484497
v -0.0013600699603557587 -0.011986100114881992 0.5294679999351501
v -0.0013359000440686941 -0.012269999831914902 0.529295027256012
v -0.0013093800516799092 -0.012547999620437622 0.529109001159668
v -0.0012805400183424354 -0.012819799594581127 0.5289120078086853
v -0.0012494600377976894 -0.013084799982607365 0.5287039875984192
v -0.0012161900522187352 -0.01334260031580925 0.5284870266914368
v -0.0011807900154963136 -0.013592800125479698 0.5282620191574097
v -0.0011433400213718414 -0.013834900222718716 0.5280320048332214
v -0.0011039100354537368 -0.01406870037317276 0.5277969837188721
v -0.0010625700233504176 -0.014293599873781204 0.5275599956512451
v -0.001019399962387979 -0.014509400352835655 0.5273209810256958
v -0.0009744809940457344 -0.014715599827468395 0.5270829796791077
v -0.0009278960060328245 -0.014912099577486515 0.5268470048904419
v -0.000879732018802315 -0.015098500065505505 0.5266159772872925
v -0.0008300740155391395 -0.015274499543011189 0.5263890027999878
v -0.0007790129748173058 -0.015439899638295174 0.526170015335083
v -0.0007266380125656724 -0.015594500117003918 0.5259590148925781
v -0.0006730440072715282 -0.015737900510430336 0.5257580280303955
v -0.000618321995716542 -0.015870099887251854 0.5255690217018127
v -0.0005625680205412209 -0.01599089987576008 0.5253919959068298
v -0.0005058780079707503 -0.016100000590085983 0.5252299904823303
v -0.0004483480006456375 -0.01619729958474636 0.525081992149353
v -0.00039007500163279474 -0.01628280058503151 0.5249509811401367
v -0.00033115700352936983 -0.016356199979782104 0.524836003780365
v -0.00027169298846274614 -0.016417600214481354 0.5247399806976318
v -0.00021178199676796794 -0.01646680012345314 0.5246620178222656
v -0.0001515220064902678 -0.016503699123859406 0.524603009223938
v -0.00009101269824896008 -0.0165282990783453 0.5245630145072937
v -0.000030354200134752318 -0.01654070056974888 0.5245429873466492
v 0.000030354200134752318 -0.01654070056974888 0.5245429873466492
v 0.00009101280011236668 -0.0165282990783453 0.5245630145072937
v 0.0001515220064902678 -0.016503699123859406 0.524603009223938
v 0.00021178199676796794 -0.01646680012345314 0.5246620178222656
v 0.00027169298846274614 -0.016417600214481354 0.5247399806976318
v 0.00033115700352936983 -0.016356199979782104 0.524836003780365
v 0.00039007500163279474 -0.01628280058503151 0.5249509811401367
v 0.0004483480006456375 -0.01619729958474636 0.525081992149353
v 0.0005058780079707503 -0.016100000590085983 0.5252299904823303
v 0.0005625680205412209 -0.01599089987576008 0.5253919959068298
v 0.000618321995716542 -0.015870099887251854 0.5255690217018127
v 0.0006730440072715282 -0.015737900510430336 0.5257580280303955
v 0.0007266380125656724 -0.015594500117003918 0.5259590148925781
v 0.0007790129748173058 -0.015439899638295174 0.526170015335083
v 0.0008300740155391395 -0.015274499543011189 0.5263890027999878
v 0.000879732018802315 -0.015098500065505505 0.5266159772872925
v 0.0009278960060328245 -0.014912099577486515 0.5268470048904419
v 0.0009744809940457344 -0.014715599827468395 0.5270829796791077
v 0.001019399962387979 -0.014509400352835655 0.5273209810256958
v 0.0010625700233504176 -0.014293599873781204 0.5275599956512451
v 0.0011039100354537368 -0.01406870037317276 0.5277969837188721
v 0.0011433400213718414 -0.013834900222718716 0.5280320048332214
v 0.0011807900154963136 -0.013592800125479698 0.5282620191574097
v 0.0012161900522187352 -0.01334260031580925 0.5284870266914368
v 0.0012494600377976894 -0.013084799982607365 0.5287039875984192
v 0.0012805400183424354 -0.012819799594581127 0.5289120078086853
v 0.0013093800516799092 -0.012547999620437622 0.529109001159668
v 0.0013359000440686941 -0.012269999831914902 0.529295027256012
v 0.0013600699603557587 -0.011986100114881992 0.5294679999351501
v 0.0013818299630656838 -0.011696900241076946 0.5296260118484497
v 0.001401129993610084 -0.011402900330722332 0.529770016670227
v 0.001417940016835928 -0.011104700155556202 0.5298960208892822
v 0.0014322299975901842 -0.01080270018428564 0.5300059914588928
v 0.001443949993699789 -0.0104975001886487 0.530098021030426
v 0.0014531000051647425 -0.010189699940383434 0.5301709771156311
v 0.0014596499968320131 -0.009879750199615955 0.5302249789237976
v 0.0014635799452662468 -0.009568329900503159 0.5302600264549255
v 0.0014648899668827653 -0.009255990386009216 0.5302760004997253
v 0.0014635799452662468 -0.008943310007452965 0.5302709937095642
v 0.0014596499968320131 -0.008630869910120964 0.5302469730377197
v 0.0014531000051647425 -0.0083192503079772 0.5302039980888367
v 0.001443949993699789 -0.008009050041437149 0.5301409959793091
v 0.0014322299975901842 -0.007700830232352018 0.5300599932670593
v 0.001417940016835928 -0.0073951901867985725 0.5299609899520874
v 0.001401129993610084 -0.007092690095305443 0.5298449993133545
v 0.0013818299630656838 -0.00679389014840126 0.5297120213508606
v 0.0013600699603557587 -0.006499359849840403 0.5295640230178833
v 0.0013359000440686941 -0.0062096500769257545 0.5294010043144226
v 0.0013093800516799092 -0.005925280041992664 0.5292249917984009
v 0.0012805400183424354 -0.005646789912134409 0.5290369987487793
v 0.0012494600377976894 -0.005374679807573557 0.5288379788398743
v 0.0012161900522187352 -0.005109449848532677 0.5286300182342529
v 0.0011807900154963136 -0.004851580131798983 0.5284150242805481
v 0.0011433400213718414 -0.004601540043950081 0.5281929969787598
v 0.0011039100354537368 -0.004359759856015444 0.5279669761657715
v 0.0010625700233504176 -0.004126689862459898 0.527737021446228
v 0.001019399962387979 -0.003902730066329241 0.5275059938430786
v 0.0009744809940457344 -0.003688259981572628 0.5272759795188904
v 0.0009278960060328245 -0.003483670065179467 0.5270469784736633
v 0.000879732018802315 -0.0032893000170588493 0.5268219709396362
v 0.0008300740155391395 -0.0031054799910634756 0.526602029800415
v 0.0007790129748173058 -0.0029325298964977264 0.5263879895210266
v 0.0007266380125656724 -0.002770730061456561 0.526183009147644
v 0.0006730440072715282 -0.0026203400921076536 0.5259870290756226
v 0.000618321995716542 -0.0024816300719976425 0.5258030295372009
v 0.0005625680205412209 -0.0023548100143671036 0.525629997253418
v 0.0005058780079707503 -0.0022400899324566126 0.5254719853401184
v 0.0004483480006456375 -0.0021376500371843576 0.5253279805183411
v 0.00039007500163279474 -0.0020476600620895624 0.5251989960670471
v 0.00033115700352936983 -0.001970259938389063 0.5250869989395142
v 0.00027169298846274614 -0.001905570039525628 0.5249930024147034
v 0.00021178199676796794 -0.001853700028732419 0.5249170064926147
v 0.0001515220064902678 -0.0018147299997508526 0.5248590111732483
v 0.00009101280011236668 -0.0017887100111693144 0.5248200297355652
v 0.000030354200134752318 -0.0017756900051608682 0.5248010158538818
v -0.000030354200134752318 -0.0017756900051608682 0.5248010158538818
v -0.00009101269824896008 -0.0017887100111693144 0.5248200297355652
v -0.0001515220064902678 -0.0018147299997508526 0.5248590111732483
v -0.00021178199676796794 -0.001853700028732419 0.5249170064926147
v -0.00027169298846274614 -0.001905570039525628 0.5249930024147034
v -0.00033115700352936983 -0.001970259938389063 0.5250869989395142
v -0.00039007500163279474 -0.0020476600620895624 0.5251989960670471
v -0.0004483480006456375 -0.0021376500371843576 0.5253279805183411
v -0.0005058780079707503 -0.0022400899324566126 0.5254719853401184
v -0.0005625680205412209 -0.0023548100143671036 0.525629997253418
v -0.000618321995716542 -0.0024816300719976425 0.5258030295372009
v -0.0006730440072715282 -0.0026203400921076536 0.5259870290756226
v -0.0007266380125656724 -0.002770730061456561 0.526183009147644
v -0.0007790129748173058 -0.0029325298964977264 0.5263879895210266
v -0.0008300740155391395 -0.0031054799910634756 0.526602029800415
v -0.000879732018802315 -0.0032893000170588493 0.5268219709396362
v -0.0009278960060328245 -0.003483670065179467 0.5270469784736633
v -0.0009744809940457344 -0.003688259981572628 0.5272759795188904
v -0.001019399962387979 -0.003902730066329241 0.5275059938430786
v -0.0010625700233504176 -0.004126689862459898 0.527737021446228
v -0.0011039100354537368 -0.004359759856015444 0.5279669761657715
v -0.0011433400213718414 -0.004601540043950081 0.5281929969787598
v -0.0011807900154963136 -0.004851580131798983 0.5284150242805481
v -0.0012161900522187352 -0.005109449848532677 0.5286300182342529
v -0.0012494600377976894 -0.005374679807573557 0.5288379788398743
v -0.0012805400183424354 -0.005646789912134409 0.5290369987487793
v -0.0013093800516799092 -0.005925280041992664 0.5292249917984009
v -0.0013359000440686941 -0.0062096500769257545 0.5294010043144226
v -0.0013600699603557587 -0.006499359849840403 0.5295640230178833
v -0.0013818299630656838 -0.00679389014840126 0.5297120213508606
v -0.001401129993610084 -0.007092690095305443 0.5298449993133545
v -0.001417940016835928 -0.0073951901867985725 0.5299609899520874
v -0.0014322299975901842 -0.007700830232352018 0.5300599932670593
v -0.001443949993699789 -0.008009050041437149 0.5301409959793091
v -0.0014531000051647425 -0.0083192503079772 0.5302039980888367
v -0.0014596499968320131 -0.008630869910120964 0.5302469730377197
v -0.0014635799452662468 -0.008943310007452965 0.5302709937095642
v -0.0014648899668827653 -0.009255990386009216 0.5302760004997253
v -0.03514359891414642 -0.12516699731349945 7.170790195465088
v -0.03511270135641098 -0.13266399502754211 7.170629978179932
v -0.03501980006694794 -0.14014600217342377 7.17041015625
v -0.03486520051956177 -0.14760099351406097 7.170129776000977
v -0.03464920073747635 -0.1550150066614151 7.1697998046875
v -0.03437209874391556 -0.16237500309944153 7.169410228729248
v -0.034034501761198044 -0.16966700553894043 7.168960094451904
v -0.033636998385190964 -0.17688000202178955 7.1684699058532715
v -0.033180300146341324 -0.18400000035762787 7.167920112609863
v -0.0326652005314827 -0.19101500511169434 7.167329788208008
v -0.03209270164370537 -0.19791099429130554 7.1666998863220215
v -0.031463801860809326 -0.2046779990196228 7.166029930114746
v -0.030779600143432617 -0.21130399405956268 7.165329933166504
v -0.030041400343179703 -0.21777600049972534 7.164599895477295
v -0.029250599443912506 -0.22408300638198853 7.163839817047119
v -0.02840840071439743 -0.23021499812602997 7.163060188293457
v -0.027516599744558334 -0.2361609935760498 7.1622700691223145
v -0.02657650038599968 -0.24190999567508698 7.16146993637085
v -0.025590000674128532 -0.2474530041217804 7.1606597900390625
v -0.02455889992415905 -0.2527790069580078 7.159860134124756
v -0.02348480001091957 -0.2578809857368469 7.159049987792969
v -0.02236980013549328 -0.26274898648262024 7.158259868621826
v -0.02121569961309433 -0.2673740088939667 7.157489776611328
v -0.020024800673127174 -0.27175000309944153 7.1567301750183105
v -0.01879899948835373 -0.2758679986000061 7.156000137329102
v -0.017540499567985535 -0.2797209918498993 7.155300140380859
v -0.016251500695943832 -0.28330299258232117 7.154630184173584
v -0.014934300445020199 -0.2866089940071106 7.154009819030762
v -0.013591200113296509 -0.2896310091018677 7.1534199714660645
v -0.012224500067532063 -0.29236701130867004 7.152890205383301
v -0.010836600326001644 -0.2948090136051178 7.152400016784668
v -0.00942996982485056 -0.29695600271224976 7.151969909667969
v -0.0080069899559021 -0.298801988363266 7.151589870452881
v -0.006570150144398212 -0.3003459870815277 7.151269912719727
v -0.005121939815580845 -0.3015829920768738 7.151020050048828
v -0.003664870047941804 -0.302513986825943 7.150819778442383
v -0.0022014600690454245 -0.3031350076198578 7.150690078735352
v -0.0007342430180869997 -0.3034450113773346 7.150629997253418
v 0.0007342430180869997 -0.3034450113773346 7.150629997253418
v 0.0022014600690454245 -0.3031350076198578 7.150690078735352
v 0.003664870047941804 -0.302513986825943 7.150819778442383
v 0.005121939815580845 -0.3015829920768738 7.151020050048828
v 0.006570150144398212 -0.3003459870815277 7.151269912719727
v 0.0080069899559021 -0.298801988363266 7.151589870452881
v 0.00942996982485056 -0.29695600271224976 7.151969909667969
v 0.010836600326001644 -0.2948090136051178 7.152400016784668
v 0.012224500067532063 -0.29236701130867004 7.152890205383301
v 0.013591200113296509 -0.2896310091018677 7.1534199714660645
v 0.014934300445020199 -0.2866089940071106 7.154009819030762
v 0.016251500695943832 -0.28330299258232117 7.154630184173584
v 0.017540499567985535 -0.2797209918498993 7.155300140380859
v 0.01879899948835373 -0.2758679986000061 7.156000137329102
v 0.020024800673127174 -0.27175000309944153 7.1567301750183105
v 0.02121569961309433 -0.2673740088939667 7.157489776611328
v 0.02236980013549328 -0.26274898648262024 7.158259868621826
v 0.02348480001091957 -0.2578809857368469 7.159049987792969
v 0.02455889992415905 -0.2527790069580078 7.159860134124756
v 0.025590000674128532 -0.2474530041217804 7.1606597900390625
v 0.02657650038599968 -0.24190999567508698 7.16146993637085
v 0.027516599744558334 -0.2361609935760498 7.1622700691223145
v 0.02840840071439743 -0.23021499812602997 7.163060188293457
v 0.029250599443912506 -0.22408300638198853 7.163839817047119
v 0.030041400343179703 -0.21777600049972534 7.164599895477295
v 0.030779600143432617 -0.21130399405956268 7.165329933166504
v 0.031463801860809326 -0.2046779990196228 7.166029930114746
v 0.03209270164370537 -0.19791099429130554 7.1666998863220215
v 0.0326652005314827 -0.19101500511169434 7.167329788208008
v 0.033180300146341324 -0.18400000035762787 7.167920112609863
v 0.033636998385190964 -0.17688000202178955 7.1684699058532715
v 0.034034501761198044 -0.16966700553894043 7.168960094451904
v 0.03437209874391556 -0.16237500309944153 7.169410228729248
v 0.03464920073747635 -0.1550150066614151 7.1697998046875
v 0.03486520051956177 -0.14760099351406097 7.170129776000977
v 0.03501980006694794 -0.14014600217342377 7.17041015625
v 0.03511270135641098 -0.13266399502754211 7.170629978179932
v 0.03514359891414642 -0.12516699731349945 7.170790195465088
v 0.03511270135641098 -0.1176690012216568 7.170889854431152
v 0.03501980006694794 -0.1101830005645752 7.170939922332764
v 0.03486520051956177 -0.10272300243377686 7.170919895172119
v 0.03464920073747635 -0.09530189633369446 7.170839786529541
v 0.03437209874391556 -0.08793289959430695 7.17071008682251
v 0.034034501761198044 -0.08062910288572311 7.170519828796387
v 0.033636998385190964 -0.073403500020504 7.170269966125488
v 0.033180300146341324 -0.06626900285482407 7.169980049133301
v 0.0326652005314827 -0.05923809856176376 7.16963005065918
v 0.03209270164370537 -0.05232350155711174 7.1692399978637695
v 0.031463801860809326 -0.04553719982504845 7.16880989074707
v 0.030779600143432617 -0.03889150172472 7.16834020614624
v 0.030041400343179703 -0.0323977991938591 7.167829990386963
v 0.029250599443912506 -0.02606780081987381 7.167300224304199
v 0.02840840071439743 -0.01991249993443489 7.1667399406433105
v 0.027516599744558334 -0.013942800462245941 7.166150093078613
v 0.02657650038599968 -0.008169190026819706 7.165550231933594
v 0.025590000674128532 -0.0026016701012849808 7.164939880371094
v 0.02455889992415905 0.002749999985098839 7.16431999206543
v 0.02348480001091957 0.007876469753682613 7.163690090179443
v 0.02236980013549328 0.012768800370395184 7.163070201873779
v 0.02121569961309433 0.017418600618839264 7.162459850311279
v 0.020024800673127174 0.021817799657583237 7.1618499755859375
v 0.01879899948835373 0.025958700105547905 7.1612701416015625
v 0.017540499567985535 0.02983419969677925 7.160699844360352
v 0.016251500695943832 0.03343769907951355 7.160160064697266
v 0.014934300445020199 0.03676290065050125 7.159649848937988
v 0.013591200113296509 0.03980410099029541 7.159170150756836
v 0.012224500067532063 0.04255630075931549 7.1587300300598145
v 0.010836600326001644 0.04501450061798096 7.158329963684082
v 0.00942996982485056 0.04717469960451126 7.157979965209961
v 0.0080069899559021 0.04903319850564003 7.157660007476807
v 0.006570150144398212 0.050586801022291183 7.157400131225586
v 0.005121939815580845 0.0518328994512558 7.157189846038818
v 0.003664870047941804 0.05276919901371002 7.15703010559082
v 0.0022014600690454245 0.05339439958333969 7.156919956207275
v 0.0007342430180869997 0.05370720103383064 7.156859874725342
v -0.0007342430180869997 0.05370720103383064 7.156859874725342
v -0.0022014600690454245 0.05339439958333969 7.156919956207275
v -0.003664870047941804 0.05276919901371002 7.15703010559082
v -0.005121939815580845 0.0518328994512558 7.157189846038818
v -0.006570150144398212 0.050586801022291183 7.157400131225586
v -0.0080069899559021 0.04903319850564003 7.157660007476807
v -0.00942996982485056 0.04717469960451126 7.157979965209961
v -0.010836600326001644 0.04501450061798096 7.158329963684082
v -0.012224500067532063 0.04255630075931549 7.1587300300598145
v -0.013591200113296509 0.03980410099029541 7.159170150756836
v -0.014934300445020199 0.03676290065050125 7.159649848937988
v -0.016251500695943832 0.03343769907951355 7.160160064697266
v -0.017540499567985535 0.02983419969677925 7.160699844360352
v -0.01879899948835373 0.025958700105547905 7.1612701416015625
v -0.020024800673127174 0.021817799657583237 7.1618499755859375
v -0.02121569961309433 0.017418600618839264 7.162459850311279
v -0.02236980013549328 0.012768800370395184 7.163070201873779
v -0.02348480001091957 0.007876469753682613 7.163690090179443
v -0.02455889992415905 0.002749999985098839 7.16431999206543
v -0.025590000674128532 -0.0026016701012849808 7.164939880371094
v -0.02657650038599968 -0.008169190026819706 7.165550231933594
v -0.027516599744558334 -0.013942800462245941 7.166150093078613
v -0.02840840071439743 -0.01991249993443489 7.1667399406433105
v -0.029250599443912506 -0.02606780081987381 7.167300224304199
v -0.030041400343179703 -0.0323977991938591 7.167829990386963
v -0.030779600143432617 -0.03889150172472 7.16834020614624
v -0.031463801860809326 -0.04553719982504845 7.16880989074707
v -0.03209270164370537 -0.05232350155711174 7.1692399978637695
v -0.0326652005314827 -0.05923809856176376 7.16963005065918
v -0.033180300146341324 -0.06626900285482407 7.169980049133301
v -0.033636998385190964 -0.073403500020504 7.170269966125488
v -0.034034501761198044 -0.08062910288572311 7.170519828796387
v -0.03437209874391556 -0.08793289959430695 7.17071008682251
v -0.03464920073747635 -0.09530189633369446 7.170839786529541
v -0.03486520051956177 -0.10272300243377686 7.170919895172119
v -0.03501980006694794 -0.1101830005645752 7.170939922332764
v -0.03511270135641098 -0.1176690012216568 7.170889854431152
v -0.03514359891414642 -0.12516699731349945 7.170790195465088
v -0.11573000252246857 -0.23023200035095215 13.1899995803833
v -0.11562799662351608 -0.25492000579833984 13.189499855041504
v -0.11532100290060043 -0.27955999970436096 13.188699722290039
v -0.11480999737977982 -0.30410799384117126 13.187899589538574
v -0.114096999168396 -0.3285210132598877 13.186800003051758
v -0.11318100243806839 -0.35275399684906006 13.185600280761719
v -0.11206600069999695 -0.37676501274108887 13.184200286865234
v -0.11075399816036224 -0.4005100131034851 13.182600021362305
v -0.10924600064754486 -0.4239470064640045 13.180899620056152
v -0.10754500329494476 -0.44703400135040283 13.179100036621094
v -0.1056549996137619 -0.46973100304603577 13.17710018157959
v -0.10357899963855743 -0.49199798703193665 13.175000190734863
v -0.10132099688053131 -0.513795018196106 13.172800064086914
v -0.09888549894094467 -0.5350840091705322 13.170599937438965
v -0.09627640247344971 -0.5558289885520935 13.16819953918457
v -0.09349869936704636 -0.5759919881820679 13.165800094604492
v -0.09055750072002411 -0.5955399870872498 13.163299560546875
v -0.08745809644460678 -0.614437997341156 13.160900115966797
v -0.08420620113611221 -0.6326540112495422 13.158300399780273
v -0.08080749958753586 -0.6501560211181641 13.155799865722656
v -0.07726830244064331 -0.666916012763977 13.153400421142578
v -0.07359480112791061 -0.6829040050506592 13.150899887084961
v -0.06979359686374664 -0.6980929970741272 13.148500442504883
v -0.06587149947881699 -0.7124590277671814 13.146200180053711
v -0.06183530017733574 -0.7259759902954102 13.143899917602539
v -0.05769230052828789 -0.7386239767074585 13.14169979095459
v -0.05344970151782036 -0.7503790259361267 13.139699935913086
v -0.0491149015724659 -0.7612239718437195 13.137700080871582
v -0.04469560086727142 -0.7711399793624878 13.135899543762207
v -0.04019929841160774 -0.7801110148429871 13.134300231933594
v -0.03563389927148819 -0.7881219983100891 13.132800102233887
v -0.031007200479507446 -0.7951610088348389 13.131400108337402
v -0.026327399536967278 -0.8012149930000305 13.13029956817627
v -0.02160239964723587 -0.8062750101089478 13.129300117492676
v -0.01684040017426014 -0.8103330135345459 13.128499984741211
v -0.012049499899148941 -0.8133829832077026 13.127900123596191
v -0.007237960118800402 -0.815418004989624 13.1274995803833
v -0.002414030022919178 -0.8164370059967041 13.127300262451172
v 0.002414030022919178 -0.8164370059967041 13.127300262451172
v 0.007237960118800402 -0.815418004989624 13.1274995803833
v 0.012049499899148941 -0.8133829832077026 13.127900123596191
v 0.01684040017426014 -0.8103330135345459 13.128499984741211
v 0.02160239964723587 -0.8062750101089478 13.129300117492676
v 0.026327399536967278 -0.8012149930000305 13.13029956817627
v 0.031007200479507446 -0.7951610088348389 13.131400108337402
v 0.03563389927148819 -0.7881219983100891 13.132800102233887
v 0.04019929841160774 -0.7801110148429871 13.134300231933594
v 0.04469560086727142 -0.7711399793624878 13.135899543762207
v 0.0491149015724659 -0.7612239718437195 13.137700080871582
v 0.05344970151782036 -0.7503790259361267 13.139699935913086
v 0.05769230052828789 -0.7386239767074585 13.14169979095459
v 0.06183530017733574 -0.7259759902954102 13.143899917602539
v 0.06587149947881699 -0.7124590277671814 13.146200180053711
v 0.06979359686374664 -0.6980929970741272 13.148500442504883
v 0.07359480112791061 -0.6829040050506592 13.150899887084961
v 0.07726830244064331 -0.666916012763977 13.153400421142578
v 0.08080749958753586 -0.6501560211181641 13.155799865722656
v 0.08420620113611221 -0.6326540112495422 13.158300399780273
v 0.08745809644460678 -0.614437997341156 13.160900115966797
v 0.09055750072002411 -0.5955399870872498 13.163299560546875
v 0.09349869936704636 -0.5759919881820679 13.165800094604492
v 0.09627640247344971 -0.5558289885520935 13.16819953918457
v 0.09888549894094467 -0.5350840091705322 13.170599937438965
v 0.10132099688053131 -0.513795018196106 13.172800064086914
v 0.10357899963855743 -0.49199798703193665 13.175000190734863
v 0.1056549996137619 -0.46973100304603577 13.17710018157959
v 0.10754500329494476 -0.44703400135040283 13.179100036621094
v 0.10924600064754486 -0.4239470064640045 13.180899620056152
v 0.11075399816036224 -0.4005100131034851 13.182600021362305
v 0.11206600069999695 -0.37676501274108887 13.184200286865234
v 0.11318100243806839 -0.35275399684906006 13.185600280761719
v 0.114096999168396 -0.3285210132598877 13.186800003051758
v 0.11480999737977982 -0.30410799384117126 13.187899589538574
v 0.11532100290060043 -0.27955999970436096 13.188699722290039
v 0.11562799662351608 -0.25492000579833984 13.189499855041504
v 0.11573000252246857 -0.23023200035095215 13.1899995803833
v 0.11562799662351608 -0.2055409997701645 13.190299987792969
v 0.11532100290060043 -0.1808910071849823 13.190500259399414
v 0.11480999737977982 -0.1563269942998886 13.190400123596191
v 0.114096999168396 -0.13189199566841125 13.190199851989746
v 0.11318100243806839 -0.10762999951839447 13.189800262451172
v 0.11206600069999695 -0.0835857018828392 13.189299583435059
v 0.11075399816036224 -0.05980110168457031 13.188599586486816
v 0.10924600064754486 -0.03631899878382683 13.187700271606445
v 0.10754500329494476 -0.013181399554014206 13.186599731445312
v 0.1056549996137619 0.009570569731295109 13.185500144958496
v 0.10357899963855743 0.031896401196718216 13.184200286865234
v 0.10132099688053131 0.05375659838318825 13.182700157165527
v 0.09888549894094467 0.07511249929666519 13.18120002746582
v 0.09627640247344971 0.09592639654874802 13.17959976196289
v 0.09349869936704636 0.1161620020866394 13.177900314331055
v 0.09055750072002411 0.13578300178050995 13.17609977722168
v 0.08745809644460678 0.15475599467754364 13.174300193786621
v 0.08420620113611221 0.1730480045080185 13.17240047454834
v 0.08080749958753586 0.19062800705432892 13.170499801635742
v 0.07726830244064331 0.20746399462223053 13.168600082397461
v 0.07359480112791061 0.22352799773216248 13.16670036315918
v 0.06979359686374664 0.23879200220108032 13.164899826049805
v 0.06587149947881699 0.2532300055027008 13.163000106811523
v 0.06183530017733574 0.26681798696517944 13.161199569702148
v 0.05769230052828789 0.2795340120792389 13.159500122070312
v 0.05344970151782036 0.2913540005683899 13.157899856567383
v 0.0491149015724659 0.30226001143455505 13.156299591064453
v 0.04469560086727142 0.31223300099372864 13.154800415039062
v 0.04019929841160774 0.32125601172447205 13.153499603271484
v 0.03563389927148819 0.3293150067329407 13.152299880981445
v 0.031007200479507446 0.3363960087299347 13.151200294494629
v 0.026327399536967278 0.34248700737953186 13.150199890136719
v 0.02160239964723587 0.3475779891014099 13.149399757385254
v 0.01684040017426014 0.35166099667549133 13.148799896240234
v 0.012049499899148941 0.3547300100326538 13.148300170898438
v 0.007237960118800402 0.35677799582481384 13.14799976348877
v 0.002414030022919178 0.35780298709869385 13.14780044555664
v -0.002414030022919178 0.35780298709869385 13.14780044555664
v -0.007237960118800402 0.35677799582481384 13.14799976348877
v -0.012049499899148941 0.3547300100326538 13.148300170898438
v -0.01684040017426014 0.35166099667549133 13.148799896240234
v -0.02160239964723587 0.3475779891014099 13.149399757385254
v -0.026327399536967278 0.34248700737953186 13.150199890136719
v -0.031007200479507446 0.3363960087299347 13.151200294494629
v -0.03563389927148819 0.3293150067329407 13.152299880981445
v -0.04019929841160774 0.32125601172447205 13.153499603271484
v -0.04469560086727142 0.31223300099372864 13.154800415039062
v -0.0491149015724659 0.30226001143455505 13.156299591064453
v -0.05344970151782036 0.2913540005683899 13.157899856567383
v -0.05769230052828789 0.2795340120792389 13.159500122070312
v -0.06183530017733574 0.26681798696517944 13.161199569702148
v -0.06587149947881699 0.2532300055027008 13.163000106811523
v -0.06979359686374664 0.23879200220108032 13.164899826049805
v -0.07359480112791061 0.22352799773216248 13.16670036315918
v -0.07726830244064331 0.20746399462223053 13.168600082397461
v -0.08080749958753586 0.19062800705432892 13.170499801635742
v -0.08420620113611221 0.1730480045080185 13.17240047454834
v -0.08745809644460678 0.15475599467754364 13.174300193786621
v -0.09055750072002411 0.13578300178050995 13.17609977722168
v -0.09349869936704636 0.1161620020866394 13.177900314331055
v -0.09627640247344971 0.09592639654874802 13.17959976196289
v -0.09888549894094467 0.07511249929666519 13.18120002746582
v -0.10132099688053131 0.05375659838318825 13.182700157165527
v -0.10357899963855743 0.031896401196718216 13.184200286865234
v -0.1056549996137619 0.009570569731295109 13.185500144958496
v -0.10754500329494476 -0.013181399554014206 13.186599731445312
v -0.10924600064754486 -0.03631899878382683 13.187700271606445
v -0.11075399816036224 -0.05980110168457031 13.188599586486816
v -0.11206600069999695 -0.0835857018828392 13.189299583435059
v -0.11318100243806839 -0.10762999951839447 13.189800262451172
v -0.114096999168396 -0.13189199566841125 13.190199851989746
v -0.11480999737977982 -0.1563269942998886 13.190400123596191
v -0.11532100290060043 -0.1808910071849823 13.190500259399414
v -0.11562799662351608 -0.2055409997701645 13.190299987792969
v -0.11573000252246857 -0.23023200035095215 13.1899995803833
v -0.29443100094795227 -0.3236609995365143 18.542499542236328
v -0.29416799545288086 -0.3864690065383911 18.541200637817383
v -0.2933799922466278 -0.4491499960422516 18.539199829101562
v -0.2920680046081543 -0.511588990688324 18.536699295043945
v -0.2902359962463379 -0.5736719965934753 18.533599853515625
v -0.28788700699806213 -0.6352850198745728 18.530000686645508
v -0.2850250005722046 -0.6963139772415161 18.52589988708496
v -0.2816559970378876 -0.7566490173339844 18.521299362182617
v -0.2777880132198334 -0.8161789774894714 18.516199111938477
v -0.27342700958251953 -0.8747979998588562 18.510700225830078
v -0.2685829997062683 -0.9323999881744385 18.50480079650879
v -0.2632650136947632 -0.9888830184936523 18.498600006103516
v -0.25748300552368164 -1.0441499948501587 18.492000579833984
v -0.2512489855289459 -1.0980900526046753 18.48509979248047
v -0.24457499384880066 -1.150629997253418 18.47800064086914
v -0.2374739944934845 -1.2016600370407104 18.470699310302734
v -0.22995799779891968 -1.2511099576950073 18.463300704956055
v -0.22204400599002838 -1.2988799810409546 18.455699920654297
v -0.21374399960041046 -1.3449000120162964 18.44809913635254
v -0.20507599413394928 -1.3890899419784546 18.440500259399414
v -0.19605399668216705 -1.4313700199127197 18.433000564575195
v -0.18669599294662476 -1.471690058708191 18.425500869750977
v -0.17701800167560577 -1.50996994972229 18.41819953918457
v -0.1670379936695099 -1.5461399555206299 18.411100387573242
v -0.15677399933338165 -1.5801700353622437 18.404199600219727
v -0.14624300599098206 -1.6119799613952637 18.397600173950195
v -0.13546599447727203 -1.6415300369262695 18.391300201416016
v -0.12445899844169617 -1.668779969215393 18.385400772094727
v -0.1132429987192154 -1.6936899423599243 18.379899978637695
v -0.10183700174093246 -1.7162100076675415 18.374900817871094
v -0.0902601033449173 -1.7363100051879883 18.37030029296875
v -0.07853209972381592 -1.7539700269699097 18.366199493408203
v -0.06667300313711166 -1.7691500186920166 18.362699508666992
v -0.054702598601579666 -1.7818299531936646 18.359699249267578
v -0.04264109954237938 -1.7920000553131104 18.3572998046875
v -0.030508700758218765 -1.799649953842163 18.35540008544922
v -0.018325500190258026 -1.8047499656677246 18.35420036315918
v -0.006111890077590942 -1.8072999715805054 18.353599548339844
v 0.006111890077590942 -1.8072999715805054 18.353599548339844
v 0.018325500190258026 -1.8047499656677246 18.35420036315918
v 0.030508700758218765 -1.799649953842163 18.35540008544922
v 0.04264109954237938 -1.7920000553131104 18.3572998046875
v 0.054702598601579666 -1.7818299531936646 18.359699249267578
v 0.06667300313711166 -1.7691500186920166 18.362699508666992
v 0.07853209972381592 -1.7539700269699097 18.366199493408203
v 0.0902601033449173 -1.7363100051879883 18.37030029296875
v 0.10183700174093246 -1.7162100076675415 18.374900817871094
v 0.1132429987192154 -1.6936899423599243 18.379899978637695
v 0.12445899844169617 -1.668779969215393 18.385400772094727
v 0.13546599447727203 -1.6415300369262695 18.391300201416016
v 0.14624300599098206 -1.6119799613952637 18.397600173950195
v 0.15677399933338165 -1.5801700353622437 18.404199600219727
v 0.1670379936695099 -1.5461399555206299 18.411100387573242
v 0.17701800167560577 -1.50996994972229 18.41819953918457
v 0.18669599294662476 -1.471690058708191 18.425500869750977
v 0.19605399668216705 -1.4313700199127197 18.433000564575195
v 0.20507599413394928 -1.3890899419784546 18.440500259399414
v 0.21374399960041046 -1.3449000120162964 18.44809913635254
v 0.22204400599002838 -1.2988799810409546 18.455699920654297
v 0.22995799779891968 -1.2511099576950073 18.463300704956055
v 0.2374739944934845 -1.2016600370407104 18.470699310302734
v 0.24457499384880066 -1.150629997253418 18.47800064086914
v 0.2512489855289459 -1.0980900526046753 18.48509979248047
v 0.25748300552368164 -1.0441499948501587 18.492000579833984
v 0.2632650136947632 -0.9888830184936523 18.498600006103516
v 0.2685829997062683 -0.9323999881744385 18.50480079650879
v 0.27342700958251953 -0.8747979998588562 18.510700225830078
v 0.2777880132198334 -0.8161789774894714 18.516199111938477
v 0.2816559970378876 -0.7566490173339844 18.521299362182617
v 0.2850250005722046 -0.6963139772415161 18.52589988708496
v 0.28788700699806213 -0.6352850198745728 18.530000686645508
v 0.2902359962463379 -0.5736719965934753 18.533599853515625
v 0.2920680046081543 -0.511588990688324 18.536699295043945
v 0.2933799922466278 -0.4491499960422516 18.539199829101562
v 0.29416799545288086 -0.3864690065383911 18.541200637817383
v 0.29443100094795227 -0.3236609995365143 18.542499542236328
v 0.29416799545288086 -0.26084399223327637 18.543399810791016
v 0.2933799922466278 -0.19813300669193268 18.54360008239746
v 0.2920680046081543 -0.13564400374889374 18.54330062866211
v 0.2902359962463379 -0.0734914019703865 18.542400360107422
v 0.28788700699806213 -0.011790799908339977 18.5408992767334
v 0.2850250005722046 0.04934469982981682 18.53890037536621
v 0.2816559970378876 0.10980299860239029 18.536399841308594
v 0.2777880132198334 0.16947400569915771 18.53350067138672
v 0.27342700958251953 0.22824899852275848 18.530000686645508
v 0.2685829997062683 0.28602299094200134 18.526100158691406
v 0.2632650136947632 0.34268900752067566 18.521799087524414
v 0.25748300552368164 0.3981490135192871 18.517200469970703
v 0.2512489855289459 0.4523020088672638 18.51219940185547
v 0.24457499384880066 0.5050539970397949 18.506900787353516
v 0.2374739944934845 0.5563120245933533 18.501399993896484
v 0.22995799779891968 0.605987012386322 18.49570083618164
v 0.22204400599002838 0.6539940237998962 18.48979949951172
v 0.21374399960041046 0.7002500295639038 18.483800888061523
v 0.20507599413394928 0.7446780204772949 18.477800369262695
v 0.19605399668216705 0.787202000617981 18.47170066833496
v 0.18669599294662476 0.8277509808540344 18.465599060058594
v 0.17701800167560577 0.8662599921226501 18.459699630737305
v 0.1670379936695099 0.9026650190353394 18.453800201416016
v 0.15677399933338165 0.9369069933891296 18.44809913635254
v 0.14624300599098206 0.9689310193061829 18.44260025024414
v 0.13546599447727203 0.9986860156059265 18.437400817871094
v 0.12445899844169617 1.026129961013794 18.4325008392334
v 0.1132429987192154 1.0512100458145142 18.427799224853516
v 0.10183700174093246 1.073889970779419 18.423599243164062
v 0.0902601033449173 1.0941400527954102 18.419700622558594
v 0.07853209972381592 1.111930012702942 18.416200637817383
v 0.06667300313711166 1.1272200345993042 18.41320037841797
v 0.054702598601579666 1.1399999856948853 18.41069984436035
v 0.04264109954237938 1.15024995803833 18.408599853515625
v 0.030508700758218765 1.1579500436782837 18.407100677490234
v 0.018325500190258026 1.1630899906158447 18.4060001373291
v 0.006111890077590942 1.1656700372695923 18.405500411987305
v -0.006111890077590942 1.1656700372695923 18.405500411987305
v -0.018325500190258026 1.1630899906158447 18.4060001373291
v -0.030508700758218765 1.1579500436782837 18.407100677490234
v -0.04264109954237938 1.15024995803833 18.408599853515625
v -0.054702598601579666 1.1399999856948853 18.41069984436035
v -0.06667300313711166 1.1272200345993042 18.41320037841797
v -0.07853209972381592 1.111930012702942 18.416200637817383
v -0.0902601033449173 1.0941400527954102 18.419700622558594
v -0.10183700174093246 1.073889970779419 18.423599243164062
v -0.1132429987192154 1.0512100458145142 18.427799224853516
v -0.12445899844169617 1.026129961013794 18.4325008392334
v -0.13546599447727203 0.9986860156059265 18.437400817871094
v -0.14624300599098206 0.9689310193061829 18.44260025024414
v -0.15677399933338165 0.9369069933891296 18.44809913635254
v -0.1670379936695099 0.9026650190353394 18.453800201416016
v -0.17701800167560577 0.8662599921226501 18.459699630737305
v -0.18669599294662476 0.8277509808540344 18.465599060058594
v -0.19605399668216705 0.787202000617981 18.47170066833496
v -0.20507599413394928 0.7446780204772949 18.477800369262695
v -0.21374399960041046 0.7002500295639038 18.483800888061523
v -0.22204400599002838 0.6539940237998962 18.48979949951172
v -0.22995799779891968 0.605987012386322 18.49570083618164
v -0.2374739944934845 0.5563120245933533 18.501399993896484
v -0.24457499384880066 0.5050539970397949 18.506900787353516
v -0.2512489855289459 0.4523020088672638 18.51219940185547
v -0.25748300552368164 0.3981490135192871 18.517200469970703
v -0.2632650136947632 0.34268900752067566 18.521799087524414
v -0.2685829997062683 0.28602299094200134 18.526100158691406
v -0.27342700958251953 0.22824899852275848 18.530000686645508
v -0.2777880132198334 0.16947400569915771 18.53350067138672
v -0.2816559970378876 0.10980299860239029 18.536399841308594
v -0.2850250005722046 0.04934469982981682 18.53890037536621
v -0.28788700699806213 -0.011790799908339977 18.5408992767334
v -0.2902359962463379 -0.0734914019703865 18.542400360107422
v -0.2920680046081543 -0.13564400374889374 18.54330062866211
v -0.2933799922466278 -0.19813300669193268 18.54360008239746
v -0.29416799545288086 -0.26084399223327637 18.543399810791016
v -0.29443100094795227 -0.3236609995365143 18.542499542236328
v -0.6772729754447937 -0.4052189886569977 23.21500015258789
v -0.6766520142555237 -0.549685001373291 23.21150016784668
v -0.6747919917106628 -0.6938329935073853 23.206300735473633
v -0.6716960072517395 -0.8373749852180481 23.19930076599121
v -0.66737300157547 -0.980027973651886 23.190500259399414
v -0.6618319749832153 -1.1215100288391113 23.18000030517578
v -0.6550880074501038 -1.261549949645996 23.16790008544922
v -0.6471560001373291 -1.399880051612854 23.154300689697266
v -0.6380550265312195 -1.5362199544906616 23.13909912109375
v -0.6278070211410522 -1.6703300476074219 23.122600555419922
v -0.6164349913597107 -1.8019499778747559 23.104799270629883
v -0.6039649844169617 -1.9308300018310547 23.085899353027344
v -0.5904269814491272 -2.05676007270813 23.06599998474121
v -0.5758500099182129 -2.1795101165771484 23.04509925842285
v -0.5602660179138184 -2.2988500595092773 23.023500442504883
v -0.5437099933624268 -2.414599895477295 23.001300811767578
v -0.526216983795166 -2.526550054550171 22.978599548339844
v -0.5078229904174805 -2.6345200538635254 22.95549964904785
v -0.4885680079460144 -2.7383599281311035 22.93239974975586
v -0.46848899126052856 -2.8378798961639404 22.90920066833496
v -0.4476270079612732 -2.932960033416748 22.88610076904297
v -0.4260219931602478 -3.023430109024048 22.863300323486328
v -0.40371599793434143 -3.109189987182617 22.840999603271484
v -0.38075101375579834 -3.190109968185425 22.819299697875977
v -0.3571690022945404 -3.266079902648926 22.79829978942871
v -0.33301201462745667 -3.3369998931884766 22.778099060058594
v -0.3083229959011078 -3.402780055999756 22.759000778198242
v -0.283145010471344 -3.4633500576019287 22.740999221801758
v -0.25752100348472595 -3.518620014190674 22.724199295043945
v -0.2314939945936203 -3.568540096282959 22.708799362182617
v -0.2051050066947937 -3.6130599975585938 22.694799423217773
v -0.178398996591568 -3.6521100997924805 22.68239974975586
v -0.15141800045967102 -3.685650110244751 22.671600341796875
v -0.12420400232076645 -3.7136600017547607 22.662500381469727
v -0.09680049866437912 -3.736109972000122 22.655099868774414
v -0.06924869865179062 -3.752959966659546 22.649599075317383
v -0.041591398417949677 -3.76419997215271 22.64579963684082
v -0.013870799914002419 -3.7698299884796143 22.643999099731445
v 0.013870799914002419 -3.7698299884796143 22.643999099731445
v 0.041591398417949677 -3.76419997215271 22.64579963684082
v 0.06924869865179062 -3.752959966659546 22.649599075317383
v 0.09680049866437912 -3.736109972000122 22.655099868774414
v 0.12420400232076645 -3.7136600017547607 22.662500381469727
v 0.15141800045967102 -3.685650110244751 22.671600341796875
v 0.178398996591568 -3.6521100997924805 22.68239974975586
v 0.2051050066947937 -3.6130599975585938 22.694799423217773
v 0.2314939945936203 -3.568540096282959 22.708799362182617
v 0.25752100348472595 -3.518620014190674 22.724199295043945
v 0.283145010471344 -3.4633500576019287 22.740999221801758
v 0.3083229959011078 -3.402780055999756 22.759000778198242
v 0.33301201462745667 -3.3369998931884766 22.778099060058594
v 0.3571690022945404 -3.266079902648926 22.79829978942871
v 0.38075101375579834 -3.190109968185425 22.819299697875977
v 0.40371599793434143 -3.109189987182617 22.840999603271484
v 0.4260219931602478 -3.023430109024048 22.863300323486328
v 0.4476270079612732 -2.932960033416748 22.88610076904297
v 0.46848899126052856 -2.8378798961639404 22.90920066833496
v 0.4885680079460144 -2.7383599281311035 22.93239974975586
v 0.5078229904174805 -2.6345200538635254 22.95549964904785
v 0.526216983795166 -2.526550054550171 22.978599548339844
v 0.5437099933624268 -2.414599895477295 23.001300811767578
v 0.5602660179138184 -2.2988500595092773 23.023500442504883
v 0.5758500099182129 -2.1795101165771484 23.04509925842285
v 0.5904269814491272 -2.05676007270813 23.06599998474121
v 0.6039649844169617 -1.9308300018310547 23.085899353027344
v 0.6164349913597107 -1.8019499778747559 23.104799270629883
v 0.6278070211410522 -1.6703300476074219 23.122600555419922
v 0.6380550265312195 -1.5362199544906616 23.13909912109375
v 0.6471560001373291 -1.399880051612854 23.154300689697266
v 0.6550880074501038 -1.261549949645996 23.16790008544922
v 0.6618319749832153 -1.1215100288391113 23.18000030517578
v 0.66737300157547 -0.980027973651886 23.190500259399414
v 0.6716960072517395 -0.8373749852180481 23.19930076599121
v 0.6747919917106628 -0.6938329935073853 23.206300735473633
v 0.6766520142555237 -0.549685001373291 23.21150016784668
v 0.6772729754447937 -0.4052189886569977 23.21500015258789
v 0.6766520142555237 -0.26072099804878235 23.21660041809082
v 0.6747919917106628 -0.11647800356149673 23.216400146484375
v 0.6716960072517395 0.027221599593758583 23.214399337768555
v 0.66737300157547 0.17009499669075012 23.210599899291992
v 0.6618319749832153 0.31185799837112427 23.204999923706055
v 0.6550880074501038 0.45223501324653625 23.197799682617188
v 0.6471560001373291 0.5909519791603088 23.18899917602539
v 0.6380550265312195 0.727741003036499 23.178600311279297
v 0.6278070211410522 0.8623409867286682 23.166799545288086
v 0.6164349913597107 0.9944999814033508 23.15369987487793
v 0.6039649844169617 1.1239700317382812 23.13920021057129
v 0.5904269814491272 1.2505199909210205 23.123699188232422
v 0.5758500099182129 1.37391996383667 23.107099533081055
v 0.5602660179138184 1.493939995765686 23.08970069885254
v 0.5437099933624268 1.6103899478912354 23.071500778198242
v 0.526216983795166 1.7230700254440308 23.05270004272461
v 0.5078229904174805 1.831779956817627 23.03350067138672
v 0.4885680079460144 1.9363600015640259 23.013999938964844
v 0.46848899126052856 2.036639928817749 22.994199752807617
v 0.4476270079612732 2.132460117340088 22.97450065612793
v 0.4260219931602478 2.22367000579834 22.95490074157715
v 0.40371599793434143 2.310159921646118 22.93560028076172
v 0.38075101375579834 2.391779899597168 22.91670036315918
v 0.3571690022945404 2.468440055847168 22.898399353027344
v 0.33301201462745667 2.540019989013672 22.880699157714844
v 0.3083229959011078 2.6064300537109375 22.86389923095703
v 0.283145010471344 2.6675899028778076 22.847999572753906
v 0.25752100348472595 2.7234199047088623 22.833200454711914
v 0.2314939945936203 2.7738499641418457 22.819499969482422
v 0.2051050066947937 2.818819999694824 22.807100296020508
v 0.178398996591568 2.8582799434661865 22.79599952697754
v 0.15141800045967102 2.8921799659729004 22.786399841308594
v 0.12420400232076645 2.920490026473999 22.77829933166504
v 0.09680049866437912 2.9431800842285156 22.771699905395508
v 0.06924869865179062 2.960210084915161 22.766700744628906
v 0.041591398417949677 2.9715800285339355 22.763399124145508
v 0.013870799914002419 2.9772698879241943 22.761699676513672
v -0.013870799914002419 2.9772698879241943 22.761699676513672
v -0.041591398417949677 2.9715800285339355 22.763399124145508
v -0.06924869865179062 2.960210084915161 22.766700744628906
v -0.09680049866437912 2.9431800842285156 22.771699905395508
v -0.12420400232076645 2.920490026473999 22.77829933166504
v -0.15141800045967102 2.8921799659729004 22.786399841308594
v -0.178398996591568 2.8582799434661865 22.79599952697754
v -0.2051050066947937 2.818819999694824 22.807100296020508
v -0.2314939945936203 2.7738499641418457 22.819499969482422
v -0.25752100348472595 2.7234199047088623 22.833200454711914
v -0.283145010471344 2.6675899028778076 22.847999572753906
v -0.3083229959011078 2.6064300537109375 22.86389923095703
v -0.33301201462745667 2.540019989013672 22.880699157714844
v -0.3571690022945404 2.468440055847168 22.898399353027344
v -0.38075101375579834 2.391779899597168 22.91670036315918
v -0.40371599793434143 2.310159921646118 22.93560028076172
v -0.4260219931602478 2.22367000579834 22.95490074157715
v -0.4476270079612732 2.132460117340088 22.97450065612793
v -0.46848899126052856 2.036639928817749 22.994199752807617
v -0.4885680079460144 1.9363600015640259 23.013999938964844
v -0.5078229904174805 1.831779956817627 23.03350067138672
v -0.526216983795166 1.7230700254440308 23.05270004272461
v -0.5437099933624268 1.6103899478912354 23.071500778198242
v -0.5602660179138184 1.493939995765686 23.08970069885254
v -0.5758500099182129 1.37391996383667 23.107099533081055
v -0.5904269814491272 1.2505199909210205 23.123699188232422
v -0.6039649844169617 1.1239700317382812 23.13920021057129
v -0.6164349913597107 0.9944999814033508 23.15369987487793
v -0.6278070211410522 0.8623409867286682 23.166799545288086
v -0.6380550265312195 0.727741003036499 23.178600311279297
v -0.6471560001373291 0.5909519791603088 23.18899917602539
v -0.6550880074501038 0.45223501324653625 23.197799682617188
v -0.6618319749832153 0.31185799837112427 23.204999923706055
v -0.66737300157547 0.17009499669075012 23.210599899291992
v -0.6716960072517395 0.027221599593758583 23.214399337768555
v -0.6747919917106628 -0.11647800356149673 23.216400146484375
v -0.6766520142555237 -0.26072099804878235 23.21660041809082
v -0.6772729754447937 -0.4052189886569977 23.21500015258789
v -1.489549994468689 -0.4738380014896393 27.146099090576172
v -1.4880800247192383 -0.7915289998054504 27.13759994506836
v -1.483680009841919 -1.1083500385284424 27.123199462890625
v -1.4763599634170532 -1.423550009727478 27.10300064086914
v -1.4661500453948975 -1.7363699674606323 27.077199935913086
v -1.453089952468872 -2.0460898876190186 27.045799255371094
v -1.4372199773788452 -2.351989984512329 27.00909996032715
v -1.4185899496078491 -2.653369903564453 26.967500686645508
v -1.397279977798462 -2.949589967727661 26.921100616455078
v -1.3733500242233276 -3.2400100231170654 26.87030029296875
v -1.346869945526123 -3.5240299701690674 26.815500259399414
v -1.3179500102996826 -3.8010900020599365 26.757099151611328
v -1.2866599559783936 -4.070680141448975 26.69540023803711
v -1.253100037574768 -4.332300186157227 26.631000518798828
v -1.2173700332641602 -4.585509777069092 26.564199447631836
v -1.1795799732208252 -4.829919815063477 26.4955997467041
v -1.1398199796676636 -5.065149784088135 26.425600051879883
v -1.0982099771499634 -5.290900230407715 26.354799270629883
v -1.05485999584198 -5.50685977935791 26.28350067138672
v -1.0098600387573242 -5.712800025939941 26.212299346923828
v -0.9633179903030396 -5.908490180969238 26.141700744628906
v -0.9153509736061096 -6.0937700271606445 26.072099685668945
v -0.8660550117492676 -6.268479824066162 26.0039005279541
v -0.8155329823493958 -6.432499885559082 25.937700271606445
v -0.7638819813728333 -6.585740089416504 25.87380027770996
v -0.7111989855766296 -6.728109836578369 25.812700271606445
v -0.6575769782066345 -6.859580039978027 25.75480079650879
v -0.6031050086021423 -6.980090141296387 25.700300216674805
v -0.5478699803352356 -7.089630126953125 25.649700164794922
v -0.4919559955596924 -7.188179969787598 25.603200912475586
v -0.4354430139064789 -7.275750160217285 25.561199188232422
v -0.3784100115299225 -7.352340221405029 25.52389907836914
v -0.320932000875473 -7.41795015335083 25.49139976501465
v -0.26308101415634155 -7.472609996795654 25.464099884033203
v -0.20492799580097198 -7.516310214996338 25.441999435424805
v -0.1465419977903366 -7.549079895019531 25.425399780273438
v -0.08799120038747787 -7.570919990539551 25.414199829101562
v -0.02934129908680916 -7.581830024719238 25.408599853515625
v 0.02934129908680916 -7.581830024719238 25.408599853515625
v 0.08799120038747787 -7.570919990539551 25.414199829101562
v 0.1465419977903366 -7.549079895019531 25.425399780273438
v 0.20492799580097198 -7.516310214996338 25.441999435424805
v 0.26308101415634155 -7.472609996795654 25.464099884033203
v 0.320932000875473 -7.41795015335083 25.49139976501465
v 0.3784100115299225 -7.352340221405029 25.52389907836914
v 0.4354430139064789 -7.275750160217285 25.561199188232422
v 0.4919559955596924 -7.188179969787598 25.603200912475586
v 0.5478699803352356 -7.089630126953125 25.649700164794922
v 0.6031050086021423 -6.980090141296387 25.700300216674805
v 0.6575769782066345 -6.859580039978027 25.75480079650879
v 0.7111989855766296 -6.728109836578369 25.812700271606445
v 0.7638819813728333 -6.585740089416504 25.87380027770996
v 0.8155329823493958 -6.432499885559082 25.937700271606445
v 0.8660550117492676 -6.268479824066162 26.0039005279541
v 0.9153509736061096 -6.0937700271606445 26.072099685668945
v 0.9633179903030396 -5.908490180969238 26.141700744628906
v 1.0098600387573242 -5.712800025939941 26.212299346923828
v 1.05485999584198 -5.50685977935791 26.28350067138672
v 1.0982099771499634 -5.290900230407715 26.354799270629883
v 1.1398199796676636 -5.065149784088135 26.425600051879883
v 1.1795799732208252 -4.829919815063477 26.4955997467041
v 1.2173700332641602 -4.585509777069092 26.564199447631836
v 1.253100037574768 -4.332300186157227 26.631000518798828
v 1.2866599559783936 -4.070680141448975 26.69540023803711
v 1.3179500102996826 -3.8010900020599365 26.757099151611328
v 1.346869945526123 -3.5240299701690674 26.815500259399414
v 1.3733500242233276 -3.2400100231170654 26.87030029296875
v 1.397279977798462 -2.949589967727661 26.921100616455078
v 1.4185899496078491 -2.653369903564453 26.967500686645508
v 1.4372199773788452 -2.351989984512329 27.00909996032715
v 1.453089952468872 -2.0460898876190186 27.045799255371094
v 1.4661500453948975 -1.7363699674606323 27.077199935913086
v 1.4763599634170532 -1.423550009727478 27.10300064086914
v 1.483680009841919 -1.1083500385284424 27.123199462890625
v 1.4880800247192383 -0.7915289998054504 27.13759994506836
v 1.489549994468689 -0.4738380014896393 27.146099090576172
v 1.4880800247192383 -0.15604299306869507 27.148700714111328
v 1.483680009841919 0.16109099984169006 27.14539909362793
v 1.4763599634170532 0.4768010079860687 27.136199951171875
v 1.4661500453948975 0.7903370261192322 27.121299743652344
v 1.453089952468872 1.1009600162506104 27.10070037841797
v 1.4372199773788452 1.4079500436782837 27.074800491333008
v 1.4185899496078491 1.710610032081604 27.04360008239746
v 1.397279977798462 2.0082600116729736 27.007600784301758
v 1.3733500242233276 2.3002800941467285 26.966999053955078
v 1.346869945526123 2.5860400199890137 26.922100067138672
v 1.3179500102996826 2.8649699687957764 26.87339973449707
v 1.2866599559783936 3.136539936065674 26.821199417114258
v 1.253100037574768 3.40024995803833 26.765899658203125
v 1.2173700332641602 3.655639886856079 26.708099365234375
v 1.1795799732208252 3.902290105819702 26.648000717163086
v 1.1398199796676636 4.139830112457275 26.586299896240234
v 1.0982099771499634 4.3678998947143555 26.523399353027344
v 1.05485999584198 4.586219787597656 26.459699630737305
v 1.0098600387573242 4.794519901275635 26.395700454711914
v 0.9633179903030396 4.992559909820557 26.331899642944336
v 0.9153509736061096 5.180160045623779 26.268800735473633
v 0.8660550117492676 5.357140064239502 26.20680046081543
v 0.8155329823493958 5.523369789123535 26.146400451660156
v 0.7638819813728333 5.67874002456665 26.087900161743164
v 0.7111989855766296 5.823160171508789 26.03179931640625
v 0.6575769782066345 5.956570148468018 25.978500366210938
v 0.6031050086021423 6.078909873962402 25.928300857543945
v 0.5478699803352356 6.190149784088135 25.881500244140625
v 0.4919559955596924 6.290259838104248 25.838499069213867
v 0.4354430139064789 6.3792500495910645 25.79949951171875
v 0.3784100115299225 6.457089900970459 25.76490020751953
v 0.320932000875473 6.523799896240234 25.734800338745117
v 0.26308101415634155 6.579370021820068 25.709400177001953
v 0.20492799580097198 6.623819828033447 25.688899993896484
v 0.1465419977903366 6.657149791717529 25.67340087890625
v 0.08799120038747787 6.6793599128723145 25.663000106811523
v 0.02934129908680916 6.690470218658447 25.657800674438477
v -0.02934129908680916 6.690470218658447 25.657800674438477
v -0.08799120038747787 6.6793599128723145 25.663000106811523
v -0.1465419977903366 6.657149791717529 25.67340087890625
v -0.20492799580097198 6.623819828033447 25.688899993896484
v -0.26308101415634155 6.579370021820068 25.709400177001953
v -0.320932000875473 6.523799896240234 25.734800338745117
v -0.3784100115299225 6.457089900970459 25.76490020751953
v -0.4354430139064789 6.3792500495910645 25.79949951171875
v -0.4919559955596924 6.290259838104248 25.838499069213867
v -0.5478699803352356 6.190149784088135 25.881500244140625
v -0.6031050086021423 6.078909873962402 25.928300857543945
v -0.6575769782066345 5.956570148468018 25.978500366210938
v -0.7111989855766296 5.823160171508789 26.03179931640625
v -0.7638819813728333 5.67874002456665 26.087900161743164
v -0.8155329823493958 5.523369789123535 26.146400451660156
v -0.8660550117492676 5.357140064239502 26.20680046081543
v -0.9153509736061096 5.180160045623779 26.268800735473633
v -0.9633179903030396 4.992559909820557 26.331899642944336
v -1.0098600387573242 4.794519901275635 26.395700454711914
v -1.05485999584198 4.586219787597656 26.459699630737305
v -1.0982099771499634 4.3678998947143555 26.523399353027344
v -1.1398199796676636 4.139830112457275 26.586299896240234
v -1.1795799732208252 3.902290105819702 26.648000717163086
v -1.2173700332641602 3.655639886856079 26.708099365234375
v -1.253100037574768 3.40024995803833 26.765899658203125
v -1.2866599559783936 3.136539936065674 26.821199417114258
v -1.3179500102996826 2.8649699687957764 26.87339973449707
v -1.346869945526123 2.5860400199890137 26.922100067138672
v -1.3733500242233276 2.3002800941467285 26.966999053955078
v -1.397279977798462 2.0082600116729736 27.007600784301758
v -1.4185899496078491 1.710610032081604 27.04360008239746
v -1.4372199773788452 1.4079500436782837 27.074800491333008
v -1.453089952468872 1.1009600162506104 27.10070037841797
v -1.4661500453948975 0.7903370261192322 27.121299743652344
v -1.4763599634170532 0.4768010079860687 27.136199951171875
v -1.483680009841919 0.16109099984169006 27.14539909362793
v -1.4880800247192383 -0.15604299306869507 27.148700714111328
v -1.489549994468689 -0.4738380014896393 27.146099090576172
v -3.2212300300598145 -0.5247430205345154 30.0625
v -3.2173399925231934 -1.211549997329712 30.04050064086914
v -3.2056899070739746 -1.8954499959945679 29.99880027770996
v -3.1863698959350586 -2.5739099979400635 29.937700271606445
v -3.1595098972320557 -3.2444798946380615 29.85770034790039
v -3.1252899169921875 -3.9048099517822266 29.759700775146484
v -3.0839500427246094 -4.55265998840332 29.644399642944336
v -3.035759925842285 -5.185979843139648 29.513099670410156
v -2.981019973754883 -5.80286979675293 29.367000579833984
v -2.920069932937622 -6.401619911193848 29.207300186157227
v -2.85329008102417 -6.980740070343018 29.03569984436035
v -2.7810399532318115 -7.538919925689697 28.853500366210938
v -2.7037301063537598 -8.075090408325195 28.66230010986328
v -2.6217501163482666 -8.588370323181152 28.46380043029785
v -2.5355000495910645 -9.078080177307129 28.259599685668945
v -2.4453799724578857 -9.543769836425781 28.051300048828125
v -2.351789951324463 -9.985119819641113 27.840499877929688
v -2.255079984664917 -10.402000427246094 27.628700256347656
v -2.155630111694336 -10.794500350952148 27.417400360107422
v -2.053760051727295 -11.162699699401855 27.208099365234375
v -1.9498100280761719 -11.506799697875977 27.002099990844727
v -1.8440500497817993 -11.827400207519531 26.800800323486328
v -1.7367700338363647 -12.124799728393555 26.605300903320312
v -1.6282000541687012 -12.3996000289917 26.416900634765625
v -1.5185699462890625 -12.652400016784668 26.236499786376953
v -1.408079981803894 -12.883700370788574 26.065200805664062
v -1.2968800067901611 -13.094099998474121 25.903799057006836
v -1.1851500272750854 -13.28439998626709 25.75309944152832
v -1.0729899406433105 -13.455100059509277 25.61389923095703
v -0.9605100154876709 -13.606800079345703 25.486799240112305
v -0.8478059768676758 -13.739999771118164 25.372499465942383
v -0.7349420189857483 -13.855400085449219 25.271400451660156
v -0.6219710111618042 -13.953399658203125 25.183900833129883
v -0.5089340209960938 -14.034299850463867 25.11039924621582
v -0.3958590030670166 -14.098699569702148 25.051300048828125
v -0.2827639877796173 -14.146699905395508 25.006799697875977
v -0.1696610003709793 -14.178500175476074 24.976999282836914
v -0.05655369907617569 -14.1943998336792 24.961999893188477
v 0.05655369907617569 -14.1943998336792 24.961999893188477
v 0.1696610003709793 -14.178500175476074 24.976999282836914
v 0.2827639877796173 -14.146699905395508 25.006799697875977
v 0.3958590030670166 -14.098699569702148 25.051300048828125
v 0.5089340209960938 -14.034299850463867 25.11039924621582
v 0.6219710111618042 -13.953399658203125 25.183900833129883
v 0.7349420189857483 -13.855400085449219 25.271400451660156
v 0.8478059768676758 -13.739999771118164 25.372499465942383
v 0.9605100154876709 -13.606800079345703 25.486799240112305
v 1.0729899406433105 -13.455100059509277 25.61389923095703
v 1.1851500272750854 -13.28439998626709 25.75309944152832
v 1.2968800067901611 -13.094099998474121 25.903799057006836
v 1.408079981803894 -12.883700370788574 26.065200805664062
v 1.5185699462890625 -12.652400016784668 26.236499786376953
v 1.6282000541687012 -12.3996000289917 26.416900634765625
v 1.7367700338363647 -12.124799728393555 26.605300903320312
v 1.8440500497817993 -11.827400207519531 26.800800323486328
v 1.9498100280761719 -11.506799697875977 27.002099990844727
v 2.053760051727295 -11.162699699401855 27.208099365234375
v 2.155630111694336 -10.794500350952148 27.417400360107422
v 2.255079984664917 -10.402000427246094 27.628700256347656
v 2.351789951324463 -9.985119819641113 27.840499877929688
v 2.4453799724578857 -9.543769836425781 28.051300048828125
v 2.5355000495910645 -9.078080177307129 28.259599685668945
v 2.6217501163482666 -8.588370323181152 28.46380043029785
v 2.7037301063537598 -8.075090408325195 28.66230010986328
v 2.7810399532318115 -7.538919925689697 28.853500366210938
v 2.85329008102417 -6.980740070343018 29.03569984436035
v 2.920069932937622 -6.401619911193848 29.207300186157227
v 2.981019973754883 -5.80286979675293 29.367000579833984
v 3.035759925842285 -5.185979843139648 29.513099670410156
v 3.0839500427246094 -4.55265998840332 29.644399642944336
v 3.1252899169921875 -3.9048099517822266 29.759700775146484
v 3.1595098972320557 -3.2444798946380615 29.85770034790039
v 3.1863698959350586 -2.5739099979400635 29.937700271606445
v 3.2056899070739746 -1.8954499959945679 29.99880027770996
v 3.2173399925231934 -1.211549997329712 30.04050064086914
v 3.2212300300598145 -0.5247430205345154 30.0625
v 3.2173399925231934 0.16241399943828583 30.06450080871582
v 3.2056899070739746 0.8473520278930664 30.04669952392578
v 3.1863698959350586 1.5275299549102783 30.009300231933594
v 3.1595098972320557 2.2004899978637695 29.952800750732422
v 3.1252899169921875 2.863830089569092 29.87779998779297
v 3.0839500427246094 3.515320062637329 29.78529930114746
v 3.035759925842285 4.152830123901367 29.67609977722168
v 2.981019973754883 4.774439811706543 29.551599502563477
v 2.920069932937622 5.378399848937988 29.413000106811523
v 2.85329008102417 5.9631500244140625 29.261600494384766
v 2.7810399532318115 6.527359962463379 29.099000930786133
v 2.7037301063537598 7.0698699951171875 28.926700592041016
v 2.6217501163482666 7.589759826660156 28.746200561523438
v 2.5355000495910645 8.086310386657715 28.559200286865234
v 2.4453799724578857 8.558979988098145 28.367300033569336
v 2.351789951324463 9.00741958618164 28.172000885009766
v 2.255079984664917 9.431449890136719 27.974899291992188
v 2.155630111694336 9.831040382385254 27.77739906311035
v 2.053760051727295 10.206299781799316 27.581100463867188
v 1.9498100280761719 10.557499885559082 27.38719940185547
v 1.8440500497817993 10.884900093078613 27.197200775146484
v 1.7367700338363647 11.188899993896484 27.012300491333008
v 1.6282000541687012 11.470100402832031 26.833499908447266
v 1.5185699462890625 11.729000091552734 26.662099838256836
v 1.408079981803894 11.966099739074707 26.498899459838867
v 1.2968800067901611 12.182100296020508 26.344900131225586
v 1.1851500272750854 12.3774995803833 26.201000213623047
v 1.0729899406433105 12.553000450134277 26.067899703979492
v 0.9605100154876709 12.708999633789062 25.946199417114258
v 0.8478059768676758 12.846199989318848 25.836599349975586
v 0.7349420189857483 12.96500015258789 25.739500045776367
v 0.6219710111618042 13.065999984741211 25.655500411987305
v 0.5089340209960938 13.149499893188477 25.58489990234375
v 0.3958590030670166 13.215800285339355 25.528099060058594
v 0.2827639877796173 13.265299797058105 25.485300064086914
v 0.1696610003709793 13.298199653625488 25.456600189208984
v 0.05655369907617569 13.314599990844727 25.44219970703125
v -0.05655369907617569 13.314599990844727 25.44219970703125
v -0.1696610003709793 13.298199653625488 25.456600189208984
v -0.2827639877796173 13.265299797058105 25.485300064086914
v -0.3958590030670166 13.215800285339355 25.528099060058594
v -0.5089340209960938 13.149499893188477 25.58489990234375
v -0.6219710111618042 13.065999984741211 25.655500411987305
v -0.7349420189857483 12.96500015258789 25.739500045776367
v -0.8478059768676758 12.846199989318848 25.836599349975586
v -0.9605100154876709 12.708999633789062 25.946199417114258
v -1.0729899406433105 12.553000450134277 26.067899703979492
v -1.1851500272750854 12.3774995803833 26.201000213623047
v -1.2968800067901611 12.182100296020508 26.344900131225586
v -1.408079981803894 11.966099739074707 26.498899459838867
v -1.5185699462890625 11.729000091552734 26.662099838256836
v -1.6282000541687012 11.470100402832031 26.833499908447266
v -1.7367700338363647 11.188899993896484 27.012300491333008
v -1.8440500497817993 10.884900093078613 27.197200775146484
v -1.9498100280761719 10.557499885559082 27.38719940185547
v -2.053760051727295 10.206299781799316 27.581100463867188
v -2.155630111694336 9.831040382385254 27.77739906311035
v -2.255079984664917 9.431449890136719 27.974899291992188
v -2.351789951324463 9.00741958618164 28.172000885009766
v -2.4453799724578857 8.558979988098145 28.367300033569336
v -2.5355000495910645 8.086310386657715 28.559200286865234
v -2.6217501163482666 7.589759826660156 28.746200561523438
v -2.7037301063537598 7.0698699951171875 28.926700592041016
v -2.7810399532318115 6.527359962463379 29.099000930786133
v -2.85329008102417 5.9631500244140625 29.261600494384766
v -2.920069932937622 5.378399848937988 29.413000106811523
v -2.981019973754883 4.774439811706543 29.551599502563477
v -3.035759925842285 4.152830123901367 29.67609977722168
v -3.0839500427246094 3.515320062637329 29.78529930114746
v -3.1252899169921875 2.863830089569092 29.87779998779297
v -3.1595098972320557 2.2004899978637695 29.952800750732422
v -3.1863698959350586 1.5275299549102783 30.009300231933594
v -3.2056899070739746 0.8473520278930664 30.04669952392578
v -3.2173399925231934 0.16241399943828583 30.06450080871582
v -3.2212300300598145 -0.5247430205345154 30.0625
v -6.915369987487793 -0.5430020093917847 31.108600616455078
v -6.901679992675781 -2.016089916229248 31.048500061035156
v -6.860889911651611 -3.475719928741455 30.920900344848633
v -6.793729782104492 -4.9100799560546875 30.72800064086914
v -6.701389789581299 -6.308129787445068 30.473400115966797
v -6.585470199584961 -7.659939765930176 30.16189956665039
v -6.447879791259766 -8.956930160522461 29.7992000579834
v -6.290760040283203 -10.192000389099121 29.39150047302246
v -6.116399765014648 -11.359700202941895 28.945600509643555
v -5.927149772644043 -12.456100463867188 28.46820068359375
v -5.725379943847656 -13.478599548339844 27.966100692749023
v -5.513350009918213 -14.426400184631348 27.445899963378906
v -5.293240070343018 -15.299400329589844 26.913799285888672
v -5.067049980163574 -16.098899841308594 26.37540054321289
v -4.836599826812744 -16.826900482177734 25.835899353027344
v -4.603529930114746 -17.486400604248047 25.300100326538086
v -4.369269847869873 -18.080400466918945 24.77199935913086
v -4.135049819946289 -18.61280059814453 24.255300521850586
v -3.9019100666046143 -19.087400436401367 23.752899169921875
v -3.670720100402832 -19.508399963378906 23.267499923706055
v -3.44215989112854 -19.879899978637695 22.80120086669922
v -3.216789960861206 -20.206100463867188 22.355899810791016
v -2.994990110397339 -20.490800857543945 21.9330997467041
v -2.777050018310547 -20.73819923400879 21.533899307250977
v -2.5631299018859863 -20.95170021057129 21.159299850463867
v -2.353300094604492 -21.135099411010742 20.809999465942383
v -2.1475300788879395 -21.29159927368164 20.486600875854492
v -1.9457299709320068 -21.4242000579834 20.18950080871582
v -1.7477400302886963 -21.535900115966797 19.918899536132812
v -1.5533499717712402 -21.628999710083008 19.675199508666992
v -1.3622900247573853 -21.706100463867188 19.458499908447266
v -1.1742500066757202 -21.768999099731445 19.268800735473633
v -0.988897979259491 -21.819599151611328 19.106199264526367
v -0.8058609962463379 -21.859500885009766 18.970699310302734
v -0.6247509717941284 -21.88990020751953 18.862300872802734
v -0.4451560080051422 -21.911699295043945 18.7810001373291
v -0.26665401458740234 -21.925899505615234 18.7268009185791
v -0.08881119638681412 -21.932899475097656 18.699800491333008
v 0.08881119638681412 -21.932899475097656 18.699800491333008
v 0.26665401458740234 -21.925899505615234 18.7268009185791
v 0.4451560080051422 -21.911699295043945 18.7810001373291
v 0.6247509717941284 -21.88990020751953 18.862300872802734
v 0.8058609962463379 -21.859500885009766 18.970699310302734
v 0.988897979259491 -21.819599151611328 19.106199264526367
v 1.1742500066757202 -21.768999099731445 19.268800735473633
v 1.3622900247573853 -21.706100463867188 19.458499908447266
v 1.5533499717712402 -21.628999710083008 19.675199508666992
v 1.7477400302886963 -21.535900115966797 19.918899536132812
v 1.9457299709320068 -21.4242000579834 20.18950080871582
v 2.1475300788879395 -21.29159927368164 20.486600875854492
v 2.353300094604492 -21.135099411010742 20.809999465942383
v 2.5631299018859863 -20.95170021057129 21.159299850463867
v 2.777050018310547 -20.73819923400879 21.533899307250977
v 2.994990110397339 -20.490800857543945 21.9330997467041
v 3.216789960861206 -20.206100463867188 22.355899810791016
v 3.44215989112854 -19.879899978637695 22.80120086669922
v 3.670720100402832 -19.508399963378906 23.267499923706055
v 3.9019100666046143 -19.087400436401367 23.752899169921875
v 4.135049819946289 -18.61280059814453 24.255300521850586
v 4.369269847869873 -18.080400466918945 24.77199935913086
v 4.603529930114746 -17.486400604248047 25.300100326538086
v 4.836599826812744 -16.826900482177734 25.835899353027344
v 5.067049980163574 -16.098899841308594 26.37540054321289
v 5.293240070343018 -15.299400329589844 26.913799285888672
v 5.513350009918213 -14.426400184631348 27.445899963378906
v 5.725379943847656 -13.478599548339844 27.966100692749023
v 5.927149772644043 -12.456100463867188 28.46820068359375
v 6.116399765014648 -11.359700202941895 28.945600509643555
v 6.290760040283203 -10.192000389099121 29.39150047302246
v 6.447879791259766 -8.956930160522461 29.7992000579834
v 6.585470199584961 -7.659939765930176 30.16189956665039
v 6.701389789581299 -6.308129787445068 30.473400115966797
v 6.793729782104492 -4.9100799560546875 30.72800064086914
v 6.860889911651611 -3.475719928741455 30.920900344848633
v 6.901679992675781 -2.016089916229248 31.048500061035156
v 6.915369987487793 -0.5430020093917847 31.108600616455078
v 6.901679992675781 0.9312790036201477 31.100000381469727
v 6.860889911651611 2.394479990005493 31.023399353027344
v 6.793729782104492 3.834700107574463 30.880599975585938
v 6.701389789581299 5.240779876708984 30.674999237060547
v 6.585470199584961 6.602630138397217 30.410900115966797
v 6.447879791259766 7.911499977111816 30.093599319458008
v 6.290760040283203 9.160070419311523 29.729299545288086
v 6.116399765014648 10.342599868774414 29.324399948120117
v 5.927149772644043 11.454999923706055 28.88559913635254
v 5.725379943847656 12.494400024414062 28.41950035095215
v 5.513350009918213 13.459699630737305 27.93269920349121
v 5.293240070343018 14.350799560546875 27.431299209594727
v 5.067049980163574 15.168600082397461 26.921100616455078
v 4.836599826812744 15.914999961853027 26.407400131225586
v 4.603529930114746 16.59269905090332 25.895000457763672
v 4.369269847869873 17.20490074157715 25.38789939880371
v 4.135049819946289 17.7549991607666 24.890100479125977
v 3.9019100666046143 18.24679946899414 24.404499053955078
v 3.670720100402832 18.684499740600586 23.934099197387695
v 3.44215989112854 19.072099685668945 23.48110008239746
v 3.216789960861206 19.41349983215332 23.047500610351562
v 2.994990110397339 19.712900161743164 22.634899139404297
v 2.777050018310547 19.974000930786133 22.244600296020508
v 2.5631299018859863 20.20050048828125 21.877599716186523
v 2.353300094604492 20.395999908447266 21.534900665283203
v 2.1475300788879395 20.56369972229004 21.217199325561523
v 1.9457299709320068 20.706600189208984 20.92490005493164
v 1.7477400302886963 20.827600479125977 20.65839958190918
v 1.5533499717712402 20.92919921875 20.418100357055664
v 1.3622900247573853 21.0137996673584 20.204200744628906
v 1.1742500066757202 21.08329963684082 20.016799926757812
v 0.988897979259491 21.13949966430664 19.856000900268555
v 0.8058609962463379 21.184099197387695 19.722000122070312
v 0.6247509717941284 21.21820068359375 19.614700317382812
v 0.4451560080051422 21.243000030517578 19.534299850463867
v 0.26665401458740234 21.259000778198242 19.480600357055664
v 0.08881119638681412 21.26689910888672 19.453800201416016
v -0.08881119638681412 21.26689910888672 19.453800201416016
v -0.26665401458740234 21.259000778198242 19.480600357055664
v -0.4451560080051422 21.243000030517578 19.534299850463867
v -0.6247509717941284 21.21820068359375 19.614700317382812
v -0.8058609962463379 21.184099197387695 19.722000122070312
v -0.988897979259491 21.13949966430664 19.856000900268555
v -1.1742500066757202 21.08329963684082 20.016799926757812
v -1.3622900247573853 21.0137996673584 20.204200744628906
v -1.5533499717712402 20.92919921875 20.418100357055664
v -1.7477400302886963 20.827600479125977 20.65839958190918
v -1.9457299709320068 20.706600189208984 20.92490005493164
v -2.1475300788879395 20.56369972229004 21.217199325561523
v -2.353300094604492 20.395999908447266 21.534900665283203
v -2.5631299018859863 20.20050048828125 21.877599716186523
v -2.777050018310547 19.974000930786133 22.244600296020508
v -2.994990110397339 19.712900161743164 22.634899139404297
v -3.216789960861206 19.41349983215332 23.047500610351562
v -3.44215989112854 19.072099685668945 23.48110008239746
v -3.670720100402832 18.684499740600586 23.934099197387695
v -3.9019100666046143 18.24679946899414 24.404499053955078
v -4.135049819946289 17.7549991607666 24.890100479125977
v -4.369269847869873 17.20490074157715 25.38789939880371
v -4.603529930114746 16.59269905090332 25.895000457763672
v -4.836599826812744 15.914999961853027 26.407400131225586
v -5.067049980163574 15.168600082397461 26.921100616455078
v -5.293240070343018 14.350799560546875 27.431299209594727
v -5.513350009918213 13.459699630737305 27.93269920349121
v -5.725379943847656 12.494400024414062 28.41950035095215
v -5.927149772644043 11.454999923706055 28.88559913635254
v -6.116399765014648 10.342599868774414 29.324399948120117
v -6.290760040283203 9.160070419311523 29.729299545288086
v -6.447879791259766 7.911499977111816 30.093599319458008
v -6.585470199584961 6.602630138397217 30.410900115966797
v -6.701389789581299 5.240779876708984 30.674999237060547
v -6.793729782104492 3.834700107574463 30.880599975585938
v -6.860889911651611 2.394479990005493 31.023399353027344
v -6.901679992675781 0.9312790036201477 31.100000381469727
v -6.915369987487793 -0.5430020093917847 31.108600616455078
v -14.274399757385254 -0.4896009862422943 28.0492000579834
v -14.206899642944336 -3.521250009536743 27.8882999420166
v -14.00879955291748 -6.475150108337402 27.51959991455078
v -13.691499710083008 -9.285059928894043 26.96380043029785
v -13.272299766540527 -11.898099899291992 26.250900268554688
v -12.771499633789062 -14.277799606323242 25.415300369262695
v -12.210000038146973 -16.403799057006836 24.49220085144043
v -11.607600212097168 -18.270000457763672 23.514299392700195
v -10.981499671936035 -19.88129997253418 22.509700775146484
v -10.346099853515625 -21.250600814819336 21.501399993896484
v -9.712770462036133 -22.395599365234375 20.507299423217773
v -9.090060234069824 -23.33650016784668 19.5403995513916
v -8.48429012298584 -24.094499588012695 18.610200881958008
v -7.899819850921631 -24.69070053100586 17.72260093688965
v -7.339469909667969 -25.145000457763672 16.881500244140625
v -6.804880142211914 -25.476200103759766 16.088600158691406
v -6.296820163726807 -25.701499938964844 15.344599723815918
v -5.81535005569458 -25.83650016784668 14.649100303649902
v -5.360099792480469 -25.89550018310547 14.001099586486816
v -4.930309772491455 -25.89109992980957 13.399100303649902
v -4.525000095367432 -25.834699630737305 12.841500282287598
v -4.1429901123046875 -25.736499786376953 12.326399803161621
v -3.7830300331115723 -25.60569953918457 11.85200023651123
v -3.443779945373535 -25.450199127197266 11.416600227355957
v -3.123850107192993 -25.27739906311035 11.018199920654297
v -2.821850061416626 -25.093700408935547 10.65530014038086
v -2.536370038986206 -24.904600143432617 10.326199531555176
v -2.266010046005249 -24.71540069580078 10.029600143432617
v -2.0093801021575928 -24.530399322509766 9.764030456542969
v -1.7651000022888184 -24.353599548339844 9.528369903564453
v -1.5318299531936646 -24.18829917907715 9.32153034210205
v -1.3082200288772583 -24.037599563598633 9.142569541931152
v -1.0929499864578247 -23.903799057006836 8.990679740905762
v -0.8847000002861023 -23.7893009185791 8.865139961242676
v -0.6821810007095337 -23.695600509643555 8.765399932861328
v -0.4841049909591675 -23.624099731445312 8.690990447998047
v -0.28919801115989685 -23.575899124145508 8.641570091247559
v -0.09618840366601944 -23.551700592041016 8.616920471191406
v 0.09618840366601944 -23.551700592041016 8.616920471191406
v 0.28919801115989685 -23.575899124145508 8.641570091247559
v 0.4841049909591675 -23.624099731445312 8.690990447998047
v 0.6821810007095337 -23.695600509643555 8.765399932861328
v 0.8847000002861023 -23.7893009185791 8.865139961242676
v 1.0929499864578247 -23.903799057006836 8.990679740905762
v 1.3082200288772583 -24.037599563598633 9.142569541931152
v 1.5318299531936646 -24.18829917907715 9.32153034210205
v 1.7651000022888184 -24.353599548339844 9.528369903564453
v 2.0093801021575928 -24.530399322509766 9.764030456542969
v 2.266010046005249 -24.71540069580078 10.029600143432617
v 2.536370038986206 -24.904600143432617 10.326199531555176
v 2.821850061416626 -25.093700408935547 10.65530014038086
v 3.123850107192993 -25.27739906311035 11.018199920654297
v 3.443779945373535 -25.450199127197266 11.416600227355957
v 3.7830300331115723 -25.60569953918457 11.85200023651123
v 4.1429901123046875 -25.736499786376953 12.326399803161621
v 4.525000095367432 -25.834699630737305 12.841500282287598
v 4.930309772491455 -25.89109992980957 13.399100303649902
v 5.360099792480469 -25.89550018310547 14.001099586486816
v 5.81535005569458 -25.83650016784668 14.649100303649902
v 6.296820163726807 -25.701499938964844 15.344599723815918
v 6.804880142211914 -25.476200103759766 16.088600158691406
v 7.339469909667969 -25.145000457763672 16.881500244140625
v 7.899819850921631 -24.69070053100586 17.72260093688965
v 8.48429012298584 -24.094499588012695 18.610200881958008
v 9.090060234069824 -23.33650016784668 19.5403995513916
v 9.712770462036133 -22.395599365234375 20.507299423217773
v 10.346099853515625 -21.250600814819336 21.501399993896484
v 10.981499671936035 -19.88129997253418 22.509700775146484
v 11.607600212097168 -18.270000457763672 23.514299392700195
v 12.210000038146973 -16.403799057006836 24.49220085144043
v 12.771499633789062 -14.277799606323242 25.415300369262695
v 13.272299766540527 -11.898099899291992 26.250900268554688
v 13.691499710083008 -9.285059928894043 26.96380043029785
v 14.00879955291748 -6.475150108337402 27.51959991455078
v 14.206899642944336 -3.521250009536743 27.8882999420166
v 14.274399757385254 -0.4896009862422943 28.0492000579834
v 14.206899642944336 2.5458199977874756 27.994199752807617
v 14.00879955291748 5.51078987121582 27.72879981994629
v 13.691499710083008 8.338370323181152 27.271499633789062
v 13.272299766540527 10.974699974060059 26.650100708007812
v 12.771499633789062 13.382200241088867 25.898099899291992
v 12.210000038146973 15.53909969329834 25.049800872802734
v 11.607600212097168 17.438199996948242 24.13759994506836
v 10.981499671936035 19.083599090576172 23.189800262451172
v 10.346099853515625 20.487300872802734 22.229999542236328
v 9.712770462036133 21.666200637817383 21.276399612426758
v 9.090060234069824 22.640300750732422 20.343000411987305
v 8.48429012298584 23.430299758911133 19.439699172973633
v 7.899819850921631 24.057100296020508 18.57349967956543
v 7.339469909667969 24.54050064086914 17.748699188232422
v 6.804880142211914 24.899200439453125 16.967899322509766
v 6.296820163726807 25.150299072265625 16.232200622558594
v 5.81535005569458 25.309499740600586 15.541899681091309
v 5.360099792480469 25.39109992980957 14.896300315856934
v 4.930309772491455 25.407699584960938 14.294500350952148
v 4.525000095367432 25.370800018310547 13.735199928283691
v 4.1429901123046875 25.290700912475586 13.217100143432617
v 3.7830300331115723 25.17650032043457 12.73840045928955
v 3.443779945373535 25.036300659179688 12.297800064086914
v 3.123850107192993 24.877500534057617 11.893699645996094
v 2.821850061416626 24.706499099731445 11.524499893188477
v 2.536370038986206 24.52910041809082 11.18910026550293
v 2.266010046005249 24.350299835205078 10.88599967956543
v 2.0093801021575928 24.174699783325195 10.6141996383667
v 1.7651000022888184 24.006200790405273 10.3725004196167
v 1.5318299531936646 23.84830093383789 10.15999984741211
v 1.3082200288772583 23.703800201416016 9.975899696350098
v 1.0929499864578247 23.57550048828125 9.819430351257324
v 0.8847000002861023 23.46540069580078 9.689979553222656
v 0.6821810007095337 23.375200271606445 9.587019920349121
v 0.4841049909591675 23.306400299072266 9.510169982910156
v 0.28919801115989685 23.260000228881836 9.459099769592285
v 0.09618840366601944 23.236600875854492 9.433609962463379
v -0.09618840366601944 23.236600875854492 9.433609962463379
v -0.28919801115989685 23.260000228881836 9.459099769592285
v -0.4841049909591675 23.306400299072266 9.510169982910156
v -0.6821810007095337 23.375200271606445 9.587019920349121
v -0.8847000002861023 23.46540069580078 9.689979553222656
v -1.0929499864578247 23.57550048828125 9.819430351257324
v -1.3082200288772583 23.703800201416016 9.975899696350098
v -1.5318299531936646 23.84830093383789 10.15999984741211
v -1.7651000022888184 24.006200790405273 10.3725004196167
v -2.0093801021575928 24.174699783325195 10.6141996383667
v -2.266010046005249 24.350299835205078 10.88599967956543
v -2.536370038986206 24.52910041809082 11.18910026550293
v -2.821850061416626 24.706499099731445 11.524499893188477
v -3.123850107192993 24.877500534057617 11.893699645996094
v -3.443779945373535 25.036300659179688 12.297800064086914
v -3.7830300331115723 25.17650032043457 12.73840045928955
v -4.1429901123046875 25.290700912475586 13.217100143432617
v -4.525000095367432 25.370800018310547 13.735199928283691
v -4.930309772491455 25.407699584960938 14.294500350952148
v -5.360099792480469 25.39109992980957 14.896300315856934
v -5.81535005569458 25.309499740600586 15.541899681091309
v -6.296820163726807 25.150299072265625 16.232200622558594
v -6.804880142211914 24.899200439453125 16.967899322509766
v -7.339469909667969 24.54050064086914 17.748699188232422
v -7.899819850921631 24.057100296020508 18.57349967956543
v -8.48429012298584 23.430299758911133 19.439699172973633
v -9.090060234069824 22.640300750732422 20.343000411987305
v -9.712770462036133 21.666200637817383 21.276399612426758
v -10.346099853515625 20.487300872802734 22.229999542236328
v -10.981499671936035 19.083599090576172 23.189800262451172
v -11.607600212097168 17.438199996948242 24.13759994506836
v -12.210000038146973 15.53909969329834 25.049800872802734
v -12.771499633789062 13.382200241088867 25.898099899291992
v -13.272299766540527 10.974699974060059 26.650100708007812
v -13.691499710083008 8.338370323181152 27.271499633789062
v -14.00879955291748 5.51078987121582 27.72879981994629
v -14.206899642944336 2.5458199977874756 27.994199752807617
v -14.274399757385254 -0.4896009862422943 28.0492000579834
v -24.546100616455078 -0.3122189939022064 17.886999130249023
v -24.262500762939453 -5.489540100097656 17.605499267578125
v -23.459800720214844 -10.335599899291992 16.98040008544922
v -22.2593994140625 -14.61139965057373 16.099599838256836
v -20.8080997467041 -18.198299407958984 15.065500259399414
v -19.23710060119629 -21.081600189208984 13.96780014038086
v -17.64419937133789 -23.311399459838867 12.871700286865234
v -16.09320068359375 -24.96739959716797 11.818099975585938
v -14.621199607849121 -26.136499404907227 10.829400062561035
v -13.246500015258789 -26.90049934387207 9.915579795837402
v -11.976200103759766 -27.331600189208984 9.078900337219238
v -10.809900283813477 -27.491300582885742 8.317270278930664
v -9.743780136108398 -27.431400299072266 7.626299858093262
v -8.771869659423828 -27.194900512695312 7.000609874725342
v -7.88739013671875 -26.817800521850586 6.4345598220825195
v -7.083409786224365 -26.329999923706055 5.9226298332214355
v -6.353179931640625 -25.75659942626953 5.459670066833496
v -5.6903300285339355 -25.118799209594727 5.040939807891846
v -5.088930130004883 -24.434799194335938 4.662169933319092
v -4.543529987335205 -23.71980094909668 4.319570064544678
v -4.049099922180176 -22.98710060119629 4.009739875793457
v -3.601059913635254 -22.24810028076172 3.729680061340332
v -3.195189952850342 -21.512800216674805 3.476759910583496
v -2.827620029449463 -20.7898006439209 3.2486400604248047
v -2.4947800636291504 -20.086700439453125 3.043260097503662
v -2.1933701038360596 -19.410200119018555 2.858839988708496
v -1.9203100204467773 -18.76609992980957 2.693779945373535
v -1.672719955444336 -18.15959930419922 2.5467100143432617
v -1.447890043258667 -17.595199584960938 2.4164199829101562
v -1.243280053138733 -17.076799392700195 2.3018600940704346
v -1.056439995765686 -16.607900619506836 2.202130079269409
v -0.8850730061531067 -16.191499710083008 2.116450071334839
v -0.7269309759140015 -15.829999923706055 2.0441699028015137
v -0.5798649787902832 -15.52560043334961 1.9847300052642822
v -0.4417800009250641 -15.279999732971191 1.9377100467681885
v -0.31063300371170044 -15.094599723815918 1.9027299880981445
v -0.18441499769687653 -14.970499992370605 1.8795599937438965
v -0.06114489957690239 -14.908300399780273 1.8680200576782227
v 0.06114489957690239 -14.908300399780273 1.8680200576782227
v 0.18441499769687653 -14.970499992370605 1.8795599937438965
v 0.31063300371170044 -15.094599723815918 1.9027299880981445
v 0.4417800009250641 -15.279999732971191 1.9377100467681885
v 0.5798649787902832 -15.52560043334961 1.9847300052642822
v 0.7269309759140015 -15.829999923706055 2.0441699028015137
v 0.8850730061531067 -16.191499710083008 2.116450071334839
v 1.056439995765686 -16.607900619506836 2.202130079269409
v 1.243280053138733 -17.076799392700195 2.3018600940704346
v 1.447890043258667 -17.595199584960938 2.4164199829101562
v 1.672719955444336 -18.15959930419922 2.5467100143432617
v 1.9203100204467773 -18.76609992980957 2.693779945373535
v 2.1933701038360596 -19.410200119018555 2.858839988708496
v 2.4947800636291504 -20.086700439453125 3.043260097503662
v 2.827620029449463 -20.7898006439209 3.2486400604248047
v 3.195189952850342 -21.512800216674805 3.476759910583496
v 3.601059913635254 -22.24810028076172 3.729680061340332
v 4.049099922180176 -22.98710060119629 4.009739875793457
v 4.543529987335205 -23.71980094909668 4.319570064544678
v 5.088930130004883 -24.434799194335938 4.662169933319092
v 5.6903300285339355 -25.118799209594727 5.040939807891846
v 6.353179931640625 -25.75659942626953 5.459670066833496
v 7.083409786224365 -26.329999923706055 5.9226298332214355
v 7.88739013671875 -26.817800521850586 6.4345598220825195
v 8.771869659423828 -27.194900512695312 7.000609874725342
v 9.743780136108398 -27.431400299072266 7.626299858093262
v 10.809900283813477 -27.491300582885742 8.317270278930664
v 11.976200103759766 -27.331600189208984 9.078900337219238
v 13.246500015258789 -26.90049934387207 9.915579795837402
v 14.621199607849121 -26.136499404907227 10.829400062561035
v 16.09320068359375 -24.96739959716797 11.818099975585938
v 17.64419937133789 -23.311399459838867 12.871700286865234
v 19.23710060119629 -21.081600189208984 13.96780014038086
v 20.8080997467041 -18.198299407958984 15.065500259399414
v 22.2593994140625 -14.61139965057373 16.099599838256836
v 23.459800720214844 -10.335599899291992 16.98040008544922
v 24.262500762939453 -5.489540100097656 17.605499267578125
v 24.546100616455078 -0.3122189939022064 17.886999130249023
v 24.262500762939453 4.871779918670654 17.786300659179688
v 23.459800720214844 9.736709594726562 17.330799102783203
v 22.2593994140625 14.040599822998047 16.599700927734375
v 20.8080997467041 17.661500930786133 15.691399574279785
v 19.23710060119629 20.581300735473633 14.695099830627441
v 17.64419937133789 22.847999572753906 13.677399635314941
v 16.09320068359375 24.5398006439209 12.68220043182373
v 14.621199607849121 25.742700576782227 11.734999656677246
v 13.246500015258789 26.53809928894043 10.848299980163574
v 11.976200103759766 26.99810028076172 10.027199745178223
v 10.809900283813477 27.18429946899414 9.27163028717041
v 9.743780136108398 27.148500442504883 8.57898998260498
v 8.771869659423828 26.93400001525879 7.94543981552124
v 7.88739013671875 26.576900482177734 7.366569995880127
v 7.083409786224365 26.107200622558594 6.837930202484131
v 6.353179931640625 25.55030059814453 6.35522985458374
v 5.6903300285339355 24.927600860595703 5.9145002365112305
v 5.088930130004883 24.257200241088867 5.51209020614624
v 4.543529987335205 23.55459976196289 5.144750118255615
v 4.049099922180176 22.833099365234375 4.809529781341553
v 3.601059913635254 22.104400634765625 4.503859996795654
v 3.195189952850342 21.378299713134766 4.225430011749268
v 2.827620029449463 20.663700103759766 3.972209930419922
v 2.4947800636291504 19.96820068359375 3.7424299716949463
v 2.1933701038360596 19.298599243164062 3.5344998836517334
v 1.9203100204467773 18.66069984436035 3.3470699787139893
v 1.672719955444336 18.05970001220703 3.178920030593872
v 1.447890043258667 17.500200271606445 3.029010057449341
v 1.243280053138733 16.986099243164062 2.896430015563965
v 1.056439995765686 16.520999908447266 2.780400037765503
v 0.8850730061531067 16.10770034790039 2.6802399158477783
v 0.7269309759140015 15.74899959564209 2.5953800678253174
v 0.5798649787902832 15.446800231933594 2.525360107421875
v 0.4417800009250641 15.203100204467773 2.469789981842041
v 0.31063300371170044 15.019000053405762 2.4283699989318848
v 0.18441499769687653 14.89579963684082 2.4008800983428955
v 0.06114489957690239 14.833999633789062 2.3871700763702393
v -0.06114489957690239 14.833999633789062 2.3871700763702393
v -0.18441499769687653 14.89579963684082 2.4008800983428955
v -0.31063300371170044 15.019000053405762 2.4283699989318848
v -0.4417800009250641 15.203100204467773 2.469789981842041
v -0.5798649787902832 15.446800231933594 2.525360107421875
v -0.7269309759140015 15.74899959564209 2.5953800678253174
v -0.8850730061531067 16.10770034790039 2.6802399158477783
v -1.056439995765686 16.520999908447266 2.780400037765503
v -1.243280053138733 16.986099243164062 2.896430015563965
v -1.447890043258667 17.500200271606445 3.029010057449341
v -1.672719955444336 18.05970001220703 3.178920030593872
v -1.9203100204467773 18.66069984436035 3.3470699787139893
v -2.1933701038360596 19.298599243164062 3.5344998836517334
v -2.4947800636291504 19.96820068359375 3.7424299716949463
v -2.827620029449463 20.663700103759766 3.972209930419922
v -3.195189952850342 21.378299713134766 4.225430011749268
v -3.601059913635254 22.104400634765625 4.503859996795654
v -4.049099922180176 22.833099365234375 4.809529781341553
v -4.543529987335205 23.55459976196289 5.144750118255615
v -5.088930130004883 24.257200241088867 5.51209020614624
v -5.6903300285339355 24.927600860595703 5.9145002365112305
v -6.353179931640625 25.55030059814453 6.35522985458374
v -7.083409786224365 26.107200622558594 6.837930202484131
v -7.88739013671875 26.576900482177734 7.366569995880127
v -8.771869659423828 26.93400001525879 7.94543981552124
v -9.743780136108398 27.148500442504883 8.57898998260498
v -10.809900283813477 27.18429946899414 9.27163028717041
v -11.976200103759766 26.99810028076172 10.027199745178223
v -13.246500015258789 26.53809928894043 10.848299980163574
v -14.621199607849121 25.742700576782227 11.734999656677246
v -16.09320068359375 24.5398006439209 12.68220043182373
v -17.64419937133789 22.847999572753906 13.677399635314941
v -19.23710060119629 20.581300735473633 14.695099830627441
v -20.8080997467041 17.661500930786133 15.691399574279785
v -22.2593994140625 14.040599822998047 16.599700927734375
v -23.459800720214844 9.736709594726562 17.330799102783203
v -24.262500762939453 4.871779918670654 17.786300659179688
v -24.546100616455078 -0.3122189939022064 17.886999130249023
v -30.55940055847168 -0.10888399928808212 6.237979888916016
v -30.01409912109375 -6.5157999992370605 6.0201897621154785
v -28.51289939880371 -12.299799919128418 5.627799987792969
v -26.372299194335938 -17.067699432373047 5.129799842834473
v -23.927000045776367 -20.703899383544922 4.593629837036133
v -21.4281005859375 -23.28219985961914 4.066740036010742
v -19.026899337768555 -24.95829963684082 3.575439929962158
v -16.7987003326416 -25.901199340820312 3.130919933319092
v -14.772000312805176 -26.26300048828125 2.7355198860168457
v -12.94950008392334 -26.1697998046875 2.387049913406372
v -11.321100234985352 -25.723100662231445 2.081399917602539
v -9.871370315551758 -25.003599166870117 1.8138600587844849
v -8.583419799804688 -24.074899673461914 1.579800009727478
v -7.440659999847412 -22.98819923400879 1.374940037727356
v -6.427760124206543 -21.784299850463867 1.1955000162124634
v -5.530889987945557 -20.496400833129883 1.0381799936294556
v -4.7377400398254395 -19.152000427246094 0.9001020193099976
v -4.037469863891602 -17.773799896240234 0.7788069844245911
v -3.4204800128936768 -16.380699157714844 0.672173023223877
v -2.878340005874634 -14.988900184631348 0.5783780217170715
v -2.403549909591675 -13.612299919128418 0.4958530068397522
v -1.9894599914550781 -12.262700080871582 0.42324501276016235
v -1.6301000118255615 -10.950599670410156 0.3593840003013611
v -1.3201199769973755 -9.684849739074707 0.3032599985599518
v -1.0546599626541138 -8.473509788513184 0.2539939880371094
v -0.8292829990386963 -7.323530197143555 0.2108280062675476
v -0.6399329900741577 -6.24105978012085 0.17309999465942383
v -0.4828450083732605 -5.231550216674805 0.14023800194263458
v -0.3545140027999878 -4.299779891967773 0.11174699664115906
v -0.2516559958457947 -3.449970006942749 0.0871971994638443
v -0.1711689978837967 -2.685800075531006 0.06622199714183807
v -0.11010300368070602 -2.0104598999023438 0.0485071986913681
v -0.06563570350408554 -1.4266799688339233 0.033787801861763
v -0.03505120053887367 -0.9367629885673523 0.02184380032122135
v -0.015716299414634705 -0.5425999760627747 0.01249650027602911
v -0.005065069999545813 -0.24568399786949158 0.005605809856206179
v -0.0005815839977003634 -0.04712710157036781 0.001068650046363473
v 0.0002150310028810054 0.05233469977974892 -0.0011830499861389399
v -0.0002150310028810054 0.05233469977974892 -0.0011830499861389399
v 0.0005815839977003634 -0.04712710157036781 0.001068650046363473
v 0.005065069999545813 -0.24568399786949158 0.005605809856206179
v 0.015716299414634705 -0.5425999760627747 0.01249650027602911
v 0.03505120053887367 -0.9367629885673523 0.02184380032122135
v 0.06563570350408554 -1.4266799688339233 0.033787801861763
v 0.11010300368070602 -2.0104598999023438 0.0485071986913681
v 0.1711689978837967 -2.685800075531006 0.06622199714183807
v 0.2516559958457947 -3.449970006942749 0.0871971994638443
v 0.3545140027999878 -4.299779891967773 0.11174699664115906
v 0.4828450083732605 -5.231550216674805 0.14023800194263458
v 0.6399329900741577 -6.24105978012085 0.17309999465942383
v 0.8292829990386963 -7.323530197143555 0.2108280062675476
v 1.0546599626541138 -8.473509788513184 0.2539939880371094
v 1.3201199769973755 -9.684849739074707 0.3032599985599518
v 1.6301000118255615 -10.950599670410156 0.3593840003013611
v 1.9894599914550781 -12.262700080871582 0.42324501276016235
v 2.403549909591675 -13.612299919128418 0.4958530068397522
v 2.878340005874634 -14.988900184631348 0.5783780217170715
v 3.4204800128936768 -16.380699157714844 0.672173023223877
v 4.037469863891602 -17.773799896240234 0.7788069844245911
v 4.7377400398254395 -19.152000427246094 0.9001020193099976
v 5.530889987945557 -20.496400833129883 1.0381799936294556
v 6.427760124206543 -21.784299850463867 1.1955000162124634
v 7.440659999847412 -22.98819923400879 1.374940037727356
v 8.583419799804688 -24.074899673461914 1.579800009727478
v 9.871370315551758 -25.003599166870117 1.8138600587844849
v 11.321100234985352 -25.723100662231445 2.081399917602539
v 12.94950008392334 -26.1697998046875 2.387049913406372
v 14.772000312805176 -26.26300048828125 2.7355198860168457
v 16.7987003326416 -25.901199340820312 3.130919933319092
v 19.026899337768555 -24.95829963684082 3.575439929962158
v 21.4281005859375 -23.28219985961914 4.066740036010742
v 23.927000045776367 -20.703899383544922 4.593629837036133
v 26.372299194335938 -17.067699432373047 5.129799842834473
v 28.51289939880371 -12.299799919128418 5.627799987792969
v 30.01409912109375 -6.5157999992370605 6.0201897621154785
v 30.55940055847168 -0.10888399928808212 6.237979888916016
v 30.01409912109375 6.301730155944824 6.243919849395752
v 28.51289939880371 12.09589958190918 6.0536298751831055
v 26.372299194335938 16.878299713134766 5.722330093383789
v 23.927000045776367 20.5310001373291 5.313379764556885
v 21.4281005859375 23.126100540161133 4.8767900466918945
v 19.026899337768555 24.818300247192383 4.4442901611328125
v 16.7987003326416 25.776199340820312 4.032949924468994
v 14.772000312805176 26.151500701904297 3.6504099369049072
v 12.94950008392334 26.070499420166016 3.298909902572632
v 11.321100234985352 25.63479995727539 2.9778599739074707
v 9.871370315551758 24.924999237060547 2.6853699684143066
v 8.583419799804688 24.00510025024414 2.4190399646759033
v 7.440659999847412 22.92620086669922 2.176379919052124
v 6.427760124206543 21.729299545288086 1.9550399780273438
v 5.530889987945557 20.44770050048828 1.7528599500656128
v 4.7377400398254395 19.108999252319336 1.5679500102996826
v 4.037469863891602 17.73579978942871 1.3986300230026245
v 3.4204800128936768 16.347200393676758 1.24344003200531
v 2.878340005874634 14.959600448608398 1.1011300086975098
v 2.403549909591675 13.586700439453125 0.9706130027770996
v 1.9894599914550781 12.240500450134277 0.8509500026702881
v 1.6301000118255615 10.931400299072266 0.7413349747657776
v 1.3201199769973755 9.668370246887207 0.6410710215568542
v 1.0546599626541138 8.459489822387695 0.5495610237121582
v 0.8292829990386963 7.311709880828857 0.4662869870662689
v 0.6399329900741577 6.23121976852417 0.3908039927482605
v 0.4828450083732605 5.223470211029053 0.32273098826408386
v 0.3545140027999878 4.293260097503662 0.26173898577690125
v 0.2516559958457947 3.4448299407958984 0.20754599571228027
v 0.1711689978837967 2.681849956512451 0.1599150002002716
v 0.11010300368070602 2.007539987564087 0.11864200234413147
v 0.06563570350408554 1.424630045890808 0.08355770260095596
v 0.03505120053887367 0.9354299902915955 0.05452309921383858
v 0.015716299414634705 0.5418329834938049 0.03142530098557472
v 0.005065069999545813 0.24533900618553162 0.014176599681377411
v 0.0005815839977003634 0.04706110060214996 0.0027127100620418787
v -0.0002150310028810054 -0.05226150155067444 -0.0030087800696492195
v 0.0002150310028810054 -0.05226150155067444 -0.0030087800696492195
v -0.0005815839977003634 0.04706110060214996 0.0027127100620418787
v -0.005065069999545813 0.24533900618553162 0.014176599681377411
v -0.015716299414634705 0.5418329834938049 0.03142530098557472
v -0.03505120053887367 0.9354299902915955 0.05452309921383858
v -0.06563570350408554 1.424630045890808 0.08355770260095596
v -0.11010300368070602 2.007539987564087 0.11864200234413147
v -0.1711689978837967 2.681849956512451 0.1599150002002716
v -0.2516559958457947 3.4448299407958984 0.20754599571228027
v -0.3545140027999878 4.293260097503662 0.26173898577690125
v -0.4828450083732605 5.223470211029053 0.32273098826408386
v -0.6399329900741577 6.23121976852417 0.3908039927482605
v -0.8292829990386963 7.311709880828857 0.4662869870662689
v -1.0546599626541138 8.459489822387695 0.5495610237121582
v -1.3201199769973755 9.668370246887207 0.6410710215568542
v -1.6301000118255615 10.931400299072266 0.7413349747657776
v -1.9894599914550781 12.240500450134277 0.8509500026702881
v -2.403549909591675 13.586700439453125 0.9706130027770996
v -2.878340005874634 14.959600448608398 1.1011300086975098
v -3.4204800128936768 16.347200393676758 1.24344003200531
v -4.037469863891602 17.73579978942871 1.3986300230026245
v -4.7377400398254395 19.108999252319336 1.5679500102996826
v -5.530889987945557 20.44770050048828 1.7528599500656128
v -6.427760124206543 21.729299545288086 1.9550399780273438
v -7.440659999847412 22.92620086669922 2.176379919052124
v -8.583419799804688 24.00510025024414 2.4190399646759033
v -9.871370315551758 24.924999237060547 2.6853699684143066
v -11.321100234985352 25.63479995727539 2.9778599739074707
v -12.94950008392334 26.070499420166016 3.298909902572632
v -14.772000312805176 26.151500701904297 3.6504099369049072
v -16.7987003326416 25.776199340820312 4.032949924468994
v -19.026899337768555 24.818300247192383 4.4442901611328125
v -21.4281005859375 23.126100540161133 4.8767900466918945
v -23.927000045776367 20.5310001373291 5.313379764556885
v -26.372299194335938 16.878299713134766 5.722330093383789
v -28.51289939880371 12.09589958190918 6.0536298751831055
v -30.01409912109375 6.301730155944824 6.243919849395752
v -30.55940055847168 -0.10888399928808212 6.237979888916016
v -31.83169937133789 -0.01809759996831417 1.036810040473938
v -31.174699783325195 -6.674320220947266 0.9001110196113586
v -29.37809944152832 -12.584799766540527 0.7408859729766846
v -26.846099853515625 -17.29330062866211 0.5797849893569946
v -23.994199752807617 -20.689199447631836 0.43174201250076294
v -21.122299194335938 -22.88520050048828 0.30410900712013245
v -18.40169906616211 -24.08139991760254 0.19866199791431427
v -15.911100387573242 -24.482900619506836 0.11416999995708466
v -13.674400329589844 -24.268199920654297 0.048173099756240845
v -11.687399864196777 -23.581600189208984 -0.002063190098851919
v -9.932939529418945 -22.536500930786133 -0.039118099957704544
v -8.389309883117676 -21.221500396728516 -0.06526190042495728
v -7.0343098640441895 -19.705900192260742 -0.08242910355329514
v -5.847080230712891 -18.044300079345703 -0.09224420040845871
v -4.808780193328857 -16.280099868774414 -0.09606429934501648
v -3.9027700424194336 -14.44849967956543 -0.09502319991588593
v -3.1144800186157227 -12.578200340270996 -0.09007079899311066
v -2.431180000305176 -10.692999839782715 -0.08200660347938538
v -1.8417799472808838 -8.812689781188965 -0.07150709629058838
v -1.3365399837493896 -6.954279899597168 -0.05914819985628128
v -0.9069179892539978 -5.132180213928223 -0.04542259871959686
v -0.5453460216522217 -3.358870029449463 -0.030754199251532555
v -0.24508599936962128 -1.6452100276947021 -0.015509599819779396
v -0.00009735020285006613 -0.000713684014044702 -0.000006899760137457633
v 0.19507700204849243 1.566230058670044 0.015476799570024014
v 0.3454020023345947 3.048229932785034 0.030699599534273148
v 0.4554319977760315 4.438739776611328 0.04544990137219429
v 0.529371976852417 5.731949806213379 0.05954280123114586
v 0.5711380243301392 6.922729969024658 0.07281649857759476
v 0.5843999981880188 8.006560325622559 0.08513029664754868
v 0.5726249814033508 8.979479789733887 0.09636209905147552
v 0.5391079783439636 9.83804988861084 0.10640700161457062
v 0.48700401186943054 10.579299926757812 0.1151759997010231
v 0.41935300827026367 11.200799942016602 0.12259399890899658
v 0.3391000032424927 11.700300216674805 0.12859900295734406
v 0.24911700189113617 12.076399803161621 0.13314500451087952
v 0.15222400426864624 12.327799797058105 0.13619500398635864
v 0.05119970068335533 12.453700065612793 0.13772599399089813
v -0.05119970068335533 12.453700065612793 0.13772599399089813
v -0.15222400426864624 12.327799797058105 0.13619500398635864
v -0.24911700189113617 12.076399803161621 0.13314500451087952
v -0.3391000032424927 11.700300216674805 0.12859900295734406
v -0.41935300827026367 11.200799942016602 0.12259399890899658
v -0.48700401186943054 10.579299926757812 0.1151759997010231
v -0.5391079783439636 9.83804988861084 0.10640700161457062
v -0.5726249814033508 8.979479789733887 0.09636209905147552
v -0.5843999981880188 8.006560325622559 0.08513029664754868
v -0.5711380243301392 6.922729969024658 0.07281649857759476
v -0.529371976852417 5.731949806213379 0.05954280123114586
v -0.4554319977760315 4.438739776611328 0.04544990137219429
v -0.3454020023345947 3.048229932785034 0.030699599534273148
v -0.19507700204849243 1.566230058670044 0.015476799570024014
v 0.00009735029743751511 -0.000713684014044702 -0.000006899760137457633
v 0.24508599936962128 -1.6452100276947021 -0.015509599819779396
v 0.5453460216522217 -3.358870029449463 -0.030754199251532555
v 0.9069179892539978 -5.132180213928223 -0.04542259871959686
v 1.3365399837493896 -6.954279899597168 -0.05914819985628128
v 1.8417799472808838 -8.812689781188965 -0.07150709629058838
v 2.431180000305176 -10.692999839782715 -0.08200660347938538
v 3.1144800186157227 -12.578200340270996 -0.09007079899311066
v 3.9027700424194336 -14.44849967956543 -0.09502319991588593
v 4.808780193328857 -16.280099868774414 -0.09606429934501648
v 5.847080230712891 -18.044300079345703 -0.09224420040845871
v 7.0343098640441895 -19.705900192260742 -0.08242910355329514
v 8.389309883117676 -21.221500396728516 -0.06526190042495728
v 9.932939529418945 -22.536500930786133 -0.039118099957704544
v 11.687399864196777 -23.581600189208984 -0.002063190098851919
v 13.674400329589844 -24.268199920654297 0.048173099756240845
v 15.911100387573242 -24.482900619506836 0.11416999995708466
v 18.40169906616211 -24.08139991760254 0.19866199791431427
v 21.122299194335938 -22.88520050048828 0.30410900712013245
v 23.994199752807617 -20.689199447631836 0.43174201250076294
v 26.846099853515625 -17.29330062866211 0.5797849893569946
v 29.37809944152832 -12.584799766540527 0.7408859729766846
v 31.174699783325195 -6.674320220947266 0.9001110196113586
v 31.83169937133789 -0.01809759996831417 1.036810040473938
v 31.174699783325195 6.638840198516846 1.1324900388717651
v 29.37809944152832 12.551300048828125 1.1796400547027588
v 26.846099853515625 17.26259994506836 1.182960033416748
v 23.994199752807617 20.661500930786133 1.1535199880599976
v 21.122299194335938 22.860700607299805 1.1026099920272827
v 18.40169906616211 24.05970001220703 1.0389699935913086
v 15.911100387573242 24.464000701904297 0.9685419797897339
v 13.674400329589844 24.251800537109375 0.8950920104980469
v 11.687399864196777 23.56730079650879 0.8209229707717896
v 9.932939529418945 22.524099349975586 0.7474179863929749
v 8.389309883117676 21.210899353027344 0.6753990054130554
v 7.0343098640441895 19.696800231933594 0.6053479909896851
v 5.847080230712891 18.036500930786133 0.5375490188598633
v 4.808780193328857 16.273500442504883 0.47216200828552246
v 3.9027700424194336 14.442999839782715 0.409280002117157
v 3.1144800186157227 12.573699951171875 0.34895700216293335
v 2.431180000305176 10.689299583435059 0.2912220060825348
v 1.8417799472808838 8.809820175170898 0.23609499633312225
v 1.3365399837493896 6.9521098136901855 0.18358899652957916
v 0.9069179892539978 5.130640029907227 0.13371600210666656
v 0.5453460216522217 3.3578898906707764 0.0864873006939888
v 0.24508599936962128 1.6447399854660034 0.04191669821739197
v 0.00009735029743751511 0.0007134900079108775 0.000018011700376519002
v -0.19507700204849243 -1.5658199787139893 -0.039193298667669296
v -0.3454020023345947 -3.047450065612793 -0.07570090144872665
v -0.4554319977760315 -4.437620162963867 -0.10948699712753296
v -0.529371976852417 -5.73052978515625 -0.14053599536418915
v -0.5711380243301392 -6.921050071716309 -0.16882799565792084
v -0.5843999981880188 -8.004650115966797 -0.19434699416160583
v -0.5726249814033508 -8.97737979888916 -0.21707600355148315
v -0.5391079783439636 -9.835769653320312 -0.23700100183486938
v -0.48700401186943054 -10.576899528503418 -0.2541069984436035
v -0.41935300827026367 -11.198200225830078 -0.2683820128440857
v -0.3391000032424927 -11.697699546813965 -0.2798149883747101
v -0.24911700189113617 -12.073699951171875 -0.28839799761772156
v -0.15222400426864624 -12.32509994506836 -0.29412299394607544
v -0.05119970068335533 -12.451000213623047 -0.29698699712753296
v 0.05119970068335533 -12.451000213623047 -0.29698699712753296
v 0.15222400426864624 -12.32509994506836 -0.29412299394607544
v 0.24911700189113617 -12.073699951171875 -0.28839799761772156
v 0.3391000032424927 -11.697699546813965 -0.2798149883747101
v 0.41935300827026367 -11.198200225830078 -0.2683820128440857
v 0.48700401186943054 -10.576899528503418 -0.2541069984436035
v 0.5391079783439636 -9.835769653320312 -0.23700100183486938
v 0.5726249814033508 -8.97737979888916 -0.21707600355148315
v 0.5843999981880188 -8.004650115966797 -0.19434699416160583
v 0.5711380243301392 -6.921050071716309 -0.16882799565792084
v 0.529371976852417 -5.73052978515625 -0.14053599536418915
v 0.4554319977760315 -4.437620162963867 -0.10948699712753296
v 0.3454020023345947 -3.047450065612793 -0.07570090144872665
v 0.19507700204849243 -1.5658199787139893 -0.039193298667669296
v -0.00009735020285006613 0.0007134900079108775 0.000018011700376519002
v -0.24508599936962128 1.6447399854660034 0.04191669821739197
v -0.5453460216522217 3.3578898906707764 0.0864873006939888
v -0.9069179892539978 5.130640029907227 0.13371600210666656
v -1.3365399837493896 6.9521098136901855 0.18358899652957916
v -1.8417799472808838 8.809820175170898 0.23609499633312225
v -2.431180000305176 10.689299583435059 0.2912220060825348
v -3.1144800186157227 12.573699951171875 0.34895700216293335
v -3.9027700424194336 14.442999839782715 0.409280002117157
v -4.808780193328857 16.273500442504883 0.47216200828552246
v -5.847080230712891 18.036500930786133 0.5375490188598633
v -7.0343098640441895 19.696800231933594 0.6053479909896851
v -8.389309883117676 21.210899353027344 0.6753990054130554
v -9.932939529418945 22.524099349975586 0.7474179863929749
v -11.687399864196777 23.56730079650879 0.8209229707717896
v -13.674400329589844 24.251800537109375 0.8950920104980469
v -15.911100387573242 24.464000701904297 0.9685419797897339
v -18.40169906616211 24.05970001220703 1.0389699935913086
v -21.122299194335938 22.860700607299805 1.1026099920272827
v -23.994199752807617 20.661500930786133 1.1535199880599976
v -26.846099853515625 17.26259994506836 1.182960033416748
v -29.37809944152832 12.551300048828125 1.1796400547027588
v -31.174699783325195 6.638840198516846 1.1324900388717651
v -31.83169937133789 -0.01809759996831417 1.036810040473938
v -31.83169937133789 0.01809759996831417 -1.036810040473938
v -31.174699783325195 -6.638840198516846 -1.1324900388717651
v -29.37809944152832 -12.551300048828125 -1.1796400547027588
v -26.846099853515625 -17.26259994506836 -1.182960033416748
v -23.994199752807617 -20.661500930786133 -1.1535199880599976
v -21.122299194335938 -22.860700607299805 -1.1026099920272827
v -18.40169906616211 -24.05970001220703 -1.0389699935913086
v -15.911100387573242 -24.464000701904297 -0.9685419797897339
v -13.674400329589844 -24.251800537109375 -0.8950920104980469
v -11.687399864196777 -23.56730079650879 -0.8209229707717896
v -9.932939529418945 -22.524099349975586 -0.7474179863929749
v -8.389309883117676 -21.210899353027344 -0.6753990054130554
v -7.0343098640441895 -19.696800231933594 -0.6053479909896851
v -5.847080230712891 -18.036500930786133 -0.5375490188598633
v -4.808780193328857 -16.273500442504883 -0.47216200828552246
v -3.9027700424194336 -14.442999839782715 -0.409280002117157
v -3.1144800186157227 -12.573699951171875 -0.34895700216293335
v -2.431180000305176 -10.689299583435059 -0.2912220060825348
v -1.8417799472808838 -8.809820175170898 -0.23609499633312225
v -1.3365399837493896 -6.9521098136901855 -0.18358899652957916
v -0.9069179892539978 -5.130640029907227 -0.13371600210666656
v -0.5453460216522217 -3.3578898906707764 -0.0864873006939888
v -0.24508599936962128 -1.6447399854660034 -0.04191669821739197
v -0.00009735020285006613 -0.0007134900079108775 -0.000018011700376519002
v 0.19507700204849243 1.5658199787139893 0.039193298667669296
v 0.3454020023345947 3.047450065612793 0.07570090144872665
v 0.4554319977760315 4.437620162963867 0.10948699712753296
v 0.529371976852417 5.73052978515625 0.14053599536418915
v 0.5711380243301392 6.921050071716309 0.16882799565792084
v 0.5843999981880188 8.004650115966797 0.19434699416160583
v 0.5726249814033508 8.97737979888916 0.21707600355148315
v 0.5391079783439636 9.835769653320312 0.23700100183486938
v 0.48700401186943054 10.576899528503418 0.2541069984436035
v 0.41935300827026367 11.198200225830078 0.2683820128440857
v 0.3391000032424927 11.697699546813965 0.2798149883747101
v 0.24911700189113617 12.073699951171875 0.28839799761772156
v 0.15222400426864624 12.32509994506836 0.29412299394607544
v 0.05119970068335533 12.451000213623047 0.29698699712753296
v -0.05119970068335533 12.451000213623047 0.29698699712753296
v -0.15222400426864624 12.32509994506836 0.29412299394607544
v -0.24911700189113617 12.073699951171875 0.28839799761772156
v -0.3391000032424927 11.697699546813965 0.2798149883747101
v -0.41935300827026367 11.198200225830078 0.2683820128440857
v -0.48700401186943054 10.576899528503418 0.2541069984436035
v -0.5391079783439636 9.835769653320312 0.23700100183486938
v -0.5726249814033508 8.97737979888916 0.21707600355148315
v -0.5843999981880188 8.004650115966797 0.19434699416160583
v -0.5711380243301392 6.921050071716309 0.16882799565792084
v -0.529371976852417 5.73052978515625 0.14053599536418915
v -0.4554319977760315 4.437620162963867 0.10948699712753296
v -0.3454020023345947 3.047450065612793 0.07570090144872665
v -0.19507700204849243 1.5658199787139893 0.039193298667669296
v 0.00009735029743751511 -0.0007134900079108775 -0.000018011700376519002
v 0.24508599936962128 -1.6447399854660034 -0.04191669821739197
v 0.5453460216522217 -3.3578898906707764 -0.0864873006939888
v 0.9069179892539978 -5.130640029907227 -0.13371600210666656
v 1.3365399837493896 -6.9521098136901855 -0.18358899652957916
v 1.8417799472808838 -8.809820175170898 -0.23609499633312225
v 2.431180000305176 -10.689299583435059 -0.2912220060825348
v 3.1144800186157227 -12.573699951171875 -0.34895700216293335
v 3.9027700424194336 -14.442999839782715 -0.409280002117157
v 4.808780193328857 -16.273500442504883 -0.47216200828552246
v 5.847080230712891 -18.036500930786133 -0.5375490188598633
v 7.0343098640441895 -19.696800231933594 -0.6053479909896851
v 8.389309883117676 -21.210899353027344 -0.6753990054130554
v 9.932939529418945 -22.524099349975586 -0.7474179863929749
v 11.687399864196777 -23.56730079650879 -0.8209229707717896
v 13.674400329589844 -24.251800537109375 -0.8950920104980469
v 15.911100387573242 -24.464000701904297 -0.9685419797897339
v 18.40169906616211 -24.05970001220703 -1.0389699935913086
v 21.122299194335938 -22.860700607299805 -1.1026099920272827
v 23.994199752807617 -20.661500930786133 -1.1535199880599976
v 26.846099853515625 -17.26259994506836 -1.182960033416748
v 29.37809944152832 -12.551300048828125 -1.1796400547027588
v 31.174699783325195 -6.638840198516846 -1.1324900388717651
v 31.83169937133789 0.01809759996831417 -1.036810040473938
v 31.174699783325195 6.674320220947266 -0.9001110196113586
v 29.37809944152832 12.584799766540527 -0.7408859729766846
v 26.846099853515625 17.29330062866211 -0.5797849893569946
v 23.994199752807617 20.689199447631836 -0.43174201250076294
v 21.122299194335938 22.88520050048828 -0.30410900712013245
v 18.40169906616211 24.08139991760254 -0.19866199791431427
v 15.911100387573242 24.482900619506836 -0.11416999995708466
v 13.674400329589844 24.268199920654297 -0.048173099756240845
v 11.687399864196777 23.581600189208984 0.002063190098851919
v 9.932939529418945 22.536500930786133 0.039118099957704544
v 8.389309883117676 21.221500396728516 0.06526190042495728
v 7.0343098640441895 19.705900192260742 0.08242910355329514
v 5.847080230712891 18.044300079345703 0.09224420040845871
v 4.808780193328857 16.280099868774414 0.09606429934501648
v 3.9027700424194336 14.44849967956543 0.09502319991588593
v 3.1144800186157227 12.578200340270996 0.09007079899311066
v 2.431180000305176 10.692999839782715 0.08200660347938538
v 1.8417799472808838 8.812689781188965 0.07150709629058838
v 1.3365399837493896 6.954279899597168 0.05914819985628128
v 0.9069179892539978 5.132180213928223 0.04542259871959686
v 0.5453460216522217 3.358870029449463 0.030754199251532555
v 0.24508599936962128 1.6452100276947021 0.015509599819779396
v 0.00009735029743751511 0.000713684014044702 0.000006899760137457633
v -0.19507700204849243 -1.566230058670044 -0.015476799570024014
v -0.3454020023345947 -3.048229932785034 -0.030699599534273148
v -0.4554319977760315 -4.438739776611328 -0.04544990137219429
v -0.529371976852417 -5.731949806213379 -0.05954280123114586
v -0.5711380243301392 -6.922729969024658 -0.07281649857759476
v -0.5843999981880188 -8.006560325622559 -0.08513029664754868
v -0.5726249814033508 -8.979479789733887 -0.09636209905147552
v -0.5391079783439636 -9.83804988861084 -0.10640700161457062
v -0.48700401186943054 -10.579299926757812 -0.1151759997010231
v -0.41935300827026367 -11.200799942016602 -0.12259399890899658
v -0.3391000032424927 -11.700300216674805 -0.12859900295734406
v -0.24911700189113617 -12.076399803161621 -0.13314500451087952
v -0.15222400426864624 -12.327799797058105 -0.13619500398635864
v -0.05119970068335533 -12.453700065612793 -0.13772599399089813
v 0.05119970068335533 -12.453700065612793 -0.13772599399089813
v 0.15222400426864624 -12.327799797058105 -0.13619500398635864
v 0.24911700189113617 -12.076399803161621 -0.13314500451087952
v 0.3391000032424927 -11.700300216674805 -0.12859900295734406
v 0.41935300827026367 -11.200799942016602 -0.12259399890899658
v 0.48700401186943054 -10.579299926757812 -0.1151759997010231
v 0.5391079783439636 -9.83804988861084 -0.10640700161457062
v 0.5726249814033508 -8.979479789733887 -0.09636209905147552
v 0.5843999981880188 -8.006560325622559 -0.08513029664754868
v 0.5711380243301392 -6.922729969024658 -0.07281649857759476
v 0.529371976852417 -5.731949806213379 -0.05954280123114586
v 0.4554319977760315 -4.438739776611328 -0.04544990137219429
v 0.3454020023345947 -3.048229932785034 -0.030699599534273148
v 0.19507700204849243 -1.566230058670044 -0.015476799570024014
v -0.00009735020285006613 0.000713684014044702 0.000006899760137457633
v -0.24508599936962128 1.6452100276947021 0.015509599819779396
v -0.5453460216522217 3.358870029449463 0.030754199251532555
v -0.9069179892539978 5.132180213928223 0.04542259871959686
v -1.3365399837493896 6.954279899597168 0.05914819985628128
v -1.8417799472808838 8.812689781188965 0.07150709629058838
v -2.431180000305176 10.692999839782715 0.08200660347938538
v -3.1144800186157227 12.578200340270996 0.09007079899311066
v -3.9027700424194336 14.44849967956543 0.09502319991588593
v -4.808780193328857 16.280099868774414 0.09606429934501648
v -5.847080230712891 18.044300079345703 0.09224420040845871
v -7.0343098640441895 19.705900192260742 0.08242910355329514
v -8.389309883117676 21.221500396728516 0.06526190042495728
v -9.932939529418945 22.536500930786133 0.039118099957704544
v -11.687399864196777 23.581600189208984 0.002063190098851919
v -13.674400329589844 24.268199920654297 -0.048173099756240845
v -15.911100387573242 24.482900619506836 -0.11416999995708466
v -18.40169906616211 24.08139991760254 -0.19866199791431427
v -21.122299194335938 22.88520050048828 -0.30410900712013245
v -23.994199752807617 20.689199447631836 -0.43174201250076294
v -26.846099853515625 17.29330062866211 -0.5797849893569946
v -29.37809944152832 12.584799766540527 -0.7408859729766846
v -31.174699783325195 6.674320220947266 -0.9001110196113586
v -31.83169937133789 0.01809759996831417 -1.036810040473938
v -30.55940055847168 0.10888399928808212 -6.237979888916016
v -30.01409912109375 -6.301730155944824 -6.243919849395752
v -28.51289939880371 -12.09589958190918 -6.0536298751831055
v -26.372299194335938 -16.878299713134766 -5.722330093383789
v -23.927000045776367 -20.5310001373291 -5.313379764556885
v -21.4281005859375 -23.126100540161133 -4.8767900466918945
v -19.026899337768555 -24.818300247192383 -4.4442901611328125
v -16.7987003326416 -25.776199340820312 -4.032949924468994
v -14.772000312805176 -26.151500701904297 -3.6504099369049072
v -12.94950008392334 -26.070499420166016 -3.298909902572632
v -11.321100234985352 -25.63479995727539 -2.9778599739074707
v -9.871370315551758 -24.924999237060547 -2.6853699684143066
v -8.583419799804688 -24.00510025024414 -2.4190399646759033
v -7.440659999847412 -22.92620086669922 -2.176379919052124
v -6.427760124206543 -21.729299545288086 -1.9550399780273438
v -5.530889987945557 -20.44770050048828 -1.7528599500656128
v -4.7377400398254395 -19.108999252319336 -1.5679500102996826
v -4.037469863891602 -17.73579978942871 -1.3986300230026245
v -3.4204800128936768 -16.347200393676758 -1.24344003200531
v -2.878340005874634 -14.959600448608398 -1.1011300086975098
v -2.403549909591675 -13.586700439453125 -0.9706130027770996
v -1.9894599914550781 -12.240500450134277 -0.8509500026702881
v -1.6301000118255615 -10.931400299072266 -0.7413349747657776
v -1.3201199769973755 -9.668370246887207 -0.6410710215568542
v -1.0546599626541138 -8.459489822387695 -0.5495610237121582
v -0.8292829990386963 -7.311709880828857 -0.4662869870662689
v -0.6399329900741577 -6.23121976852417 -0.3908039927482605
v -0.4828450083732605 -5.223470211029053 -0.32273098826408386
v -0.3545140027999878 -4.293260097503662 -0.26173898577690125
v -0.2516559958457947 -3.4448299407958984 -0.20754599571228027
v -0.1711689978837967 -2.681849956512451 -0.1599150002002716
v -0.11010300368070602 -2.007539987564087 -0.11864200234413147
v -0.06563570350408554 -1.424630045890808 -0.08355770260095596
v -0.03505120053887367 -0.9354299902915955 -0.05452309921383858
v -0.015716299414634705 -0.5418329834938049 -0.03142530098557472
v -0.005065069999545813 -0.24533900618553162 -0.014176599681377411
v -0.0005815839977003634 -0.04706110060214996 -0.0027127100620418787
v 0.0002150310028810054 0.05226150155067444 0.0030087800696492195
v -0.0002150310028810054 0.05226150155067444 0.0030087800696492195
v 0.0005815839977003634 -0.04706110060214996 -0.0027127100620418787
v 0.005065069999545813 -0.24533900618553162 -0.014176599681377411
v 0.015716299414634705 -0.5418329834938049 -0.03142530098557472
v 0.03505120053887367 -0.9354299902915955 -0.05452309921383858
v 0.06563570350408554 -1.424630045890808 -0.08355770260095596
v 0.11010300368070602 -2.007539987564087 -0.11864200234413147
v 0.1711689978837967 -2.681849956512451 -0.1599150002002716
v 0.2516559958457947 -3.4448299407958984 -0.20754599571228027
v 0.3545140027999878 -4.293260097503662 -0.26173898577690125
v 0.4828450083732605 -5.223470211029053 -0.32273098826408386
v 0.6399329900741577 -6.23121976852417 -0.3908039927482605
v 0.8292829990386963 -7.311709880828857 -0.4662869870662689
v 1.0546599626541138 -8.459489822387695 -0.5495610237121582
v 1.3201199769973755 -9.668370246887207 -0.6410710215568542
v 1.6301000118255615 -10.931400299072266 -0.7413349747657776
v 1.9894599914550781 -12.240500450134277 -0.8509500026702881
v 2.403549909591675 -13.586700439453125 -0.9706130027770996
v 2.878340005874634 -14.959600448608398 -1.1011300086975098
v 3.4204800128936768 -16.347200393676758 -1.24344003200531
v 4.037469863891602 -17.73579978942871 -1.3986300230026245
v 4.7377400398254395 -19.108999252319336 -1.5679500102996826
v 5.530889987945557 -20.44770050048828 -1.7528599500656128
v 6.427760124206543 -21.729299545288086 -1.9550399780273438
v 7.440659999847412 -22.92620086669922 -2.176379919052124
v 8.583419799804688 -24.00510025024414 -2.4190399646759033
v 9.871370315551758 -24.924999237060547 -2.6853699684143066
v 11.321100234985352 -25.63479995727539 -2.9778599739074707
v 12.94950008392334 -26.070499420166016 -3.298909902572632
v 14.772000312805176 -26.151500701904297 -3.6504099369049072
v 16.7987003326416 -25.776199340820312 -4.032949924468994
v 19.026899337768555 -24.818300247192383 -4.4442901611328125
v 21.4281005859375 -23.126100540161133 -4.8767900466918945
v 23.927000045776367 -20.5310001373291 -5.313379764556885
v 26.372299194335938 -16.878299713134766 -5.722330093383789
v 28.51289939880371 -12.09589958190918 -6.0536298751831055
v 30.01409912109375 -6.301730155944824 -6.243919849395752
v 30.55940055847168 0.10888399928808212 -6.237979888916016
v 30.01409912109375 6.5157999992370605 -6.0201897621154785
v 28.51289939880371 12.299799919128418 -5.627799987792969
v 26.372299194335938 17.067699432373047 -5.129799842834473
v 23.927000045776367 20.703899383544922 -4.593629837036133
v 21.4281005859375 23.28219985961914 -4.066740036010742
v 19.026899337768555 24.95829963684082 -3.575439929962158
v 16.7987003326416 25.901199340820312 -3.130919933319092
v 14.772000312805176 26.26300048828125 -2.7355198860168457
v 12.94950008392334 26.1697998046875 -2.387049913406372
v 11.321100234985352 25.723100662231445 -2.081399917602539
v 9.871370315551758 25.003599166870117 -1.8138600587844849
v 8.583419799804688 24.074899673461914 -1.579800009727478
v 7.440659999847412 22.98819923400879 -1.374940037727356
v 6.427760124206543 21.784299850463867 -1.1955000162124634
v 5.530889987945557 20.496400833129883 -1.0381799936294556
v 4.7377400398254395 19.152000427246094 -0.9001020193099976
v 4.037469863891602 17.773799896240234 -0.7788069844245911
v 3.4204800128936768 16.380699157714844 -0.672173023223877
v 2.878340005874634 14.988900184631348 -0.5783780217170715
v 2.403549909591675 13.612299919128418 -0.4958530068397522
v 1.9894599914550781 12.262700080871582 -0.42324501276016235
v 1.6301000118255615 10.950599670410156 -0.3593840003013611
v 1.3201199769973755 9.684849739074707 -0.3032599985599518
v 1.0546599626541138 8.473509788513184 -0.2539939880371094
v 0.8292829990386963 7.323530197143555 -0.2108280062675476
v 0.6399329900741577 6.24105978012085 -0.17309999465942383
v 0.4828450083732605 5.231550216674805 -0.14023800194263458
v 0.3545140027999878 4.299779891967773 -0.11174699664115906
v 0.2516559958457947 3.449970006942749 -0.0871971994638443
v 0.1711689978837967 2.685800075531006 -0.06622199714183807
v 0.11010300368070602 2.0104598999023438 -0.0485071986913681
v 0.06563570350408554 1.4266799688339233 -0.033787801861763
v 0.03505120053887367 0.9367629885673523 -0.02184380032122135
v 0.015716299414634705 0.5425999760627747 -0.01249650027602911
v 0.005065069999545813 0.24568399786949158 -0.005605809856206179
v 0.0005815839977003634 0.04712710157036781 -0.001068650046363473
v -0.0002150310028810054 -0.05233469977974892 0.0011830499861389399
v 0.0002150310028810054 -0.05233469977974892 0.0011830499861389399
v -0.0005815839977003634 0.04712710157036781 -0.001068650046363473
v -0.005065069999545813 0.24568399786949158 -0.005605809856206179
v -0.015716299414634705 0.5425999760627747 -0.01249650027602911
v -0.03505120053887367 0.9367629885673523 -0.02184380032122135
v -0.06563570350408554 1.4266799688339233 -0.033787801861763
v -0.11010300368070602 2.0104598999023438 -0.0485071986913681
v -0.1711689978837967 2.685800075531006 -0.06622199714183807
v -0.2516559958457947 3.449970006942749 -0.0871971994638443
v -0.3545140027999878 4.299779891967773 -0.11174699664115906
v -0.4828450083732605 5.231550216674805 -0.14023800194263458
v -0.6399329900741577 6.24105978012085 -0.17309999465942383
v -0.8292829990386963 7.323530197143555 -0.2108280062675476
v -1.0546599626541138 8.473509788513184 -0.2539939880371094
v -1.3201199769973755 9.684849739074707 -0.3032599985599518
v -1.6301000118255615 10.950599670410156 -0.3593840003013611
v -1.9894599914550781 12.262700080871582 -0.42324501276016235
v -2.403549909591675 13.612299919128418 -0.4958530068397522
v -2.878340005874634 14.988900184631348 -0.5783780217170715
v -3.4204800128936768 16.380699157714844 -0.672173023223877
v -4.037469863891602 17.773799896240234 -0.7788069844245911
v -4.7377400398254395 19.152000427246094 -0.9001020193099976
v -5.530889987945557 20.496400833129883 -1.0381799936294556
v -6.427760124206543 21.784299850463867 -1.1955000162124634
v -7.440659999847412 22.98819923400879 -1.374940037727356
v -8.583419799804688 24.074899673461914 -1.579800009727478
v -9.871370315551758 25.003599166870117 -1.8138600587844849
v -11.321100234985352 25.723100662231445 -2.081399917602539
v -12.94950008392334 26.1697998046875 -2.387049913406372
v -14.772000312805176 26.26300048828125 -2.7355198860168457
v -16.7987003326416 25.901199340820312 -3.130919933319092
v -19.026899337768555 24.95829963684082 -3.575439929962158
v -21.4281005859375 23.28219985961914 -4.066740036010742
v -23.927000045776367 20.703899383544922 -4.593629837036133
v -26.372299194335938 17.067699432373047 -5.129799842834473
v -28.51289939880371 12.299799919128418 -5.627799987792969
v -30.01409912109375 6.5157999992370605 -6.0201897621154785
v -30.55940055847168 0.10888399928808212 -6.237979888916016
v -24.546100616455078 0.3122189939022064 -17.886999130249023
v -24.262500762939453 -4.871779918670654 -17.786300659179688
v -23.459800720214844 -9.736709594726562 -17.330799102783203
v -22.2593994140625 -14.040599822998047 -16.599700927734375
v -20.8080997467041 -17.661500930786133 -15.691399574279785
v -19.23710060119629 -20.581300735473633 -14.695099830627441
v -17.64419937133789 -22.847999572753906 -13.677399635314941
v -16.09320068359375 -24.5398006439209 -12.68220043182373
v -14.621199607849121 -25.742700576782227 -11.734999656677246
v -13.246500015258789 -26.53809928894043 -10.848299980163574
v -11.976200103759766 -26.99810028076172 -10.027199745178223
v -10.809900283813477 -27.18429946899414 -9.27163028717041
v -9.743780136108398 -27.148500442504883 -8.57898998260498
v -8.771869659423828 -26.93400001525879 -7.94543981552124
v -7.88739013671875 -26.576900482177734 -7.366569995880127
v -7.083409786224365 -26.107200622558594 -6.837930202484131
v -6.353179931640625 -25.55030059814453 -6.35522985458374
v -5.6903300285339355 -24.927600860595703 -5.9145002365112305
v -5.088930130004883 -24.257200241088867 -5.51209020614624
v -4.543529987335205 -23.55459976196289 -5.144750118255615
v -4.049099922180176 -22.833099365234375 -4.809529781341553
v -3.601059913635254 -22.104400634765625 -4.503859996795654
v -3.195189952850342 -21.378299713134766 -4.225430011749268
v -2.827620029449463 -20.663700103759766 -3.972209930419922
v -2.4947800636291504 -19.96820068359375 -3.7424299716949463
v -2.1933701038360596 -19.298599243164062 -3.5344998836517334
v -1.9203100204467773 -18.66069984436035 -3.3470699787139893
v -1.672719955444336 -18.05970001220703 -3.178920030593872
v -1.447890043258667 -17.500200271606445 -3.029010057449341
v -1.243280053138733 -16.986099243164062 -2.896430015563965
v -1.056439995765686 -16.520999908447266 -2.780400037765503
v -0.8850730061531067 -16.10770034790039 -2.6802399158477783
v -0.7269309759140015 -15.74899959564209 -2.5953800678253174
v -0.5798649787902832 -15.446800231933594 -2.525360107421875
v -0.4417800009250641 -15.203100204467773 -2.469789981842041
v -0.31063300371170044 -15.019000053405762 -2.4283699989318848
v -0.18441499769687653 -14.89579963684082 -2.4008800983428955
v -0.06114489957690239 -14.833999633789062 -2.3871700763702393
v 0.06114489957690239 -14.833999633789062 -2.3871700763702393
v 0.18441499769687653 -14.89579963684082 -2.4008800983428955
v 0.31063300371170044 -15.019000053405762 -2.4283699989318848
v 0.4417800009250641 -15.203100204467773 -2.469789981842041
v 0.5798649787902832 -15.446800231933594 -2.525360107421875
v 0.7269309759140015 -15.74899959564209 -2.5953800678253174
v 0.8850730061531067 -16.10770034790039 -2.6802399158477783
v 1.056439995765686 -16.520999908447266 -2.780400037765503
v 1.243280053138733 -16.986099243164062 -2.896430015563965
v 1.447890043258667 -17.500200271606445 -3.029010057449341
v 1.672719955444336 -18.05970001220703 -3.178920030593872
v 1.9203100204467773 -18.66069984436035 -3.3470699787139893
v 2.1933701038360596 -19.298599243164062 -3.5344998836517334
v 2.4947800636291504 -19.96820068359375 -3.7424299716949463
v 2.827620029449463 -20.663700103759766 -3.972209930419922
v 3.195189952850342 -21.378299713134766 -4.225430011749268
v 3.601059913635254 -22.104400634765625 -4.503859996795654
v 4.049099922180176 -22.833099365234375 -4.809529781341553
v 4.543529987335205 -23.55459976196289 -5.144750118255615
v 5.088930130004883 -24.257200241088867 -5.51209020614624
v 5.6903300285339355 -24.927600860595703 -5.9145002365112305
v 6.353179931640625 -25.55030059814453 -6.35522985458374
v 7.083409786224365 -26.107200622558594 -6.837930202484131
v 7.88739013671875 -26.576900482177734 -7.366569995880127
v 8.771869659423828 -26.93400001525879 -7.94543981552124
v 9.743780136108398 -27.148500442504883 -8.57898998260498
v 10.809900283813477 -27.18429946899414 -9.27163028717041
v 11.976200103759766 -26.99810028076172 -10.027199745178223
v 13.246500015258789 -26.53809928894043 -10.848299980163574
v 14.621199607849121 -25.742700576782227 -11.734999656677246
v 16.09320068359375 -24.5398006439209 -12.68220043182373
v 17.64419937133789 -22.847999572753906 -13.677399635314941
v 19.23710060119629 -20.581300735473633 -14.695099830627441
v 20.8080997467041 -17.661500930786133 -15.691399574279785
v 22.2593994140625 -14.040599822998047 -16.599700927734375
v 23.459800720214844 -9.736709594726562 -17.330799102783203
v 24.262500762939453 -4.871779918670654 -17.786300659179688
v 24.546100616455078 0.3122189939022064 -17.886999130249023
v 24.262500762939453 5.489540100097656 -17.605499267578125
v 23.459800720214844 10.335599899291992 -16.98040008544922
v 22.2593994140625 14.61139965057373 -16.099599838256836
v 20.8080997467041 18.198299407958984 -15.065500259399414
v 19.23710060119629 21.081600189208984 -13.96780014038086
v 17.64419937133789 23.311399459838867 -12.871700286865234
v 16.09320068359375 24.96739959716797 -11.818099975585938
v 14.621199607849121 26.136499404907227 -10.829400062561035
v 13.246500015258789 26.90049934387207 -9.915579795837402
v 11.976200103759766 27.331600189208984 -9.078900337219238
v 10.809900283813477 27.491300582885742 -8.317270278930664
v 9.743780136108398 27.431400299072266 -7.626299858093262
v 8.771869659423828 27.194900512695312 -7.000609874725342
v 7.88739013671875 26.817800521850586 -6.4345598220825195
v 7.083409786224365 26.329999923706055 -5.9226298332214355
v 6.353179931640625 25.75659942626953 -5.459670066833496
v 5.6903300285339355 25.118799209594727 -5.040939807891846
v 5.088930130004883 24.434799194335938 -4.662169933319092
v 4.543529987335205 23.71980094909668 -4.319570064544678
v 4.049099922180176 22.98710060119629 -4.009739875793457
v 3.601059913635254 22.24810028076172 -3.729680061340332
v 3.195189952850342 21.512800216674805 -3.476759910583496
v 2.827620029449463 20.7898006439209 -3.2486400604248047
v 2.4947800636291504 20.086700439453125 -3.043260097503662
v 2.1933701038360596 19.410200119018555 -2.858839988708496
v 1.9203100204467773 18.76609992980957 -2.693779945373535
v 1.672719955444336 18.15959930419922 -2.5467100143432617
v 1.447890043258667 17.595199584960938 -2.4164199829101562
v 1.243280053138733 17.076799392700195 -2.3018600940704346
v 1.056439995765686 16.607900619506836 -2.202130079269409
v 0.8850730061531067 16.191499710083008 -2.116450071334839
v 0.7269309759140015 15.829999923706055 -2.0441699028015137
v 0.5798649787902832 15.52560043334961 -1.9847300052642822
v 0.4417800009250641 15.279999732971191 -1.9377100467681885
v 0.31063300371170044 15.094599723815918 -1.9027299880981445
v 0.18441499769687653 14.970499992370605 -1.8795599937438965
v 0.06114489957690239 14.908300399780273 -1.8680200576782227
v -0.06114489957690239 14.908300399780273 -1.8680200576782227
v -0.18441499769687653 14.970499992370605 -1.8795599937438965
v -0.31063300371170044 15.094599723815918 -1.9027299880981445
v -0.4417800009250641 15.279999732971191 -1.9377100467681885
v -0.5798649787902832 15.52560043334961 -1.9847300052642822
v -0.7269309759140015 15.829999923706055 -2.0441699028015137
v -0.8850730061531067 16.191499710083008 -2.116450071334839
v -1.056439995765686 16.607900619506836 -2.202130079269409
v -1.243280053138733 17.076799392700195 -2.3018600940704346
v -1.447890043258667 17.595199584960938 -2.4164199829101562
v -1.672719955444336 18.15959930419922 -2.5467100143432617
v -1.9203100204467773 18.76609992980957 -2.693779945373535
v -2.1933701038360596 19.410200119018555 -2.858839988708496
v -2.4947800636291504 20.086700439453125 -3.043260097503662
v -2.827620029449463 20.7898006439209 -3.2486400604248047
v -3.195189952850342 21.512800216674805 -3.476759910583496
v -3.601059913635254 22.24810028076172 -3.729680061340332
v -4.049099922180176 22.98710060119629 -4.009739875793457
v -4.543529987335205 23.71980094909668 -4.319570064544678
v -5.088930130004883 24.434799194335938 -4.662169933319092
v -5.6903300285339355 25.118799209594727 -5.040939807891846
v -6.353179931640625 25.75659942626953 -5.459670066833496
v -7.083409786224365 26.329999923706055 -5.9226298332214355
v -7.88739013671875 26.817800521850586 -6.4345598220825195
v -8.771869659423828 27.194900512695312 -7.000609874725342
v -9.743780136108398 27.431400299072266 -7.626299858093262
v -10.809900283813477 27.491300582885742 -8.317270278930664
v -11.976200103759766 27.331600189208984 -9.078900337219238
v -13.246500015258789 26.90049934387207 -9.915579795837402
v -14.621199607849121 26.136499404907227 -10.829400062561035
v -16.09320068359375 24.96739959716797 -11.818099975585938
v -17.64419937133789 23.311399459838867 -12.871700286865234
v -19.23710060119629 21.081600189208984 -13.96780014038086
v -20.8080997467041 18.198299407958984 -15.065500259399414
v -22.2593994140625 14.61139965057373 -16.099599838256836
v -23.459800720214844 10.335599899291992 -16.98040008544922
v -24.262500762939453 5.489540100097656 -17.605499267578125
v -24.546100616455078 0.3122189939022064 -17.886999130249023
v -14.274399757385254 0.4896009862422943 -28.0492000579834
v -14.206899642944336 -2.5458199977874756 -27.994199752807617
v -14.00879955291748 -5.51078987121582 -27.72879981994629
v -13.691499710083008 -8.338370323181152 -27.271499633789062
v -13.272299766540527 -10.974699974060059 -26.650100708007812
v -12.771499633789062 -13.382200241088867 -25.898099899291992
v -12.210000038146973 -15.53909969329834 -25.049800872802734
v -11.607600212097168 -17.438199996948242 -24.13759994506836
v -10.981499671936035 -19.083599090576172 -23.189800262451172
v -10.346099853515625 -20.487300872802734 -22.229999542236328
v -9.712770462036133 -21.666200637817383 -21.276399612426758
v -9.090060234069824 -22.640300750732422 -20.343000411987305
v -8.48429012298584 -23.430299758911133 -19.439699172973633
v -7.899819850921631 -24.057100296020508 -18.57349967956543
v -7.339469909667969 -24.54050064086914 -17.748699188232422
v -6.804880142211914 -24.899200439453125 -16.967899322509766
v -6.296820163726807 -25.150299072265625 -16.232200622558594
v -5.81535005569458 -25.309499740600586 -15.541899681091309
v -5.360099792480469 -25.39109992980957 -14.896300315856934
v -4.930309772491455 -25.407699584960938 -14.294500350952148
v -4.525000095367432 -25.370800018310547 -13.735199928283691
v -4.1429901123046875 -25.290700912475586 -13.217100143432617
v -3.7830300331115723 -25.17650032043457 -12.73840045928955
v -3.443779945373535 -25.036300659179688 -12.297800064086914
v -3.123850107192993 -24.877500534057617 -11.893699645996094
v -2.821850061416626 -24.706499099731445 -11.524499893188477
v -2.536370038986206 -24.52910041809082 -11.18910026550293
v -2.266010046005249 -24.350299835205078 -10.88599967956543
v -2.0093801021575928 -24.174699783325195 -10.6141996383667
v -1.7651000022888184 -24.006200790405273 -10.3725004196167
v -1.5318299531936646 -23.84830093383789 -10.15999984741211
v -1.3082200288772583 -23.703800201416016 -9.975899696350098
v -1.0929499864578247 -23.57550048828125 -9.819430351257324
v -0.8847000002861023 -23.46540069580078 -9.689979553222656
v -0.6821810007095337 -23.375200271606445 -9.587019920349121
v -0.4841049909591675 -23.306400299072266 -9.510169982910156
v -0.28919801115989685 -23.260000228881836 -9.459099769592285
v -0.09618840366601944 -23.236600875854492 -9.433609962463379
v 0.09618840366601944 -23.236600875854492 -9.433609962463379
v 0.28919801115989685 -23.260000228881836 -9.459099769592285
v 0.4841049909591675 -23.306400299072266 -9.510169982910156
v 0.6821810007095337 -23.375200271606445 -9.587019920349121
v 0.8847000002861023 -23.46540069580078 -9.689979553222656
v 1.0929499864578247 -23.57550048828125 -9.819430351257324
v 1.3082200288772583 -23.703800201416016 -9.975899696350098
v 1.5318299531936646 -23.84830093383789 -10.15999984741211
v 1.7651000022888184 -24.006200790405273 -10.3725004196167
v 2.0093801021575928 -24.174699783325195 -10.6141996383667
v 2.266010046005249 -24.350299835205078 -10.88599967956543
v 2.536370038986206 -24.52910041809082 -11.18910026550293
v 2.821850061416626 -24.706499099731445 -11.524499893188477
v 3.123850107192993 -24.877500534057617 -11.893699645996094
v 3.443779945373535 -25.036300659179688 -12.297800064086914
v 3.7830300331115723 -25.17650032043457 -12.73840045928955
v 4.1429901123046875 -25.290700912475586 -13.217100143432617
v 4.525000095367432 -25.370800018310547 -13.735199928283691
v 4.930309772491455 -25.407699584960938 -14.294500350952148
v 5.360099792480469 -25.39109992980957 -14.896300315856934
v 5.81535005569458 -25.309499740600586 -15.541899681091309
v 6.296820163726807 -25.150299072265625 -16.232200622558594
v 6.804880142211914 -24.899200439453125 -16.967899322509766
v 7.339469909667969 -24.54050064086914 -17.748699188232422
v 7.899819850921631 -24.057100296020508 -18.57349967956543
v 8.48429012298584 -23.430299758911133 -19.439699172973633
v 9.090060234069824 -22.640300750732422 -20.343000411987305
v 9.712770462036133 -21.666200637817383 -21.276399612426758
v 10.346099853515625 -20.487300872802734 -22.229999542236328
v 10.981499671936035 -19.083599090576172 -23.189800262451172
v 11.607600212097168 -17.438199996948242 -24.13759994506836
v 12.210000038146973 -15.53909969329834 -25.049800872802734
v 12.771499633789062 -13.382200241088867 -25.898099899291992
v 13.272299766540527 -10.974699974060059 -26.650100708007812
v 13.691499710083008 -8.338370323181152 -27.271499633789062
v 14.00879955291748 -5.51078987121582 -27.72879981994629
v 14.206899642944336 -2.5458199977874756 -27.994199752807617
v 14.274399757385254 0.4896009862422943 -28.0492000579834
v 14.206899642944336 3.521250009536743 -27.8882999420166
v 14.00879955291748 6.475150108337402 -27.51959991455078
v 13.691499710083008 9.285059928894043 -26.96380043029785
v 13.272299766540527 11.898099899291992 -26.250900268554688
v 12.771499633789062 14.277799606323242 -25.415300369262695
v 12.210000038146973 16.403799057006836 -24.49220085144043
v 11.607600212097168 18.270000457763672 -23.514299392700195
v 10.981499671936035 19.88129997253418 -22.509700775146484
v 10.346099853515625 21.250600814819336 -21.501399993896484
v 9.712770462036133 22.395599365234375 -20.507299423217773
v 9.090060234069824 23.33650016784668 -19.5403995513916
v 8.48429012298584 24.094499588012695 -18.610200881958008
v 7.899819850921631 24.69070053100586 -17.72260093688965
v 7.339469909667969 25.145000457763672 -16.881500244140625
v 6.804880142211914 25.476200103759766 -16.088600158691406
v 6.296820163726807 25.701499938964844 -15.344599723815918
v 5.81535005569458 25.83650016784668 -14.649100303649902
v 5.360099792480469 25.89550018310547 -14.001099586486816
v 4.930309772491455 25.89109992980957 -13.399100303649902
v 4.525000095367432 25.834699630737305 -12.841500282287598
v 4.1429901123046875 25.736499786376953 -12.326399803161621
v 3.7830300331115723 25.60569953918457 -11.85200023651123
v 3.443779945373535 25.450199127197266 -11.416600227355957
v 3.123850107192993 25.27739906311035 -11.018199920654297
v 2.821850061416626 25.093700408935547 -10.65530014038086
v 2.536370038986206 24.904600143432617 -10.326199531555176
v 2.266010046005249 24.71540069580078 -10.029600143432617
v 2.0093801021575928 24.530399322509766 -9.764030456542969
v 1.7651000022888184 24.353599548339844 -9.528369903564453
v 1.5318299531936646 24.18829917907715 -9.32153034210205
v 1.3082200288772583 24.037599563598633 -9.142569541931152
v 1.0929499864578247 23.903799057006836 -8.990679740905762
v 0.8847000002861023 23.7893009185791 -8.865139961242676
v 0.6821810007095337 23.695600509643555 -8.765399932861328
v 0.4841049909591675 23.624099731445312 -8.690990447998047
v 0.28919801115989685 23.575899124145508 -8.641570091247559
v 0.09618840366601944 23.551700592041016 -8.616920471191406
v -0.09618840366601944 23.551700592041016 -8.616920471191406
v -0.28919801115989685 23.575899124145508 -8.641570091247559
v -0.4841049909591675 23.624099731445312 -8.690990447998047
v -0.6821810007095337 23.695600509643555 -8.765399932861328
v -0.8847000002861023 23.7893009185791 -8.865139961242676
v -1.0929499864578247 23.903799057006836 -8.990679740905762
v -1.3082200288772583 24.037599563598633 -9.142569541931152
v -1.5318299531936646 24.18829917907715 -9.32153034210205
v -1.7651000022888184 24.353599548339844 -9.528369903564453
v -2.0093801021575928 24.530399322509766 -9.764030456542969
v -2.266010046005249 24.71540069580078 -10.029600143432617
v -2.536370038986206 24.904600143432617 -10.326199531555176
v -2.821850061416626 25.093700408935547 -10.65530014038086
v -3.123850107192993 25.27739906311035 -11.018199920654297
v -3.443779945373535 25.450199127197266 -11.416600227355957
v -3.7830300331115723 25.60569953918457 -11.85200023651123
v -4.1429901123046875 25.736499786376953 -12.326399803161621
v -4.525000095367432 25.834699630737305 -12.841500282287598
v -4.930309772491455 25.89109992980957 -13.399100303649902
v -5.360099792480469 25.89550018310547 -14.001099586486816
v -5.81535005569458 25.83650016784668 -14.649100303649902
v -6.296820163726807 25.701499938964844 -15.344599723815918
v -6.804880142211914 25.476200103759766 -16.088600158691406
v -7.339469909667969 25.145000457763672 -16.881500244140625
v -7.899819850921631 24.69070053100586 -17.72260093688965
v -8.48429012298584 24.094499588012695 -18.610200881958008
v -9.090060234069824 23.33650016784668 -19.5403995513916
v -9.712770462036133 22.395599365234375 -20.507299423217773
v -10.346099853515625 21.250600814819336 -21.501399993896484
v -10.981499671936035 19.88129997253418 -22.509700775146484
v -11.607600212097168 18.270000457763672 -23.514299392700195
v -12.210000038146973 16.403799057006836 -24.49220085144043
v -12.771499633789062 14.277799606323242 -25.415300369262695
v -13.272299766540527 11.898099899291992 -26.250900268554688
v -13.691499710083008 9.285059928894043 -26.96380043029785
v -14.00879955291748 6.475150108337402 -27.51959991455078
v -14.206899642944336 3.521250009536743 -27.8882999420166
v -14.274399757385254 0.4896009862422943 -28.0492000579834
v -6.915369987487793 0.5430020093917847 -31.108600616455078
v -6.901679992675781 -0.9312790036201477 -31.100000381469727
v -6.860889911651611 -2.394479990005493 -31.023399353027344
v -6.793729782104492 -3.834700107574463 -30.880599975585938
v -6.701389789581299 -5.240779876708984 -30.674999237060547
v -6.585470199584961 -6.602630138397217 -30.410900115966797
v -6.447879791259766 -7.911499977111816 -30.093599319458008
v -6.290760040283203 -9.160070419311523 -29.729299545288086
v -6.116399765014648 -10.342599868774414 -29.324399948120117
v -5.927149772644043 -11.454999923706055 -28.88559913635254
v -5.725379943847656 -12.494400024414062 -28.41950035095215
v -5.513350009918213 -13.459699630737305 -27.93269920349121
v -5.293240070343018 -14.350799560546875 -27.431299209594727
v -5.067049980163574 -15.168600082397461 -26.921100616455078
v -4.836599826812744 -15.914999961853027 -26.407400131225586
v -4.603529930114746 -16.59269905090332 -25.895000457763672
v -4.369269847869873 -17.20490074157715 -25.38789939880371
v -4.135049819946289 -17.7549991607666 -24.890100479125977
v -3.9019100666046143 -18.24679946899414 -24.404499053955078
v -3.670720100402832 -18.684499740600586 -23.934099197387695
v -3.44215989112854 -19.072099685668945 -23.48110008239746
v -3.216789960861206 -19.41349983215332 -23.047500610351562
v -2.994990110397339 -19.712900161743164 -22.634899139404297
v -2.777050018310547 -19.974000930786133 -22.244600296020508
v -2.5631299018859863 -20.20050048828125 -21.877599716186523
v -2.353300094604492 -20.395999908447266 -21.534900665283203
v -2.1475300788879395 -20.56369972229004 -21.217199325561523
v -1.9457299709320068 -20.706600189208984 -20.92490005493164
v -1.7477400302886963 -20.827600479125977 -20.65839958190918
v -1.5533499717712402 -20.92919921875 -20.418100357055664
v -1.3622900247573853 -21.0137996673584 -20.204200744628906
v -1.1742500066757202 -21.08329963684082 -20.016799926757812
v -0.988897979259491 -21.13949966430664 -19.856000900268555
v -0.8058609962463379 -21.184099197387695 -19.722000122070312
v -0.6247509717941284 -21.21820068359375 -19.614700317382812
v -0.4451560080051422 -21.243000030517578 -19.534299850463867
v -0.26665401458740234 -21.259000778198242 -19.480600357055664
v -0.08881119638681412 -21.26689910888672 -19.453800201416016
v 0.08881119638681412 -21.26689910888672 -19.453800201416016
v 0.26665401458740234 -21.259000778198242 -19.480600357055664
v 0.4451560080051422 -21.243000030517578 -19.534299850463867
v 0.6247509717941284 -21.21820068359375 -19.614700317382812
v 0.8058609962463379 -21.184099197387695 -19.722000122070312
v 0.988897979259491 -21.13949966430664 -19.856000900268555
v 1.1742500066757202 -21.08329963684082 -20.016799926757812
v 1.3622900247573853 -21.0137996673584 -20.204200744628906
v 1.5533499717712402 -20.92919921875 -20.418100357055664
v 1.7477400302886963 -20.827600479125977 -20.65839958190918
v 1.9457299709320068 -20.706600189208984 -20.92490005493164
v 2.1475300788879395 -20.56369972229004 -21.217199325561523
v 2.353300094604492 -20.395999908447266 -21.534900665283203
v 2.5631299018859863 -20.20050048828125 -21.877599716186523
v 2.777050018310547 -19.974000930786133 -22.244600296020508
v 2.994990110397339 -19.712900161743164 -22.634899139404297
v 3.216789960861206 -19.41349983215332 -23.047500610351562
v 3.44215989112854 -19.072099685668945 -23.48110008239746
v 3.670720100402832 -18.684499740600586 -23.934099197387695
v 3.9019100666046143 -18.24679946899414 -24.404499053955078
v 4.135049819946289 -17.7549991607666 -24.890100479125977
v 4.369269847869873 -17.20490074157715 -25.38789939880371
v 4.603529930114746 -16.59269905090332 -25.895000457763672
v 4.836599826812744 -15.914999961853027 -26.407400131225586
v 5.067049980163574 -15.168600082397461 -26.921100616455078
v 5.293240070343018 -14.350799560546875 -27.431299209594727
v 5.513350009918213 -13.459699630737305 -27.93269920349121
v 5.725379943847656 -12.494400024414062 -28.41950035095215
v 5.927149772644043 -11.454999923706055 -28.88559913635254
v 6.116399765014648 -10.342599868774414 -29.324399948120117
v 6.290760040283203 -9.160070419311523 -29.729299545288086
v 6.447879791259766 -7.911499977111816 -30.093599319458008
v 6.585470199584961 -6.602630138397217 -30.410900115966797
v 6.701389789581299 -5.240779876708984 -30.674999237060547
v 6.793729782104492 -3.834700107574463 -30.880599975585938
v 6.860889911651611 -2.394479990005493 -31.023399353027344
v 6.901679992675781 -0.9312790036201477 -31.100000381469727
v 6.915369987487793 0.5430020093917847 -31.108600616455078
v 6.901679992675781 2.016089916229248 -31.048500061035156
v 6.860889911651611 3.475719928741455 -30.920900344848633
v 6.793729782104492 4.9100799560546875 -30.72800064086914
v 6.701389789581299 6.308129787445068 -30.473400115966797
v 6.585470199584961 7.659939765930176 -30.16189956665039
v 6.447879791259766 8.956930160522461 -29.7992000579834
v 6.290760040283203 10.192000389099121 -29.39150047302246
v 6.116399765014648 11.359700202941895 -28.945600509643555
v 5.927149772644043 12.456100463867188 -28.46820068359375
v 5.725379943847656 13.478599548339844 -27.966100692749023
v 5.513350009918213 14.426400184631348 -27.445899963378906
v 5.293240070343018 15.299400329589844 -26.913799285888672
v 5.067049980163574 16.098899841308594 -26.37540054321289
v 4.836599826812744 16.826900482177734 -25.835899353027344
v 4.603529930114746 17.486400604248047 -25.300100326538086
v 4.369269847869873 18.080400466918945 -24.77199935913086
v 4.135049819946289 18.61280059814453 -24.255300521850586
v 3.9019100666046143 19.087400436401367 -23.752899169921875
v 3.670720100402832 19.508399963378906 -23.267499923706055
v 3.44215989112854 19.879899978637695 -22.80120086669922
v 3.216789960861206 20.206100463867188 -22.355899810791016
v 2.994990110397339 20.490800857543945 -21.9330997467041
v 2.777050018310547 20.73819923400879 -21.533899307250977
v 2.5631299018859863 20.95170021057129 -21.159299850463867
v 2.353300094604492 21.135099411010742 -20.809999465942383
v 2.1475300788879395 21.29159927368164 -20.486600875854492
v 1.9457299709320068 21.4242000579834 -20.18950080871582
v 1.7477400302886963 21.535900115966797 -19.918899536132812
v 1.5533499717712402 21.628999710083008 -19.675199508666992
v 1.3622900247573853 21.706100463867188 -19.458499908447266
v 1.1742500066757202 21.768999099731445 -19.268800735473633
v 0.988897979259491 21.819599151611328 -19.106199264526367
v 0.8058609962463379 21.859500885009766 -18.970699310302734
v 0.6247509717941284 21.88990020751953 -18.862300872802734
v 0.4451560080051422 21.911699295043945 -18.7810001373291
v 0.26665401458740234 21.925899505615234 -18.7268009185791
v 0.08881119638681412 21.932899475097656 -18.699800491333008
v -0.08881119638681412 21.932899475097656 -18.699800491333008
v -0.26665401458740234 21.925899505615234 -18.7268009185791
v -0.4451560080051422 21.911699295043945 -18.7810001373291
v -0.6247509717941284 21.88990020751953 -18.862300872802734
v -0.8058609962463379 21.859500885009766 -18.970699310302734
v -0.988897979259491 21.819599151611328 -19.106199264526367
v -1.1742500066757202 21.768999099731445 -19.268800735473633
v -1.3622900247573853 21.706100463867188 -19.458499908447266
v -1.5533499717712402 21.628999710083008 -19.675199508666992
v -1.7477400302886963 21.535900115966797 -19.918899536132812
v -1.9457299709320068 21.4242000579834 -20.18950080871582
v -2.1475300788879395 21.29159927368164 -20.486600875854492
v -2.353300094604492 21.135099411010742 -20.809999465942383
v -2.5631299018859863 20.95170021057129 -21.159299850463867
v -2.777050018310547 20.73819923400879 -21.533899307250977
v -2.994990110397339 20.490800857543945 -21.9330997467041
v -3.216789960861206 20.206100463867188 -22.355899810791016
v -3.44215989112854 19.879899978637695 -22.80120086669922
v -3.670720100402832 19.508399963378906 -23.267499923706055
v -3.9019100666046143 19.087400436401367 -23.752899169921875
v -4.135049819946289 18.61280059814453 -24.255300521850586
v -4.369269847869873 18.080400466918945 -24.77199935913086
v -4.603529930114746 17.486400604248047 -25.300100326538086
v -4.836599826812744 16.826900482177734 -25.835899353027344
v -5.067049980163574 16.098899841308594 -26.37540054321289
v -5.293240070343018 15.299400329589844 -26.913799285888672
v -5.513350009918213 14.426400184631348 -27.445899963378906
v -5.725379943847656 13.478599548339844 -27.966100692749023
v -5.927149772644043 12.456100463867188 -28.46820068359375
v -6.116399765014648 11.359700202941895 -28.945600509643555
v -6.290760040283203 10.192000389099121 -29.39150047302246
v -6.447879791259766 8.956930160522461 -29.7992000579834
v -6.585470199584961 7.659939765930176 -30.16189956665039
v -6.701389789581299 6.308129787445068 -30.473400115966797
v -6.793729782104492 4.9100799560546875 -30.72800064086914
v -6.860889911651611 3.475719928741455 -30.920900344848633
v -6.901679992675781 2.016089916229248 -31.048500061035156
v -6.915369987487793 0.5430020093917847 -31.108600616455078
v -3.2212300300598145 0.5247430205345154 -30.0625
v -3.2173399925231934 -0.16241399943828583 -30.06450080871582
v -3.2056899070739746 -0.8473520278930664 -30.04669952392578
v -3.1863698959350586 -1.5275299549102783 -30.009300231933594
v -3.1595098972320557 -2.2004899978637695 -29.952800750732422
v -3.1252899169921875 -2.863830089569092 -29.87779998779297
v -3.0839500427246094 -3.515320062637329 -29.78529930114746
v -3.035759925842285 -4.152830123901367 -29.67609977722168
v -2.981019973754883 -4.774439811706543 -29.551599502563477
v -2.920069932937622 -5.378399848937988 -29.413000106811523
v -2.85329008102417 -5.9631500244140625 -29.261600494384766
v -2.7810399532318115 -6.527359962463379 -29.099000930786133
v -2.7037301063537598 -7.0698699951171875 -28.926700592041016
v -2.6217501163482666 -7.589759826660156 -28.746200561523438
v -2.5355000495910645 -8.086310386657715 -28.559200286865234
v -2.4453799724578857 -8.558979988098145 -28.367300033569336
v -2.351789951324463 -9.00741958618164 -28.172000885009766
v -2.255079984664917 -9.431449890136719 -27.974899291992188
v -2.155630111694336 -9.831040382385254 -27.77739906311035
v -2.053760051727295 -10.206299781799316 -27.581100463867188
v -1.9498100280761719 -10.557499885559082 -27.38719940185547
v -1.8440500497817993 -10.884900093078613 -27.197200775146484
v -1.7367700338363647 -11.188899993896484 -27.012300491333008
v -1.6282000541687012 -11.470100402832031 -26.833499908447266
v -1.5185699462890625 -11.729000091552734 -26.662099838256836
v -1.408079981803894 -11.966099739074707 -26.498899459838867
v -1.2968800067901611 -12.182100296020508 -26.344900131225586
v -1.1851500272750854 -12.3774995803833 -26.201000213623047
v -1.0729899406433105 -12.553000450134277 -26.067899703979492
v -0.9605100154876709 -12.708999633789062 -25.946199417114258
v -0.8478059768676758 -12.846199989318848 -25.836599349975586
v -0.7349420189857483 -12.96500015258789 -25.739500045776367
v -0.6219710111618042 -13.065999984741211 -25.655500411987305
v -0.5089340209960938 -13.149499893188477 -25.58489990234375
v -0.3958590030670166 -13.215800285339355 -25.528099060058594
v -0.2827639877796173 -13.265299797058105 -25.485300064086914
v -0.1696610003709793 -13.298199653625488 -25.456600189208984
v -0.05655369907617569 -13.314599990844727 -25.44219970703125
v 0.05655369907617569 -13.314599990844727 -25.44219970703125
v 0.1696610003709793 -13.298199653625488 -25.456600189208984
v 0.2827639877796173 -13.265299797058105 -25.485300064086914
v 0.3958590030670166 -13.215800285339355 -25.528099060058594
v 0.5089340209960938 -13.149499893188477 -25.58489990234375
v 0.6219710111618042 -13.065999984741211 -25.655500411987305
v 0.7349420189857483 -12.96500015258789 -25.739500045776367
v 0.8478059768676758 -12.846199989318848 -25.836599349975586
v 0.9605100154876709 -12.708999633789062 -25.946199417114258
v 1.0729899406433105 -12.553000450134277 -26.067899703979492
v 1.1851500272750854 -12.3774995803833 -26.201000213623047
v 1.2968800067901611 -12.182100296020508 -26.344900131225586
v 1.408079981803894 -11.966099739074707 -26.498899459838867
v 1.5185699462890625 -11.729000091552734 -26.662099838256836
v 1.6282000541687012 -11.470100402832031 -26.833499908447266
v 1.7367700338363647 -11.188899993896484 -27.012300491333008
v 1.8440500497817993 -10.884900093078613 -27.197200775146484
v 1.9498100280761719 -10.557499885559082 -27.38719940185547
v 2.053760051727295 -10.206299781799316 -27.581100463867188
v 2.155630111694336 -9.831040382385254 -27.77739906311035
v 2.255079984664917 -9.431449890136719 -27.974899291992188
v 2.351789951324463 -9.00741958618164 -28.172000885009766
v 2.4453799724578857 -8.558979988098145 -28.367300033569336
v 2.5355000495910645 -8.086310386657715 -28.559200286865234
v 2.6217501163482666 -7.589759826660156 -28.746200561523438
v 2.7037301063537598 -7.0698699951171875 -28.926700592041016
v 2.7810399532318115 -6.527359962463379 -29.099000930786133
v 2.85329008102417 -5.9631500244140625 -29.261600494384766
v 2.920069932937622 -5.378399848937988 -29.413000106811523
v 2.981019973754883 -4.774439811706543 -29.551599502563477
v 3.035759925842285 -4.152830123901367 -29.67609977722168
v 3.0839500427246094 -3.515320062637329 -29.78529930114746
v 3.1252899169921875 -2.863830089569092 -29.87779998779297
v 3.1595098972320557 -2.2004899978637695 -29.952800750732422
v 3.1863698959350586 -1.5275299549102783 -30.009300231933594
v 3.2056899070739746 -0.8473520278930664 -30.04669952392578
v 3.2173399925231934 -0.16241399943828583 -30.06450080871582
v 3.2212300300598145 0.5247430205345154 -30.0625
v 3.2173399925231934 1.211549997329712 -30.04050064086914
v 3.2056899070739746 1.8954499959945679 -29.99880027770996
v 3.1863698959350586 2.5739099979400635 -29.937700271606445
v 3.1595098972320557 3.2444798946380615 -29.85770034790039
v 3.1252899169921875 3.9048099517822266 -29.759700775146484
v 3.0839500427246094 4.55265998840332 -29.644399642944336
v 3.035759925842285 5.185979843139648 -29.513099670410156
v 2.981019973754883 5.80286979675293 -29.367000579833984
v 2.920069932937622 6.401619911193848 -29.207300186157227
v 2.85329008102417 6.980740070343018 -29.03569984436035
v 2.7810399532318115 7.538919925689697 -28.853500366210938
v 2.7037301063537598 8.075090408325195 -28.66230010986328
v 2.6217501163482666 8.588370323181152 -28.46380043029785
v 2.5355000495910645 9.078080177307129 -28.259599685668945
v 2.4453799724578857 9.543769836425781 -28.051300048828125
v 2.351789951324463 9.985119819641113 -27.840499877929688
v 2.255079984664917 10.402000427246094 -27.628700256347656
v 2.155630111694336 10.794500350952148 -27.417400360107422
v 2.053760051727295 11.162699699401855 -27.208099365234375
v 1.9498100280761719 11.506799697875977 -27.002099990844727
v 1.8440500497817993 11.827400207519531 -26.800800323486328
v 1.7367700338363647 12.124799728393555 -26.605300903320312
v 1.6282000541687012 12.3996000289917 -26.416900634765625
v 1.5185699462890625 12.652400016784668 -26.236499786376953
v 1.408079981803894 12.883700370788574 -26.065200805664062
v 1.2968800067901611 13.094099998474121 -25.903799057006836
v 1.1851500272750854 13.28439998626709 -25.75309944152832
v 1.0729899406433105 13.455100059509277 -25.61389923095703
v 0.9605100154876709 13.606800079345703 -25.486799240112305
v 0.8478059768676758 13.739999771118164 -25.372499465942383
v 0.7349420189857483 13.855400085449219 -25.271400451660156
v 0.6219710111618042 13.953399658203125 -25.183900833129883
v 0.5089340209960938 14.034299850463867 -25.11039924621582
v 0.3958590030670166 14.098699569702148 -25.051300048828125
v 0.2827639877796173 14.146699905395508 -25.006799697875977
v 0.1696610003709793 14.178500175476074 -24.976999282836914
v 0.05655369907617569 14.1943998336792 -24.961999893188477
v -0.05655369907617569 14.1943998336792 -24.961999893188477
v -0.1696610003709793 14.178500175476074 -24.976999282836914
v -0.2827639877796173 14.146699905395508 -25.006799697875977
v -0.3958590030670166 14.098699569702148 -25.051300048828125
v -0.5089340209960938 14.034299850463867 -25.11039924621582
v -0.6219710111618042 13.953399658203125 -25.183900833129883
v -0.7349420189857483 13.855400085449219 -25.271400451660156
v -0.8478059768676758 13.739999771118164 -25.372499465942383
v -0.9605100154876709 13.606800079345703 -25.486799240112305
v -1.0729899406433105 13.455100059509277 -25.61389923095703
v -1.1851500272750854 13.28439998626709 -25.75309944152832
v -1.2968800067901611 13.094099998474121 -25.903799057006836
v -1.408079981803894 12.883700370788574 -26.065200805664062
v -1.5185699462890625 12.652400016784668 -26.236499786376953
v -1.6282000541687012 12.3996000289917 -26.416900634765625
v -1.7367700338363647 12.124799728393555 -26.605300903320312
v -1.8440500497817993 11.827400207519531 -26.800800323486328
v -1.9498100280761719 11.506799697875977 -27.002099990844727
v -2.053760051727295 11.162699699401855 -27.208099365234375
v -2.155630111694336 10.794500350952148 -27.417400360107422
v -2.255079984664917 10.402000427246094 -27.628700256347656
v -2.351789951324463 9.985119819641113 -27.840499877929688
v -2.4453799724578857 9.543769836425781 -28.051300048828125
v -2.5355000495910645 9.078080177307129 -28.259599685668945
v -2.6217501163482666 8.588370323181152 -28.46380043029785
v -2.7037301063537598 8.075090408325195 -28.66230010986328
v -2.7810399532318115 7.538919925689697 -28.853500366210938
v -2.85329008102417 6.980740070343018 -29.03569984436035
v -2.920069932937622 6.401619911193848 -29.207300186157227
v -2.981019973754883 5.80286979675293 -29.367000579833984
v -3.035759925842285 5.185979843139648 -29.513099670410156
v -3.0839500427246094 4.55265998840332 -29.644399642944336
v -3.1252899169921875 3.9048099517822266 -29.759700775146484
v -3.1595098972320557 3.2444798946380615 -29.85770034790039
v -3.1863698959350586 2.5739099979400635 -29.937700271606445
v -3.2056899070739746 1.8954499959945679 -29.99880027770996
v -3.2173399925231934 1.211549997329712 -30.04050064086914
v -3.2212300300598145 0.5247430205345154 -30.0625
v -1.489549994468689 0.4738380014896393 -27.146099090576172
v -1.4880800247192383 0.15604299306869507 -27.148700714111328
v -1.483680009841919 -0.16109099984169006 -27.14539909362793
v -1.4763599634170532 -0.4768010079860687 -27.136199951171875
v -1.4661500453948975 -0.7903370261192322 -27.121299743652344
v -1.453089952468872 -1.1009600162506104 -27.10070037841797
v -1.4372199773788452 -1.4079500436782837 -27.074800491333008
v -1.4185899496078491 -1.710610032081604 -27.04360008239746
v -1.397279977798462 -2.0082600116729736 -27.007600784301758
v -1.3733500242233276 -2.3002800941467285 -26.966999053955078
v -1.346869945526123 -2.5860400199890137 -26.922100067138672
v -1.3179500102996826 -2.8649699687957764 -26.87339973449707
v -1.2866599559783936 -3.136539936065674 -26.821199417114258
v -1.253100037574768 -3.40024995803833 -26.765899658203125
v -1.2173700332641602 -3.655639886856079 -26.708099365234375
v -1.1795799732208252 -3.902290105819702 -26.648000717163086
v -1.1398199796676636 -4.139830112457275 -26.586299896240234
v -1.0982099771499634 -4.3678998947143555 -26.523399353027344
v -1.05485999584198 -4.586219787597656 -26.459699630737305
v -1.0098600387573242 -4.794519901275635 -26.395700454711914
v -0.9633179903030396 -4.992559909820557 -26.331899642944336
v -0.9153509736061096 -5.180160045623779 -26.268800735473633
v -0.8660550117492676 -5.357140064239502 -26.20680046081543
v -0.8155329823493958 -5.523369789123535 -26.146400451660156
v -0.7638819813728333 -5.67874002456665 -26.087900161743164
v -0.7111989855766296 -5.823160171508789 -26.03179931640625
v -0.6575769782066345 -5.956570148468018 -25.978500366210938
v -0.6031050086021423 -6.078909873962402 -25.928300857543945
v -0.5478699803352356 -6.190149784088135 -25.881500244140625
v -0.4919559955596924 -6.290259838104248 -25.838499069213867
v -0.4354430139064789 -6.3792500495910645 -25.79949951171875
v -0.3784100115299225 -6.457089900970459 -25.76490020751953
v -0.320932000875473 -6.523799896240234 -25.734800338745117
v -0.26308101415634155 -6.579370021820068 -25.709400177001953
v -0.20492799580097198 -6.623819828033447 -25.688899993896484
v -0.1465419977903366 -6.657149791717529 -25.67340087890625
v -0.08799120038747787 -6.6793599128723145 -25.663000106811523
v -0.02934129908680916 -6.690470218658447 -25.657800674438477
v 0.02934129908680916 -6.690470218658447 -25.657800674438477
v 0.08799120038747787 -6.6793599128723145 -25.663000106811523
v 0.1465419977903366 -6.657149791717529 -25.67340087890625
v 0.20492799580097198 -6.623819828033447 -25.688899993896484
v 0.26308101415634155 -6.579370021820068 -25.709400177001953
v 0.320932000875473 -6.523799896240234 -25.734800338745117
v 0.3784100115299225 -6.457089900970459 -25.76490020751953
v 0.4354430139064789 -6.3792500495910645 -25.79949951171875
v 0.4919559955596924 -6.290259838104248 -25.838499069213867
v 0.5478699803352356 -6.190149784088135 -25.881500244140625
v 0.6031050086021423 -6.078909873962402 -25.928300857543945
v 0.6575769782066345 -5.956570148468018 -25.978500366210938
v 0.7111989855766296 -5.823160171508789 -26.03179931640625
v 0.7638819813728333 -5.67874002456665 -26.087900161743164
v 0.8155329823493958 -5.523369789123535 -26.146400451660156
v 0.8660550117492676 -5.357140064239502 -26.20680046081543
v 0.9153509736061096 -5.180160045623779 -26.268800735473633
v 0.9633179903030396 -4.992559909820557 -26.331899642944336
v 1.0098600387573242 -4.794519901275635 -26.395700454711914
v 1.05485999584198 -4.586219787597656 -26.459699630737305
v 1.0982099771499634 -4.3678998947143555 -26.523399353027344
v 1.1398199796676636 -4.139830112457275 -26.586299896240234
v 1.1795799732208252 -3.902290105819702 -26.648000717163086
v 1.2173700332641602 -3.655639886856079 -26.708099365234375
v 1.253100037574768 -3.40024995803833 -26.765899658203125
v 1.2866599559783936 -3.136539936065674 -26.821199417114258
v 1.3179500102996826 -2.8649699687957764 -26.87339973449707
v 1.346869945526123 -2.5860400199890137 -26.922100067138672
v 1.3733500242233276 -2.3002800941467285 -26.966999053955078
v 1.397279977798462 -2.0082600116729736 -27.007600784301758
v 1.4185899496078491 -1.710610032081604 -27.04360008239746
v 1.4372199773788452 -1.4079500436782837 -27.074800491333008
v 1.453089952468872 -1.1009600162506104 -27.10070037841797
v 1.4661500453948975 -0.7903370261192322 -27.121299743652344
v 1.4763599634170532 -0.4768010079860687 -27.136199951171875
v 1.483680009841919 -0.16109099984169006 -27.14539909362793
v 1.4880800247192383 0.15604299306869507 -27.148700714111328
v 1.489549994468689 0.4738380014896393 -27.146099090576172
v 1.4880800247192383 0.7915289998054504 -27.13759994506836
v 1.483680009841919 1.1083500385284424 -27.123199462890625
v 1.4763599634170532 1.423550009727478 -27.10300064086914
v 1.4661500453948975 1.7363699674606323 -27.077199935913086
v 1.453089952468872 2.0460898876190186 -27.045799255371094
v 1.4372199773788452 2.351989984512329 -27.00909996032715
v 1.4185899496078491 2.653369903564453 -26.967500686645508
v 1.397279977798462 2.949589967727661 -26.921100616455078
v 1.3733500242233276 3.2400100231170654 -26.87030029296875
v 1.346869945526123 3.5240299701690674 -26.815500259399414
v 1.3179500102996826 3.8010900020599365 -26.757099151611328
v 1.2866599559783936 4.070680141448975 -26.69540023803711
v 1.253100037574768 4.332300186157227 -26.631000518798828
v 1.2173700332641602 4.585509777069092 -26.564199447631836
v 1.1795799732208252 4.829919815063477 -26.4955997467041
v 1.1398199796676636 5.065149784088135 -26.425600051879883
v 1.0982099771499634 5.290900230407715 -26.354799270629883
v 1.05485999584198 5.50685977935791 -26.28350067138672
v 1.0098600387573242 5.712800025939941 -26.212299346923828
v 0.9633179903030396 5.908490180969238 -26.141700744628906
v 0.9153509736061096 6.0937700271606445 -26.072099685668945
v 0.8660550117492676 6.268479824066162 -26.0039005279541
v 0.8155329823493958 6.432499885559082 -25.937700271606445
v 0.7638819813728333 6.585740089416504 -25.87380027770996
v 0.7111989855766296 6.728109836578369 -25.812700271606445
v 0.6575769782066345 6.859580039978027 -25.75480079650879
v 0.6031050086021423 6.980090141296387 -25.700300216674805
v 0.5478699803352356 7.089630126953125 -25.649700164794922
v 0.4919559955596924 7.188179969787598 -25.603200912475586
v 0.4354430139064789 7.275750160217285 -25.561199188232422
v 0.3784100115299225 7.352340221405029 -25.52389907836914
v 0.320932000875473 7.41795015335083 -25.49139976501465
v 0.26308101415634155 7.472609996795654 -25.464099884033203
v 0.20492799580097198 7.516310214996338 -25.441999435424805
v 0.1465419977903366 7.549079895019531 -25.425399780273438
v 0.08799120038747787 7.570919990539551 -25.414199829101562
v 0.02934129908680916 7.581830024719238 -25.408599853515625
v -0.02934129908680916 7.581830024719238 -25.408599853515625
v -0.08799120038747787 7.570919990539551 -25.414199829101562
v -0.1465419977903366 7.549079895019531 -25.425399780273438
v -0.20492799580097198 7.516310214996338 -25.441999435424805
v -0.26308101415634155 7.472609996795654 -25.464099884033203
v -0.320932000875473 7.41795015335083 -25.49139976501465
v -0.3784100115299225 7.352340221405029 -25.52389907836914
v -0.4354430139064789 7.275750160217285 -25.561199188232422
v -0.4919559955596924 7.188179969787598 -25.603200912475586
v -0.5478699803352356 7.089630126953125 -25.649700164794922
v -0.6031050086021423 6.980090141296387 -25.700300216674805
v -0.6575769782066345 6.859580039978027 -25.75480079650879
v -0.7111989855766296 6.728109836578369 -25.812700271606445
v -0.7638819813728333 6.585740089416504 -25.87380027770996
v -0.8155329823493958 6.432499885559082 -25.937700271606445
v -0.8660550117492676 6.268479824066162 -26.0039005279541
v -0.9153509736061096 6.0937700271606445 -26.072099685668945
v -0.9633179903030396 5.908490180969238 -26.141700744628906
v -1.0098600387573242 5.712800025939941 -26.212299346923828
v -1.05485999584198 5.50685977935791 -26.28350067138672
v -1.0982099771499634 5.290900230407715 -26.354799270629883
v -1.1398199796676636 5.065149784088135 -26.425600051879883
v -1.1795799732208252 4.829919815063477 -26.4955997467041
v -1.2173700332641602 4.585509777069092 -26.564199447631836
v -1.253100037574768 4.332300186157227 -26.631000518798828
v -1.2866599559783936 4.070680141448975 -26.69540023803711
v -1.3179500102996826 3.8010900020599365 -26.757099151611328
v -1.346869945526123 3.5240299701690674 -26.815500259399414
v -1.3733500242233276 3.2400100231170654 -26.87030029296875
v -1.397279977798462 2.949589967727661 -26.921100616455078
v -1.4185899496078491 2.653369903564453 -26.967500686645508
v -1.4372199773788452 2.351989984512329 -27.00909996032715
v -1.453089952468872 2.0460898876190186 -27.045799255371094
v -1.4661500453948975 1.7363699674606323 -27.077199935913086
v -1.4763599634170532 1.423550009727478 -27.10300064086914
v -1.483680009841919 1.1083500385284424 -27.123199462890625
v -1.4880800247192383 0.7915289998054504 -27.13759994506836
v -1.489549994468689 0.4738380014896393 -27.146099090576172
v -0.6772729754447937 0.4052189886569977 -23.21500015258789
v -0.6766520142555237 0.26072099804878235 -23.21660041809082
v -0.6747919917106628 0.11647800356149673 -23.216400146484375
v -0.6716960072517395 -0.027221599593758583 -23.214399337768555
v -0.66737300157547 -0.17009499669075012 -23.210599899291992
v -0.6618319749832153 -0.31185799837112427 -23.204999923706055
v -0.6550880074501038 -0.45223501324653625 -23.197799682617188
v -0.6471560001373291 -0.5909519791603088 -23.18899917602539
v -0.6380550265312195 -0.727741003036499 -23.178600311279297
v -0.6278070211410522 -0.8623409867286682 -23.166799545288086
v -0.6164349913597107 -0.9944999814033508 -23.15369987487793
v -0.6039649844169617 -1.1239700317382812 -23.13920021057129
v -0.5904269814491272 -1.2505199909210205 -23.123699188232422
v -0.5758500099182129 -1.37391996383667 -23.107099533081055
v -0.5602660179138184 -1.493939995765686 -23.08970069885254
v -0.5437099933624268 -1.6103899478912354 -23.071500778198242
v -0.526216983795166 -1.7230700254440308 -23.05270004272461
v -0.5078229904174805 -1.831779956817627 -23.03350067138672
v -0.4885680079460144 -1.9363600015640259 -23.013999938964844
v -0.46848899126052856 -2.036639928817749 -22.994199752807617
v -0.4476270079612732 -2.132460117340088 -22.97450065612793
v -0.4260219931602478 -2.22367000579834 -22.95490074157715
v -0.40371599793434143 -2.310159921646118 -22.93560028076172
v -0.38075101375579834 -2.391779899597168 -22.91670036315918
v -0.3571690022945404 -2.468440055847168 -22.898399353027344
v -0.33301201462745667 -2.540019989013672 -22.880699157714844
v -0.3083229959011078 -2.6064300537109375 -22.86389923095703
v -0.283145010471344 -2.6675899028778076 -22.847999572753906
v -0.25752100348472595 -2.7234199047088623 -22.833200454711914
v -0.2314939945936203 -2.7738499641418457 -22.819499969482422
v -0.2051050066947937 -2.818819999694824 -22.807100296020508
v -0.178398996591568 -2.8582799434661865 -22.79599952697754
v -0.15141800045967102 -2.8921799659729004 -22.786399841308594
v -0.12420400232076645 -2.920490026473999 -22.77829933166504
v -0.09680049866437912 -2.9431800842285156 -22.771699905395508
v -0.06924869865179062 -2.960210084915161 -22.766700744628906
v -0.041591398417949677 -2.9715800285339355 -22.763399124145508
v -0.013870799914002419 -2.9772698879241943 -22.761699676513672
v 0.013870799914002419 -2.9772698879241943 -22.761699676513672
v 0.041591398417949677 -2.9715800285339355 -22.763399124145508
v 0.06924869865179062 -2.960210084915161 -22.766700744628906
v 0.09680049866437912 -2.9431800842285156 -22.771699905395508
v 0.12420400232076645 -2.920490026473999 -22.77829933166504
v 0.15141800045967102 -2.8921799659729004 -22.786399841308594
v 0.178398996591568 -2.8582799434661865 -22.79599952697754
v 0.2051050066947937 -2.818819999694824 -22.807100296020508
v 0.2314939945936203 -2.7738499641418457 -22.819499969482422
v 0.25752100348472595 -2.7234199047088623 -22.833200454711914
v 0.283145010471344 -2.6675899028778076 -22.847999572753906
v 0.3083229959011078 -2.6064300537109375 -22.86389923095703
v 0.33301201462745667 -2.540019989013672 -22.880699157714844
v 0.3571690022945404 -2.468440055847168 -22.898399353027344
v 0.38075101375579834 -2.391779899597168 -22.91670036315918
v 0.40371599793434143 -2.310159921646118 -22.93560028076172
v 0.4260219931602478 -2.22367000579834 -22.95490074157715
v 0.4476270079612732 -2.132460117340088 -22.97450065612793
v 0.46848899126052856 -2.036639928817749 -22.994199752807617
v 0.4885680079460144 -1.9363600015640259 -23.013999938964844
v 0.5078229904174805 -1.831779956817627 -23.03350067138672
v 0.526216983795166 -1.7230700254440308 -23.05270004272461
v 0.5437099933624268 -1.6103899478912354 -23.071500778198242
v 0.5602660179138184 -1.493939995765686 -23.08970069885254
v 0.5758500099182129 -1.37391996383667 -23.107099533081055
v 0.5904269814491272 -1.2505199909210205 -23.123699188232422
v 0.6039649844169617 -1.1239700317382812 -23.13920021057129
v 0.6164349913597107 -0.9944999814033508 -23.15369987487793
v 0.6278070211410522 -0.8623409867286682 -23.166799545288086
v 0.6380550265312195 -0.727741003036499 -23.178600311279297
v 0.6471560001373291 -0.5909519791603088 -23.18899917602539
v 0.6550880074501038 -0.45223501324653625 -23.197799682617188
v 0.6618319749832153 -0.31185799837112427 -23.204999923706055
v 0.66737300157547 -0.17009499669075012 -23.210599899291992
v 0.6716960072517395 -0.027221599593758583 -23.214399337768555
v 0.6747919917106628 0.11647800356149673 -23.216400146484375
v 0.6766520142555237 0.26072099804878235 -23.21660041809082
v 0.6772729754447937 0.4052189886569977 -23.21500015258789
v 0.6766520142555237 0.549685001373291 -23.21150016784668
v 0.6747919917106628 0.6938329935073853 -23.206300735473633
v 0.6716960072517395 0.8373749852180481 -23.19930076599121
v 0.66737300157547 0.980027973651886 -23.190500259399414
v 0.6618319749832153 1.1215100288391113 -23.18000030517578
v 0.6550880074501038 1.261549949645996 -23.16790008544922
v 0.6471560001373291 1.399880051612854 -23.154300689697266
v 0.6380550265312195 1.5362199544906616 -23.13909912109375
v 0.6278070211410522 1.6703300476074219 -23.122600555419922
v 0.6164349913597107 1.8019499778747559 -23.104799270629883
v 0.6039649844169617 1.9308300018310547 -23.085899353027344
v 0.5904269814491272 2.05676007270813 -23.06599998474121
v 0.5758500099182129 2.1795101165771484 -23.04509925842285
v 0.5602660179138184 2.2988500595092773 -23.023500442504883
v 0.5437099933624268 2.414599895477295 -23.001300811767578
v 0.526216983795166 2.526550054550171 -22.978599548339844
v 0.5078229904174805 2.6345200538635254 -22.95549964904785
v 0.4885680079460144 2.7383599281311035 -22.93239974975586
v 0.46848899126052856 2.8378798961639404 -22.90920066833496
v 0.4476270079612732 2.932960033416748 -22.88610076904297
v 0.4260219931602478 3.023430109024048 -22.863300323486328
v 0.40371599793434143 3.109189987182617 -22.840999603271484
v 0.38075101375579834 3.190109968185425 -22.819299697875977
v 0.3571690022945404 3.266079902648926 -22.79829978942871
v 0.33301201462745667 3.3369998931884766 -22.778099060058594
v 0.3083229959011078 3.402780055999756 -22.759000778198242
v 0.283145010471344 3.4633500576019287 -22.740999221801758
v 0.25752100348472595 3.518620014190674 -22.724199295043945
v 0.2314939945936203 3.568540096282959 -22.708799362182617
v 0.2051050066947937 3.6130599975585938 -22.694799423217773
v 0.178398996591568 3.6521100997924805 -22.68239974975586
v 0.15141800045967102 3.685650110244751 -22.671600341796875
v 0.12420400232076645 3.7136600017547607 -22.662500381469727
v 0.09680049866437912 3.736109972000122 -22.655099868774414
v 0.06924869865179062 3.752959966659546 -22.649599075317383
v 0.041591398417949677 3.76419997215271 -22.64579963684082
v 0.013870799914002419 3.7698299884796143 -22.643999099731445
v -0.013870799914002419 3.7698299884796143 -22.643999099731445
v -0.041591398417949677 3.76419997215271 -22.64579963684082
v -0.06924869865179062 3.752959966659546 -22.649599075317383
v -0.09680049866437912 3.736109972000122 -22.655099868774414
v -0.12420400232076645 3.7136600017547607 -22.662500381469727
v -0.15141800045967102 3.685650110244751 -22.671600341796875
v -0.178398996591568 3.6521100997924805 -22.68239974975586
v -0.2051050066947937 3.6130599975585938 -22.694799423217773
v -0.2314939945936203 3.568540096282959 -22.708799362182617
v -0.25752100348472595 3.518620014190674 -22.724199295043945
v -0.283145010471344 3.4633500576019287 -22.740999221801758
v -0.3083229959011078 3.402780055999756 -22.759000778198242
v -0.33301201462745667 3.3369998931884766 -22.778099060058594
v -0.3571690022945404 3.266079902648926 -22.79829978942871
v -0.38075101375579834 3.190109968185425 -22.819299697875977
v -0.40371599793434143 3.109189987182617 -22.840999603271484
v -0.4260219931602478 3.023430109024048 -22.863300323486328
v -0.4476270079612732 2.932960033416748 -22.88610076904297
v -0.46848899126052856 2.8378798961639404 -22.90920066833496
v -0.4885680079460144 2.7383599281311035 -22.93239974975586
v -0.5078229904174805 2.6345200538635254 -22.95549964904785
v -0.526216983795166 2.526550054550171 -22.978599548339844
v -0.5437099933624268 2.414599895477295 -23.001300811767578
v -0.5602660179138184 2.2988500595092773 -23.023500442504883
v -0.5758500099182129 2.1795101165771484 -23.04509925842285
v -0.5904269814491272 2.05676007270813 -23.06599998474121
v -0.6039649844169617 1.9308300018310547 -23.085899353027344
v -0.6164349913597107 1.8019499778747559 -23.104799270629883
v -0.6278070211410522 1.6703300476074219 -23.122600555419922
v -0.6380550265312195 1.5362199544906616 -23.13909912109375
v -0.6471560001373291 1.399880051612854 -23.154300689697266
v -0.6550880074501038 1.261549949645996 -23.16790008544922
v -0.6618319749832153 1.1215100288391113 -23.18000030517578
v -0.66737300157547 0.980027973651886 -23.190500259399414
v -0.6716960072517395 0.8373749852180481 -23.19930076599121
v -0.6747919917106628 0.6938329935073853 -23.206300735473633
v -0.6766520142555237 0.549685001373291 -23.21150016784668
v -0.6772729754447937 0.4052189886569977 -23.21500015258789
v -0.29443100094795227 0.3236609995365143 -18.542499542236328
v -0.29416799545288086 0.26084399223327637 -18.543399810791016
v -0.2933799922466278 0.19813300669193268 -18.54360008239746
v -0.2920680046081543 0.13564400374889374 -18.54330062866211
v -0.2902359962463379 0.0734914019703865 -18.542400360107422
v -0.28788700699806213 0.011790799908339977 -18.5408992767334
v -0.2850250005722046 -0.04934469982981682 -18.53890037536621
v -0.2816559970378876 -0.10980299860239029 -18.536399841308594
v -0.2777880132198334 -0.16947400569915771 -18.53350067138672
v -0.27342700958251953 -0.22824899852275848 -18.530000686645508
v -0.2685829997062683 -0.28602299094200134 -18.526100158691406
v -0.2632650136947632 -0.34268900752067566 -18.521799087524414
v -0.25748300552368164 -0.3981490135192871 -18.517200469970703
v -0.2512489855289459 -0.4523020088672638 -18.51219940185547
v -0.24457499384880066 -0.5050539970397949 -18.506900787353516
v -0.2374739944934845 -0.5563120245933533 -18.501399993896484
v -0.22995799779891968 -0.605987012386322 -18.49570083618164
v -0.22204400599002838 -0.6539940237998962 -18.48979949951172
v -0.21374399960041046 -0.7002500295639038 -18.483800888061523
v -0.20507599413394928 -0.7446780204772949 -18.477800369262695
v -0.19605399668216705 -0.787202000617981 -18.47170066833496
v -0.18669599294662476 -0.8277509808540344 -18.465599060058594
v -0.17701800167560577 -0.8662599921226501 -18.459699630737305
v -0.1670379936695099 -0.9026650190353394 -18.453800201416016
v -0.15677399933338165 -0.9369069933891296 -18.44809913635254
v -0.14624300599098206 -0.9689310193061829 -18.44260025024414
v -0.13546599447727203 -0.9986860156059265 -18.437400817871094
v -0.12445899844169617 -1.026129961013794 -18.4325008392334
v -0.1132429987192154 -1.0512100458145142 -18.427799224853516
v -0.10183700174093246 -1.073889970779419 -18.423599243164062
v -0.0902601033449173 -1.0941400527954102 -18.419700622558594
v -0.07853209972381592 -1.111930012702942 -18.416200637817383
v -0.06667300313711166 -1.1272200345993042 -18.41320037841797
v -0.054702598601579666 -1.1399999856948853 -18.41069984436035
v -0.04264109954237938 -1.15024995803833 -18.408599853515625
v -0.030508700758218765 -1.1579500436782837 -18.407100677490234
v -0.018325500190258026 -1.1630899906158447 -18.4060001373291
v -0.006111890077590942 -1.1656700372695923 -18.405500411987305
v 0.006111890077590942 -1.1656700372695923 -18.405500411987305
v 0.018325500190258026 -1.1630899906158447 -18.4060001373291
v 0.030508700758218765 -1.1579500436782837 -18.407100677490234
v 0.04264109954237938 -1.15024995803833 -18.408599853515625
v 0.054702598601579666 -1.1399999856948853 -18.41069984436035
v 0.06667300313711166 -1.1272200345993042 -18.41320037841797
v 0.07853209972381592 -1.111930012702942 -18.416200637817383
v 0.0902601033449173 -1.0941400527954102 -18.419700622558594
v 0.10183700174093246 -1.073889970779419 -18.423599243164062
v 0.1132429987192154 -1.0512100458145142 -18.427799224853516
v 0.12445899844169617 -1.026129961013794 -18.4325008392334
v 0.13546599447727203 -0.9986860156059265 -18.437400817871094
v 0.14624300599098206 -0.9689310193061829 -18.44260025024414
v 0.15677399933338165 -0.9369069933891296 -18.44809913635254
v 0.1670379936695099 -0.9026650190353394 -18.453800201416016
v 0.17701800167560577 -0.8662599921226501 -18.459699630737305
v 0.18669599294662476 -0.8277509808540344 -18.465599060058594
v 0.19605399668216705 -0.787202000617981 -18.47170066833496
v 0.20507599413394928 -0.7446780204772949 -18.477800369262695
v 0.21374399960041046 -0.7002500295639038 -18.483800888061523
v 0.22204400599002838 -0.6539940237998962 -18.48979949951172
v 0.22995799779891968 -0.605987012386322 -18.49570083618164
v 0.2374739944934845 -0.5563120245933533 -18.501399993896484
v 0.24457499384880066 -0.5050539970397949 -18.506900787353516
v 0.2512489855289459 -0.4523020088672638 -18.51219940185547
v 0.25748300552368164 -0.3981490135192871 -18.517200469970703
v 0.2632650136947632 -0.34268900752067566 -18.521799087524414
v 0.2685829997062683 -0.28602299094200134 -18.526100158691406
v 0.27342700958251953 -0.22824899852275848 -18.530000686645508
v 0.2777880132198334 -0.16947400569915771 -18.53350067138672
v 0.2816559970378876 -0.10980299860239029 -18.536399841308594
v 0.2850250005722046 -0.04934469982981682 -18.53890037536621
v 0.28788700699806213 0.011790799908339977 -18.5408992767334
v 0.2902359962463379 0.0734914019703865 -18.542400360107422
v 0.2920680046081543 0.13564400374889374 -18.54330062866211
v 0.2933799922466278 0.19813300669193268 -18.54360008239746
v 0.29416799545288086 0.26084399223327637 -18.543399810791016
v 0.29443100094795227 0.3236609995365143 -18.542499542236328
v 0.29416799545288086 0.3864690065383911 -18.541200637817383
v 0.2933799922466278 0.4491499960422516 -18.539199829101562
v 0.2920680046081543 0.511588990688324 -18.536699295043945
v 0.2902359962463379 0.5736719965934753 -18.533599853515625
v 0.28788700699806213 0.6352850198745728 -18.530000686645508
v 0.2850250005722046 0.6963139772415161 -18.52589988708496
v 0.2816559970378876 0.7566490173339844 -18.521299362182617
v 0.2777880132198334 0.8161789774894714 -18.516199111938477
v 0.27342700958251953 0.8747979998588562 -18.510700225830078
v 0.2685829997062683 0.9323999881744385 -18.50480079650879
v 0.2632650136947632 0.9888830184936523 -18.498600006103516
v 0.25748300552368164 1.0441499948501587 -18.492000579833984
v 0.2512489855289459 1.0980900526046753 -18.48509979248047
v 0.24457499384880066 1.150629997253418 -18.47800064086914
v 0.2374739944934845 1.2016600370407104 -18.470699310302734
v 0.22995799779891968 1.2511099576950073 -18.463300704956055
v 0.22204400599002838 1.2988799810409546 -18.455699920654297
v 0.21374399960041046 1.3449000120162964 -18.44809913635254
v 0.20507599413394928 1.3890899419784546 -18.440500259399414
v 0.19605399668216705 1.4313700199127197 -18.433000564575195
v 0.18669599294662476 1.471690058708191 -18.425500869750977
v 0.17701800167560577 1.50996994972229 -18.41819953918457
v 0.1670379936695099 1.5461399555206299 -18.411100387573242
v 0.15677399933338165 1.5801700353622437 -18.404199600219727
v 0.14624300599098206 1.6119799613952637 -18.397600173950195
v 0.13546599447727203 1.6415300369262695 -18.391300201416016
v 0.12445899844169617 1.668779969215393 -18.385400772094727
v 0.1132429987192154 1.6936899423599243 -18.379899978637695
v 0.10183700174093246 1.7162100076675415 -18.374900817871094
v 0.0902601033449173 1.7363100051879883 -18.37030029296875
v 0.07853209972381592 1.7539700269699097 -18.366199493408203
v 0.06667300313711166 1.7691500186920166 -18.362699508666992
v 0.054702598601579666 1.7818299531936646 -18.359699249267578
v 0.04264109954237938 1.7920000553131104 -18.3572998046875
v 0.030508700758218765 1.799649953842163 -18.35540008544922
v 0.018325500190258026 1.8047499656677246 -18.35420036315918
v 0.006111890077590942 1.8072999715805054 -18.353599548339844
v -0.006111890077590942 1.8072999715805054 -18.353599548339844
v -0.018325500190258026 1.8047499656677246 -18.35420036315918
v -0.030508700758218765 1.799649953842163 -18.35540008544922
v -0.04264109954237938 1.7920000553131104 -18.3572998046875
v -0.054702598601579666 1.7818299531936646 -18.359699249267578
v -0.06667300313711166 1.7691500186920166 -18.362699508666992
v -0.07853209972381592 1.7539700269699097 -18.366199493408203
v -0.0902601033449173 1.7363100051879883 -18.37030029296875
v -0.10183700174093246 1.7162100076675415 -18.374900817871094
v -0.1132429987192154 1.6936899423599243 -18.379899978637695
v -0.12445899844169617 1.668779969215393 -18.385400772094727
v -0.13546599447727203 1.6415300369262695 -18.391300201416016
v -0.14624300599098206 1.6119799613952637 -18.397600173950195
v -0.15677399933338165 1.5801700353622437 -18.404199600219727
v -0.1670379936695099 1.5461399555206299 -18.411100387573242
v -0.17701800167560577 1.50996994972229 -18.41819953918457
v -0.18669599294662476 1.471690058708191 -18.425500869750977
v -0.19605399668216705 1.4313700199127197 -18.433000564575195
v -0.20507599413394928 1.3890899419784546 -18.440500259399414
v -0.21374399960041046 1.3449000120162964 -18.44809913635254
v -0.22204400599002838 1.2988799810409546 -18.455699920654297
v -0.22995799779891968 1.2511099576950073 -18.463300704956055
v -0.2374739944934845 1.2016600370407104 -18.470699310302734
v -0.24457499384880066 1.150629997253418 -18.47800064086914
v -0.2512489855289459 1.0980900526046753 -18.48509979248047
v -0.25748300552368164 1.0441499948501587 -18.492000579833984
v -0.2632650136947632 0.9888830184936523 -18.498600006103516
v -0.2685829997062683 0.9323999881744385 -18.50480079650879
v -0.27342700958251953 0.8747979998588562 -18.510700225830078
v -0.2777880132198334 0.8161789774894714 -18.516199111938477
v -0.2816559970378876 0.7566490173339844 -18.521299362182617
v -0.2850250005722046 0.6963139772415161 -18.52589988708496
v -0.28788700699806213 0.6352850198745728 -18.530000686645508
v -0.2902359962463379 0.5736719965934753 -18.533599853515625
v -0.2920680046081543 0.511588990688324 -18.536699295043945
v -0.2933799922466278 0.4491499960422516 -18.539199829101562
v -0.29416799545288086 0.3864690065383911 -18.541200637817383
v -0.29443100094795227 0.3236609995365143 -18.542499542236328
v -0.11573000252246857 0.23023200035095215 -13.1899995803833
v -0.11562799662351608 0.2055409997701645 -13.190299987792969
v -0.11532100290060043 0.1808910071849823 -13.190500259399414
v -0.11480999737977982 0.1563269942998886 -13.190400123596191
v -0.114096999168396 0.13189199566841125 -13.190199851989746
v -0.11318100243806839 0.10762999951839447 -13.189800262451172
v -0.11206600069999695 0.0835857018828392 -13.189299583435059
v -0.11075399816036224 0.05980110168457031 -13.188599586486816
v -0.10924600064754486 0.03631899878382683 -13.187700271606445
v -0.10754500329494476 0.013181399554014206 -13.186599731445312
v -0.1056549996137619 -0.009570569731295109 -13.185500144958496
v -0.10357899963855743 -0.031896401196718216 -13.184200286865234
v -0.10132099688053131 -0.05375659838318825 -13.182700157165527
v -0.09888549894094467 -0.07511249929666519 -13.18120002746582
v -0.09627640247344971 -0.09592639654874802 -13.17959976196289
v -0.09349869936704636 -0.1161620020866394 -13.177900314331055
v -0.09055750072002411 -0.13578300178050995 -13.17609977722168
v -0.08745809644460678 -0.15475599467754364 -13.174300193786621
v -0.08420620113611221 -0.1730480045080185 -13.17240047454834
v -0.08080749958753586 -0.19062800705432892 -13.170499801635742
v -0.07726830244064331 -0.20746399462223053 -13.168600082397461
v -0.07359480112791061 -0.22352799773216248 -13.16670036315918
v -0.06979359686374664 -0.23879200220108032 -13.164899826049805
v -0.06587149947881699 -0.2532300055027008 -13.163000106811523
v -0.06183530017733574 -0.26681798696517944 -13.161199569702148
v -0.05769230052828789 -0.2795340120792389 -13.159500122070312
v -0.05344970151782036 -0.2913540005683899 -13.157899856567383
v -0.0491149015724659 -0.30226001143455505 -13.156299591064453
v -0.04469560086727142 -0.31223300099372864 -13.154800415039062
v -0.04019929841160774 -0.32125601172447205 -13.153499603271484
v -0.03563389927148819 -0.3293150067329407 -13.152299880981445
v -0.031007200479507446 -0.3363960087299347 -13.151200294494629
v -0.026327399536967278 -0.34248700737953186 -13.150199890136719
v -0.02160239964723587 -0.3475779891014099 -13.149399757385254
v -0.01684040017426014 -0.35166099667549133 -13.148799896240234
v -0.012049499899148941 -0.3547300100326538 -13.148300170898438
v -0.007237960118800402 -0.35677799582481384 -13.14799976348877
v -0.002414030022919178 -0.35780298709869385 -13.14780044555664
v 0.002414030022919178 -0.35780298709869385 -13.14780044555664
v 0.007237960118800402 -0.35677799582481384 -13.14799976348877
v 0.012049499899148941 -0.3547300100326538 -13.148300170898438
v 0.01684040017426014 -0.35166099667549133 -13.148799896240234
v 0.02160239964723587 -0.3475779891014099 -13.149399757385254
v 0.026327399536967278 -0.34248700737953186 -13.150199890136719
v 0.031007200479507446 -0.3363960087299347 -13.151200294494629
v 0.03563389927148819 -0.3293150067329407 -13.152299880981445
v 0.04019929841160774 -0.32125601172447205 -13.153499603271484
v 0.04469560086727142 -0.31223300099372864 -13.154800415039062
v 0.0491149015724659 -0.30226001143455505 -13.156299591064453
v 0.05344970151782036 -0.2913540005683899 -13.157899856567383
v 0.05769230052828789 -0.2795340120792389 -13.159500122070312
v 0.06183530017733574 -0.26681798696517944 -13.161199569702148
v 0.06587149947881699 -0.2532300055027008 -13.163000106811523
v 0.06979359686374664 -0.23879200220108032 -13.164899826049805
v 0.07359480112791061 -0.22352799773216248 -13.16670036315918
v 0.07726830244064331 -0.20746399462223053 -13.168600082397461
v 0.08080749958753586 -0.19062800705432892 -13.170499801635742
v 0.08420620113611221 -0.1730480045080185 -13.17240047454834
v 0.08745809644460678 -0.15475599467754364 -13.174300193786621
v 0.09055750072002411 -0.13578300178050995 -13.17609977722168
v 0.09349869936704636 -0.1161620020866394 -13.177900314331055
v 0.09627640247344971 -0.09592639654874802 -13.17959976196289
v 0.09888549894094467 -0.07511249929666519 -13.18120002746582
v 0.10132099688053131 -0.05375659838318825 -13.182700157165527
v 0.10357899963855743 -0.031896401196718216 -13.184200286865234
v 0.1056549996137619 -0.009570569731295109 -13.185500144958496
v 0.10754500329494476 0.013181399554014206 -13.186599731445312
v 0.10924600064754486 0.03631899878382683 -13.187700271606445
v 0.11075399816036224 0.05980110168457031 -13.188599586486816
v 0.11206600069999695 0.0835857018828392 -13.189299583435059
v 0.11318100243806839 0.10762999951839447 -13.189800262451172
v 0.114096999168396 0.13189199566841125 -13.190199851989746
v 0.11480999737977982 0.1563269942998886 -13.190400123596191
v 0.11532100290060043 0.1808910071849823 -13.190500259399414
v 0.11562799662351608 0.2055409997701645 -13.190299987792969
v 0.11573000252246857 0.23023200035095215 -13.1899995803833
v 0.11562799662351608 0.25492000579833984 -13.189499855041504
v 0.11532100290060043 0.27955999970436096 -13.188699722290039
v 0.11480999737977982 0.30410799384117126 -13.187899589538574
v 0.114096999168396 0.3285210132598877 -13.186800003051758
v 0.11318100243806839 0.35275399684906006 -13.185600280761719
v 0.11206600069999695 0.37676501274108887 -13.184200286865234
v 0.11075399816036224 0.4005100131034851 -13.182600021362305
v 0.10924600064754486 0.4239470064640045 -13.180899620056152
v 0.10754500329494476 0.44703400135040283 -13.179100036621094
v 0.1056549996137619 0.46973100304603577 -13.17710018157959
v 0.10357899963855743 0.49199798703193665 -13.175000190734863
v 0.10132099688053131 0.513795018196106 -13.172800064086914
v 0.09888549894094467 0.5350840091705322 -13.170599937438965
v 0.09627640247344971 0.5558289885520935 -13.16819953918457
v 0.09349869936704636 0.5759919881820679 -13.165800094604492
v 0.09055750072002411 0.5955399870872498 -13.163299560546875
v 0.08745809644460678 0.614437997341156 -13.160900115966797
v 0.08420620113611221 0.6326540112495422 -13.158300399780273
v 0.08080749958753586 0.6501560211181641 -13.155799865722656
v 0.07726830244064331 0.666916012763977 -13.153400421142578
v 0.07359480112791061 0.6829040050506592 -13.150899887084961
v 0.06979359686374664 0.6980929970741272 -13.148500442504883
v 0.06587149947881699 0.7124590277671814 -13.146200180053711
v 0.06183530017733574 0.7259759902954102 -13.143899917602539
v 0.05769230052828789 0.7386239767074585 -13.14169979095459
v 0.05344970151782036 0.7503790259361267 -13.139699935913086
v 0.0491149015724659 0.7612239718437195 -13.137700080871582
v 0.04469560086727142 0.7711399793624878 -13.135899543762207
v 0.04019929841160774 0.7801110148429871 -13.134300231933594
v 0.03563389927148819 0.7881219983100891 -13.132800102233887
v 0.031007200479507446 0.7951610088348389 -13.131400108337402
v 0.026327399536967278 0.8012149930000305 -13.13029956817627
v 0.02160239964723587 0.8062750101089478 -13.129300117492676
v 0.01684040017426014 0.8103330135345459 -13.128499984741211
v 0.012049499899148941 0.8133829832077026 -13.127900123596191
v 0.007237960118800402 0.815418004989624 -13.1274995803833
v 0.002414030022919178 0.8164370059967041 -13.127300262451172
v -0.002414030022919178 0.8164370059967041 -13.127300262451172
v -0.007237960118800402 0.815418004989624 -13.1274995803833
v -0.012049499899148941 0.8133829832077026 -13.127900123596191
v -0.01684040017426014 0.8103330135345459 -13.128499984741211
v -0.02160239964723587 0.8062750101089478 -13.129300117492676
v -0.026327399536967278 0.8012149930000305 -13.13029956817627
v -0.031007200479507446 0.7951610088348389 -13.131400108337402
v -0.03563389927148819 0.7881219983100891 -13.132800102233887
v -0.04019929841160774 0.7801110148429871 -13.134300231933594
v -0.04469560086727142 0.7711399793624878 -13.135899543762207
v -0.0491149015724659 0.7612239718437195 -13.137700080871582
v -0.05344970151782036 0.7503790259361267 -13.139699935913086
v -0.05769230052828789 0.7386239767074585 -13.14169979095459
v -0.06183530017733574 0.7259759902954102 -13.143899917602539
v -0.06587149947881699 0.7124590277671814 -13.146200180053711
v -0.06979359686374664 0.6980929970741272 -13.148500442504883
v -0.07359480112791061 0.6829040050506592 -13.150899887084961
v -0.07726830244064331 0.666916012763977 -13.153400421142578
v -0.08080749958753586 0.6501560211181641 -13.155799865722656
v -0.08420620113611221 0.6326540112495422 -13.158300399780273
v -0.08745809644460678 0.614437997341156 -13.160900115966797
v -0.09055750072002411 0.5955399870872498 -13.163299560546875
v -0.09349869936704636 0.5759919881820679 -13.165800094604492
v -0.09627640247344971 0.5558289885520935 -13.16819953918457
v -0.09888549894094467 0.5350840091705322 -13.170599937438965
v -0.10132099688053131 0.513795018196106 -13.172800064086914
v -0.10357899963855743 0.49199798703193665 -13.175000190734863
v -0.1056549996137619 0.46973100304603577 -13.17710018157959
v -0.10754500329494476 0.44703400135040283 -13.179100036621094
v -0.10924600064754486 0.4239470064640045 -13.180899620056152
v -0.11075399816036224 0.4005100131034851 -13.182600021362305
v -0.11206600069999695 0.37676501274108887 -13.184200286865234
v -0.11318100243806839 0.35275399684906006 -13.185600280761719
v -0.114096999168396 0.3285210132598877 -13.186800003051758
v -0.11480999737977982 0.30410799384117126 -13.187899589538574
v -0.11532100290060043 0.27955999970436096 -13.188699722290039
v -0.11562799662351608 0.25492000579833984 -13.189499855041504
v -0.11573000252246857 0.23023200035095215 -13.1899995803833
v -0.03514359891414642 0.12516699731349945 -7.170790195465088
v -0.03511270135641098 0.1176690012216568 -7.170889854431152
v -0.03501980006694794 0.1101830005645752 -7.170939922332764
v -0.03486520051956177 0.10272300243377686 -7.170919895172119
v -0.03464920073747635 0.09530189633369446 -7.170839786529541
v -0.03437209874391556 0.08793289959430695 -7.17071008682251
v -0.034034501761198044 0.08062910288572311 -7.170519828796387
v -0.033636998385190964 0.073403500020504 -7.170269966125488
v -0.033180300146341324 0.06626900285482407 -7.169980049133301
v -0.0326652005314827 0.05923809856176376 -7.16963005065918
v -0.03209270164370537 0.05232350155711174 -7.1692399978637695
v -0.031463801860809326 0.04553719982504845 -7.16880989074707
v -0.030779600143432617 0.03889150172472 -7.16834020614624
v -0.030041400343179703 0.0323977991938591 -7.167829990386963
v -0.029250599443912506 0.02606780081987381 -7.167300224304199
v -0.02840840071439743 0.01991249993443489 -7.1667399406433105
v -0.027516599744558334 0.013942800462245941 -7.166150093078613
v -0.02657650038599968 0.008169190026819706 -7.165550231933594
v -0.025590000674128532 0.0026016701012849808 -7.164939880371094
v -0.02455889992415905 -0.002749999985098839 -7.16431999206543
v -0.02348480001091957 -0.007876469753682613 -7.163690090179443
v -0.02236980013549328 -0.012768800370395184 -7.163070201873779
v -0.02121569961309433 -0.017418600618839264 -7.162459850311279
v -0.020024800673127174 -0.021817799657583237 -7.1618499755859375
v -0.01879899948835373 -0.025958700105547905 -7.1612701416015625
v -0.017540499567985535 -0.02983419969677925 -7.160699844360352
v -0.016251500695943832 -0.03343769907951355 -7.160160064697266
v -0.014934300445020199 -0.03676290065050125 -7.159649848937988
v -0.013591200113296509 -0.03980410099029541 -7.159170150756836
v -0.012224500067532063 -0.04255630075931549 -7.1587300300598145
v -0.010836600326001644 -0.04501450061798096 -7.158329963684082
v -0.00942996982485056 -0.04717469960451126 -7.157979965209961
v -0.0080069899559021 -0.04903319850564003 -7.157660007476807
v -0.006570150144398212 -0.050586801022291183 -7.157400131225586
v -0.005121939815580845 -0.0518328994512558 -7.157189846038818
v -0.003664870047941804 -0.05276919901371002 -7.15703010559082
v -0.0022014600690454245 -0.05339439958333969 -7.156919956207275
v -0.0007342430180869997 -0.05370720103383064 -7.156859874725342
v 0.0007342430180869997 -0.05370720103383064 -7.156859874725342
v 0.0022014600690454245 -0.05339439958333969 -7.156919956207275
v 0.003664870047941804 -0.05276919901371002 -7.15703010559082
v 0.005121939815580845 -0.0518328994512558 -7.157189846038818
v 0.006570150144398212 -0.050586801022291183 -7.157400131225586
v 0.0080069899559021 -0.04903319850564003 -7.157660007476807
v 0.00942996982485056 -0.04717469960451126 -7.157979965209961
v 0.010836600326001644 -0.04501450061798096 -7.158329963684082
v 0.012224500067532063 -0.04255630075931549 -7.1587300300598145
v 0.013591200113296509 -0.03980410099029541 -7.159170150756836
v 0.014934300445020199 -0.03676290065050125 -7.159649848937988
v 0.016251500695943832 -0.03343769907951355 -7.160160064697266
v 0.017540499567985535 -0.02983419969677925 -7.160699844360352
v 0.01879899948835373 -0.025958700105547905 -7.1612701416015625
v 0.020024800673127174 -0.021817799657583237 -7.1618499755859375
v 0.02121569961309433 -0.017418600618839264 -7.162459850311279
v 0.02236980013549328 -0.012768800370395184 -7.163070201873779
v 0.02348480001091957 -0.007876469753682613 -7.163690090179443
v 0.02455889992415905 -0.002749999985098839 -7.16431999206543
v 0.025590000674128532 0.0026016701012849808 -7.164939880371094
v 0.02657650038599968 0.008169190026819706 -7.165550231933594
v 0.027516599744558334 0.013942800462245941 -7.166150093078613
v 0.02840840071439743 0.01991249993443489 -7.1667399406433105
v 0.029250599443912506 0.02606780081987381 -7.167300224304199
v 0.030041400343179703 0.0323977991938591 -7.167829990386963
v 0.030779600143432617 0.03889150172472 -7.16834020614624
v 0.031463801860809326 0.04553719982504845 -7.16880989074707
v 0.03209270164370537 0.05232350155711174 -7.1692399978637695
v 0.0326652005314827 0.05923809856176376 -7.16963005065918
v 0.033180300146341324 0.06626900285482407 -7.169980049133301
v 0.033636998385190964 0.073403500020504 -7.170269966125488
v 0.034034501761198044 0.08062910288572311 -7.170519828796387
v 0.03437209874391556 0.08793289959430695 -7.17071008682251
v 0.03464920073747635 0.09530189633369446 -7.170839786529541
v 0.03486520051956177 0.10272300243377686 -7.170919895172119
v 0.03501980006694794 0.1101830005645752 -7.170939922332764
v 0.03511270135641098 0.1176690012216568 -7.170889854431152
v 0.03514359891414642 0.12516699731349945 -7.170790195465088
v 0.03511270135641098 0.13266399502754211 -7.170629978179932
v 0.03501980006694794 0.14014600217342377 -7.17041015625
v 0.03486520051956177 0.14760099351406097 -7.170129776000977
v 0.03464920073747635 0.1550150066614151 -7.1697998046875
v 0.03437209874391556 0.16237500309944153 -7.169410228729248
v 0.034034501761198044 0.16966700553894043 -7.168960094451904
v 0.033636998385190964 0.17688000202178955 -7.1684699058532715
v 0.033180300146341324 0.18400000035762787 -7.167920112609863
v 0.0326652005314827 0.19101500511169434 -7.167329788208008
v 0.03209270164370537 0.19791099429130554 -7.1666998863220215
v 0.031463801860809326 0.2046779990196228 -7.166029930114746
v 0.030779600143432617 0.21130399405956268 -7.165329933166504
v 0.030041400343179703 0.21777600049972534 -7.164599895477295
v 0.029250599443912506 0.22408300638198853 -7.163839817047119
v 0.02840840071439743 0.23021499812602997 -7.163060188293457
v 0.027516599744558334 0.2361609935760498 -7.1622700691223145
v 0.02657650038599968 0.24190999567508698 -7.16146993637085
v 0.025590000674128532 0.2474530041217804 -7.1606597900390625
v 0.02455889992415905 0.2527790069580078 -7.159860134124756
v 0.02348480001091957 0.2578809857368469 -7.159049987792969
v 0.02236980013549328 0.26274898648262024 -7.158259868621826
v 0.02121569961309433 0.2673740088939667 -7.157489776611328
v 0.020024800673127174 0.27175000309944153 -7.1567301750183105
v 0.01879899948835373 0.2758679986000061 -7.156000137329102
v 0.017540499567985535 0.2797209918498993 -7.155300140380859
v 0.016251500695943832 0.28330299258232117 -7.154630184173584
v 0.014934300445020199 0.2866089940071106 -7.154009819030762
v 0.013591200113296509 0.2896310091018677 -7.1534199714660645
v 0.012224500067532063 0.29236701130867004 -7.152890205383301
v 0.010836600326001644 0.2948090136051178 -7.152400016784668
v 0.00942996982485056 0.29695600271224976 -7.151969909667969
v 0.0080069899559021 0.298801988363266 -7.151589870452881
v 0.006570150144398212 0.3003459870815277 -7.151269912719727
v 0.005121939815580845 0.3015829920768738 -7.151020050048828
v 0.003664870047941804 0.302513986825943 -7.150819778442383
v 0.0022014600690454245 0.3031350076198578 -7.150690078735352
v 0.0007342430180869997 0.3034450113773346 -7.150629997253418
v -0.0007342430180869997 0.3034450113773346 -7.150629997253418
v -0.0022014600690454245 0.3031350076198578 -7.150690078735352
v -0.003664870047941804 0.302513986825943 -7.150819778442383
v -0.005121939815580845 0.3015829920768738 -7.151020050048828
v -0.006570150144398212 0.3003459870815277 -7.151269912719727
v -0.0080069899559021 0.298801988363266 -7.151589870452881
v -0.00942996982485056 0.29695600271224976 -7.151969909667969
v -0.010836600326001644 0.2948090136051178 -7.152400016784668
v -0.012224500067532063 0.29236701130867004 -7.152890205383301
v -0.013591200113296509 0.2896310091018677 -7.1534199714660645
v -0.014934300445020199 0.2866089940071106 -7.154009819030762
v -0.016251500695943832 0.28330299258232117 -7.154630184173584
v -0.017540499567985535 0.2797209918498993 -7.155300140380859
v -0.01879899948835373 0.2758679986000061 -7.156000137329102
v -0.020024800673127174 0.27175000309944153 -7.1567301750183105
v -0.02121569961309433 0.2673740088939667 -7.157489776611328
v -0.02236980013549328 0.26274898648262024 -7.158259868621826
v -0.02348480001091957 0.2578809857368469 -7.159049987792969
v -0.02455889992415905 0.2527790069580078 -7.159860134124756
v -0.025590000674128532 0.2474530041217804 -7.1606597900390625
v -0.02657650038599968 0.24190999567508698 -7.16146993637085
v -0.027516599744558334 0.2361609935760498 -7.1622700691223145
v -0.02840840071439743 0.23021499812602997 -7.163060188293457
v -0.029250599443912506 0.22408300638198853 -7.163839817047119
v -0.030041400343179703 0.21777600049972534 -7.164599895477295
v -0.030779600143432617 0.21130399405956268 -7.165329933166504
v -0.031463801860809326 0.2046779990196228 -7.166029930114746
v -0.03209270164370537 0.19791099429130554 -7.1666998863220215
v -0.0326652005314827 0.19101500511169434 -7.167329788208008
v -0.033180300146341324 0.18400000035762787 -7.167920112609863
v -0.033636998385190964 0.17688000202178955 -7.1684699058532715
v -0.034034501761198044 0.16966700553894043 -7.168960094451904
v -0.03437209874391556 0.16237500309944153 -7.169410228729248
v -0.03464920073747635 0.1550150066614151 -7.1697998046875
v -0.03486520051956177 0.14760099351406097 -7.170129776000977
v -0.03501980006694794 0.14014600217342377 -7.17041015625
v -0.03511270135641098 0.13266399502754211 -7.170629978179932
v -0.03514359891414642 0.12516699731349945 -7.170790195465088
v -0.0014648899668827653 0.009255990386009216 -0.5302760004997253
v -0.0014635799452662468 0.008943310007452965 -0.5302709937095642
v -0.0014596499968320131 0.008630869910120964 -0.5302469730377197
v -0.0014531000051647425 0.0083192503079772 -0.5302039980888367
v -0.001443949993699789 0.008009050041437149 -0.5301409959793091
v -0.0014322299975901842 0.007700830232352018 -0.5300599932670593
v -0.001417940016835928 0.0073951901867985725 -0.5299609899520874
v -0.001401129993610084 0.007092690095305443 -0.5298449993133545
v -0.0013818299630656838 0.00679389014840126 -0.5297120213508606
v -0.0013600699603557587 0.006499359849840403 -0.5295640230178833
v -0.0013359000440686941 0.0062096500769257545 -0.5294010043144226
v -0.0013093800516799092 0.005925280041992664 -0.5292249917984009
v -0.0012805400183424354 0.005646789912134409 -0.5290369987487793
v -0.0012494600377976894 0.005374679807573557 -0.5288379788398743
v -0.0012161900522187352 0.005109449848532677 -0.5286300182342529
v -0.0011807900154963136 0.004851580131798983 -0.5284150242805481
v -0.0011433400213718414 0.004601540043950081 -0.5281929969787598
v -0.0011039100354537368 0.004359759856015444 -0.5279669761657715
v -0.0010625700233504176 0.004126689862459898 -0.527737021446228
v -0.001019399962387979 0.003902730066329241 -0.5275059938430786
v -0.0009744809940457344 0.003688259981572628 -0.5272759795188904
v -0.0009278960060328245 0.003483670065179467 -0.5270469784736633
v -0.000879732018802315 0.0032893000170588493 -0.5268219709396362
v -0.0008300740155391395 0.0031054799910634756 -0.526602029800415
v -0.0007790129748173058 0.0029325298964977264 -0.5263879895210266
v -0.0007266380125656724 0.002770730061456561 -0.526183009147644
v -0.0006730440072715282 0.0026203400921076536 -0.5259870290756226
v -0.000618321995716542 0.0024816300719976425 -0.5258030295372009
v -0.0005625680205412209 0.0023548100143671036 -0.525629997253418
v -0.0005058780079707503 0.0022400899324566126 -0.5254719853401184
v -0.0004483480006456375 0.0021376500371843576 -0.5253279805183411
v -0.00039007500163279474 0.0020476600620895624 -0.5251989960670471
v -0.00033115700352936983 0.001970259938389063 -0.5250869989395142
v -0.00027169298846274614 0.001905570039525628 -0.5249930024147034
v -0.00021178199676796794 0.001853700028732419 -0.5249170064926147
v -0.0001515220064902678 0.0018147299997508526 -0.5248590111732483
v -0.00009101269824896008 0.0017887100111693144 -0.5248200297355652
v -0.000030354200134752318 0.0017756900051608682 -0.5248010158538818
v 0.000030354200134752318 0.0017756900051608682 -0.5248010158538818
v 0.00009101280011236668 0.0017887100111693144 -0.5248200297355652
v 0.0001515220064902678 0.0018147299997508526 -0.5248590111732483
v 0.00021178199676796794 0.001853700028732419 -0.5249170064926147
v 0.00027169298846274614 0.001905570039525628 -0.5249930024147034
v 0.00033115700352936983 0.001970259938389063 -0.5250869989395142
v 0.00039007500163279474 0.0020476600620895624 -0.5251989960670471
v 0.0004483480006456375 0.0021376500371843576 -0.5253279805183411
v 0.0005058780079707503 0.0022400899324566126 -0.5254719853401184
v 0.0005625680205412209 0.0023548100143671036 -0.525629997253418
v 0.000618321995716542 0.0024816300719976425 -0.5258030295372009
v 0.0006730440072715282 0.0026203400921076536 -0.5259870290756226
v 0.0007266380125656724 0.002770730061456561 -0.526183009147644
v 0.0007790129748173058 0.0029325298964977264 -0.5263879895210266
v 0.0008300740155391395 0.0031054799910634756 -0.526602029800415
v 0.000879732018802315 0.0032893000170588493 -0.5268219709396362
v 0.0009278960060328245 0.003483670065179467 -0.5270469784736633
v 0.0009744809940457344 0.003688259981572628 -0.5272759795188904
v 0.001019399962387979 0.003902730066329241 -0.5275059938430786
v 0.0010625700233504176 0.004126689862459898 -0.527737021446228
v 0.0011039100354537368 0.004359759856015444 -0.5279669761657715
v 0.0011433400213718414 0.004601540043950081 -0.5281929969787598
v 0.0011807900154963136 0.004851580131798983 -0.5284150242805481
v 0.0012161900522187352 0.005109449848532677 -0.5286300182342529
v 0.0012494600377976894 0.005374679807573557 -0.5288379788398743
v 0.0012805400183424354 0.005646789912134409 -0.5290369987487793
v 0.0013093800516799092 0.005925280041992664 -0.5292249917984009
v 0.0013359000440686941 0.0062096500769257545 -0.5294010043144226
v 0.0013600699603557587 0.006499359849840403 -0.5295640230178833
v 0.0013818299630656838 0.00679389014840126 -0.5297120213508606
v 0.001401129993610084 0.007092690095305443 -0.5298449993133545
v 0.001417940016835928 0.0073951901867985725 -0.5299609899520874
v 0.0014322299975901842 0.007700830232352018 -0.5300599932670593
v 0.001443949993699789 0.008009050041437149 -0.5301409959793091
v 0.0014531000051647425 0.0083192503079772 -0.5302039980888367
v 0.0014596499968320131 0.008630869910120964 -0.5302469730377197
v 0.0014635799452662468 0.008943310007452965 -0.5302709937095642
v 0.0014648899668827653 0.009255990386009216 -0.5302760004997253
v 0.0014635799452662468 0.009568329900503159 -0.5302600264549255
v 0.0014596499968320131 0.009879750199615955 -0.5302249789237976
v 0.0014531000051647425 0.010189699940383434 -0.5301709771156311
v 0.001443949993699789 0.0104975001886487 -0.530098021030426
v 0.0014322299975901842 0.01080270018428564 -0.5300059914588928
v 0.001417940016835928 0.011104700155556202 -0.5298960208892822
v 0.001401129993610084 0.011402900330722332 -0.529770016670227
v 0.0013818299630656838 0.011696900241076946 -0.5296260118484497
v 0.0013600699603557587 0.011986100114881992 -0.5294679999351501
v 0.0013359000440686941 0.012269999831914902 -0.529295027256012
v 0.0013093800516799092 0.012547999620437622 -0.529109001159668
v 0.0012805400183424354 0.012819799594581127 -0.5289120078086853
v 0.0012494600377976894 0.013084799982607365 -0.5287039875984192
v 0.0012161900522187352 0.01334260031580925 -0.5284870266914368
v 0.0011807900154963136 0.013592800125479698 -0.5282620191574097
v 0.0011433400213718414 0.013834900222718716 -0.5280320048332214
v 0.0011039100354537368 0.01406870037317276 -0.5277969837188721
v 0.0010625700233504176 0.014293599873781204 -0.5275599956512451
v 0.001019399962387979 0.014509400352835655 -0.5273209810256958
v 0.0009744809940457344 0.014715599827468395 -0.5270829796791077
v 0.0009278960060328245 0.014912099577486515 -0.5268470048904419
v 0.000879732018802315 0.015098500065505505 -0.5266159772872925
v 0.0008300740155391395 0.015274499543011189 -0.5263890027999878
v 0.0007790129748173058 0.015439899638295174 -0.526170015335083
v 0.0007266380125656724 0.015594500117003918 -0.5259590148925781
v 0.0006730440072715282 0.015737900510430336 -0.5257580280303955
v 0.000618321995716542 0.015870099887251854 -0.5255690217018127
v 0.0005625680205412209 0.01599089987576008 -0.5253919959068298
v 0.0005058780079707503 0.016100000590085983 -0.5252299904823303
v 0.0004483480006456375 0.01619729958474636 -0.525081992149353
v 0.00039007500163279474 0.01628280058503151 -0.5249509811401367
v 0.00033115700352936983 0.016356199979782104 -0.524836003780365
v 0.00027169298846274614 0.016417600214481354 -0.5247399806976318
v 0.00021178199676796794 0.01646680012345314 -0.5246620178222656
v 0.0001515220064902678 0.016503699123859406 -0.524603009223938
v 0.00009101280011236668 0.0165282990783453 -0.5245630145072937
v 0.000030354200134752318 0.01654070056974888 -0.5245429873466492
v -0.000030354200134752318 0.01654070056974888 -0.5245429873466492
v -0.00009101269824896008 0.0165282990783453 -0.5245630145072937
v -0.0001515220064902678 0.016503699123859406 -0.524603009223938
v -0.00021178199676796794 0.01646680012345314 -0.5246620178222656
v -0.00027169298846274614 0.016417600214481354 -0.5247399806976318
v -0.00033115700352936983 0.016356199979782104 -0.524836003780365
v -0.00039007500163279474 0.01628280058503151 -0.5249509811401367
v -0.0004483480006456375 0.01619729958474636 -0.525081992149353
v -0.0005058780079707503 0.016100000590085983 -0.5252299904823303
v -0.0005625680205412209 0.01599089987576008 -0.5253919959068298
v -0.000618321995716542 0.015870099887251854 -0.5255690217018127
v -0.0006730440072715282 0.015737900510430336 -0.5257580280303955
v -0.0007266380125656724 0.015594500117003918 -0.5259590148925781
v -0.0007790129748173058 0.015439899638295174 -0.526170015335083
v -0.0008300740155391395 0.015274499543011189 -0.5263890027999878
v -0.000879732018802315 0.015098500065505505 -0.5266159772872925
v -0.0009278960060328245 0.014912099577486515 -0.5268470048904419
v -0.0009744809940457344 0.014715599827468395 -0.5270829796791077
v -0.001019399962387979 0.014509400352835655 -0.5273209810256958
v -0.0010625700233504176 0.014293599873781204 -0.5275599956512451
v -0.0011039100354537368 0.01406870037317276 -0.5277969837188721
v -0.0011433400213718414 0.013834900222718716 -0.5280320048332214
v -0.0011807900154963136 0.013592800125479698 -0.5282620191574097
v -0.0012161900522187352 0.01334260031580925 -0.5284870266914368
v -0.0012494600377976894 0.013084799982607365 -0.5287039875984192
v -0.0012805400183424354 0.012819799594581127 -0.5289120078086853
v -0.0013093800516799092 0.012547999620437622 -0.529109001159668
v -0.0013359000440686941 0.012269999831914902 -0.529295027256012
v -0.0013600699603557587 0.011986100114881992 -0.5294679999351501
v -0.0013818299630656838 0.011696900241076946 -0.5296260118484497
v -0.001401129993610084 0.011402900330722332 -0.529770016670227
v -0.001417940016835928 0.011104700155556202 -0.5298960208892822
v -0.0014322299975901842 0.01080270018428564 -0.5300059914588928
v -0.001443949993699789 0.0104975001886487 -0.530098021030426
v -0.0014531000051647425 0.010189699940383434 -0.5301709771156311
v -0.0014596499968320131 0.009879750199615955 -0.5302249789237976
v -0.0014635799452662468 0.009568329900503159 -0.5302600264549255
v -0.0014648899668827653 0.009255990386009216 -0.5302760004997253
v 0.010404599830508232 -0.11559800058603287 6.6226301193237305
v 0.010395499877631664 -0.11337900161743164 6.6226701736450195
v 0.01036820001900196 -0.11116299778223038 6.622719764709473
v 0.010322599671781063 -0.1089550033211708 6.622769832611084
v 0.010258999653160572 -0.10675899684429169 6.622829914093018
v 0.010177399963140488 -0.10457900166511536 6.622900009155273
v 0.010077900253236294 -0.10241799801588058 6.622970104217529
v 0.009960790164768696 -0.10028000175952911 6.623050212860107
v 0.009826179593801498 -0.09816920012235641 6.623129844665527
v 0.009674349799752235 -0.09608890116214752 6.623219966888428
v 0.009505540132522583 -0.09404289722442627 6.623310089111328
v 0.009320070035755634 -0.09203480184078217 6.623410224914551
v 0.00911824032664299 -0.09006799757480621 6.623509883880615
v 0.008900419808924198 -0.08814600110054016 6.623610019683838
v 0.00866698008030653 -0.08627220243215561 6.6237101554870605
v 0.008418340235948563 -0.084449902176857 6.623819828033447
v 0.008154920302331448 -0.08268219977617264 6.62391996383667
v 0.007877199910581112 -0.08097229897975922 6.624030113220215
v 0.007585649844259024 -0.07932309806346893 6.624129772186279
v 0.007280780002474785 -0.07773759961128235 6.624239921569824
v 0.006963139865547419 -0.07621839642524719 6.624340057373047
v 0.006633270066231489 -0.0747682973742485 6.624450206756592
v 0.0062917498871684074 -0.07338990271091461 6.624549865722656
v 0.005939189810305834 -0.07208549976348877 6.624639987945557
v 0.0055761998519301414 -0.07085739821195602 6.624740123748779
v 0.005203410051763058 -0.06970780342817307 6.6248297691345215
v 0.004821490030735731 -0.06863860040903091 6.6249098777771
v 0.004431100096553564 -0.0676518976688385 6.624989986419678
v 0.004032920114696026 -0.0667492002248764 6.625070095062256
v 0.003627659985795617 -0.06593230366706848 6.6251301765441895
v 0.003216030076146126 -0.06520240008831024 6.625189781188965
v 0.002798740053549409 -0.06456100195646286 6.625249862670898
v 0.0023765400983393192 -0.06400900334119797 6.62529993057251
v 0.0019501600181683898 -0.06354759633541107 6.625339984893799
v 0.0015203600050881505 -0.06317750364542007 6.625370025634766
v 0.0010878799948841333 -0.0628994032740593 6.62539005279541
v 0.0006534950225614011 -0.06271360069513321 6.625410079956055
v 0.0002179589937441051 -0.06262069940567017 6.625420093536377
v -0.0002179589937441051 -0.06262069940567017 6.625420093536377
v -0.0006534950225614011 -0.06271360069513321 6.625410079956055
v -0.0010878799948841333 -0.0628994032740593 6.62539005279541
v -0.0015203600050881505 -0.06317750364542007 6.625370025634766
v -0.0019501600181683898 -0.06354759633541107 6.625339984893799
v -0.0023765400983393192 -0.06400900334119797 6.62529993057251
v -0.002798740053549409 -0.06456100195646286 6.625249862670898
v -0.003216030076146126 -0.06520240008831024 6.625189781188965
v -0.003627659985795617 -0.06593230366706848 6.6251301765441895
v -0.004032920114696026 -0.0667492002248764 6.625070095062256
v -0.004431100096553564 -0.0676518976688385 6.624989986419678
v -0.004821490030735731 -0.06863860040903091 6.6249098777771
v -0.005203410051763058 -0.06970780342817307 6.6248297691345215
v -0.0055761998519301414 -0.07085739821195602 6.624740123748779
v -0.005939189810305834 -0.07208549976348877 6.624639987945557
v -0.0062917498871684074 -0.07338990271091461 6.624549865722656
v -0.006633270066231489 -0.0747682973742485 6.624450206756592
v -0.006963139865547419 -0.07621839642524719 6.624340057373047
v -0.007280780002474785 -0.07773759961128235 6.624239921569824
v -0.007585649844259024 -0.07932309806346893 6.624129772186279
v -0.007877199910581112 -0.08097229897975922 6.624030113220215
v -0.008154920302331448 -0.08268219977617264 6.62391996383667
v -0.008418340235948563 -0.084449902176857 6.623819828033447
v -0.00866698008030653 -0.08627220243215561 6.6237101554870605
v -0.008900419808924198 -0.08814600110054016 6.623610019683838
v -0.00911824032664299 -0.09006799757480621 6.623509883880615
v -0.009320070035755634 -0.09203480184078217 6.623410224914551
v -0.009505540132522583 -0.09404289722442627 6.623310089111328
v -0.009674349799752235 -0.09608890116214752 6.623219966888428
v -0.009826179593801498 -0.09816920012235641 6.623129844665527
v -0.009960790164768696 -0.10028000175952911 6.623050212860107
v -0.010077900253236294 -0.10241799801588058 6.622970104217529
v -0.010177399963140488 -0.10457900166511536 6.622900009155273
v -0.010258999653160572 -0.10675899684429169 6.622829914093018
v -0.010322599671781063 -0.1089550033211708 6.622769832611084
v -0.01036820001900196 -0.11116299778223038 6.622719764709473
v -0.010395499877631664 -0.11337900161743164 6.6226701736450195
v -0.010404599830508232 -0.11559800058603287 6.6226301193237305
v -0.010395499877631664 -0.11781799793243408 6.622590065002441
v -0.01036820001900196 -0.12003400176763535 6.622560024261475
v -0.010322599671781063 -0.12224200367927551 6.62253999710083
v -0.010258999653160572 -0.12443900108337402 6.6225199699401855
v -0.010177399963140488 -0.12662099301815033 6.6225199699401855
v -0.010077900253236294 -0.12878300249576569 6.622509956359863
v -0.009960790164768696 -0.13092200458049774 6.6225199699401855
v -0.009826179593801498 -0.13303500413894653 6.6225199699401855
v -0.009674349799752235 -0.13511699438095093 6.62253999710083
v -0.009505540132522583 -0.13716499507427216 6.622560024261475
v -0.009320070035755634 -0.13917499780654907 6.622580051422119
v -0.00911824032664299 -0.1411440074443817 6.622610092163086
v -0.008900419808924198 -0.14306800067424774 6.622650146484375
v -0.00866698008030653 -0.1449439972639084 6.622690200805664
v -0.008418340235948563 -0.14676900207996368 6.622729778289795
v -0.008154920302331448 -0.14854000508785248 6.622769832611084
v -0.007877199910581112 -0.15025199949741364 6.622819900512695
v -0.007585649844259024 -0.15190400183200836 6.622869968414307
v -0.007280780002474785 -0.1534920036792755 6.622920036315918
v -0.006963139865547419 -0.15501399338245392 6.622970104217529
v -0.006633270066231489 -0.156467005610466 6.623020172119141
v -0.0062917498871684074 -0.15784800052642822 6.623069763183594
v -0.005939189810305834 -0.1591549962759018 6.623129844665527
v -0.0055761998519301414 -0.16038599610328674 6.623179912567139
v -0.005203410051763058 -0.1615380048751831 6.623219966888428
v -0.004821490030735731 -0.16260899603366852 6.623270034790039
v -0.004431100096553564 -0.16359800100326538 6.62332010269165
v -0.004032920114696026 -0.16450299322605133 6.6233601570129395
v -0.003627659985795617 -0.16532200574874878 6.6234002113342285
v -0.003216030076146126 -0.16605299711227417 6.623429775238037
v -0.002798740053549409 -0.1666959971189499 6.623469829559326
v -0.0023765400983393192 -0.16724899411201477 6.623489856719971
v -0.0019501600181683898 -0.16771200299263 6.6235198974609375
v -0.0015203600050881505 -0.16808299720287323 6.623539924621582
v -0.0010878799948841333 -0.16836200654506683 6.623549938201904
v -0.0006534950225614011 -0.16854800283908844 6.623559951782227
v -0.0002179589937441051 -0.16864100098609924 6.623569965362549
v 0.0002179589937441051 -0.16864100098609924 6.623569965362549
v 0.0006534950225614011 -0.16854800283908844 6.623559951782227
v 0.0010878799948841333 -0.16836200654506683 6.623549938201904
v 0.0015203600050881505 -0.16808299720287323 6.623539924621582
v 0.0019501600181683898 -0.16771200299263 6.6235198974609375
v 0.0023765400983393192 -0.16724899411201477 6.623489856719971
v 0.002798740053549409 -0.1666959971189499 6.623469829559326
v 0.003216030076146126 -0.16605299711227417 6.623429775238037
v 0.003627659985795617 -0.16532200574874878 6.6234002113342285
v 0.004032920114696026 -0.16450299322605133 6.6233601570129395
v 0.004431100096553564 -0.16359800100326538 6.62332010269165
v 0.004821490030735731 -0.16260899603366852 6.623270034790039
v 0.005203410051763058 -0.1615380048751831 6.623219966888428
v 0.0055761998519301414 -0.16038599610328674 6.623179912567139
v 0.005939189810305834 -0.1591549962759018 6.623129844665527
v 0.0062917498871684074 -0.15784800052642822 6.623069763183594
v 0.006633270066231489 -0.156467005610466 6.623020172119141
v 0.006963139865547419 -0.15501399338245392 6.622970104217529
v 0.007280780002474785 -0.1534920036792755 6.622920036315918
v 0.007585649844259024 -0.15190400183200836 6.622869968414307
v 0.007877199910581112 -0.15025199949741364 6.622819900512695
v 0.008154920302331448 -0.14854000508785248 6.622769832611084
v 0.008418340235948563 -0.14676900207996368 6.622729778289795
v 0.00866698008030653 -0.1449439972639084 6.622690200805664
v 0.008900419808924198 -0.14306800067424774 6.622650146484375
v 0.00911824032664299 -0.1411440074443817 6.622610092163086
v 0.009320070035755634 -0.13917499780654907 6.622580051422119
v 0.009505540132522583 -0.13716499507427216 6.622560024261475
v 0.009674349799752235 -0.13511699438095093 6.62253999710083
v 0.009826179593801498 -0.13303500413894653 6.6225199699401855
v 0.009960790164768696 -0.13092200458049774 6.6225199699401855
v 0.010077900253236294 -0.12878300249576569 6.622509956359863
v 0.010177399963140488 -0.12662099301815033 6.6225199699401855
v 0.010258999653160572 -0.12443900108337402 6.6225199699401855
v 0.010322599671781063 -0.12224200367927551 6.62253999710083
v 0.01036820001900196 -0.12003400176763535 6.622560024261475
v 0.010395499877631664 -0.11781799793243408 6.622590065002441
v 0.010404599830508232 -0.11559800058603287 6.6226301193237305
v 0.012732000090181828 -0.24640600383281708 14.116600036621094
v 0.012720800004899502 -0.24368999898433685 14.116700172424316
v 0.012687399983406067 -0.24097900092601776 14.116700172424316
v 0.01263159979134798 -0.23827700316905975 14.116800308227539
v 0.012553700245916843 -0.23558899760246277 14.116800308227539
v 0.012453800067305565 -0.23292100429534912 14.116900444030762
v 0.012331999838352203 -0.23027600347995758 14.116900444030762
v 0.01218860037624836 -0.22765900194644928 14.116999626159668
v 0.01202389970421791 -0.22507600486278534 14.116999626159668
v 0.011838000267744064 -0.22253000736236572 14.11709976196289
v 0.01163140032440424 -0.22002500295639038 14.117199897766113
v 0.011404300108551979 -0.21756699681282043 14.117199897766113
v 0.01115730032324791 -0.21515999734401703 14.117300033569336
v 0.010890600271522999 -0.21280799806118011 14.117400169372559
v 0.010604900307953358 -0.21051399409770966 14.117400169372559
v 0.010300599969923496 -0.20828300714492798 14.117500305175781
v 0.009978160262107849 -0.20611999928951263 14.117500305175781
v 0.00963824987411499 -0.204026997089386 14.117600440979004
v 0.009281430393457413 -0.20200799405574799 14.11769962310791
v 0.008908320218324661 -0.20006699860095978 14.11769962310791
v 0.008519589900970459 -0.1982080042362213 14.117799758911133
v 0.008115899749100208 -0.19643299281597137 14.117799758911133
v 0.007697979919612408 -0.1947460025548935 14.117899894714355
v 0.007266549859195948 -0.19314900040626526 14.118000030517578
v 0.006822369992733002 -0.19164599478244781 14.118000030517578
v 0.006366219837218523 -0.19023899734020233 14.1181001663208
v 0.005898899864405394 -0.18893000483512878 14.1181001663208
v 0.005421219859272242 -0.18772199749946594 14.1181001663208
v 0.004934039898216724 -0.18661800026893616 14.118200302124023
v 0.004438200034201145 -0.18561799824237823 14.118200302124023
v 0.003934570122510195 -0.18472400307655334 14.118200302124023
v 0.003424030030146241 -0.18393899500370026 14.118300437927246
v 0.0029074898920953274 -0.18326400220394135 14.118300437927246
v 0.0023858400527387857 -0.18269899487495422 14.118300437927246
v 0.0018600099720060825 -0.18224599957466125 14.118300437927246
v 0.0013309200294315815 -0.18190599977970123 14.118399620056152
v 0.0007994850166141987 -0.18167799711227417 14.118399620056152
v 0.00026665101177059114 -0.18156500160694122 14.118399620056152
v -0.00026665101177059114 -0.18156500160694122 14.118399620056152
v -0.0007994850166141987 -0.18167799711227417 14.118399620056152
v -0.0013309200294315815 -0.18190599977970123 14.118399620056152
v -0.0018600099720060825 -0.18224599957466125 14.118300437927246
v -0.0023858400527387857 -0.18269899487495422 14.118300437927246
v -0.0029074898920953274 -0.18326400220394135 14.118300437927246
v -0.003424030030146241 -0.18393899500370026 14.118300437927246
v -0.003934570122510195 -0.18472400307655334 14.118200302124023
v -0.004438200034201145 -0.18561799824237823 14.118200302124023
v -0.004934039898216724 -0.18661800026893616 14.118200302124023
v -0.005421219859272242 -0.18772199749946594 14.1181001663208
v -0.005898899864405394 -0.18893000483512878 14.1181001663208
v -0.006366219837218523 -0.19023899734020233 14.1181001663208
v -0.006822369992733002 -0.19164599478244781 14.118000030517578
v -0.007266549859195948 -0.19314900040626526 14.118000030517578
v -0.007697979919612408 -0.1947460025548935 14.117899894714355
v -0.008115899749100208 -0.19643299281597137 14.117799758911133
v -0.008519589900970459 -0.1982080042362213 14.117799758911133
v -0.008908320218324661 -0.20006699860095978 14.11769962310791
v -0.009281430393457413 -0.20200799405574799 14.11769962310791
v -0.00963824987411499 -0.204026997089386 14.117600440979004
v -0.009978160262107849 -0.20611999928951263 14.117500305175781
v -0.010300599969923496 -0.20828300714492798 14.117500305175781
v -0.010604900307953358 -0.21051399409770966 14.117400169372559
v -0.010890600271522999 -0.21280799806118011 14.117400169372559
v -0.01115730032324791 -0.21515999734401703 14.117300033569336
v -0.011404300108551979 -0.21756699681282043 14.117199897766113
v -0.01163140032440424 -0.22002500295639038 14.117199897766113
v -0.011838000267744064 -0.22253000736236572 14.11709976196289
v -0.01202389970421791 -0.22507600486278534 14.116999626159668
v -0.01218860037624836 -0.22765900194644928 14.116999626159668
v -0.012331999838352203 -0.23027600347995758 14.116900444030762
v -0.012453800067305565 -0.23292100429534912 14.116900444030762
v -0.012553700245916843 -0.23558899760246277 14.116800308227539
v -0.01263159979134798 -0.23827700316905975 14.116800308227539
v -0.012687399983406067 -0.24097900092601776 14.116700172424316
v -0.012720800004899502 -0.24368999898433685 14.116700172424316
v -0.012732000090181828 -0.24640600383281708 14.116600036621094
v -0.012720800004899502 -0.2491219937801361 14.116600036621094
v -0.012687399983406067 -0.2518340051174164 14.116499900817871
v -0.01263159979134798 -0.2545360028743744 14.116499900817871
v -0.012553700245916843 -0.2572239935398102 14.116399765014648
v -0.012453800067305565 -0.259893000125885 14.116399765014648
v -0.012331999838352203 -0.26253798604011536 14.116399765014648
v -0.01218860037624836 -0.26515498757362366 14.116299629211426
v -0.01202389970421791 -0.2677389979362488 14.116299629211426
v -0.011838000267744064 -0.2702859938144684 14.116299629211426
v -0.01163140032440424 -0.2727909982204437 14.11620044708252
v -0.011404300108551979 -0.27524900436401367 14.11620044708252
v -0.01115730032324791 -0.27765798568725586 14.11620044708252
v -0.010890600271522999 -0.28001099824905396 14.11620044708252
v -0.010604900307953358 -0.2823050022125244 14.11620044708252
v -0.010300599969923496 -0.2845369875431061 14.11620044708252
v -0.009978160262107849 -0.2867009937763214 14.116100311279297
v -0.00963824987411499 -0.28879499435424805 14.116100311279297
v -0.009281430393457413 -0.29081499576568604 14.116100311279297
v -0.008908320218324661 -0.29275599122047424 14.116100311279297
v -0.008519589900970459 -0.2946169972419739 14.116100311279297
v -0.008115899749100208 -0.2963930070400238 14.116100311279297
v -0.007697979919612408 -0.29808101058006287 14.116100311279297
v -0.007266549859195948 -0.2996779978275299 14.116100311279297
v -0.006822369992733002 -0.30118200182914734 14.116100311279297
v -0.006366219837218523 -0.302590012550354 14.116100311279297
v -0.005898899864405394 -0.30389899015426636 14.116100311279297
v -0.005421219859272242 -0.3051080107688904 14.116100311279297
v -0.004934039898216724 -0.30621299147605896 14.116100311279297
v -0.004438200034201145 -0.30721399188041687 14.116100311279297
v -0.003934570122510195 -0.30810800194740295 14.116100311279297
v -0.003424030030146241 -0.30889400839805603 14.116100311279297
v -0.0029074898920953274 -0.30956900119781494 14.116100311279297
v -0.0023858400527387857 -0.31013500690460205 14.116100311279297
v -0.0018600099720060825 -0.310588002204895 14.116100311279297
v -0.0013309200294315815 -0.31092900037765503 14.116100311279297
v -0.0007994850166141987 -0.3111560046672821 14.116100311279297
v -0.00026665101177059114 -0.31126999855041504 14.116100311279297
v 0.00026665101177059114 -0.31126999855041504 14.116100311279297
v 0.0007994850166141987 -0.3111560046672821 14.116100311279297
v 0.0013309200294315815 -0.31092900037765503 14.116100311279297
v 0.0018600099720060825 -0.310588002204895 14.116100311279297
v 0.0023858400527387857 -0.31013500690460205 14.116100311279297
v 0.0029074898920953274 -0.30956900119781494 14.116100311279297
v 0.003424030030146241 -0.30889400839805603 14.116100311279297
v 0.003934570122510195 -0.30810800194740295 14.116100311279297
v 0.004438200034201145 -0.30721399188041687 14.116100311279297
v 0.004934039898216724 -0.30621299147605896 14.116100311279297
v 0.005421219859272242 -0.3051080107688904 14.116100311279297
v 0.005898899864405394 -0.30389899015426636 14.116100311279297
v 0.006366219837218523 -0.302590012550354 14.116100311279297
v 0.006822369992733002 -0.30118200182914734 14.116100311279297
v 0.007266549859195948 -0.2996779978275299 14.116100311279297
v 0.007697979919612408 -0.29808101058006287 14.116100311279297
v 0.008115899749100208 -0.2963930070400238 14.116100311279297
v 0.008519589900970459 -0.2946169972419739 14.116100311279297
v 0.008908320218324661 -0.29275599122047424 14.116100311279297
v 0.009281430393457413 -0.29081499576568604 14.116100311279297
v 0.00963824987411499 -0.28879499435424805 14.116100311279297
v 0.009978160262107849 -0.2867009937763214 14.116100311279297
v 0.010300599969923496 -0.2845369875431061 14.11620044708252
v 0.010604900307953358 -0.2823050022125244 14.11620044708252
v 0.010890600271522999 -0.28001099824905396 14.11620044708252
v 0.01115730032324791 -0.27765798568725586 14.11620044708252
v 0.011404300108551979 -0.27524900436401367 14.11620044708252
v 0.01163140032440424 -0.2727909982204437 14.11620044708252
v 0.011838000267744064 -0.2702859938144684 14.116299629211426
v 0.01202389970421791 -0.2677389979362488 14.116299629211426
v 0.01218860037624836 -0.26515498757362366 14.116299629211426
v 0.012331999838352203 -0.26253798604011536 14.116399765014648
v 0.012453800067305565 -0.259893000125885 14.116399765014648
v 0.012553700245916843 -0.2572239935398102 14.116399765014648
v 0.01263159979134798 -0.2545360028743744 14.116499900817871
v 0.012687399983406067 -0.2518340051174164 14.116499900817871
v 0.012720800004899502 -0.2491219937801361 14.116600036621094
v 0.012732000090181828 -0.24640600383281708 14.116600036621094
vn -0.9999909996986389 -0.0041045499965548515 -0.0003822100115939975
vn -0.9999750256538391 -0.007023780141025782 -0.00043335300870239735
vn -0.9998829960823059 -0.01526820007711649 -0.0005779709899798036
vn -0.9997220039367676 -0.02356320060789585 -0.0007240020204335451
vn -0.9994890093803406 -0.03193740174174309 -0.0008719550096429884
vn -0.9991819858551025 -0.040419600903987885 -0.0010223500430583954
vn -0.9987959861755371 -0.04904089868068695 -0.00117575004696846
vn -0.998324990272522 -0.057833898812532425 -0.001332749961875379
vn -0.9977629780769348 -0.0668335035443306 -0.0014939799439162016
vn -0.9971010088920593 -0.07607650011777878 -0.0016601299867033958
vn -0.9963269829750061 -0.08560539782047272 -0.0018319899681955576
vn -0.9954310059547424 -0.0954660028219223 -0.00201039994135499
vn -0.9943950176239014 -0.1057099997997284 -0.0021963301114737988
vn -0.9932000041007996 -0.11639299988746643 -0.0023908501025289297
vn -0.9918249845504761 -0.12758199870586395 -0.002595159923657775
vn -0.9902390241622925 -0.13934999704360962 -0.002810700098052621
vn -0.9884089827537537 -0.15178300440311432 -0.003039049915969372
vn -0.9862909913063049 -0.16498099267482758 -0.0032821199856698513
vn -0.9838320016860962 -0.1790580004453659 -0.0035420400090515614
vn -0.9809640049934387 -0.19415099918842316 -0.003821450052782893
vn -0.9776020050048828 -0.21042199432849884 -0.004123379942029715
vn -0.9736369848251343 -0.2280610054731369 -0.00445146020501852
vn -0.9689270257949829 -0.24730099737644196 -0.004810099955648184
vn -0.9632880091667175 -0.2684189975261688 -0.005204579792916775
vn -0.9564769864082336 -0.29175400733947754 -0.005641300231218338
vn -0.9481649994850159 -0.3177179992198944 -0.0061281598173081875
vn -0.9379079937934875 -0.34682101011276245 -0.006674780044704676
vn -0.9250879883766174 -0.3796840012073517 -0.007293019909411669
vn -0.908843994140625 -0.41705799102783203 -0.007997159846127033
vn -0.887952983379364 -0.4598509967327118 -0.008804449811577797
vn -0.8606470227241516 -0.5091099739074707 -0.009734840132296085
vn -0.8243690133094788 -0.5659499764442444 -0.010809600353240967
vn -0.7754240036010742 -0.6313260197639465 -0.01204679999500513
vn -0.7086189985275269 -0.7054629921913147 -0.01345099974423647
vn -0.6171020269393921 -0.7867400050163269 -0.014991399832069874
vn -0.49320799112319946 -0.8697540163993835 -0.01656549982726574
vn -0.3318049907684326 -0.9431769847869873 -0.017958300188183784
vn -0.13647699356079102 -0.9904639720916748 -0.018855499103665352
vn 0.07556240260601044 -0.9969599843025208 -0.018978700041770935
vn 0.27810999751091003 -0.9603750109672546 -0.018284600228071213
vn 0.45029300451278687 -0.8927189707756042 -0.01700109988451004
vn 0.5848000049591064 -0.8110299706459045 -0.015451899729669094
vn 0.6849409937858582 -0.7284659743309021 -0.013886899687349796
vn 0.7581490278244019 -0.6519629955291748 -0.012437599711120129
vn 0.8116679787635803 -0.584011971950531 -0.011151299811899662
vn 0.8511809706687927 -0.5247769951820374 -0.010030999779701233
vn 0.8807839751243591 -0.4734320044517517 -0.009060859680175781
vn 0.9033259749412537 -0.42887499928474426 -0.008219979703426361
vn 0.9207720160484314 -0.39002901315689087 -0.007487819995731115
vn 0.9344840049743652 -0.35593798756599426 -0.006846200209110975
vn 0.9454119801521301 -0.32581600546836853 -0.006280149798840284
vn 0.9542369842529297 -0.29899701476097107 -0.0057770200073719025
vn 0.9614449739456177 -0.2749449908733368 -0.0053266198374331
vn 0.9673960208892822 -0.2532210052013397 -0.004920599982142448
vn 0.972353994846344 -0.23346799612045288 -0.004552159924060106
vn 0.976518988609314 -0.21538999676704407 -0.004215689841657877
vn 0.9800440073013306 -0.19874200224876404 -0.003906560130417347
vn 0.9830449819564819 -0.18332700431346893 -0.0036209900863468647
vn 0.9856160283088684 -0.16896900534629822 -0.0033556700218468904
vn 0.9878259897232056 -0.15552900731563568 -0.0031079601030796766
vn 0.9897350072860718 -0.1428840011358261 -0.0028755399398505688
vn 0.9913880228996277 -0.1309320032596588 -0.002656460041180253
vn 0.9928209781646729 -0.11958400160074234 -0.0024490500800311565
vn 0.99406498670578 -0.10876099765300751 -0.0022518199402838945
vn 0.9951450228691101 -0.09839560091495514 -0.0020635200198739767
vn 0.9960809946060181 -0.08842939883470535 -0.0018830200424417853
vn 0.9968879818916321 -0.07880920171737671 -0.0017093600472435355
vn 0.9975820183753967 -0.06948760151863098 -0.001541630015708506
vn 0.9981719851493835 -0.060421399772167206 -0.0013790399534627795
vn 0.9986690282821655 -0.05157199874520302 -0.0012208799598738551
vn 0.9990789890289307 -0.04290439933538437 -0.0010665099835023284
vn 0.9994080066680908 -0.03438510000705719 -0.0009152989950962365
vn 0.9996619820594788 -0.025982700288295746 -0.0007666940218769014
vn 0.9998440146446228 -0.01766750030219555 -0.000620155013166368
vn 0.9999560117721558 -0.00941138993948698 -0.00047518100473098457
vn 0.9999989867210388 -0.0011863800464197993 -0.00033127499045804143
vn 0.9999750256538391 0.00703458022326231 -0.0001879640039987862
vn 0.9998829960823059 0.015279100276529789 -0.00004476630056160502
vn 0.9997220039367676 0.02357419952750206 0.00009878440323518589
vn 0.9994890093803406 0.03194839879870415 0.00024317500356119126
vn 0.9991819858551025 0.04043060168623924 0.00038889498682692647
vn 0.9987959861755371 0.049052100628614426 0.0005364699754863977
vn 0.998324990272522 0.0578451007604599 0.000686438987031579
vn 0.9977629780769348 0.06684459745883942 0.0008393789757974446
vn 0.9971010088920593 0.07608789950609207 0.0009959059534594417
vn 0.9963269829750061 0.08561740070581436 0.0011567099718376994
vn 0.9954310059547424 0.09547829627990723 0.0013225399889051914
vn 0.9943950176239014 0.10572200268507004 0.0014942199923098087
vn 0.9932000041007996 0.11640600115060806 0.0016726700123399496
vn 0.9918249845504761 0.12759500741958618 0.0018589500105008483
vn 0.9902390241622925 0.13936300575733185 0.0020542601123452187
vn 0.9884089827537537 0.15179699659347534 0.0022599599324166775
vn 0.9862909913063049 0.1649949997663498 0.002477630041539669
vn 0.9838320016860962 0.17907199263572693 0.002709150081500411
vn 0.9809640049934387 0.19416700303554535 0.0029566700104624033
vn 0.9776020050048828 0.21043699979782104 0.0032227400224655867
vn 0.9736369848251343 0.2280779927968979 0.003510470036417246
vn 0.9689270257949829 0.24731899797916412 0.003823519917204976
vn 0.9632880091667175 0.268436998128891 0.004166279919445515
vn 0.9564769864082336 0.2917729914188385 0.004544190131127834
vn 0.9481649994850159 0.31773900985717773 0.004963790066540241
vn 0.9379079937934875 0.34684300422668457 0.005433159880340099
vn 0.9250890016555786 0.37970399856567383 0.0059621501713991165
vn 0.9088460206985474 0.41708099842071533 0.006562789902091026
vn 0.8879510164260864 0.4598810076713562 0.00724952993914485
vn 0.8606449961662292 0.5091429948806763 0.008038819767534733
vn 0.8243690133094788 0.56598299741745 0.008948390372097492
vn 0.7754259705543518 0.6313599944114685 0.00999343954026699
vn 0.7086229920387268 0.705498993396759 0.01117740012705326
vn 0.6170939803123474 0.7867900133132935 0.01247469987720251
vn 0.4932110011577606 0.8698009848594666 0.013798500411212444
vn 0.33181700110435486 0.9432250261306763 0.014968999661505222
vn 0.13645799458026886 0.9905210137367249 0.01572280004620552
vn -0.07554759830236435 0.9970170259475708 0.015826299786567688
vn -0.27811199426651 0.96042799949646 0.015243199653923512
vn -0.45030298829078674 0.8927639722824097 0.01416459959000349
vn -0.5847910046577454 0.8110820055007935 0.012862199917435646
vn -0.6849430203437805 0.72850501537323 0.011544699780642986
vn -0.7581520080566406 0.6519970297813416 0.010323099792003632
vn -0.8116670250892639 0.5840470194816589 0.00923726987093687
vn -0.8511790037155151 0.5248110294342041 0.008289660327136517
vn -0.8807820081710815 0.4734640121459961 0.0074672698974609375
vn -0.9033269882202148 0.42889899015426636 0.006752519868314266
vn -0.920773983001709 0.390049010515213 0.0061285002157092094
vn -0.9344840049743652 0.35596099495887756 0.005580049939453602
vn -0.9454129934310913 0.3258360028266907 0.0050944797694683075
vn -0.9542359709739685 0.2990170121192932 0.004661350045353174
vn -0.9614449739456177 0.27496299147605896 0.004272060003131628
vn -0.9673960208892822 0.2532390058040619 0.003919700160622597
vn -0.972353994846344 0.23348499834537506 0.003598530078306794
vn -0.976518988609314 0.21540500223636627 0.003303860081359744
vn -0.9800440073013306 0.19875800609588623 0.003031830070540309
vn -0.9830459952354431 0.18334099650382996 0.002779219998046756
vn -0.9856160283088684 0.16898199915885925 0.002543289912864566
vn -0.9878259897232056 0.1555429995059967 0.002321809995919466
vn -0.9897350072860718 0.14289799332618713 0.00211280002258718
vn -0.9913880228996277 0.13094599545001984 0.0019146299455314875
vn -0.9928209781646729 0.11959599703550339 0.0017258600564673543
vn -0.99406498670578 0.10877300053834915 0.0015452499501407146
vn -0.9951450228691101 0.09840810298919678 0.0013717099791392684
vn -0.9960809946060181 0.08844129741191864 0.0012042600428685546
vn -0.9968879818916321 0.07882069796323776 0.0010420799953863025
vn -0.9975820183753967 0.0694987028837204 0.0008843839750625193
vn -0.9981719851493835 0.06043269857764244 0.0007304719765670598
vn -0.9986690282821655 0.05158330127596855 0.0005796980112791061
vn -0.9990789890289307 0.042915500700473785 0.0004314859979785979
vn -0.9994080066680908 0.03439610078930855 0.00028528101393021643
vn -0.9996619820594788 0.025993699207901955 0.0001405569928465411
vn -0.9998440146446228 0.01767840050160885 -0.000003190200004610233
vn -0.9999560117721558 0.009422199800610542 -0.00014643899339716882
vn -0.9999909996986389 0.004114679992198944 -0.00023874199541751295
vn -0.9999909996986389 -0.004097199998795986 -0.0007871660054661334
vn -0.9999560117721558 -0.009326869621872902 -0.0009531039977446198
vn -0.999845027923584 -0.01758049987256527 -0.001099359942600131
vn -0.9996640086174011 -0.02589300088584423 -0.001247989945113659
vn -0.9994109869003296 -0.034292399883270264 -0.0013995299814268947
vn -0.9990820288658142 -0.042808398604393005 -0.0015545299975201488
vn -0.9986730217933655 -0.05147229880094528 -0.00171357998624444
vn -0.9981769919395447 -0.06031759828329086 -0.0018773600459098816
vn -0.9975879788398743 -0.06937909871339798 -0.0020465399138629436
vn -0.9968960285186768 -0.07869569957256317 -0.002221900038421154
vn -0.9960899949073792 -0.08831050246953964 -0.002404330065473914
vn -0.9951559901237488 -0.09827069938182831 -0.0025947699323296547
vn -0.9940779805183411 -0.1086290031671524 -0.002794330008327961
vn -0.9928359985351562 -0.11944500356912613 -0.0030042200814932585
vn -0.9914050102233887 -0.1307850033044815 -0.0032258699648082256
vn -0.9897559881210327 -0.14272800087928772 -0.0034608899150043726
vn -0.9878510236740112 -0.15536199510097504 -0.0037111600395292044
vn -0.9856439828872681 -0.16878999769687653 -0.003978869877755642
vn -0.9830790162086487 -0.1831350028514862 -0.004266589879989624
vn -0.9800829887390137 -0.19853800535202026 -0.004577349871397018
vn -0.9765650033950806 -0.21516700088977814 -0.004914740100502968
vn -0.9724079966545105 -0.2332260012626648 -0.005283060017973185
vn -0.9674599766731262 -0.2529590129852295 -0.0056875599548220634
vn -0.9615229964256287 -0.2746550142765045 -0.006134420167654753
vn -0.9543309807777405 -0.2986780107021332 -0.006631390191614628
vn -0.945527970790863 -0.3254620134830475 -0.007187789771705866
vn -0.9346259832382202 -0.3555459976196289 -0.007815159857273102
vn -0.9209510087966919 -0.3895860016345978 -0.008527549915015697
vn -0.9035519957542419 -0.4283759891986847 -0.009342010132968426
vn -0.881072998046875 -0.47286900877952576 -0.010278900153934956
vn -0.8515580296516418 -0.524137020111084 -0.011361399665474892
vn -0.8121650218963623 -0.5832909941673279 -0.012613300234079361
vn -0.7588189840316772 -0.6511499881744385 -0.014052299782633781
vn -0.6858429908752441 -0.7275810241699219 -0.015675799921154976
vn -0.586001992225647 -0.810122013092041 -0.01743149943649769
vn -0.4518429934978485 -0.8918910026550293 -0.019172700121998787
vn -0.2799989879131317 -0.9597790241241455 -0.02061929926276207
vn -0.07759550213813782 -0.9967550039291382 -0.021407600492239
vn 0.1345060020685196 -0.9906839728355408 -0.021278200671076775
vn 0.330130010843277 -0.9437180161476135 -0.020276999101042747
vn 0.49193501472473145 -0.8704310059547424 -0.018715599551796913
vn 0.6161630153656006 -0.7874360084533691 -0.016948800534009933
vn 0.7079529762268066 -0.7060949802398682 -0.015219200402498245
vn 0.7749509811401367 -0.6318740248680115 -0.013643300160765648
vn 0.8240290284156799 -0.5664160251617432 -0.012255899608135223
vn 0.8603969812393188 -0.5095049738883972 -0.011052199639379978
vn 0.8877689838409424 -0.46018001437187195 -0.010011499747633934
vn 0.90870600938797 -0.41733700037002563 -0.009109970182180405
vn 0.9249820113182068 -0.37991899251937866 -0.008324990049004555
vn 0.9378250241279602 -0.34702301025390625 -0.007637190166860819
vn 0.9480999708175659 -0.31789499521255493 -0.007030370179563761
vn 0.9564250111579895 -0.2919059991836548 -0.00649107014760375
vn 0.9632459878921509 -0.2685540020465851 -0.006008550059050322
vn 0.968891978263855 -0.247420996427536 -0.005573839880526066
vn 0.9736070036888123 -0.2281699925661087 -0.0051797498017549515
vn 0.9775779843330383 -0.2105190008878708 -0.004820249974727631
vn 0.9809430241584778 -0.19424200057983398 -0.004490490071475506
vn 0.983814001083374 -0.17914099991321564 -0.00418630987405777
vn 0.9862759709358215 -0.1650570034980774 -0.0039042700082063675
vn 0.9883959889411926 -0.15185600519180298 -0.003641539951786399
vn 0.990227997303009 -0.13941800594329834 -0.0033956000115722418
vn 0.9918149709701538 -0.1276479959487915 -0.0031643800903111696
vn 0.9931910037994385 -0.11645600199699402 -0.0029460699297487736
vn 0.9943869709968567 -0.10577099770307541 -0.00273911003023386
vn 0.9954239726066589 -0.09552589803934097 -0.0025421399623155594
vn 0.9963210225105286 -0.08566410094499588 -0.0023539699614048004
vn 0.997094988822937 -0.07613459974527359 -0.0021735599730163813
vn 0.9977579712867737 -0.06689109653234482 -0.001999950036406517
vn 0.998320996761322 -0.05789180099964142 -0.0018323099939152598
vn 0.9987930059432983 -0.04909919947385788 -0.0016698800027370453
vn 0.9991790056228638 -0.040478501468896866 -0.0015119799645617604
vn 0.9994869828224182 -0.03199730068445206 -0.0013579799560829997
vn 0.9997199773788452 -0.023624099791049957 -0.0012072899844497442
vn 0.9998819828033447 -0.015330400317907333 -0.0010593499755486846
vn 0.9999740123748779 -0.0070877401158213615 -0.0009136570151895285
vn 0.9999989867210388 0.0011313899885863066 -0.0007697070250287652
vn 0.9999560117721558 0.009354460053145885 -0.0006270200246945024
vn 0.999845027923584 0.01760829985141754 -0.0004851339908782393
vn 0.9996640086174011 0.025920800864696503 -0.00034357700496912
vn 0.9994109869003296 0.034320298582315445 -0.00020188700000289828
vn 0.9990820288658142 0.04283659905195236 -0.00005958629844826646
vn 0.9986730217933655 0.05150090157985687 0.00008381810039281845
vn 0.9981769919395447 0.06034630164504051 0.0002288349933223799
vn 0.9975879788398743 0.06940799951553345 0.0003759989922400564
vn 0.9968960285186768 0.07872539758682251 0.0005258899764157832
vn 0.9960899949073792 0.08834079653024673 0.0006791329942643642
vn 0.9951559901237488 0.09830170124769211 0.0008364120149053633
vn 0.9940779805183411 0.10866100341081619 0.000998478033579886
vn 0.9928359985351562 0.11947699636220932 0.001166169997304678
vn 0.9914050102233887 0.13081799447536469 0.0013404299970716238
vn 0.9897559881210327 0.14276200532913208 0.0015223600203171372
vn 0.9878510236740112 0.15539699792861938 0.0017131499480456114
vn 0.9856439828872681 0.16882699728012085 0.0019142499659210443
vn 0.9830790162086487 0.18317200243473053 0.0021273200400173664
vn 0.9800829887390137 0.19857600331306458 0.0023542901035398245
vn 0.9765650033950806 0.21520699560642242 0.0025974700693041086
vn 0.9724079966545105 0.23326900601387024 0.002859639935195446
vn 0.9674599766731262 0.25300300121307373 0.0031440299935638905
vn 0.9615229964256287 0.2747020125389099 0.003454660065472126
vn 0.9543309807777405 0.29872798919677734 0.0037963700015097857
vn 0.9455270171165466 0.3255159854888916 0.004175070207566023
vn 0.9346259832382202 0.3556019961833954 0.004597980063408613
vn 0.9209520220756531 0.38964399695396423 0.005073959939181805
vn 0.9035519957542419 0.42844098806381226 0.005613800138235092
vn 0.8810719847679138 0.47294101119041443 0.006230220198631287
vn 0.8515580296516418 0.5242149829864502 0.0069376397877931595
vn 0.8121650218963623 0.5833759903907776 0.007750949822366238
vn 0.7588210105895996 0.6512420177459717 0.008681049570441246
vn 0.6858440041542053 0.7276830077171326 0.009725930169224739
vn 0.5859919786453247 0.8102440237998962 0.010851999744772911
vn 0.4518589973449707 0.8920090198516846 0.011965399608016014
vn 0.27999401092529297 0.9599149823188782 0.012888999655842781
vn 0.07759019732475281 0.9968950152397156 0.013391699641942978
vn -0.1344909965991974 0.9908249974250793 0.013309200294315815
vn -0.33014801144599915 0.9438440203666687 0.012670500203967094
vn -0.4919320046901703 0.8705559968948364 0.011673499830067158
vn -0.6161609888076782 0.7875499725341797 0.010542700067162514
vn -0.707955002784729 0.7061939835548401 0.00943244993686676
vn -0.7749519944190979 0.6319640278816223 0.008417120203375816
vn -0.8240280151367188 0.5664989948272705 0.0075192200019955635
vn -0.8603960275650024 0.509581983089447 0.006736020091921091
vn -0.8877689838409424 0.46024999022483826 0.006054699886590242
vn -0.9087070226669312 0.41739800572395325 0.0054604001343250275
vn -0.9249820113182068 0.3799780011177063 0.004939060192555189
vn -0.9378250241279602 0.34707900881767273 0.004478420130908489
vn -0.9480999708175659 0.31794700026512146 0.004068300127983093
vn -0.9564250111579895 0.29195600748062134 0.0037002800963819027
vn -0.9632459878921509 0.2685990035533905 0.003367509925737977
vn -0.968891978263855 0.24746599793434143 0.0030644400976598263
vn -0.9736080169677734 0.22821199893951416 0.002786430064588785
vn -0.9775779843330383 0.21055899560451508 0.002529710065573454
vn -0.9809439778327942 0.1942790001630783 0.002291169948875904
vn -0.9838150143623352 0.17917799949645996 0.002068170113489032
vn -0.9862759709358215 0.16509300470352173 0.0018585199723020196
vn -0.9883959889411926 0.15189099311828613 0.001660370035097003
vn -0.990227997303009 0.1394519954919815 0.0014721000334247947
vn -0.9918149709701538 0.1276800036430359 0.0012923800386488438
vn -0.9931910037994385 0.1164880022406578 0.001119990018196404
vn -0.9943869709968567 0.10580199956893921 0.0009539130260236561
vn -0.9954239726066589 0.09555649757385254 0.0007932159933261573
vn -0.9963210225105286 0.08569420129060745 0.0006371010094881058
vn -0.997094988822937 0.07616399973630905 0.00048482901183888316
vn -0.9977579712867737 0.06691999733448029 0.0003357350069563836
vn -0.998320996761322 0.05792050063610077 0.0001892059954116121
vn -0.9987930059432983 0.04912760108709335 0.00004467530015972443
vn -0.9991790056228638 0.040506601333618164 -0.0000983813006314449
vn -0.9994869828224182 0.03202509880065918 -0.00024047000624705106
vn -0.9997199773788452 0.02365179918706417 -0.00038208201294764876
vn -0.9998819828033447 0.015358099713921547 -0.0005236819852143526
vn -0.9999740123748779 0.007115319836884737 -0.0006657419726252556
vn -0.9999909996986389 0.004122780170291662 -0.0008463520207442343
vn -0.9999909996986389 -0.004098580218851566 -0.0011187100317329168
vn 0.9999799728393555 0.0017628900241106749 0.00601466977968812
vn 0.9999309778213501 0.009982810355722904 0.006165519822388887
vn 0.999813973903656 0.018234500661492348 0.006327089853584766
vn 0.9996259808540344 0.026548000052571297 0.006500069983303547
vn 0.9993669986724854 0.034950099885463715 0.006685120053589344
vn 0.9990310072898865 0.04347280040383339 0.006883169990032911
vn 0.9986140131950378 0.05214430019259453 0.007095090113580227
vn 0.9981110095977783 0.061000898480415344 0.007322059944272041
vn 0.9975129961967468 0.07007619738578796 0.007565290201455355
vn 0.9968109726905823 0.07941090315580368 0.007826300337910652
vn 0.995993971824646 0.08904659748077393 0.008106700144708157
vn 0.995048999786377 0.09903229773044586 0.008408459834754467
vn 0.993956983089447 0.10942099988460541 0.00873379036784172
vn 0.9926999807357788 0.1202709972858429 0.009085220284759998
vn 0.9912509918212891 0.13165199756622314 0.009465780109167099
vn 0.989579975605011 0.14364300668239594 0.009878910146653652
vn 0.9876499772071838 0.15633299946784973 0.010328699834644794
vn 0.985414981842041 0.1698250025510788 0.010819800198078156
vn 0.9828140139579773 0.1842470020055771 0.011358099989593029
vn 0.9797769784927368 0.19973799586296082 0.011950099840760231
vn 0.976207971572876 0.21647000312805176 0.012603700160980225
vn 0.9719880223274231 0.23465299606323242 0.013328899629414082
vn 0.9669619798660278 0.2545279860496521 0.014136900193989277
vn 0.9609249830245972 0.27640199661254883 0.015042300336062908
vn 0.9536049962043762 0.3006319999694824 0.016061900183558464
vn 0.9446380138397217 0.32766100764274597 0.0172169990837574
vn 0.9335219860076904 0.358040988445282 0.018533499911427498
vn 0.9195590019226074 0.3924410045146942 0.020043499767780304
vn 0.9017670154571533 0.43167299032211304 0.02178579941391945
vn 0.8787519931793213 0.4766860008239746 0.02380570024251938
vn 0.8484820127487183 0.528577983379364 0.026156099513173103
vn 0.8080310225486755 0.5884320139884949 0.028889000415802002
vn 0.7531790137290955 0.6570349931716919 0.032043300569057465
vn 0.6780970096588135 0.7341099977493286 0.035607900470495224
vn 0.5754520297050476 0.8168830275535583 0.0394539013504982
vn 0.43792200088500977 0.8979730010032654 0.04323520138859749
vn 0.2627849876880646 0.9637420177459717 0.0463096983730793
vn 0.05844010040163994 0.9971420168876648 0.04787319898605347
vn -0.1532450020313263 0.9870510101318359 0.04740060120820999
vn -0.34635698795318604 0.9370200037956238 0.04505959898233414
vn -0.5047410130500793 0.8622699975967407 0.04156859964132309
vn -0.6257460117340088 0.7791150212287903 0.03769659996032715
vn -0.7149749994277954 0.698324978351593 0.03395010158419609
vn -0.7800859808921814 0.624925971031189 0.030564000830054283
vn -0.8278110027313232 0.5603280067443848 0.027602700516581535
vn -0.8632270097732544 0.5041940212249756 0.025048600509762764
vn -0.8899170160293579 0.4555490016937256 0.02285419963300228
vn -0.9103670120239258 0.4132699966430664 0.02096560038626194
vn -0.9262830018997192 0.37633299827575684 0.019333599135279655
vn -0.9388570189476013 0.34384098649024963 0.017915399745106697
vn -0.9489290118217468 0.31505000591278076 0.016675399616360664
vn -0.9570990204811096 0.2893419861793518 0.015584300272166729
vn -0.9638000130653381 0.26622599363327026 0.01461859978735447
vn -0.9693499803543091 0.24529899656772614 0.013759300112724304
vn -0.9739900231361389 0.2262199968099594 0.012990299612283707
vn -0.9778980016708374 0.20871999859809875 0.012298700399696827
vn -0.9812129735946655 0.1925719976425171 0.01167409960180521
vn -0.9840430021286011 0.1775829941034317 0.011107300408184528
vn -0.9864699840545654 0.16359800100326538 0.010591099970042706
vn -0.9885609745979309 0.15048100054264069 0.010119300335645676
vn -0.9903680086135864 0.13811899721622467 0.009686710312962532
vn -0.9919340014457703 0.1264140009880066 0.009288820438086987
vn -0.9932929873466492 0.11528199911117554 0.008921880275011063
vn -0.9944720268249512 0.10464800149202347 0.008582609705626965
vn -0.9954950213432312 0.0944484993815422 0.008268269710242748
vn -0.9963809847831726 0.08462739735841751 0.007976479828357697
vn -0.9971439838409424 0.07513289898633957 0.007705110125243664
vn -0.9977970123291016 0.06592070311307907 0.007452390156686306
vn -0.998350977897644 0.056948598474264145 0.0072167101316154
vn -0.9988139867782593 0.04818030074238777 0.00699676014482975
vn -0.999193012714386 0.03957910090684891 0.0067912801168859005
vn -0.9994940161705017 0.03111569955945015 0.00659930007532239
vn -0.9997199773788452 0.02275650016963482 0.006419839803129435
vn -0.9998760223388672 0.014474799856543541 0.0062521700747311115
vn -0.9999619722366333 0.006240109913051128 0.006095550023019314
vn -0.9999799728393555 -0.001971619902178645 0.005949489772319794
vn -0.9999309778213501 -0.010191399604082108 0.005813379772007465
vn -0.999813973903656 -0.018444599583745003 0.005686849821358919
vn -0.9996259808540344 -0.026758400723338127 0.005569600034505129
vn -0.9993669986724854 -0.03516250103712082 0.005461310036480427
vn -0.9990310072898865 -0.04368630051612854 0.005361800082027912
vn -0.9986140131950378 -0.05235990136861801 0.0052709500305354595
vn -0.9981110095977783 -0.061219699680805206 0.005188690032809973
vn -0.9975129961967468 -0.07029750198125839 0.00511506013572216
vn -0.9968109726905823 -0.07963539659976959 0.005050139967352152
vn -0.995993971824646 -0.08927570283412933 0.004994079936295748
vn -0.995048999786377 -0.09926529973745346 0.00494715990498662
vn -0.993956983089447 -0.10965900123119354 0.004909750074148178
vn -0.9926999807357788 -0.12051399797201157 0.004882310051470995
vn -0.9912509918212891 -0.13190299272537231 0.004865420050919056
vn -0.989579975605011 -0.1439010053873062 0.0048598297871649265
vn -0.987650990486145 -0.15659700334072113 0.004866459872573614
vn -0.985414981842041 -0.17010000348091125 0.00488641019910574
vn -0.9828140139579773 -0.18453000485897064 0.0049210600554943085
vn -0.9797769784927368 -0.20003299415111542 0.0049720401875674725
vn -0.976207971572876 -0.21677899360656738 0.00504133990034461
vn -0.9719880223274231 -0.23497499525547028 0.0051314798183739185
vn -0.9669610261917114 -0.2548690140247345 0.005245409905910492
vn -0.9609249830245972 -0.27675700187683105 0.005386800039559603
vn -0.9536060094833374 -0.3010059893131256 0.0055602299980819225
vn -0.9446380138397217 -0.3280639946460724 0.005771259777247906
vn -0.9335209727287292 -0.35847198963165283 0.006026790011674166
vn -0.9195579886436462 -0.39290300011634827 0.006335359998047352
vn -0.9017689824104309 -0.4321669936180115 0.006707340013235807
vn -0.8787509799003601 -0.47722798585891724 0.007155170198529959
vn -0.8484830260276794 -0.5291669964790344 0.007693000137805939
vn -0.8080289959907532 -0.5890830159187317 0.008335470221936703
vn -0.7531780004501343 -0.6577529907226562 0.009093630127608776
vn -0.6780999898910522 -0.734902024269104 0.00996605958789587
vn -0.5754420161247253 -0.8177700042724609 0.010921199806034565
vn -0.43793100118637085 -0.898930013179779 0.011869999580085278
vn -0.2627820074558258 -0.9647719860076904 0.012647399678826332
vn -0.05843620002269745 -0.9982060194015503 0.013044199906289577
vn 0.15323300659656525 -0.9881049990653992 0.012924100272357464
vn 0.3463680148124695 -0.9380180239677429 0.012330600060522556
vn 0.504734992980957 -0.8631979823112488 0.011450500227510929
vn 0.6257460117340088 -0.7799559831619263 0.010482899844646454
vn 0.7149760127067566 -0.6990839838981628 0.009558210149407387
vn 0.7800840139389038 -0.6256129741668701 0.008735770359635353
vn 0.8278120160102844 -0.5609480142593384 0.008030680008232594
vn 0.8632270097732544 -0.5047609806060791 0.007437190040946007
vn 0.8899189829826355 -0.4560660123825073 0.006941820029169321
vn 0.9103659987449646 -0.4137519896030426 0.006529930047690868
vn 0.9262819886207581 -0.3767800033092499 0.006188009865581989
vn 0.9388570189476013 -0.3442569971084595 0.005904580000787973
vn 0.9489290118217468 -0.31543800234794617 0.005670120008289814
vn 0.9570990204811096 -0.28970998525619507 0.005476870108395815
vn 0.963798999786377 -0.26657500863075256 0.005318540148437023
vn 0.9693499803543091 -0.24562899768352509 0.005190109834074974
vn 0.9739890098571777 -0.22653700411319733 0.005087379831820726
vn 0.9778980016708374 -0.20902200043201447 0.0050070201978087425
vn 0.9812139868736267 -0.19286100566387177 0.0049462998285889626
vn 0.9840430021286011 -0.1778630018234253 0.004902970045804977
vn 0.9864699840545654 -0.16386699676513672 0.004875199869275093
vn 0.9885609745979309 -0.15074299275875092 0.004861460067331791
vn 0.9903680086135864 -0.13837400078773499 0.004860519897192717
vn 0.9919340014457703 -0.1266610026359558 0.0048713600262999535
vn 0.9932929873466492 -0.11552300304174423 0.004893159959465265
vn 0.9944720268249512 -0.10488399863243103 0.0049252198077738285
vn 0.9954950213432312 -0.09467999637126923 0.0049670301377773285
vn 0.9963809847831726 -0.08485399931669235 0.005018169991672039
vn 0.9971439838409424 -0.07535610347986221 0.0050783101469278336
vn 0.9977970123291016 -0.06614109873771667 0.005147249903529882
vn 0.998350977897644 -0.05716539919376373 0.005224850028753281
vn 0.9988139867782593 -0.048395100980997086 0.005311040207743645
vn 0.999193012714386 -0.03979239985346794 0.005405839998275042
vn 0.9994940161705017 -0.031326599419116974 0.005509370006620884
vn 0.9997199773788452 -0.02296699956059456 0.005621740128844976
vn 0.9998760223388672 -0.014683900400996208 0.005743199959397316
vn 0.9999790191650391 -0.004194019827991724 0.004857390187680721
vn 0.9999520182609558 0.003935900051146746 0.00900955032557249
vn 0.9999200105667114 0.006235030014067888 0.011018999852240086
vn 0.9998329877853394 0.014443200081586838 0.011185799725353718
vn 0.9996780157089233 0.022699400782585144 0.011371900327503681
vn 0.9994509816169739 0.031032100319862366 0.011578300036489964
vn 0.9991509914398193 0.039470501244068146 0.011805799789726734
vn 0.9987720251083374 0.0480445995926857 0.012055699713528156
vn 0.9983100295066833 0.05678649991750717 0.012329500168561935
vn 0.9977570176124573 0.06573209911584854 0.012628800235688686
vn 0.9971060156822205 0.07491689920425415 0.012955600395798683
vn 0.9963439702987671 0.08438359946012497 0.013312100432813168
vn 0.9954609870910645 0.09417659789323807 0.01370100025087595
vn 0.9944409728050232 0.10434699803590775 0.014125400222837925
vn 0.9932640194892883 0.1149509996175766 0.014588800258934498
vn 0.9919090270996094 0.12605300545692444 0.015095200389623642
vn 0.9903470277786255 0.13772599399089813 0.01564970053732395
vn 0.9885439872741699 0.15005500614643097 0.01625780016183853
vn 0.9864580035209656 0.1631380021572113 0.016926199197769165
vn 0.9840369820594788 0.17708800733089447 0.01766280084848404
vn 0.9812129735946655 0.19203899800777435 0.018477000296115875
vn 0.9779049754142761 0.20815099775791168 0.01937990076839924
vn 0.9740039706230164 0.22561199963092804 0.020384900271892548
vn 0.9693729877471924 0.24464799463748932 0.021508200094103813
vn 0.9638320207595825 0.26553499698638916 0.022769400849938393
vn 0.9571419954299927 0.28860700130462646 0.024192599579691887
vn 0.9489840269088745 0.31426700949668884 0.02580679953098297
vn 0.9389219880104065 0.34301701188087463 0.02764829993247986
vn 0.9263579845428467 0.375465989112854 0.029761100187897682
vn 0.9104499816894531 0.41236400604248047 0.03219969943165779
vn 0.8900060057640076 0.4546020030975342 0.03502900153398514
vn 0.8633049726486206 0.5032250285148621 0.038325000554323196
vn 0.8278610110282898 0.559345006942749 0.04216950014233589
vn 0.7800660133361816 0.6239569783210754 0.04663600027561188
vn 0.7148230075836182 0.6973879933357239 0.05175140127539635
vn 0.6253529787063599 0.7782269716262817 0.057418499141931534
vn 0.5039420127868652 0.8614159822463989 0.06327919661998749
vn 0.34499800205230713 0.9360960125923157 0.06855929642915726
vn 0.1512330025434494 0.9858660101890564 0.07208610326051712
vn -0.0609407015144825 0.9954850077629089 0.07276830077171326
vn -0.26543399691581726 0.9615579843521118 0.07036270201206207
vn -0.4403980076313019 0.8953970074653625 0.06567949801683426
vn -0.5775570273399353 0.8141459822654724 0.05994550138711929
vn -0.6798139810562134 0.7313839793205261 0.054130200296640396
vn -0.7545440196990967 0.6544359922409058 0.04875440150499344
vn -0.8091049790382385 0.5860130190849304 0.04400790110230446
vn -0.8493340015411377 0.5263450145721436 0.03990370035171509
vn -0.8794270157814026 0.4746420085430145 0.03638229891657829
vn -0.9023100137710571 0.4297949969768524 0.03336229920387268
vn -0.9199939966201782 0.3907240033149719 0.03076470084488392
vn -0.9338740110397339 0.3564639985561371 0.028519200161099434
vn -0.944923996925354 0.32620999217033386 0.026567300781607628
vn -0.9538390040397644 0.2992889881134033 0.02486030012369156
vn -0.9611139893531799 0.2751609981060028 0.02335900068283081
vn -0.9671159982681274 0.2533800005912781 0.022031499072909355
vn -0.9721119999885559 0.23358599841594696 0.020851600915193558
vn -0.9763079881668091 0.2154799997806549 0.019797999411821365
vn -0.979856014251709 0.1988140046596527 0.018853100016713142
vn -0.9828760027885437 0.1833849996328354 0.018002299591898918
vn -0.9854620099067688 0.16902300715446472 0.017233600839972496
vn -0.9876840114593506 0.155582994222641 0.016536999493837357
vn -0.9896029829978943 0.14294299483299255 0.01590380072593689
vn -0.9912639856338501 0.13099899888038635 0.015327099710702896
vn -0.9927039742469788 0.11966100335121155 0.01480070035904646
vn -0.9939550161361694 0.10885199904441833 0.014319400303065777
vn -0.9950399994850159 0.09850279986858368 0.013878700323402882
vn -0.9959800243377686 0.08855459839105606 0.01347499992698431
vn -0.9967920184135437 0.07895360141992569 0.013105000369250774
vn -0.9974899888038635 0.06965260207653046 0.012765699997544289
vn -0.9980840086936951 0.06060969829559326 0.012454899959266186
vn -0.998583972454071 0.05178439989686012 0.012170299887657166
vn -0.9989979863166809 0.04314219951629639 0.011910400353372097
vn -0.999330997467041 0.03464969992637634 0.011673400178551674
vn -0.9995890259742737 0.02627510018646717 0.011458099819719791
vn -0.9997749924659729 0.017989400774240494 0.011263400316238403
vn -0.9998909831047058 0.009764069691300392 0.011088400147855282
vn -0.9999390244483948 0.0015713999746367335 0.01093239989131689
vn -0.9999200105667114 -0.006615709979087114 0.010794700123369694
vn -0.9998329877853394 -0.014824699610471725 0.010674900375306606
vn -0.9996780157089233 -0.023082399740815163 0.010572800412774086
vn -0.9994509816169739 -0.03141719847917557 0.01048820000141859
vn -0.9991509914398193 -0.03985850140452385 0.010421100072562695
vn -0.9987720251083374 -0.0484360009431839 0.010371600277721882
vn -0.9983100295066833 -0.05718240141868591 0.010340199805796146
vn -0.9977570176124573 -0.0661327987909317 0.010327099822461605
vn -0.9971060156822205 -0.07532349973917007 0.010333100333809853
vn -0.9963439702987671 -0.08479669690132141 0.010359100066125393
vn -0.9954609870910645 -0.0945976972579956 0.01040599960833788
vn -0.9944409728050232 -0.10477600246667862 0.01047510001808405
vn -0.9932640194892883 -0.11539000272750854 0.010568100027740002
vn -0.9919090270996094 -0.12650300562381744 0.010686799883842468
vn -0.9903470277786255 -0.13818900287151337 0.010833599604666233
vn -0.9885439872741699 -0.15053099393844604 0.011010999791324139
vn -0.9864580035209656 -0.16362899541854858 0.01122250035405159
vn -0.9840369820594788 -0.17759600281715393 0.011471799574792385
vn -0.9812129735946655 -0.19256700575351715 0.011763599701225758
vn -0.9779049754142761 -0.2087000012397766 0.012103700079023838
vn -0.9740039706230164 -0.22618600726127625 0.012498700059950352
vn -0.9693729877471924 -0.24525000154972076 0.01295700017362833
vn -0.9638320207595825 -0.266169011592865 0.013488500379025936
vn -0.9571419954299927 -0.28927499055862427 0.0141056003049016
vn -0.9489840269088745 -0.3149769902229309 0.014823299832642078
vn -0.9389219880104065 -0.3437730073928833 0.015660300850868225
vn -0.9263579845428467 -0.37627699971199036 0.016639400273561478
vn -0.9104499816894531 -0.41323599219322205 0.017788799479603767
vn -0.8900060057640076 -0.4555479884147644 0.01914219930768013
vn -0.8633059859275818 -0.5042549967765808 0.020739300176501274
vn -0.8278610110282898 -0.5604770183563232 0.02262290008366108
vn -0.7800660133361816 -0.6252040266990662 0.024831799790263176
vn -0.7148230075836182 -0.6987689733505249 0.027381399646401405
vn -0.6253499984741211 -0.7797589898109436 0.030223799869418144
vn -0.5039399862289429 -0.8631010055541992 0.033177699893713
vn -0.3450019955635071 -0.9379169940948486 0.03584820032119751
vn -0.15123200416564941 -0.9877820014953613 0.03763600066304207
vn 0.060940101742744446 -0.997418999671936 0.03798209875822067
vn 0.26543501019477844 -0.9634280204772949 0.036761898547410965
vn 0.4403989911079407 -0.8971430063247681 0.03439059853553772
vn 0.5775550007820129 -0.8157439827919006 0.031495701521635056
vn 0.6798139810562134 -0.7328280210494995 0.02857230044901371
vn 0.7545430064201355 -0.6557400226593018 0.02588520012795925
vn 0.8091059923171997 -0.5871909856796265 0.023529499769210815
vn 0.8493340015411377 -0.5274180173873901 0.021510200574994087
vn 0.8794270157814026 -0.4756219983100891 0.01979539915919304
vn 0.9023100137710571 -0.4306980073451996 0.018342399969697
vn 0.9199939966201782 -0.39155998826026917 0.01710990071296692
vn 0.9338729977607727 -0.35724300146102905 0.01606139913201332
vn 0.944923996925354 -0.3269369900226593 0.01516649965196848
vn 0.9538390040397644 -0.2999739944934845 0.014400100335478783
vn 0.9611139893531799 -0.27580899000167847 0.013741799630224705
vn 0.9671159982681274 -0.25399601459503174 0.01317519973963499
vn 0.9721119999885559 -0.2341720014810562 0.012686899863183498
vn 0.9763079881668091 -0.2160390019416809 0.012265799567103386
vn 0.979856014251709 -0.1993499994277954 0.011903099715709686
vn 0.9828760027885437 -0.18390199542045593 0.011591300368309021
vn 0.9854620099067688 -0.1695210039615631 0.011324300430715084
vn 0.9876840114593506 -0.15606500208377838 0.011097099632024765
vn 0.9896029829978943 -0.14341099560260773 0.010905499570071697
vn 0.9912639856338501 -0.1314540058374405 0.010746000334620476
vn 0.9927039742469788 -0.12010499835014343 0.010615499690175056
vn 0.9939550161361694 -0.10928499698638916 0.010511799715459347
vn 0.9950399994850159 -0.09892740100622177 0.010432600043714046
vn 0.9959800243377686 -0.08897080272436142 0.010376299731433392
vn 0.9967920184135437 -0.0793628990650177 0.01034149993211031
vn 0.9974899888038635 -0.07005620002746582 0.010327099822461605
vn 0.9980840086936951 -0.06100739911198616 0.010332000441849232
vn 0.998583972454071 -0.05217749997973442 0.010355699807405472
vn 0.9989979863166809 -0.04353180155158043 0.010397500358521938
vn 0.999330997467041 -0.03503580018877983 0.010456999763846397
vn 0.9995890259742737 -0.026659000664949417 0.010534100234508514
vn 0.9997749924659729 -0.018371600657701492 0.01062879990786314
vn 0.9998909831047058 -0.010144899599254131 0.010740900412201881
vn 0.9999229907989502 -0.004297010134905577 0.011612099595367908
vn 0.9997609853744507 0.003684750059619546 0.02155669964849949
vn 0.9996349811553955 0.006399690173566341 0.02624260075390339
vn 0.9995449781417847 0.014518200419843197 0.026442699134349823
vn 0.9993860125541687 0.022685600444674492 0.026687299832701683
vn 0.9991570115089417 0.030930399894714355 0.026977799832820892
vn 0.9988549947738647 0.039281100034713745 0.027316100895404816
vn 0.9984740018844604 0.04776670038700104 0.02770409919321537
vn 0.998009979724884 0.056421298533678055 0.028144799172878265
vn 0.9974560141563416 0.06527820229530334 0.028641199693083763
vn 0.9968029856681824 0.07437349855899811 0.029196999967098236
vn 0.9960409998893738 0.08375059813261032 0.029816800728440285
vn 0.9951559901237488 0.09345199912786484 0.030505700036883354
vn 0.9941350221633911 0.10352999716997147 0.0312701016664505
vn 0.9929569959640503 0.11403899639844894 0.03211669996380806
vn 0.991599977016449 0.1250469982624054 0.033054400235414505
vn 0.9900360107421875 0.13662099838256836 0.034092601388692856
vn 0.9882310032844543 0.14885100722312927 0.03524329885840416
vn 0.9861419796943665 0.16183200478553772 0.036519698798656464
vn 0.9837170243263245 0.17567700147628784 0.037938401103019714
vn 0.9808869957923889 0.1905220001935959 0.03951840102672577
vn 0.9775699973106384 0.20652499794960022 0.04128289967775345
vn 0.97365802526474 0.22387400269508362 0.0432594008743763
vn 0.9690099954605103 0.24279800057411194 0.045481499284505844
vn 0.9634460210800171 0.26357001066207886 0.047989699989557266
vn 0.9567220211029053 0.28652799129486084 0.05083400011062622
vn 0.9485170245170593 0.31207600235939026 0.05407480150461197
vn 0.9383879899978638 0.34071698784828186 0.057787198573350906
vn 0.9257259964942932 0.37306898832321167 0.06206370145082474
vn 0.9096760153770447 0.4098759889602661 0.06701630353927612
vn 0.8890209794044495 0.4520449936389923 0.072781503200531
vn 0.8620079755783081 0.5006189942359924 0.07951690256595612
vn 0.8260849714279175 0.5567280054092407 0.08739429712295532
vn 0.7775710225105286 0.6213359832763672 0.0965626984834671
vn 0.7112399935722351 0.6947469711303711 0.10707499831914902
vn 0.6201729774475098 0.7754309773445129 0.11871399730443954
vn 0.4965820014476776 0.8580920100212097 0.1307069957256317
vn 0.3350769877433777 0.9315189719200134 0.14140500128269196
vn 0.1390099972486496 0.9791150093078613 0.14835700392723083
vn -0.07420259714126587 0.9859939813613892 0.1493619978427887
vn -0.2780280113220215 0.9497089982032776 0.14405900239944458
vn -0.45111799240112305 0.882311999797821 0.13423000276088715
vn -0.5860300064086914 0.8009899854660034 0.12241300195455551
vn -0.686269998550415 0.7188969850540161 0.11054699867963791
vn -0.7593880295753479 0.6429619789123535 0.0996469035744667
vn -0.8127400279045105 0.5756239891052246 0.09006279706954956
vn -0.8520699739456177 0.5169960260391235 0.081803098320961
vn -0.881505012512207 0.46622300148010254 0.07473450154066086
vn -0.9038940072059631 0.42220601439476013 0.06868930160999298
vn -0.9212070107460022 0.3838549852371216 0.06350269913673401
vn -0.9348040223121643 0.35022398829460144 0.0590319000184536
vn -0.9456369876861572 0.3205130100250244 0.05515680089592934
vn -0.9543790221214294 0.2940729856491089 0.05177989974617958
vn -0.9615179896354675 0.2703680098056793 0.0488210991024971
vn -0.9674100279808044 0.24896299839019775 0.04621550068259239
vn -0.9723169803619385 0.2295050024986267 0.04391049966216087
vn -0.9764379858970642 0.21169699728488922 0.04186239838600159
vn -0.9799259901046753 0.19530199468135834 0.04003610089421272
vn -0.982895016670227 0.18012000620365143 0.03840219974517822
vn -0.9854369759559631 0.16598300635814667 0.03693639859557152
vn -0.9876229763031006 0.15275000035762787 0.03561820089817047
vn -0.9895099997520447 0.14030100405216217 0.03443070128560066
vn -0.9911440014839172 0.1285340040922165 0.03335930034518242
vn -0.9925609827041626 0.11736200004816055 0.03239220008254051
vn -0.9937909841537476 0.10670600086450577 0.0315186008810997
vn -0.9948580265045166 0.09650249779224396 0.030729999765753746
vn -0.9957829713821411 0.08669020235538483 0.030018800869584084
vn -0.9965810179710388 0.07721900194883347 0.0293784998357296
vn -0.9972670078277588 0.06804119795560837 0.02880370058119297
vn -0.9978500008583069 0.0591157004237175 0.02828969992697239
vn -0.9983410239219666 0.050402700901031494 0.027832500636577606
vn -0.9987469911575317 0.041868600994348526 0.027428800240159035
vn -0.9990730285644531 0.033479899168014526 0.02707570046186447
vn -0.9993240237236023 0.025205399841070175 0.026770899072289467
vn -0.999504029750824 0.017017299309372902 0.026512499898672104
vn -0.9996150135993958 0.00888677965849638 0.02629910036921501
vn -0.9996579885482788 0.0007860480109229684 0.026129599660634995
vn -0.9996349811553955 -0.007311389781534672 0.02600329928100109
vn -0.9995449781417847 -0.015432399697601795 0.025919899344444275
vn -0.9993860125541687 -0.02360299974679947 0.025879299268126488
vn -0.9991570115089417 -0.03185329958796501 0.025881899520754814
vn -0.9988549947738647 -0.04021019861102104 0.025928499177098274
vn -0.9984740018844604 -0.0487046018242836 0.026020200923085213
vn -0.998009979724884 -0.05736919865012169 0.02615859918296337
vn -0.9974560141563416 -0.06623759865760803 0.026345500722527504
vn -0.9968029856681824 -0.07534729689359665 0.026583600789308548
vn -0.9960409998893738 -0.08474019914865494 0.026875799521803856
vn -0.9951559901237488 -0.0944598987698555 0.02722569927573204
vn -0.9941350221633911 -0.10455799847841263 0.027637800201773643
vn -0.9929569959640503 -0.1150910034775734 0.02811720035970211
vn -0.991599977016449 -0.12612399458885193 0.02867019921541214
vn -0.9900360107421875 -0.1377280056476593 0.02930380031466484
vn -0.9882310032844543 -0.1499910056591034 0.030027000233530998
vn -0.9861419796943665 -0.16300800442695618 0.030849700793623924
vn -0.9837170243263245 -0.17689399421215057 0.03178419917821884
vn -0.9808869957923889 -0.19178499281406403 0.03284519910812378
vn -0.9775699973106384 -0.2078389972448349 0.034050099551677704
vn -0.97365802526474 -0.22524699568748474 0.035420000553131104
vn -0.9690099954605103 -0.2442380040884018 0.03698040172457695
vn -0.9634460210800171 -0.26508501172065735 0.03876210004091263
vn -0.9567220211029053 -0.28812798857688904 0.04080339893698692
vn -0.9485170245170593 -0.3137730062007904 0.04315060004591942
vn -0.9383879899978638 -0.34252598881721497 0.045861199498176575
vn -0.9257259964942932 -0.3750070035457611 0.0490058995783329
vn -0.9096760153770447 -0.411965012550354 0.052671100944280624
vn -0.8890219926834106 -0.45430800318717957 0.05696079879999161
vn -0.8620060086250305 -0.5030919909477234 0.06199739873409271
vn -0.8260859847068787 -0.5594369769096375 0.06791140139102936
vn -0.7775710225105286 -0.6243280172348022 0.07481960207223892
vn -0.7112389802932739 -0.6980609893798828 0.0827632024884224
vn -0.620169997215271 -0.7791039943695068 0.09157960116863251
vn -0.49658501148223877 -0.8621289730072021 0.10068000108003616
vn -0.3350760042667389 -0.9358869791030884 0.10880900174379349
vn -0.13900800049304962 -0.9836969971656799 0.11409600079059601
vn 0.07420329749584198 -0.9906060099601746 0.11486099660396576
vn 0.2780269980430603 -0.9541580080986023 0.1108269989490509
vn 0.4511139988899231 -0.8864610195159912 0.10335599631071091
vn 0.5860310196876526 -0.8047729730606079 0.09438429772853851
vn 0.6862689852714539 -0.7223179936408997 0.08539090305566788
vn 0.7593889832496643 -0.6460469961166382 0.07714709639549255
vn 0.8127390146255493 -0.5784170031547546 0.06991910189390182
vn 0.8520709872245789 -0.5195350050926208 0.06371019780635834
vn 0.8815039992332458 -0.4685490131378174 0.05841819941997528
vn 0.9038950204849243 -0.424344003200531 0.05391250178217888
vn 0.9212070107460022 -0.38583800196647644 0.05006770044565201
vn 0.9348040223121643 -0.35207000374794006 0.04677319899201393
vn 0.9456369876861572 -0.32224300503730774 0.043937500566244125
vn 0.9543790221214294 -0.2957009971141815 0.04148539900779724
vn 0.9615179896354675 -0.2719079852104187 0.039355698972940445
vn 0.9674100279808044 -0.25042399764060974 0.037498701363801956
vn 0.9723169803619385 -0.23089699447155 0.03587409853935242
vn 0.9764389991760254 -0.21302799880504608 0.03444879874587059
vn 0.9799259901046753 -0.19657999277114868 0.033195801079273224
vn 0.982895016670227 -0.18135100603103638 0.03209270164370537
vn 0.9854369759559631 -0.16717100143432617 0.03112109936773777
vn 0.9876229763031006 -0.15390099585056305 0.030265599489212036
vn 0.9895099997520447 -0.141417995095253 0.029513299465179443
vn 0.9911440014839172 -0.1296200007200241 0.028853200376033783
vn 0.9925609827041626 -0.11841999739408493 0.02827649936079979
vn 0.9937909841537476 -0.10774099826812744 0.027775399386882782
vn 0.9948580265045166 -0.09751590341329575 0.027343399822711945
vn 0.9957829713821411 -0.08768519759178162 0.026975000277161598
vn 0.9965810179710388 -0.07819770276546478 0.0266657005995512
vn 0.9972670078277588 -0.06900499761104584 0.026411600410938263
vn 0.9978500008583069 -0.060066498816013336 0.026209399104118347
vn 0.9983410239219666 -0.05134360119700432 0.026056500151753426
vn 0.9987469911575317 -0.04280029982328415 0.025950899347662926
vn 0.9990730285644531 -0.034404098987579346 0.02589070051908493
vn 0.9993240237236023 -0.026124799624085426 0.025874899700284004
vn 0.999504029750824 -0.017931999638676643 0.02590250037610531
vn 0.9996150135993958 -0.009799379855394363 0.02597299963235855
vn 0.9995840191841125 -0.004539730027318001 0.028477899730205536
vn 0.9986389875411987 0.0030304701067507267 0.05207109823822975
vn 0.9979940056800842 0.005681280046701431 0.06304699927568436
vn 0.9979029893875122 0.013455900363624096 0.06332030147314072
vn 0.9977430105209351 0.0212762001901865 0.06369540095329285
vn 0.9975119829177856 0.029171699658036232 0.06417489796876907
vn 0.9972079992294312 0.037167198956012726 0.06476219743490219
vn 0.9968270063400269 0.04529369994997978 0.06546179950237274
vn 0.9963610172271729 0.05358079820871353 0.06627920269966125
vn 0.9958059787750244 0.06206100061535835 0.06722109764814377
vn 0.9951519966125488 0.07077150046825409 0.06829570233821869
vn 0.9943879842758179 0.07974980026483536 0.0695125013589859
vn 0.9935020208358765 0.08904150128364563 0.07088299840688705
vn 0.9924790263175964 0.09869249910116196 0.07242029905319214
vn 0.9912999868392944 0.10875800251960754 0.07414019852876663
vn 0.9899399876594543 0.1193000003695488 0.07606100291013718
vn 0.9883739948272705 0.13038699328899384 0.07820410281419754
vn 0.9865649938583374 0.14210200309753418 0.08059539645910263
vn 0.9844719767570496 0.15453599393367767 0.0832642987370491
vn 0.9820410013198853 0.16780099272727966 0.08624719828367233
vn 0.9792050123214722 0.18202300369739532 0.08958599716424942
vn 0.9758790135383606 0.19735600054264069 0.09333150088787079
vn 0.9719560146331787 0.21398000419139862 0.09754469990730286
vn 0.9672939777374268 0.2321140021085739 0.1023000031709671
vn 0.9617120027542114 0.25202101469039917 0.10768599808216095
vn 0.9549649953842163 0.27402400970458984 0.11381299793720245
vn 0.9467290043830872 0.29850998520851135 0.1208140030503273
vn 0.9365580081939697 0.325967013835907 0.12885800004005432
vn 0.9238399863243103 0.35697999596595764 0.13814499974250793
vn 0.9077159762382507 0.39226600527763367 0.14892399311065674
vn 0.8869590163230896 0.4326919913291931 0.16149500012397766
vn 0.859798014163971 0.4792670011520386 0.17621000111103058
vn 0.8236730098724365 0.5330520272254944 0.1934400051832199
vn 0.7748730182647705 0.5949659943580627 0.21351300179958344
vn 0.7081360220909119 0.6652759909629822 0.23654000461101532
vn 0.6165419816970825 0.7424420118331909 0.262021005153656
vn 0.4923250079154968 0.8213030099868774 0.2882300019264221
vn 0.3302290141582489 0.8910179734230042 0.3115060031414032
vn 0.13388200104236603 0.9356819987297058 0.32645899057388306
vn -0.07899700105190277 0.9412549734115601 0.3283250033855438
vn -0.28191301226615906 0.9057570099830627 0.3164309859275818
vn -0.45382699370384216 0.8409259915351868 0.29476198554039
vn -0.5876370072364807 0.7631450295448303 0.26887398958206177
vn -0.6870099902153015 0.6848260164260864 0.24296200275421143
vn -0.7594900131225586 0.6124719977378845 0.2192090004682541
vn -0.8123909831047058 0.5483390092849731 0.1983570009469986
vn -0.8514050245285034 0.4925050139427185 0.18041099607944489
vn -0.8806130290031433 0.44415199756622314 0.16507600247859955
vn -0.9028400182723999 0.4022200107574463 0.15198099613189697
vn -0.9200339913368225 0.365680992603302 0.1407649964094162
vn -0.9335430264472961 0.33362698554992676 0.13111500442028046
vn -0.9443079829216003 0.30530300736427307 0.12276899814605713
vn -0.9529979825019836 0.28009098768234253 0.11551299691200256
vn -0.960096001625061 0.25748100876808167 0.1091729998588562
vn -0.9659550189971924 0.23705999553203583 0.1036050021648407
vn -0.9708349704742432 0.21849100291728973 0.09869609773159027
vn -0.974934995174408 0.2014939934015274 0.09434989839792252
vn -0.9784039855003357 0.18584400415420532 0.09049010276794434
vn -0.9813569784164429 0.17134599387645721 0.08705150336027145
vn -0.9838860034942627 0.15784500539302826 0.08398140221834183
vn -0.9860609769821167 0.14520399272441864 0.08123529702425003
vn -0.9879379868507385 0.13331200182437897 0.07877620309591293
vn -0.9895640015602112 0.12206800282001495 0.07657229900360107
vn -0.9909729957580566 0.11139100044965744 0.07459720224142075
vn -0.9921960234642029 0.10120700299739838 0.07282830029726028
vn -0.9932569861412048 0.09145250171422958 0.07124649733304977
vn -0.994176983833313 0.0820721983909607 0.06983549892902374
vn -0.9949700236320496 0.07301530241966248 0.06858140230178833
vn -0.9956510066986084 0.064239501953125 0.06747250258922577
vn -0.9962310194969177 0.05570190027356148 0.06649839878082275
vn -0.9967179894447327 0.04736720025539398 0.06565090268850327
vn -0.9971200227737427 0.039202701300382614 0.06492310017347336
vn -0.9974430203437805 0.03117470070719719 0.06430870294570923
vn -0.9976909756660461 0.023256400600075722 0.0638033002614975
vn -0.9978690147399902 0.01541849970817566 0.06340309977531433
vn -0.9979779720306396 0.007634949870407581 0.06310530006885529
vn -0.9980189800262451 -0.00012247200356796384 0.06290800124406815
vn -0.9979940056800842 -0.007878219708800316 0.06281039863824844
vn -0.9979029893875122 -0.015657199546694756 0.06281209737062454
vn -0.9977430105209351 -0.02348710037767887 0.06291410326957703
vn -0.9975119829177856 -0.03139349818229675 0.06311769783496857
vn -0.9972079992294312 -0.03940489888191223 0.06342560052871704
vn -0.9968270063400269 -0.04755060002207756 0.06384120136499405
vn -0.9963610172271729 -0.055861201137304306 0.06436890363693237
vn -0.9958059787750244 -0.06436870247125626 0.06501419842243195
vn -0.9951519966125488 -0.07311130315065384 0.06578420102596283
vn -0.9943879842758179 -0.08212800323963165 0.06668700277805328
vn -0.9935020208358765 -0.09146100282669067 0.0677322968840599
vn -0.9924790263175964 -0.10115999728441238 0.06893189996480942
vn -0.9912999868392944 -0.11128000169992447 0.07029940187931061
vn -0.9899410009384155 -0.12188199907541275 0.07185109704732895
vn -0.9883739948272705 -0.1330370008945465 0.07360599935054779
vn -0.9865649938583374 -0.14482800662517548 0.07558699697256088
vn -0.9844719767570496 -0.15734800696372986 0.07782050222158432
vn -0.9820410013198853 -0.17070800065994263 0.08033840358257294
vn -0.9792050123214722 -0.1850380003452301 0.0831788033246994
vn -0.9758790135383606 -0.2004919946193695 0.08638700097799301
vn -0.9719550013542175 -0.21725399792194366 0.09001760184764862
vn -0.9672939777374268 -0.23554299771785736 0.09413670003414154
vn -0.9617109894752502 -0.25562599301338196 0.09882479906082153
vn -0.9549649953842163 -0.27782800793647766 0.1041800007224083
vn -0.9467290043830872 -0.3025450110435486 0.1103229969739914
vn -0.9365590214729309 -0.33026400208473206 0.11740300059318542
vn -0.9238399863243103 -0.36158400774002075 0.12560300529003143
vn -0.9077159762382507 -0.3972249925136566 0.13514399528503418
vn -0.8869580030441284 -0.4380660057067871 0.14629699289798737
vn -0.8597990274429321 -0.48512399196624756 0.15937599539756775
vn -0.8236740231513977 -0.5394759774208069 0.1747180074453354
vn -0.774869978427887 -0.6020579934120178 0.19261999428272247
vn -0.7081369757652283 -0.6731250286102295 0.21317699551582336
vn -0.6165450215339661 -0.7511330246925354 0.23594999313354492
vn -0.4923270046710968 -0.83086097240448 0.25939100980758667
vn -0.3302139937877655 -0.9013519883155823 0.28022098541259766
vn -0.13388200104236603 -0.9465050101280212 0.2936060130596161
vn 0.07899399846792221 -0.9521409869194031 0.2952759861946106
vn 0.2819089889526367 -0.9162499904632568 0.2846280038356781
vn 0.45382100343704224 -0.8507040143013 0.2652359902858734
vn 0.5876399874687195 -0.7720609903335571 0.24207599461078644
vn 0.6870089769363403 -0.6928889751434326 0.2189140021800995
vn 0.7594900131225586 -0.6197490096092224 0.19770100712776184
vn 0.8123900294303894 -0.5549280047416687 0.17910000681877136
vn 0.8514050245285034 -0.4985010027885437 0.16311299800872803
vn 0.8806139826774597 -0.44964098930358887 0.14947499334812164
vn 0.9028400182723999 -0.40727999806404114 0.13785099983215332
vn 0.9200339913368225 -0.370371013879776 0.12791800498962402
vn 0.9335430264472961 -0.33799898624420166 0.11939100176095963
vn 0.9443079829216003 -0.3094010055065155 0.1120389997959137
vn 0.9529979825019836 -0.2839530110359192 0.10566800087690353
vn 0.960096001625061 -0.26113399863243103 0.10012000054121017
vn 0.9659550189971924 -0.24053199589252472 0.09526900202035904
vn 0.9708349704742432 -0.2218019962310791 0.0910106971859932
vn 0.974934995174408 -0.20466400682926178 0.087260402739048
vn 0.9784039855003357 -0.18888799846172333 0.08394909650087357
vn 0.981357991695404 -0.17428000271320343 0.08101840317249298
vn 0.9838860034942627 -0.16067899763584137 0.07842150330543518
vn 0.9860609769821167 -0.14795200526714325 0.07611849904060364
vn 0.9879379868507385 -0.13597899675369263 0.0740756019949913
vn 0.9895640015602112 -0.1246659979224205 0.07226549834012985
vn 0.9909729957580566 -0.11392699927091599 0.07066430151462555
vn 0.9921960234642029 -0.10368700325489044 0.06925179809331894
vn 0.9932569861412048 -0.09388359636068344 0.06801149994134903
vn 0.994176983833313 -0.08445969969034195 0.06692869961261749
vn 0.9949700236320496 -0.07536470144987106 0.06599140167236328
vn 0.9956510066986084 -0.0665540024638176 0.06518930196762085
vn 0.9962310194969177 -0.05798869952559471 0.06451389938592911
vn 0.9967179894447327 -0.04963010177016258 0.06395789980888367
vn 0.9971200227737427 -0.041443899273872375 0.06351529806852341
vn 0.9974430203437805 -0.033400699496269226 0.06318149715662003
vn 0.9976909756660461 -0.02546899951994419 0.06295280158519745
vn 0.9978690147399902 -0.01762240007519722 0.06282640248537064
vn 0.9979779720306396 -0.009832150302827358 0.06280039995908737
vn 0.9975919723510742 -0.0050490000285208225 0.0691709965467453
vn 0.9919000267982483 0.0012486700434237719 0.12701299786567688
vn 0.9880589842796326 0.0031322899740189314 0.1540440022945404
vn 0.9879549741744995 0.009517570026218891 0.15445099771022797
vn 0.9877750277519226 0.015940500423312187 0.1550689935684204
vn 0.9875180125236511 0.022425200790166855 0.15590399503707886
vn 0.9871789813041687 0.028994200751185417 0.1569640040397644
vn 0.986752986907959 0.035673100501298904 0.15825699269771576
vn 0.9862350225448608 0.04248639941215515 0.15979599952697754
vn 0.9856169819831848 0.049463801085948944 0.16159600019454956
vn 0.9848870038986206 0.05663440003991127 0.163674995303154
vn 0.9840360283851624 0.06403099745512009 0.16605399549007416
vn 0.9830470085144043 0.07169000059366226 0.16875800490379333
vn 0.9819039702415466 0.07964940369129181 0.17181600630283356
vn 0.980584979057312 0.08795720338821411 0.17526400089263916
vn 0.9790639877319336 0.09665939956903458 0.17914000153541565
vn 0.977308988571167 0.10581699758768082 0.1834930032491684
vn 0.9752830266952515 0.11549100279808044 0.18837599456310272
vn 0.9729350209236145 0.1257610023021698 0.19385799765586853
vn 0.9702079892158508 0.13671299815177917 0.20001399517059326
vn 0.9670270085334778 0.14845000207424164 0.20693400502204895
vn 0.9632970094680786 0.16109199821949005 0.21472899615764618
vn 0.9588990211486816 0.17478199303150177 0.2235260009765625
vn 0.9536780118942261 0.18969200551509857 0.23348300158977509
vn 0.9474340081214905 0.2060289978981018 0.2447880059480667
vn 0.9399020075798035 0.22403700649738312 0.25766700506210327
vn 0.930728018283844 0.24401900172233582 0.2723970115184784
vn 0.919435977935791 0.26633599400520325 0.2893129885196686
vn 0.9053769707679749 0.2914179861545563 0.30881598591804504
vn 0.8876450061798096 0.3197900056838989 0.33139199018478394
vn 0.8649719953536987 0.35205501317977905 0.3576039969921112
vn 0.835565984249115 0.3888759911060333 0.3880789875984192
vn 0.7968959808349609 0.4308919906616211 0.42342498898506165
vn 0.7454050183296204 0.47854098677635193 0.46408000588417053
vn 0.6762850284576416 0.531624972820282 0.5099149942398071
vn 0.5835630297660828 0.5885350108146667 0.5595369935035706
vn 0.4611380100250244 0.645114004611969 0.609246015548706
vn 0.3057520091533661 0.6936910152435303 0.6521570086479187
vn 0.1219009980559349 0.7239620089530945 0.6789839863777161
vn -0.07519619911909103 0.7274280190467834 0.6820520162582397
vn -0.2640190124511719 0.702996015548706 0.6603720188140869
vn -0.42704200744628906 0.6578189730644226 0.6204100251197815
vn -0.5573070049285889 0.6022899746894836 0.571537971496582
vn -0.6566470265388489 0.5449259877204895 0.5214110016822815
vn -0.7308530211448669 0.4906730055809021 0.4744420051574707
vn -0.7860820293426514 0.44163599610328674 0.43247199058532715
vn -0.8274499773979187 0.39827200770378113 0.3958609998226166
vn -0.8588050007820129 0.3602389991283417 0.36425501108169556
vn -0.8828970193862915 0.32692500948905945 0.33706599473953247
vn -0.9016709923744202 0.29766398668289185 0.3136659860610962
vn -0.9165089726448059 0.27182599902153015 0.2934660017490387
vn -0.9283869862556458 0.24887800216674805 0.275967001914978
vn -0.9380099773406982 0.22836099565029144 0.26074498891830444
vn -0.9458919763565063 0.2098969966173172 0.24744899570941925
vn -0.9524099826812744 0.19317500293254852 0.23579199612140656
vn -0.9578490257263184 0.1779329925775528 0.22553299367427826
vn -0.9624220132827759 0.16395799815654755 0.21647700667381287
vn -0.9662929773330688 0.1510699987411499 0.2084610015153885
vn -0.9695900082588196 0.1391189992427826 0.2013469934463501
vn -0.9724130034446716 0.1279810070991516 0.1950249969959259
vn -0.9748389720916748 0.11754799634218216 0.18939800560474396
vn -0.9769319891929626 0.10773000121116638 0.1843869984149933
vn -0.9787420034408569 0.09844820201396942 0.17992199957370758
vn -0.9803100228309631 0.0896340012550354 0.17594699561595917
vn -0.9816700220108032 0.0812309980392456 0.17241300642490387
vn -0.9828469753265381 0.07318499684333801 0.16927699744701385
vn -0.9838659763336182 0.06545180082321167 0.16650499403476715
vn -0.9847440123558044 0.057989999651908875 0.16406400501728058
vn -0.9854959845542908 0.05076330155134201 0.16192999482154846
vn -0.9861350059509277 0.043737199157476425 0.1600790023803711
vn -0.986670970916748 0.0368833988904953 0.1584949940443039
vn -0.9871119856834412 0.030170900747179985 0.1571590006351471
vn -0.9874659776687622 0.02357410080730915 0.15606099367141724
vn -0.9877369999885559 0.0170694999396801 0.15518899261951447
vn -0.9879299998283386 0.010631700046360493 0.15453599393367767
vn -0.9880470037460327 0.004238530062139034 0.15409600734710693
vn -0.9880899786949158 -0.0021342099644243717 0.15386399626731873
vn -0.9880589842796326 -0.008506289683282375 0.15384100377559662
vn -0.9879549741744995 -0.014901800081133842 0.15402400493621826
vn -0.9877750277519226 -0.02134310081601143 0.1544180065393448
vn -0.9875180125236511 -0.02785230055451393 0.15502700209617615
vn -0.9871789813041687 -0.03445420041680336 0.15585599839687347
vn -0.986752986907959 -0.04117430001497269 0.15691600739955902
vn -0.9862350225448608 -0.048037800937891006 0.15821599960327148
vn -0.9856169819831848 -0.05507250130176544 0.15977199375629425
vn -0.9848870038986206 -0.062312498688697815 0.16159899532794952
vn -0.9840360283851624 -0.06978759914636612 0.16371800005435944
vn -0.9830470085144043 -0.07753580063581467 0.16615299880504608
vn -0.9819039702415466 -0.0855977013707161 0.1689320057630539
vn -0.980584979057312 -0.09401970356702805 0.17208699882030487
vn -0.9790639877319336 -0.10285300016403198 0.1756570041179657
vn -0.977308988571167 -0.11215600371360779 0.1796880066394806
vn -0.9752820134162903 -0.12199600040912628 0.1842309981584549
vn -0.9729350209236145 -0.13244999945163727 0.18935100734233856
vn -0.9702079892158508 -0.14361000061035156 0.19512000679969788
vn -0.9670270085334778 -0.15558099746704102 0.2016270011663437
vn -0.9632970094680786 -0.16848799586296082 0.20897600054740906
vn -0.9588990211486816 -0.18247699737548828 0.217290997505188
vn -0.9536780118942261 -0.19772599637508392 0.22672100365161896
vn -0.9474340081214905 -0.21444599330425262 0.23744900524616241
vn -0.9399020075798035 -0.23289300501346588 0.24969099462032318
vn -0.930728018283844 -0.2533769905567169 0.263714998960495
vn -0.9194380044937134 -0.27626800537109375 0.27983999252319336
vn -0.9053769707679749 -0.30201900005340576 0.2984580099582672
vn -0.8876439929008484 -0.3311620056629181 0.32003000378608704
vn -0.8649709820747375 -0.3643209934234619 0.345100998878479
vn -0.8355690240859985 -0.4021790027618408 0.3742679953575134
vn -0.7968980073928833 -0.4454050064086914 0.4081279933452606
vn -0.7454010248184204 -0.4944489896297455 0.4470990002155304
vn -0.6762890219688416 -0.549094021320343 0.49104899168014526
vn -0.5835639834403992 -0.6077029705047607 0.5386559963226318
vn -0.46112701296806335 -0.6659870147705078 0.5863639712333679
vn -0.3057459890842438 -0.7160300016403198 0.6275519728660583
vn -0.1219019964337349 -0.7472169995307922 0.6533049941062927
vn 0.07520130276679993 -0.7507879734039307 0.6562489867210388
vn 0.26400700211524963 -0.725616991519928 0.6354380249977112
vn 0.42703598737716675 -0.6790729761123657 0.5970759987831116
vn 0.5573059916496277 -0.6218699812889099 0.5501700043678284
vn 0.6566489934921265 -0.5627899765968323 0.5020750164985657
vn 0.7308520078659058 -0.5069320201873779 0.45702800154685974
vn 0.7860789895057678 -0.4564630091190338 0.4167979955673218
vn 0.8274549841880798 -0.41183900833129883 0.3817160129547119
vn 0.8588060140609741 -0.37272998690605164 0.3514600098133087
vn 0.8828949928283691 -0.3384920060634613 0.3254539966583252
vn 0.9016709923744202 -0.3084290027618408 0.3030860126018524
vn 0.9165089726448059 -0.2819019854068756 0.28380000591278076
vn 0.9283869862556458 -0.2583569884300232 0.26711198687553406
vn 0.9380099773406982 -0.23732300102710724 0.2526170015335083
vn 0.9458929896354675 -0.21840399503707886 0.23997199535369873
vn 0.9524099826812744 -0.20128700137138367 0.2289070039987564
vn 0.9578490257263184 -0.18569600582122803 0.2191859930753708
vn 0.9624210000038147 -0.17141300439834595 0.21062399446964264
vn 0.9662929773330688 -0.1582529991865158 0.20306099951267242
vn 0.9695900082588196 -0.1460610032081604 0.196369007229805
vn 0.9724119901657104 -0.13470900058746338 0.19043999910354614
vn 0.9748389720916748 -0.12408600002527237 0.18517999351024628
vn 0.9769319891929626 -0.11409900337457657 0.18051399290561676
vn 0.9787420034408569 -0.10466799885034561 0.17637699842453003
vn 0.9803100228309631 -0.09572009742259979 0.17271199822425842
vn 0.9816700220108032 -0.08719830214977264 0.16947300732135773
vn 0.9828469753265381 -0.07904849946498871 0.16662000119686127
vn 0.9838659763336182 -0.07122330367565155 0.16411900520324707
vn 0.9847440123558044 -0.06368029862642288 0.16193999350070953
vn 0.9854959845542908 -0.05638350173830986 0.16006000339984894
vn 0.9861350059509277 -0.04929770156741142 0.1584559977054596
vn 0.986670970916748 -0.042392000555992126 0.1571110039949417
vn 0.9871119856834412 -0.03563709929585457 0.15601100027561188
vn 0.9874659776687622 -0.02900630049407482 0.15514299273490906
vn 0.9877369999885559 -0.02247519977390766 0.15449899435043335
vn 0.9879299998283386 -0.01601869985461235 0.15407100319862366
vn 0.9880470037460327 -0.009613090194761753 0.15385399758815765
vn 0.9853870272636414 -0.0059842299669981 0.17022299766540527
vn 0.9475370049476624 -0.0041212597861886024 0.3196209967136383
vn 0.9211649894714355 -0.005553429946303368 0.3891330063343048
vn 0.9210270047187805 -0.0053171999752521515 0.38946300745010376
vn 0.9208089709281921 -0.005044369958341122 0.3899810016155243
vn 0.9205060005187988 -0.004712909925729036 0.3907009959220886
vn 0.9201080203056335 -0.004298740066587925 0.3916420042514801
vn 0.9196029901504517 -0.003781059989705682 0.3928300142288208
vn 0.9189779758453369 -0.003139740088954568 0.3942970037460327
vn 0.9182130098342896 -0.0023545098956674337 0.39607998728752136
vn 0.9172880053520203 -0.0014081599656492472 0.39822301268577576
vn 0.9161750078201294 -0.0002817570057231933 0.40077799558639526
vn 0.9148470163345337 0.0010375200072303414 0.40379801392555237
vn 0.9132680296897888 0.0025677599478513002 0.40735098719596863
vn 0.9113960266113281 0.00432214979082346 0.4115079939365387
vn 0.9091839790344238 0.0063127498142421246 0.41634601354599
vn 0.9065750241279602 0.008555489592254162 0.42195799946784973
vn 0.9035000205039978 0.011063399724662304 0.4284439980983734
vn 0.8998799920082092 0.013851500116288662 0.43591800332069397
vn 0.8956170082092285 0.01693350076675415 0.4445030093193054
vn 0.8905919790267944 0.020328400656580925 0.45434799790382385
vn 0.884660005569458 0.024055400863289833 0.46561598777770996
vn 0.8776410222053528 0.028136100620031357 0.47849100828170776
vn 0.8693130016326904 0.03259630128741264 0.4931870102882385
vn 0.8593959808349609 0.0374629981815815 0.5099369883537292
vn 0.8475379943847656 0.04276899993419647 0.5290089845657349
vn 0.8332849740982056 0.0485524982213974 0.550707995891571
vn 0.816074013710022 0.05484659969806671 0.5753380060195923
vn 0.7951710224151611 0.06169179826974869 0.6032389998435974
vn 0.7696409821510315 0.06912060081958771 0.6347249746322632
vn 0.7383040189743042 0.07715020328760147 0.670041024684906
vn 0.6996780037879944 0.08577129989862442 0.7092919945716858
vn 0.6519740223884583 0.09491769969463348 0.7522770166397095
vn 0.5931209921836853 0.10443799942731857 0.7983109951019287
vn 0.5209599733352661 0.11404400318861008 0.8459280133247375
vn 0.4336700141429901 0.12326399981975555 0.8926010131835938
vn 0.3304240107536316 0.13143199682235718 0.9346370100975037
vn 0.2123440057039261 0.1377290040254593 0.9674400091171265
vn 0.08323519676923752 0.14135299623012543 0.9864540100097656
vn -0.05060410127043724 0.1417669951915741 0.9886059761047363
vn -0.1816059947013855 0.1389019936323166 0.9735119938850403
vn -0.3029690086841583 0.13319000601768494 0.943647027015686
vn -0.41020500659942627 0.12538999319076538 0.903331995010376
vn -0.5015339851379395 0.11633499711751938 0.8572800159454346
vn -0.5773869752883911 0.10674100369215012 0.8094630241394043
vn -0.6394060254096985 0.09712859988212585 0.7627099752426147
vn -0.6897159814834595 0.08782950043678284 0.718733012676239
vn -0.7304400205612183 0.07902529835700989 0.6783890128135681
vn -0.7634440064430237 0.07080049812793732 0.6419820189476013
vn -0.7902950048446655 0.06317459791898727 0.6094610095024109
vn -0.8122460246086121 0.05613590031862259 0.580606997013092
vn -0.8302890062332153 0.049654100090265274 0.5551170110702515
vn -0.8452029824256897 0.04369109869003296 0.5326570272445679
vn -0.8575950264930725 0.03820950165390968 0.5129050016403198
vn -0.8679389953613281 0.03317420184612274 0.49556100368499756
vn -0.8766160011291504 0.02854890003800392 0.4803430140018463
vn -0.883916974067688 0.024306800216436386 0.4670110046863556
vn -0.8900799751281738 0.020421000197529793 0.4553459882736206
vn -0.8952940106391907 0.01686839945614338 0.44515499472618103
vn -0.899711012840271 0.013630799949169159 0.4362730085849762
vn -0.9034550189971924 0.010689299553632736 0.42854899168014526
vn -0.9066299796104431 0.008028680458664894 0.4218499958515167
vn -0.9093179702758789 0.005634959787130356 0.41606301069259644
vn -0.9115909934043884 0.0034955700393766165 0.41108399629592896
vn -0.9135069847106934 0.0015967499930411577 0.40682101249694824
vn -0.915116012096405 -0.00007529759750468656 0.4031899869441986
vn -0.9164609909057617 -0.0015310499584302306 0.40011999011039734
vn -0.9175789952278137 -0.002785660093650222 0.3975450098514557
vn -0.9184989929199219 -0.003854990005493164 0.39540401101112366
vn -0.9192489981651306 -0.004751849919557571 0.3936469852924347
vn -0.9198520183563232 -0.005494730081409216 0.3922269940376282
vn -0.9203270077705383 -0.0061018699780106544 0.39110299944877625
vn -0.9206879734992981 -0.006590929813683033 0.3902429938316345
vn -0.9209499955177307 -0.006983439903706312 0.389616996049881
vn -0.9211230278015137 -0.0073003098368644714 0.3892030119895935
vn -0.9212139844894409 -0.007565400097519159 0.38898301124572754
vn -0.921226978302002 -0.0078005800023674965 0.3889470100402832
vn -0.9211649894714355 -0.008030139841139317 0.38909000158309937
vn -0.9210270047187805 -0.008278190158307552 0.389411985874176
vn -0.9208089709281921 -0.00856848992407322 0.3899199962615967
vn -0.9205060005187988 -0.008925659582018852 0.39062801003456116
vn -0.9201080203056335 -0.009371600113809109 0.39155301451683044
vn -0.9196029901504517 -0.009931179694831371 0.3927229940891266
vn -0.9189779758453369 -0.010622500441968441 0.3941659927368164
vn -0.9182130098342896 -0.011469700373709202 0.395920991897583
vn -0.9172869920730591 -0.012491299770772457 0.39803001284599304
vn -0.9161760210990906 -0.013704399578273296 0.4005430042743683
vn -0.9148470163345337 -0.015129799954593182 0.4035170078277588
vn -0.9132680296897888 -0.016782699152827263 0.40701401233673096
vn -0.9113960266113281 -0.018680499866604805 0.4111059904098511
vn -0.9091839790344238 -0.020840099081397057 0.4158729910850525
vn -0.9065750241279602 -0.023276500403881073 0.4214029908180237
vn -0.9035009741783142 -0.02600890025496483 0.42779698967933655
vn -0.8998810052871704 -0.029054999351501465 0.43516701459884644
vn -0.8956170082092285 -0.032436199486255646 0.4436419904232025
vn -0.8905919790267944 -0.03617259860038757 0.45336198806762695
vn -0.884660005569458 -0.040290601551532745 0.4644930064678192
vn -0.8776410222053528 -0.04481879994273186 0.47721898555755615
vn -0.8693119883537292 -0.04978889971971512 0.49175000190734863
vn -0.8593969941139221 -0.055236101150512695 0.5083169937133789
vn -0.8475369811058044 -0.06120539829134941 0.5271949768066406
vn -0.8332870006561279 -0.06774129718542099 0.548675000667572
vn -0.8160750269889832 -0.07489220052957535 0.5730739831924438
vn -0.7951700091362 -0.08270750194787979 0.6007199883460999
vn -0.7696400284767151 -0.09123030304908752 0.6319270133972168
vn -0.7383019924163818 -0.10048799961805344 0.6669420003890991
vn -0.6996819972991943 -0.11047200113534927 0.7058619856834412
vn -0.6519730091094971 -0.12111400067806244 0.748507022857666
vn -0.5931209921836853 -0.13223500549793243 0.7941799759864807
vn -0.5209619998931885 -0.14349700510501862 0.8414319753646851
vn -0.43366700410842896 -0.15434099733829498 0.8877559900283813
vn -0.3304170072078705 -0.16397100687026978 0.9294829964637756
vn -0.21234600245952606 -0.17140799760818481 0.9620440006256104
vn -0.08322809636592865 -0.17569400370121002 0.9809200167655945
vn 0.05060119926929474 -0.17618300020694733 0.9830560088157654
vn 0.18159699440002441 -0.17279300093650818 0.9680730104446411
vn 0.3029719889163971 -0.1660420000553131 0.9384229779243469
vn 0.41019898653030396 -0.1568399965763092 0.8984090089797974
vn 0.5015379786491394 -0.14618299901485443 0.8526960015296936
vn 0.5773839950561523 -0.13492600619792938 0.8052470088005066
vn 0.6394079923629761 -0.12368699908256531 0.758853018283844
vn 0.6897199749946594 -0.11285900324583054 0.7152270078659058
vn 0.7304369807243347 -0.10265400260686874 0.6752219796180725
vn 0.7634429931640625 -0.09316249936819077 0.6391209959983826
vn 0.7902960181236267 -0.08440589904785156 0.6068840026855469
vn 0.8122469782829285 -0.07636439800262451 0.5782930254936218
vn 0.8302879929542542 -0.06899719685316086 0.5530470013618469
vn 0.8452029824256897 -0.06225360184907913 0.5308070182800293
vn 0.8575950264930725 -0.05608620122075081 0.5112590193748474
vn 0.8679389953613281 -0.05044880136847496 0.49410098791122437
vn 0.8766149878501892 -0.04529630020260811 0.4790560007095337
vn 0.883916974067688 -0.04059059917926788 0.46587899327278137
vn 0.890080988407135 -0.03629950061440468 0.45435500144958496
vn 0.8952940106391907 -0.03239379823207855 0.4442949891090393
vn 0.899711012840271 -0.028847699984908104 0.43553099036216736
vn 0.9034559726715088 -0.025638099759817123 0.42791301012039185
vn 0.9066299796104431 -0.022746499627828598 0.421314001083374
vn 0.9093179702758789 -0.020152300596237183 0.41561299562454224
vn 0.9115899801254272 -0.017840400338172913 0.41071200370788574
vn 0.9135069847106934 -0.015793299302458763 0.40651699900627136
vn 0.915116012096405 -0.013996300287544727 0.40294700860977173
vn 0.9164609909057617 -0.01243400014936924 0.3999300003051758
vn 0.9175789952278137 -0.011089799925684929 0.39739999175071716
vn 0.9184989929199219 -0.00994705967605114 0.3952980041503906
vn 0.9192500114440918 -0.008988739922642708 0.39357298612594604
vn 0.9198520183563232 -0.008197030052542686 0.392179012298584
vn 0.9203259944915771 -0.007551480084657669 0.39107799530029297
vn 0.9206879734992981 -0.007031850051134825 0.3902350068092346
vn 0.9209499955177307 -0.006618970073759556 0.3896239995956421
vn 0.9211230278015137 -0.006286370102316141 0.3892210125923157
vn 0.9212139844894409 -0.006014510057866573 0.3890100121498108
vn 0.9022009968757629 -0.006799129769206047 0.43126198649406433
vn 0.6489089727401733 -0.02029629983007908 0.7605950236320496
vn 0.5068889856338501 -0.032288599759340286 0.8614060282707214
vn 0.5086410045623779 -0.05649929866194725 0.8591229915618896
vn 0.5119479894638062 -0.08027280122041702 0.855256974697113
vn 0.5166919827461243 -0.10337600111961365 0.8499079942703247
vn 0.522704005241394 -0.1255989968776703 0.8432109951972961
vn 0.5297809839248657 -0.14677399396896362 0.8353379964828491
vn 0.5376920104026794 -0.16676799952983856 0.8264840245246887
vn 0.5461940169334412 -0.18549400568008423 0.8168630003929138
vn 0.5550360083580017 -0.20290499925613403 0.8066999912261963
vn 0.5639790296554565 -0.21899400651454926 0.7962219715118408
vn 0.5727900266647339 -0.23378799855709076 0.7856550216674805
vn 0.5812489986419678 -0.2473450005054474 0.7752230167388916
vn 0.5891550183296204 -0.2597469985485077 0.7651330232620239
vn 0.5963190197944641 -0.27109599113464355 0.7555860280990601
vn 0.6025630235671997 -0.2815079987049103 0.7467740178108215
vn 0.6077200174331665 -0.2911120057106018 0.7388709783554077
vn 0.6116309762001038 -0.3000420033931732 0.7320399880409241
vn 0.6141340136528015 -0.3084380030632019 0.7264339923858643
vn 0.6150550246238708 -0.31643998622894287 0.7221999764442444
vn 0.61422199010849 -0.3241879940032959 0.7194679975509644
vn 0.6114389896392822 -0.33181899785995483 0.7183589935302734
vn 0.6064860224723816 -0.339464008808136 0.7189840078353882
vn 0.5991179943084717 -0.34724900126457214 0.7214400172233582
vn 0.5890439748764038 -0.35528498888015747 0.7258099913597107
vn 0.5759389996528625 -0.3636699914932251 0.7321460247039795
vn 0.5594350099563599 -0.37247800827026367 0.7404680252075195
vn 0.5391010046005249 -0.381756991147995 0.7507539987564087
vn 0.5144829750061035 -0.391512006521225 0.762906014919281
vn 0.48508700728416443 -0.4016970098018646 0.7767429947853088
vn 0.4504239857196808 -0.412198007106781 0.79196697473526
vn 0.4100559949874878 -0.42281898856163025 0.8081330060958862
vn 0.36363399028778076 -0.43327799439430237 0.82464599609375
vn 0.31103500723838806 -0.4431920051574707 0.840736985206604
vn 0.25242799520492554 -0.45210400223731995 0.8555009961128235
vn 0.18834300339221954 -0.45951399207115173 0.8679710030555725
vn 0.11979900300502777 -0.46493199467658997 0.8772029876708984
vn 0.048213399946689606 -0.46796101331710815 0.8824329972267151
vn -0.024646399542689323 -0.46835699677467346 0.8831959962844849
vn -0.09687440097332001 -0.4660849869251251 0.8794199824333191
vn -0.16665099561214447 -0.46132200956344604 0.8714410066604614
vn -0.23239800333976746 -0.45442599058151245 0.8599349856376648
vn -0.29297900199890137 -0.4458639919757843 0.8457949757575989
vn -0.34769099950790405 -0.4361400008201599 0.8299959897994995
vn -0.39625000953674316 -0.4257349967956543 0.8134710192680359
vn -0.4386970102787018 -0.4150570034980774 0.7970399856567383
vn -0.47530999779701233 -0.4044249951839447 0.7813590168952942
vn -0.5065100193023682 -0.39406201243400574 0.7669180035591125
vn -0.5327780246734619 -0.3841089904308319 0.7540609836578369
vn -0.5546000003814697 -0.3746359944343567 0.7430109977722168
vn -0.5724570155143738 -0.36565300822257996 0.7338879704475403
vn -0.5867879986763 -0.35712599754333496 0.7267330288887024
vn -0.5979769825935364 -0.3489910066127777 0.7215459942817688
vn -0.6063680052757263 -0.34116101264953613 0.718280017375946
vn -0.6122660040855408 -0.33352699875831604 0.7168610095977783
vn -0.6159250140190125 -0.3259739875793457 0.7172009944915771
vn -0.6175789833068848 -0.31837499141693115 0.7191900014877319
vn -0.6174240112304688 -0.3105970025062561 0.7227159738540649
vn -0.6156409978866577 -0.3025049865245819 0.7276520133018494
vn -0.6123989820480347 -0.2939629852771759 0.7338619828224182
vn -0.6078600287437439 -0.28483399748802185 0.7411990165710449
vn -0.6021760106086731 -0.27498599886894226 0.7495110034942627
vn -0.5955029726028442 -0.2642900049686432 0.7586349844932556
vn -0.5880069732666016 -0.25262799859046936 0.7683929800987244
vn -0.5798569917678833 -0.23989099264144897 0.7785999774932861
vn -0.5712360143661499 -0.2259870022535324 0.7890620231628418
vn -0.5623459815979004 -0.2108439952135086 0.7995690107345581
vn -0.5533949732780457 -0.19441500306129456 0.8099120259284973
vn -0.5446069836616516 -0.17668099701404572 0.8198699951171875
vn -0.5362160205841064 -0.1576559990644455 0.8292269706726074
vn -0.5284630060195923 -0.13739599287509918 0.8377640247344971
vn -0.5215809941291809 -0.1159920021891594 0.8452810049057007
vn -0.5157920122146606 -0.09357970207929611 0.8515880107879639
vn -0.5112919807434082 -0.07033199816942215 0.8565239906311035
vn -0.5082420110702515 -0.04645809903740883 0.8599600195884705
vn -0.5067560076713562 -0.022193999961018562 0.8618040084838867
vn -0.5068889856338501 0.0022066200617700815 0.8620079755783081
vn -0.5086410045623779 0.02648179978132248 0.860571026802063
vn -0.5119479894638062 0.050375599414110184 0.8575379848480225
vn -0.5166919827461243 0.07365129888057709 0.8529980182647705
vn -0.522704005241394 0.09609570354223251 0.8470810055732727
vn -0.5297809839248657 0.11753199994564056 0.8399519920349121
vn -0.5376920104026794 0.13782300055027008 0.8317999839782715
vn -0.54619300365448 0.15687300264835358 0.8228390216827393
vn -0.5550360083580017 0.17462800443172455 0.8132889866828918
vn -0.5639790296554565 0.1910730004310608 0.8033789992332458
vn -0.5727890133857727 0.20622600615024567 0.7933369874954224
vn -0.581250011920929 0.2201399952173233 0.783381998538971
vn -0.5891540050506592 0.23288600146770477 0.7737320065498352
vn -0.5963180065155029 0.24456100165843964 0.7645879983901978
vn -0.6025630235671997 0.25527501106262207 0.7561429738998413
vn -0.6077209711074829 0.26514801383018494 0.7485799789428711
vn -0.6116309762001038 0.27431198954582214 0.7420650124549866
vn -0.6141319870948792 0.2828980088233948 0.7367569804191589
vn -0.6150559782981873 0.2910420000553131 0.7328029870986938
vn -0.6142209768295288 0.29888099431991577 0.7303439974784851
vn -0.6114370226860046 0.30654600262641907 0.7295020222663879
vn -0.6064860224723816 0.31416499614715576 0.7303929924964905
vn -0.5991190075874329 0.3218590021133423 0.733119010925293
vn -0.5890460014343262 0.32973799109458923 0.7377650141716003
vn -0.5759389996528625 0.33789700269699097 0.7443919777870178
vn -0.5594329833984375 0.34641000628471375 0.753017008304596
vn -0.5391010046005249 0.35532400012016296 0.7636190056800842
vn -0.5144829750061035 0.3646489977836609 0.7761049866676331
vn -0.48508700728416443 0.37434399127960205 0.7902889847755432
vn -0.45042699575424194 0.38430699706077576 0.8058680295944214
vn -0.410053014755249 0.3943589925765991 0.8223980069160461
vn -0.36363598704338074 0.40423399209976196 0.8392639756202698
vn -0.3110339939594269 0.4135810136795044 0.8556920289993286
vn -0.2524229884147644 0.42197200655937195 0.8707600235939026
vn -0.18834400177001953 0.4289419949054718 0.8834789991378784
vn -0.11979900300502777 0.4340350031852722 0.892894983291626
vn -0.048211000859737396 0.4368790090084076 0.8982269763946533
vn 0.024642499163746834 0.43724799156188965 0.8990030288696289
vn 0.09687530249357224 0.4351100027561188 0.8951510190963745
vn 0.16665099561214447 0.4306289851665497 0.8870099782943726
vn 0.23239600658416748 0.42413800954818726 0.8752710223197937
vn 0.2929770052433014 0.4160740077495575 0.8608409762382507
vn 0.34768998622894287 0.4069080054759979 0.8447110056877136
vn 0.39625298976898193 0.3970850110054016 0.8278319835662842
vn 0.4386940002441406 0.3869880139827728 0.811040997505188
vn 0.4753110110759735 0.3769089877605438 0.7949960231781006
vn 0.5065119862556458 0.3670569956302643 0.7802019715309143
vn 0.5327759981155396 0.35756000876426697 0.7670080065727234
vn 0.5545979738235474 0.3484779894351959 0.7556350231170654
vn 0.572458028793335 0.33981800079345703 0.7462009787559509
vn 0.5867879986763 0.33154600858688354 0.7387539744377136
vn 0.5979779958724976 0.3235970139503479 0.7332850098609924
vn 0.6063680052757263 0.3158850073814392 0.7297499775886536
vn 0.6122649908065796 0.3083060085773468 0.728065013885498
vn 0.6159260272979736 0.30074599385261536 0.7281389832496643
vn 0.6175780296325684 0.29308098554611206 0.7298629879951477
vn 0.6174229979515076 0.2851850092411041 0.7331159710884094
vn 0.6156409978866577 0.2769260108470917 0.7377660274505615
vn 0.6123999953269958 0.2681719958782196 0.7436730265617371
vn 0.6078600287437439 0.2587929964065552 0.7506880164146423
vn 0.6021749973297119 0.24866099655628204 0.7586519718170166
vn 0.5955029726028442 0.2376530021429062 0.7673969864845276
vn 0.5880060195922852 0.22565700113773346 0.7767410278320312
vn 0.5798559784889221 0.21257199347019196 0.7864980101585388
vn 0.5712370276451111 0.1983110010623932 0.7964680194854736
vn 0.5623469948768616 0.18281200528144836 0.8064410090446472
vn 0.5533940196037292 0.16603100299835205 0.8162040114402771
vn 0.5446069836616516 0.14796000719070435 0.8255370259284973
vn 0.5362160205841064 0.12862099707126617 0.8342229723930359
vn 0.5284630060195923 0.10807500034570694 0.8420490026473999
vn 0.5215809941291809 0.08642149716615677 0.8488140106201172
vn 0.5157920122146606 0.06380250304937363 0.8543350100517273
vn 0.5112919807434082 0.04039720073342323 0.8584570288658142
vn 0.5082420110702515 0.01641709916293621 0.8610579967498779
vn 0.4209829866886139 -0.0008947559981606901 0.9070680141448975
vn -0.11904899775981903 -0.040485698729753494 0.9920629858970642
vn -0.24477100372314453 -0.06281310319900513 0.9675440192222595
vn -0.2370239943265915 -0.12455599755048752 0.9634860157966614
vn -0.2229440063238144 -0.18490800261497498 0.9571340084075928
vn -0.2029860019683838 -0.24309100210666656 0.9485269784927368
vn -0.17774200439453125 -0.2984969913959503 0.9377139806747437
vn -0.14786100387573242 -0.3506839871406555 0.9247480034828186
vn -0.11399400234222412 -0.3993529975414276 0.9096829891204834
vn -0.0767873004078865 -0.4443010091781616 0.8925809860229492
vn -0.03689559921622276 -0.4853920042514801 0.8735179901123047
vn 0.004995319992303848 -0.5225350260734558 0.852603018283844
vn 0.04815239831805229 -0.5556889772415161 0.8299949765205383
vn 0.09180369973182678 -0.5848760008811951 0.8059110045433044
vn 0.1351570039987564 -0.6101959943771362 0.7806370258331299
vn 0.17743399739265442 -0.631837010383606 0.754518985748291
vn 0.21791499853134155 -0.6500840187072754 0.7279450297355652
vn 0.25595998764038086 -0.6653040051460266 0.7013239860534668
vn 0.291036993265152 -0.6779339909553528 0.6750580072402954
vn 0.3227199912071228 -0.6884520053863525 0.6495280265808105
vn 0.35068899393081665 -0.6973569989204407 0.6250680088996887
vn 0.3747139871120453 -0.7051460146903992 0.6019619703292847
vn 0.3946309983730316 -0.7122910022735596 0.5804370045661926
vn 0.41031399369239807 -0.7192320227622986 0.5606679916381836
vn 0.421658992767334 -0.7263579964637756 0.5427780151367188
vn 0.4285550117492676 -0.7340099811553955 0.5268499851226807
vn 0.4308739900588989 -0.7424650192260742 0.5129259824752808
vn 0.4284549951553345 -0.7519360184669495 0.5010179877281189
vn 0.42109599709510803 -0.7625579833984375 0.49110400676727295
vn 0.4085620045661926 -0.7743780016899109 0.4831309914588928
vn 0.39058899879455566 -0.787335991859436 0.4770140051841736
vn 0.3669170141220093 -0.8012480139732361 0.4726249873638153
vn 0.3373199999332428 -0.815788984298706 0.4697909951210022
vn 0.3016670048236847 -0.8304809927940369 0.4682930111885071
vn 0.2600120007991791 -0.8446919918060303 0.4678559899330139
vn 0.2126390039920807 -0.8576700091362 0.46817299723625183
vn 0.16016599535942078 -0.8686010241508484 0.4689129889011383
vn 0.10359299927949905 -0.8766949772834778 0.4697610139846802
vn 0.044244300574064255 -0.8813109993934631 0.47046101093292236
vn -0.01626710034906864 -0.8820599913597107 0.47085699439048767
vn -0.07622689753770828 -0.8788779973983765 0.4709169864654541
vn -0.13397100567817688 -0.8720399737358093 0.47074300050735474
vn -0.18804900348186493 -0.8621029853820801 0.47054800391197205
vn -0.23734700679779053 -0.8498119711875916 0.4706229865550995
vn -0.28111401200294495 -0.8359789848327637 0.4712890088558197
vn -0.31894800066947937 -0.8213840126991272 0.4728640019893646
vn -0.35072198510169983 -0.8067029714584351 0.4756309986114502
vn -0.3765150010585785 -0.792464017868042 0.4798299968242645
vn -0.39652499556541443 -0.7790459990501404 0.4856500029563904
vn -0.4110029935836792 -0.7666800022125244 0.49323299527168274
vn -0.42021501064300537 -0.7554669976234436 0.5026819705963135
vn -0.42441999912261963 -0.7453950047492981 0.5140560269355774
vn -0.42382898926734924 -0.7363619804382324 0.5273889899253845
vn -0.4186219871044159 -0.7281849980354309 0.542680025100708
vn -0.40894800424575806 -0.7206119894981384 0.559893012046814
vn -0.39492499828338623 -0.7133299708366394 0.5789589881896973
vn -0.3766689896583557 -0.7059749960899353 0.5997660160064697
vn -0.35429999232292175 -0.6981350183486938 0.622156023979187
vn -0.3279779851436615 -0.6893609762191772 0.6459199786186218
vn -0.2979130148887634 -0.6791790127754211 0.6707929968833923
vn -0.2644070088863373 -0.6671079993247986 0.6964589953422546
vn -0.22785300016403198 -0.6526809930801392 0.7225580215454102
vn -0.18875400722026825 -0.6354690194129944 0.7487000226974487
vn -0.1477230042219162 -0.6151019930839539 0.7744849920272827
vn -0.1054610013961792 -0.5912960171699524 0.7995290160179138
vn -0.06272640079259872 -0.5638560056686401 0.8234879970550537
vn -0.02030389942228794 -0.5326799750328064 0.8460729718208313
vn 0.021049799397587776 -0.497749000787735 0.8670660257339478
vn 0.06063640117645264 -0.4590989947319031 0.8863130211830139
vn 0.09782949835062027 -0.41680601239204407 0.9037160277366638
vn 0.13207300007343292 -0.37096598744392395 0.919206976890564
vn 0.16285499930381775 -0.3216949999332428 0.9327329993247986
vn 0.18966299295425415 -0.26915299892425537 0.944238007068634
vn 0.2119539976119995 -0.213578000664711 0.953656017780304
vn 0.22914400696754456 -0.15534299612045288 0.9609169960021973
vn 0.24064700305461884 -0.09499289840459824 0.96595299243927
vn 0.245960995554924 -0.033252499997615814 0.9687089920043945
vn 0.24477100372314453 0.029008200392127037 0.9691470265388489
vn 0.2370239943265915 0.09085480123758316 0.9672459959983826
vn 0.2229440063238144 0.15139199793338776 0.9630039930343628
vn 0.2029850035905838 0.20983999967575073 0.9564329981803894
vn 0.17774200439453125 0.26558899879455566 0.9475600123405457
vn 0.14786100387573242 0.31819701194763184 0.9364230036735535
vn 0.11399400234222412 0.36736199259757996 0.9230660200119019
vn 0.0767873004078865 0.412880003452301 0.9075430035591125
vn 0.03689559921622276 0.45461100339889526 0.889926016330719
vn -0.004994850140064955 0.4924609959125519 0.8703200221061707
vn -0.04815249890089035 0.5263839960098267 0.8488820195198059
vn -0.09180399775505066 0.5563939809799194 0.8258309960365295
vn -0.13515500724315643 0.5825799703598022 0.8014569878578186
vn -0.1774349957704544 0.6051200032234192 0.7761099934577942
vn -0.21791499853134155 0.6242830157279968 0.7501890063285828
vn -0.25595998764038086 0.6404229998588562 0.7241150140762329
vn -0.2910360097885132 0.6539610028266907 0.6983069777488708
vn -0.322719007730484 0.6653640270233154 0.6731590032577515
vn -0.35068801045417786 0.6751180291175842 0.649025022983551
vn -0.3747130036354065 0.6837090253829956 0.6262050271034241
vn -0.3946320116519928 0.6916009783744812 0.6049420237541199
vn -0.41031599044799805 0.6992260217666626 0.5854259729385376
vn -0.42166000604629517 0.7069730162620544 0.567795991897583
vn -0.4285550117492676 0.715175986289978 0.5521450042724609
vn -0.4308739900588989 0.7241119742393494 0.5385259985923767
vn -0.4284549951553345 0.7339929938316345 0.5269550085067749
vn -0.42109599709510803 0.7449550032615662 0.5174180269241333
vn -0.40856099128723145 0.7570449709892273 0.509863018989563
vn -0.39059001207351685 0.7702080011367798 0.5042009949684143
vn -0.3669170141220093 0.7842649817466736 0.5002999901771545
vn -0.3373189866542816 0.7988970279693604 0.49797600507736206
vn -0.30166900157928467 0.8136320114135742 0.49698999524116516
vn -0.2600080072879791 0.8278499841690063 0.4970510005950928
vn -0.21263499557971954 0.8408100008964539 0.49782100319862366
vn -0.1601720005273819 0.8517060279846191 0.49893999099731445
vn -0.10359299927949905 0.8597660064697266 0.5000709891319275
vn -0.04424680024385452 0.8643550276756287 0.500931978225708
vn 0.016266899183392525 0.865090012550354 0.5013530254364014
vn 0.07623180001974106 0.8619080185890198 0.5013020038604736
vn 0.13397200405597687 0.8550800085067749 0.5008900165557861
vn 0.18805000185966492 0.8451560139656067 0.5003489851951599
vn 0.2373420000076294 0.8328710198402405 0.49999499320983887
vn 0.28111499547958374 0.819021999835968 0.5001770257949829
vn 0.31894901394844055 0.8043810129165649 0.5012410283088684
vn 0.35072100162506104 0.7896119952201843 0.5034949779510498
vn 0.37651801109313965 0.7752349972724915 0.5071939826011658
vn 0.39652299880981445 0.7616230249404907 0.5125430226325989
vn 0.41100001335144043 0.7490000128746033 0.5196899771690369
vn 0.42021700739860535 0.7374629974365234 0.5287399888038635
vn 0.42441800236701965 0.7270010113716125 0.5397570133209229
vn 0.42382898926734924 0.7175080180168152 0.5527669787406921
vn 0.41862401366233826 0.7088019847869873 0.567762017250061
vn 0.4089469909667969 0.7006329894065857 0.5847010016441345
vn 0.3949280083179474 0.6926900148391724 0.6035000085830688
vn 0.3766680061817169 0.6846140027046204 0.6240389943122864
vn 0.35429900884628296 0.6759970188140869 0.6461420059204102
vn 0.3279770016670227 0.6663990020751953 0.6695849895477295
vn 0.2979139983654022 0.6553549766540527 0.694087028503418
vn 0.2644070088863373 0.6423959732055664 0.7193170189857483
vn 0.22785300016403198 0.6270670294761658 0.7448959946632385
vn 0.18875400722026825 0.608951985836029 0.770421028137207
vn 0.1477220058441162 0.5876979827880859 0.7954800128936768
vn 0.10546000301837921 0.5630319714546204 0.819678008556366
vn 0.06272689998149872 0.5347729921340942 0.8426640033721924
vn 0.020304000005126 0.5028280019760132 0.8641480207443237
vn -0.02105039916932583 0.46718600392341614 0.8839089870452881
vn -0.06063640117645264 0.42788800597190857 0.9017959833145142
vn -0.09782890230417252 0.38501301407814026 0.9177110195159912
vn -0.13207300007343292 0.33866000175476074 0.9315930008888245
vn -0.16285400092601776 0.2889479994773865 0.9433919787406921
vn -0.18966299295425415 0.2360360026359558 0.9530559778213501
vn -0.2119539976119995 0.18016600608825684 0.9605290293693542
vn -0.22914400696754456 0.12171299755573273 0.9657530188560486
vn -0.24064700305461884 0.061223600059747696 0.9686800241470337
vn -0.30385300517082214 0.0181185994297266 0.952547013759613
vn -0.5703499913215637 -0.05374560132622719 0.8196409940719604
vn -0.6250979900360107 -0.09012989699840546 0.7753250002861023
vn -0.6120240092277527 -0.18603399395942688 0.7686470150947571
vn -0.589044988155365 -0.2781350016593933 0.7587270140647888
vn -0.5571410059928894 -0.36508500576019287 0.7458599805831909
vn -0.5171040296554565 -0.4465480148792267 0.7302039861679077
vn -0.4693849980831146 -0.5226680040359497 0.7116850018501282
vn -0.414247989654541 -0.5935630202293396 0.6899870038032532
vn -0.3520149886608124 -0.6590570211410522 0.6646280288696289
vn -0.2832770049571991 -0.7186149954795837 0.6350950002670288
vn -0.20903800427913666 -0.7714279890060425 0.6010000109672546
vn -0.13076800107955933 -0.8165850043296814 0.5622180104255676
vn -0.05035249888896942 -0.8532959818840027 0.5189890265464783
vn 0.030045300722122192 -0.8811169862747192 0.4719429910182953
vn 0.10822299867868423 -0.9000959992408752 0.4220370054244995
vn 0.18217599391937256 -0.9108229875564575 0.3704240024089813
vn 0.25029098987579346 -0.9143549799919128 0.3182910084724426
vn 0.31145399808883667 -0.9120659828186035 0.2667050063610077
vn 0.36504799127578735 -0.9054610133171082 0.21651700139045715
vn 0.4108699858188629 -0.8960220217704773 0.16831600666046143
vn 0.4490250051021576 -0.8850910067558289 0.1224370002746582
vn 0.47979500889778137 -0.8738170266151428 0.07899980247020721
vn 0.5035380125045776 -0.8631389737129211 0.03796260058879852
vn 0.5206080079078674 -0.8537949919700623 -0.000827380979899317
vn 0.5312899947166443 -0.8463559746742249 -0.03758519887924194
vn 0.5357760190963745 -0.8412370085716248 -0.07255180180072784
vn 0.5341280102729797 -0.8387370109558105 -0.10596100240945816
vn 0.5262849926948547 -0.8390330076217651 -0.13801200687885284
vn 0.5120540261268616 -0.8421949744224548 -0.16884499788284302
vn 0.4911240041255951 -0.8481680154800415 -0.19851599633693695
vn 0.4630979895591736 -0.8567529916763306 -0.22696900367736816
vn 0.42755401134490967 -0.8675709962844849 -0.25400298833847046
vn 0.3841269910335541 -0.8800359964370728 -0.2792559862136841
vn 0.33263099193573 -0.8933299779891968 -0.3021889925003052
vn 0.27320700883865356 -0.9064270257949829 -0.3221000134944916
vn 0.20651599764823914 -0.9181429743766785 -0.33817699551582336
vn 0.13381899893283844 -0.927291989326477 -0.34960299730300903
vn 0.05700790137052536 -0.9328650236129761 -0.3556880056858063
vn -0.02151549980044365 -0.9342330098152161 -0.3560140132904053
vn -0.09913130104541779 -0.9312909841537476 -0.3505289852619171
vn -0.1733279973268509 -0.9244760274887085 -0.33956199884414673
vn -0.24202699959278107 -0.9146659970283508 -0.32374298572540283
vn -0.30375099182128906 -0.9029939770698547 -0.3038719892501831
vn -0.35765400528907776 -0.8906450271606445 -0.28077399730682373
vn -0.40343600511550903 -0.8787019848823547 -0.25519001483917236
vn -0.4411880075931549 -0.8680469989776611 -0.22770200669765472
vn -0.47122400999069214 -0.8593369722366333 -0.19871699810028076
vn -0.49395498633384705 -0.8530099987983704 -0.16847200691699982
vn -0.509781002998352 -0.8493170142173767 -0.13705700635910034
vn -0.5190470218658447 -0.8483409881591797 -0.10444000363349915
vn -0.5219789743423462 -0.8500400185585022 -0.0705024003982544
vn -0.5186859965324402 -0.8542450070381165 -0.035063501447439194
vn -0.5091530084609985 -0.8606730103492737 0.002093489980325103
vn -0.4932459890842438 -0.868914008140564 0.0411905013024807
vn -0.4707370102405548 -0.8784149885177612 0.08242560178041458
vn -0.441334992647171 -0.8884609937667847 0.12593300640583038
vn -0.40474599599838257 -0.898157000541687 0.1717430055141449
vn -0.36073601245880127 -0.9064159989356995 0.2197279930114746
vn -0.3092379868030548 -0.9119809865951538 0.2695600092411041
vn -0.250450998544693 -0.9134780168533325 0.3206759989261627
vn -0.18494300544261932 -0.9095119833946228 0.37226900458335876
vn -0.11372199654579163 -0.8988100290298462 0.4233289957046509
vn -0.038241200149059296 -0.8803769946098328 0.47273001074790955
vn 0.0396852008998394 -0.8536329865455627 0.5193610191345215
vn 0.11803200095891953 -0.818481981754303 0.5622779726982117
vn 0.1947699934244156 -0.7752900123596191 0.6008239984512329
vn 0.26805898547172546 -0.7247719764709473 0.6347050070762634
vn 0.3363890051841736 -0.6678109765052795 0.663981020450592
vn 0.3986470103263855 -0.6052709817886353 0.6890050172805786
vn 0.4541099965572357 -0.5378270149230957 0.7103000283241272
vn 0.5023890137672424 -0.465844988822937 0.7284190058708191
vn 0.5433149933815002 -0.3893299996852875 0.7437949776649475
vn 0.5767800211906433 -0.3079879879951477 0.7566159963607788
vn 0.6024979948997498 -0.22147199511528015 0.766776978969574
vn 0.6197879910469055 -0.12987099587917328 0.7739480137825012
vn 0.627623975276947 -0.03427639976143837 0.7777619957923889
vn 0.6250979900360107 0.06301649659872055 0.7779989838600159
vn 0.6120240092277527 0.15909500420093536 0.7746710181236267
vn 0.589044988155365 0.25148600339889526 0.7679719924926758
vn 0.5571410059928894 0.33883199095726013 0.7581470012664795
vn 0.5171040296554565 0.42079201340675354 0.7453439831733704
vn 0.4693849980831146 0.49751201272010803 0.7294920086860657
vn 0.414247989654541 0.5691210031509399 0.7102810144424438
vn 0.3520149886608124 0.6354600191116333 0.6872239708900452
vn 0.2832770049571991 0.6960129737854004 0.6597880125045776
vn 0.20903900265693665 0.7499840259552002 0.6275560259819031
vn 0.13076700270175934 0.7964659929275513 0.5903739929199219
vn 0.0503528006374836 0.834663987159729 0.5484529733657837
vn -0.030045099556446075 0.8641089797019958 0.5024060010910034
vn -0.10822299867868423 0.884818971157074 0.4531930088996887
vn -0.18217599391937256 0.8973399996757507 0.4019860029220581
vn -0.25029098987579346 0.9026899933815002 0.35000699758529663
vn -0.31145501136779785 0.9022030234336853 0.2983730137348175
vn -0.36504799127578735 0.8973529934883118 0.24798500537872314
vn -0.4108690023422241 0.88960200548172 0.19948500394821167
vn -0.4490239918231964 0.880279004573822 0.1532520055770874
vn -0.47979599237442017 0.8705270290374756 0.10944700241088867
vn -0.5035399794578552 0.861286997795105 0.06806240230798721
vn -0.5206080079078674 0.8533040285110474 0.028970099985599518
vn -0.5312899947166443 0.8471519947052002 -0.008024919778108597
vn -0.5357739925384521 0.8432580232620239 -0.04314890131354332
vn -0.5341269969940186 0.8419240117073059 -0.07662460207939148
vn -0.5262870192527771 0.8433380126953125 -0.108644999563694
vn -0.5120530128479004 0.8475750088691711 -0.13934999704360962
vn -0.4911240041255951 0.854578971862793 -0.16879500448703766
vn -0.4630979895591736 0.8641520142555237 -0.19693000614643097
vn -0.42755499482154846 0.8759070038795471 -0.22357000410556793
vn -0.3841269910335541 0.8892449736595154 -0.24837300181388855
vn -0.33262500166893005 0.9033340215682983 -0.2708289921283722
vn -0.27320799231529236 0.9171149730682373 -0.29027000069618225
vn -0.20652000606060028 0.9293850064277649 -0.30592799186706543
vn -0.13382099568843842 0.9389280080795288 -0.3170279860496521
vn -0.05701009929180145 0.9447100162506104 -0.3229149878025055
vn 0.021518899127840996 0.9460880160331726 -0.3231930136680603
vn 0.09913349896669388 0.9429559707641602 -0.3178139925003052
vn 0.17333100736141205 0.9357619881629944 -0.30709099769592285
vn 0.24202699959278107 0.9254069924354553 -0.2916240096092224
vn 0.3037460148334503 0.9130499958992004 -0.2721729874610901
vn 0.35765498876571655 0.8999009728431702 -0.24952000379562378
vn 0.4034369885921478 0.8870729804039001 -0.22436800599098206
vn 0.4411880075931549 0.8754640221595764 -0.1972689926624298
vn 0.47122400999069214 0.8657479882240295 -0.1686059981584549
vn 0.49395298957824707 0.8583710193634033 -0.13860000669956207
vn 0.5097830295562744 0.8535810112953186 -0.10733199864625931
vn 0.5190470218658447 0.8514689803123474 -0.07476940006017685
vn 0.5219759941101074 0.8519840240478516 -0.04079360142350197
vn 0.5186870098114014 0.8549479842185974 -0.005229359958320856
vn 0.5091530084609985 0.8600760102272034 0.0321291983127594
vn 0.49324700236320496 0.8669459819793701 0.07148999720811844
vn 0.4707390069961548 0.8750020265579224 0.11303099989891052
vn 0.441334992647171 0.8835260272026062 0.1568640023469925
vn 0.4047450125217438 0.8916159868240356 0.20298300683498383
vn 0.36073601245880127 0.8981950283050537 0.2512269914150238
vn 0.3092379868030548 0.9020180106163025 0.3012230098247528
vn 0.250450998544693 0.9017300009727478 0.3523609936237335
vn 0.18494300544261932 0.8959659934043884 0.40378400683403015
vn 0.11372199654579163 0.8834890127182007 0.4544390141963959
vn 0.03824020177125931 0.8633430004119873 0.5031669735908508
vn -0.03968510031700134 0.834987998008728 0.5488359928131104
vn -0.11803200095891953 0.7983599901199341 0.590499997138977
vn -0.1947699934244156 0.7538490295410156 0.627515971660614
vn -0.26805898547172546 0.7021790146827698 0.6596130132675171
vn -0.3363879919052124 0.6442310214042664 0.6868829727172852
vn -0.3986470103263855 0.5808560252189636 0.7097089886665344
vn -0.4541110098361969 0.5127099752426147 0.7286369800567627
vn -0.5023890137672424 0.4401400089263916 0.7442330121994019
vn -0.5433149933815002 0.3631350100040436 0.7569289803504944
vn -0.5767800211906433 0.28139498829841614 0.7669039964675903
vn -0.6024979948997498 0.19457699358463287 0.7740389704704285
vn -0.6197879910469055 0.1027820035815239 0.7780089974403381
vn -0.6570460200309753 0.04084319993853569 0.7527430057525635
vn -0.7796649932861328 -0.0708807036280632 0.6221719980239868
vn -0.8073909878730774 -0.12913499772548676 0.5757110118865967
vn -0.7850880026817322 -0.2576169967651367 0.5632680058479309
vn -0.7477899789810181 -0.37941500544548035 0.5448439717292786
vn -0.6974239945411682 -0.49317800998687744 0.519976019859314
vn -0.6349380016326904 -0.5991269946098328 0.48774999380111694
vn -0.5600399971008301 -0.6976330280303955 0.44683700799942017
vn -0.47172701358795166 -0.787962019443512 0.39571499824523926
vn -0.3693059980869293 -0.8675429821014404 0.33313998579978943
vn -0.25364500284194946 -0.9320120215415955 0.2588779926300049
vn -0.12824800610542297 -0.9762679934501648 0.17450599372386932
vn 0.0005965930176898837 -0.9964889883995056 0.0837239995598793
vn 0.12509800493717194 -0.992110013961792 -0.008293040096759796
vn 0.2382040023803711 -0.9664210081100464 -0.09637639671564102
vn 0.3354159891605377 -0.9253349900245667 -0.17677900195121765
vn 0.4152210056781769 -0.8753359913825989 -0.24774500727653503
vn 0.4783810079097748 -0.8219109773635864 -0.3092159926891327
vn 0.5268549919128418 -0.7689329981803894 -0.3621689975261688
vn 0.5629400014877319 -0.7187619805335999 -0.4080190062522888
vn 0.588782012462616 -0.6726260185241699 -0.44822999835014343
vn 0.6061689853668213 -0.6310139894485474 -0.48412901163101196
vn 0.6164849996566772 -0.593986988067627 -0.5168420076370239
vn 0.6207510232925415 -0.5613740086555481 -0.5472909808158875
vn 0.6196669936180115 -0.5329040288925171 -0.576216995716095
vn 0.6136699914932251 -0.5082730054855347 -0.6042090058326721
vn 0.6029800176620483 -0.4871799945831299 -0.631721019744873
vn 0.5876330137252808 -0.46934500336647034 -0.6590930223464966
vn 0.5675150156021118 -0.45451098680496216 -0.6865469813346863
vn 0.5423809885978699 -0.44244301319122314 -0.7141900062561035
vn 0.5118920207023621 -0.43291598558425903 -0.7419909834861755
vn 0.4756520092487335 -0.42570099234580994 -0.7697619795799255
vn 0.43326500058174133 -0.42055800557136536 -0.7971270084381104
vn 0.3844110071659088 -0.41721901297569275 -0.8235030174255371
vn 0.3289499878883362 -0.41538000106811523 -0.8480870127677917
vn 0.2670440077781677 -0.4147070050239563 -0.8698880076408386
vn 0.1992720067501068 -0.4148460030555725 -0.8878030180931091
vn 0.12669000029563904 -0.4154599905014038 -0.9007459878921509
vn 0.050846800208091736 -0.41627100110054016 -0.9078180193901062
vn -0.02633810043334961 -0.4171060025691986 -0.9084759950637817
vn -0.10278099775314331 -0.417928010225296 -0.9026470184326172
vn -0.1764809936285019 -0.418846994638443 -0.8907420039176941
vn -0.24576500058174133 -0.42009100317955017 -0.8735690116882324
vn -0.3094100058078766 -0.4219749867916107 -0.8521749973297119
vn -0.36668699979782104 -0.4248470067977905 -0.8276749849319458
vn -0.4173170030117035 -0.4290570020675659 -0.8010969758033752
vn -0.4613499939441681 -0.4349290132522583 -0.7732999920845032
vn -0.4990519881248474 -0.4427590072154999 -0.744924008846283
vn -0.5307909846305847 -0.4528149962425232 -0.7163940072059631
vn -0.5569519996643066 -0.46534499526023865 -0.6879379749298096
vn -0.5778809785842896 -0.4805940091609955 -0.659608006477356
vn -0.5938220024108887 -0.4988119900226593 -0.6313179731369019
vn -0.604902982711792 -0.5202609896659851 -0.6028429865837097
vn -0.6110910177230835 -0.5452240109443665 -0.5738450288772583
vn -0.6121709942817688 -0.5739930272102356 -0.5438560247421265
vn -0.6077060103416443 -0.6068519949913025 -0.5122740268707275
vn -0.5969949960708618 -0.6440410017967224 -0.47833800315856934
vn -0.579026997089386 -0.6856750249862671 -0.4411090016365051
vn -0.5524269938468933 -0.7316160202026367 -0.39945200085639954
vn -0.5154529809951782 -0.7812640070915222 -0.3520449995994568
vn -0.466048002243042 -0.8332549929618835 -0.2974660098552704
vn -0.40208199620246887 -0.88509202003479 -0.23439699411392212
vn -0.3218640089035034 -0.9328200221061707 -0.1620209962129593
vn -0.2249779999256134 -0.9710230231285095 -0.08061590045690536
vn -0.11326500028371811 -0.9935340285301208 0.007859810255467892
vn 0.008633379824459553 -0.9949920177459717 0.09957960247993469
vn 0.13385500013828278 -0.9727150201797485 0.1894959956407547
vn 0.25509199500083923 -0.9276620149612427 0.27270999550819397
vn 0.3666149973869324 -0.8637250065803528 0.3457930088043213
vn 0.46535998582839966 -0.7858399748802185 0.40730300545692444
vn 0.5507209897041321 -0.6981809735298157 0.45743799209594727
vn 0.6235569715499878 -0.6032220125198364 0.49729299545288086
vn 0.6850540041923523 -0.5016890168190002 0.5282130241394043
vn 0.7358109951019287 -0.39311400055885315 0.5514010190963745
vn 0.7752860188484192 -0.2767469882965088 0.5677520036697388
vn 0.8017669916152954 -0.15266799926757812 0.5778080224990845
vn 0.8129979968070984 -0.022781899198889732 0.5818210244178772
vn 0.8073909878730774 0.10896400362253189 0.5798670053482056
vn 0.7850880026817322 0.23780299723148346 0.5719159841537476
vn 0.7477899789810181 0.360168993473053 0.5577530264854431
vn 0.6974239945411682 0.4747309982776642 0.5368710160255432
vn 0.6349380016326904 0.5817400217056274 0.5083619952201843
vn 0.5600399971008301 0.6816139817237854 0.47091200947761536
vn 0.47172701358795166 0.7736709713935852 0.42297399044036865
vn 0.3693059980869293 0.8553879857063293 0.3632130026817322
vn 0.25364500284194946 0.9224089980125427 0.29124701023101807
vn 0.1282469928264618 0.9695839881896973 0.20847100019454956
vn -0.0005973000079393387 0.9929599761962891 0.11845000088214874
vn -0.12509800493717194 0.991795003414154 0.026336200535297394
vn -0.2382040023803711 0.9691960215568542 -0.0625900998711586
vn -0.3354159891605377 0.9309409856796265 -0.14437800645828247
vn -0.4152219891548157 0.8834490180015564 -0.21704499423503876
vn -0.4783810079097748 0.8322010040283203 -0.2803429961204529
vn -0.5268549919128418 0.7811040282249451 -0.335112988948822
vn -0.5629400014877319 0.7325639724731445 -0.38268598914146423
vn -0.588782012462616 0.6878589987754822 -0.4244830012321472
vn -0.6061679720878601 0.6475260257720947 -0.46181198954582214
vn -0.6164860129356384 0.611661970615387 -0.49579599499702454
vn -0.6207519769668579 0.580132007598877 -0.5273650288581848
vn -0.6196669936180115 0.5526890158653259 -0.5572680234909058
vn -0.6136689782142639 0.5290499925613403 -0.5861030220985413
vn -0.602977991104126 0.5089300274848938 -0.6143350005149841
vn -0.5876340270042419 0.49206000566482544 -0.6423109769821167
vn -0.5675150156021118 0.478193998336792 -0.6702659726142883
vn -0.5423799753189087 0.46709901094436646 -0.6983140110969543
vn -0.5118929743766785 0.4585469961166382 -0.7264299988746643
vn -0.4756520092487335 0.45230600237846375 -0.7544370293617249
vn -0.4332660138607025 0.44812101125717163 -0.7819640040397644
vn -0.38440999388694763 0.44570499658584595 -0.8084409832954407
vn -0.3289479911327362 0.44472500681877136 -0.8330739736557007
vn -0.2670460045337677 0.4448130130767822 -0.8548849821090698
vn -0.1992720067501068 0.4455769956111908 -0.8727840185165405
vn -0.12669000029563904 0.4466420114040375 -0.8856980204582214
vn -0.05084589868783951 0.44769999384880066 -0.8927369713783264
vn 0.026338599622249603 0.4485569894313812 -0.8933659791946411
vn 0.10277900099754333 0.44917601346969604 -0.8875120282173157
vn 0.17648400366306305 0.4496780037879944 -0.8755819797515869
vn 0.24576400220394135 0.4503229856491089 -0.8583760261535645
vn 0.3094080090522766 0.45145899057388306 -0.836929976940155
vn 0.3666880130767822 0.4534739851951599 -0.8123430013656616
vn 0.4173170030117035 0.4567529857158661 -0.7856349945068359
vn 0.4613510072231293 0.461652010679245 -0.7576490044593811
vn 0.4990510046482086 0.4684869945049286 -0.729017972946167
vn 0.5307899713516235 0.4775409996509552 -0.7001550197601318
vn 0.556954026222229 0.48906999826431274 -0.6712769865989685
vn 0.5778800249099731 0.5033209919929504 -0.6424340009689331
vn 0.5938220024108887 0.5205410122871399 -0.6135249733924866
vn 0.604902982711792 0.5409839749336243 -0.584318995475769
vn 0.6110910177230835 0.5649189949035645 -0.5544679760932922
vn 0.61217200756073 0.5926229953765869 -0.5234919786453247
vn 0.6077060103416443 0.6243600249290466 -0.4907819926738739
vn 0.5969949960708618 0.6603429913520813 -0.4555700123310089
vn 0.5790259838104248 0.700652003288269 -0.4169110059738159
vn 0.5524280071258545 0.7451109886169434 -0.37367498874664307
vn 0.5154529809951782 0.7930740118026733 -0.32456499338150024
vn 0.466048002243042 0.8431280255317688 -0.2682049870491028
vn 0.40208199620246887 0.8927329778671265 -0.2033649981021881
vn 0.3218640089035034 0.93790602684021 -0.12936800718307495
vn 0.22497700154781342 0.9732450246810913 -0.04667869955301285
vn 0.1132659986615181 0.992654025554657 0.0425289012491703
vn -0.008632929995656013 0.9909110069274902 0.13424399495124817
vn -0.13385500013828278 0.9655089974403381 0.22332799434661865
vn -0.25509199500083923 0.9175800085067749 0.3049190044403076
vn -0.3666149973869324 0.851131021976471 0.37572500109672546
vn -0.46535998582839966 0.7711459994316101 0.4344809949398041
vn -0.5507209897041321 0.6817910075187683 0.4815259873867035
vn -0.6235569715499878 0.5854989886283875 0.5180429816246033
vn -0.6850540041923523 0.48294898867607117 0.5454000234603882
vn -0.7358109951019287 0.37363100051879883 0.5647839903831482
vn -0.7752860188484192 0.2567639946937561 0.5770639777183533
vn -0.8017669916152954 0.13241000473499298 0.5827839970588684
vn -0.8355380296707153 0.06291580200195312 0.5458179712295532
vn -0.9063730239868164 -0.08473289757966995 0.41389399766921997
vn -0.9099799990653992 -0.16949300467967987 0.37843000888824463
vn -0.8772690296173096 -0.3252429962158203 0.35301101207733154
vn -0.8232100009918213 -0.4739539921283722 0.31255900859832764
vn -0.7471339702606201 -0.6142249703407288 0.25400298833847046
vn -0.6456760168075562 -0.7436360120773315 0.17351600527763367
vn -0.5143100023269653 -0.8548600077629089 0.06854689866304398
vn -0.35250699520111084 -0.9339929819107056 -0.05827770009636879
vn -0.17030499875545502 -0.9657800197601318 -0.19561800360679626
vn 0.011423500254750252 -0.9453189969062805 -0.32594600319862366
vn 0.1714480072259903 -0.88400799036026 -0.4348970055580139
vn 0.2989659905433655 -0.8015639781951904 -0.5177980065345764
vn 0.39421701431274414 -0.7147039771080017 -0.5777459740638733
vn 0.46290698647499084 -0.6329659819602966 -0.620540976524353
vn 0.5115929841995239 -0.5601680278778076 -0.651524007320404
vn 0.5457559823989868 -0.4969809949398041 -0.6746559739112854
vn 0.5694640278816223 -0.4427050054073334 -0.6926199793815613
vn 0.5856080055236816 -0.39621099829673767 -0.7071639895439148
vn 0.5962129831314087 -0.35634100437164307 -0.7194100022315979
vn 0.6027169823646545 -0.3220730125904083 -0.7300699949264526
vn 0.6061549782752991 -0.29255399107933044 -0.7395870089530945
vn 0.6073009967803955 -0.2671000063419342 -0.7482270002365112
vn 0.6067550182342529 -0.24517899751663208 -0.7561320066452026
vn 0.6050059795379639 -0.22638800740242004 -0.7633579969406128
vn 0.6024739742279053 -0.21044200658798218 -0.7698950171470642
vn 0.5995380282402039 -0.197160005569458 -0.7756810188293457
vn 0.5965480208396912 -0.1864670068025589 -0.780614972114563
vn 0.5938230156898499 -0.178398996591568 -0.7845690250396729
vn 0.5916290283203125 -0.17312400043010712 -0.7874029874801636
vn 0.5901110172271729 -0.17097699642181396 -0.7890089750289917
vn 0.5891640186309814 -0.1725189983844757 -0.7893810272216797
vn 0.588138997554779 -0.1786389946937561 -0.7887849807739258
vn 0.585299015045166 -0.19068999588489532 -0.7880749702453613
vn 0.5767170190811157 -0.2106730043888092 -0.789313018321991
vn 0.5541170239448547 -0.24131999909877777 -0.7966930270195007
vn 0.5008940100669861 -0.28537899255752563 -0.8171070218086243
vn 0.38740599155426025 -0.34146299958229065 -0.8563410043716431
vn 0.18140099942684174 -0.3918670117855072 -0.9019610285758972
vn -0.09023679792881012 -0.3995969891548157 -0.9122390151023865
vn -0.32081499695777893 -0.357928991317749 -0.8769059777259827
vn -0.45839598774909973 -0.3024680018424988 -0.8356950283050537
vn -0.5275840163230896 -0.25657200813293457 -0.8098300099372864
vn -0.5602719783782959 -0.22411499917507172 -0.7974129915237427
vn -0.5754989981651306 -0.2028059959411621 -0.7922570109367371
vn -0.5829269886016846 -0.18986499309539795 -0.7900300025939941
vn -0.5872210264205933 -0.18317900598049164 -0.7884269952774048
vn -0.5905389785766602 -0.18130800127983093 -0.7863789796829224
vn -0.5937790274620056 -0.1833070069551468 -0.783469021320343
vn -0.5972219705581665 -0.1885789930820465 -0.779591977596283
vn -0.600829005241394 -0.19676800072193146 -0.7747820019721985
vn -0.604416012763977 -0.20769600570201874 -0.7691190242767334
vn -0.6077160239219666 -0.22132200002670288 -0.7626910209655762
vn -0.6104159951210022 -0.23772500455379486 -0.7555649876594543
vn -0.612159013748169 -0.25709301233291626 -0.7477729916572571
vn -0.6125320196151733 -0.2797220051288605 -0.7392969727516174
vn -0.6110410094261169 -0.3060320019721985 -0.7300500273704529
vn -0.6070650219917297 -0.33657601475715637 -0.7198529839515686
vn -0.5997909903526306 -0.3720580041408539 -0.7083950042724609
vn -0.5881180167198181 -0.4133490025997162 -0.6951680183410645
vn -0.5705140233039856 -0.46147799491882324 -0.6793760061264038
vn -0.5448099970817566 -0.5175700187683105 -0.6597750186920166
vn -0.5079330205917358 -0.5826449990272522 -0.6344519853591919
vn -0.45559999346733093 -0.6571199893951416 -0.600517988204956
vn -0.3821820020675659 -0.7397459745407104 -0.553816020488739
vn -0.2812809944152832 -0.8256880044937134 -0.48899900913238525
vn -0.14810200035572052 -0.9041039943695068 -0.40082699060440063
vn 0.015656499192118645 -0.9575909972190857 -0.2877039909362793
vn 0.19709299504756927 -0.9678440093994141 -0.15630599856376648
vn 0.3747450113296509 -0.9268710017204285 -0.021804800257086754
vn 0.5298479795455933 -0.8422240018844604 0.09959720075130463
vn 0.6547589898109436 -0.7292760014533997 0.1986140012741089
vn 0.7511789798736572 -0.6006540060043335 0.27375999093055725
vn 0.8238790035247803 -0.4624899923801422 0.32760798931121826
vn 0.8762519955635071 -0.31635499000549316 0.3634580075740814
vn 0.9089130163192749 -0.16277599334716797 0.38390201330184937
vn 0.9205690026283264 -0.0038642899598926306 0.3905619978904724
vn 0.9099799990653992 0.15618300437927246 0.38411399722099304
vn 0.8772690296173096 0.3127250075340271 0.36414700746536255
vn 0.8232100009918213 0.4627569913864136 0.3289090096950531
vn 0.7471339702606201 0.6049870252609253 0.275285005569458
vn 0.6456760168075562 0.7371280193328857 0.19936299324035645
vn 0.5143100023269653 0.851947009563446 0.09833940118551254
vn 0.35250699520111084 0.9354580044746399 -0.025646299123764038
vn 0.17030499875545502 0.9720180034637451 -0.16179299354553223
vn -0.01142330002039671 0.9561190009117126 -0.29275599122047424
vn -0.1714480072259903 0.8986470103263855 -0.403780996799469
vn -0.2989659905433655 0.8191459774971008 -0.4895089864730835
vn -0.39421701431274414 0.7344319820404053 -0.552452027797699
vn -0.46290698647499084 0.6542369723320007 -0.5980730056762695
vn -0.5115929841995239 0.5825650095939636 -0.6315780282020569
vn -0.5457559823989868 0.5202230215072632 -0.6569010019302368
vn -0.5694640278816223 0.4666079878807068 -0.6767479777336121
vn -0.5856069922447205 0.420648992061615 -0.6929060220718384
vn -0.5962129831314087 0.38123100996017456 -0.7065359950065613
vn -0.6027169823646545 0.34735599160194397 -0.7183849811553955
vn -0.6061549782752991 0.3181860148906708 -0.7289260029792786
vn -0.6073009967803955 0.29304999113082886 -0.738448977470398
vn -0.6067550182342529 0.2714180052280426 -0.7471150159835815
vn -0.6050059795379639 0.25289100408554077 -0.7549930214881897
vn -0.6024739742279053 0.23718300461769104 -0.7620819807052612
vn -0.5995389819145203 0.22411100566387177 -0.7683280110359192
vn -0.5965480208396912 0.21359699964523315 -0.7736319899559021
vn -0.5938230156898499 0.2056719958782196 -0.7778649926185608
vn -0.5916290283203125 0.20049899816513062 -0.7808809876441956
vn -0.5901119709014893 0.19840799272060394 -0.7825610041618347
vn -0.5891640186309814 0.19996300339698792 -0.7828800082206726
vn -0.588138997554779 0.20605799555778503 -0.7820690274238586
vn -0.5852980017662048 0.21807700395584106 -0.7809410095214844
vn -0.5767160058021545 0.23809100687503815 -0.7814800143241882
vn -0.5541179776191711 0.26897600293159485 -0.787784993648529
vn -0.5008929967880249 0.31372201442718506 -0.8066499829292297
vn -0.3874039947986603 0.3711409866809845 -0.8439030051231384
vn -0.18140000104904175 0.42310601472854614 -0.8877360224723816
vn 0.0902331992983818 0.43119001388549805 -0.897737979888916
vn 0.32081300020217896 0.38831499218940735 -0.86388099193573
vn 0.4583989977836609 0.3314490020275116 -0.8246279954910278
vn 0.5275840163230896 0.28467899560928345 -0.8003829717636108
vn 0.5602700114250183 0.2518079876899719 -0.7891070246696472
vn 0.5755000114440918 0.23033100366592407 -0.7846959829330444
vn 0.5829269886016846 0.2173209935426712 -0.7829229831695557
vn 0.5872210264205933 0.21058300137519836 -0.7815539836883545
vn 0.5905380249023438 0.20864099264144897 -0.7795730233192444
vn 0.593779981136322 0.21053799986839294 -0.7765949964523315
vn 0.5972219705581665 0.21567200124263763 -0.7725359797477722
vn 0.600829005241394 0.223688006401062 -0.7674430012702942
vn 0.604416012763977 0.23441100120544434 -0.7614020109176636
vn 0.6077160239219666 0.24780499935150146 -0.75450199842453
vn 0.6104159951210022 0.2639490067958832 -0.7468090057373047
vn 0.612159013748169 0.28303301334381104 -0.7383450269699097
vn 0.6125320196151733 0.30535298585891724 -0.7290840148925781
vn 0.6110410094261169 0.3313240110874176 -0.7189249992370605
vn 0.6070659756660461 0.3614940047264099 -0.7076680064201355
vn 0.5997909903526306 0.39655399322509766 -0.6949779987335205
vn 0.5881180167198181 0.4373590052127838 -0.6803190112113953
vn 0.5705140233039856 0.48490700125694275 -0.6628569960594177
vn 0.5448099970817566 0.5402799844741821 -0.6413099765777588
vn 0.5079330205917358 0.6044319868087769 -0.6137319803237915
vn 0.45559999346733093 0.6776779890060425 -0.5772179961204529
vn 0.3821820020675659 0.7586240172386169 -0.5276619791984558
vn 0.2812809944152832 0.8422510027885437 -0.45988500118255615
vn 0.14810200035572052 0.9175419807434082 -0.3690299987792969
vn -0.015656400471925735 0.9670490026473999 -0.2541100084781647
vn -0.19709399342536926 0.9727100133895874 -0.12243399769067764
vn -0.3747450113296509 0.9270679950714111 0.010555899702012539
vn -0.5298479795455933 0.8382350206375122 0.128930002450943
vn -0.6547589898109436 0.7218999862670898 0.22394399344921112
vn -0.7511789798736572 0.5907340049743652 0.29455599188804626
vn -0.8238790035247803 0.45077499747276306 0.3435490131378174
vn -0.8762519955635071 0.3034780025482178 0.3742769956588745
vn -0.9089130163192749 0.14927899837493896 0.3893490135669708
vn -0.9299060106277466 0.08110129833221436 0.3587450087070465
vn -0.9767990112304688 -0.09619750082492828 0.1913360059261322
vn -0.9687970280647278 -0.19793899357318878 0.14916999638080597
vn -0.9194030165672302 -0.3768619894981384 0.11257199943065643
vn -0.8357679843902588 -0.5462560057640076 0.055647701025009155
vn -0.7132800221443176 -0.700406014919281 -0.025751499459147453
vn -0.5462530255317688 -0.8269850015640259 -0.13305599987506866
vn -0.33735498785972595 -0.9051049947738647 -0.2587980031967163
vn -0.10871999710798264 -0.9168699979782104 -0.3840939998626709
vn 0.10417799651622772 -0.8663319945335388 -0.4884839951992035
vn 0.27578499913215637 -0.7787250280380249 -0.563497006893158
vn 0.40130001306533813 -0.6805490255355835 -0.6130340099334717
vn 0.4884929955005646 -0.5875070095062256 -0.6451429724693298
vn 0.5476830005645752 -0.5055710077285767 -0.6666640043258667
vn 0.5873879790306091 -0.43555501103401184 -0.6821050047874451
vn 0.6136699914932251 -0.3762739896774292 -0.6941379904747009
vn 0.6306329965591431 -0.32603999972343445 -0.7042719721794128
vn 0.6410620212554932 -0.28325000405311584 -0.7133079767227173
vn 0.6469119787216187 -0.2465510070323944 -0.7216079831123352
vn 0.6496729850769043 -0.21486899256706238 -0.7292159795761108
vn 0.6506609916687012 -0.18738800287246704 -0.7358840107917786
vn 0.6513209939002991 -0.16352300345897675 -0.7409729957580566
vn 0.6537039875984192 -0.14293600618839264 -0.7431290149688721
vn 0.6615030169487 -0.12561100721359253 -0.7393479943275452
vn 0.6829969882965088 -0.11218400299549103 -0.7217550277709961
vn 0.7419760227203369 -0.10522200167179108 -0.6621180176734924
vn 0.9202309846878052 -0.11452600359916687 -0.37424400448799133
vn 0.44628700613975525 -0.0577130988240242 0.8930270075798035
vn -0.09981639683246613 -0.0023138599935919046 0.9950029850006104
vn -0.20959100127220154 0.003019720083102584 0.9777849912643433
vn -0.2352910041809082 -0.00016473099822178483 0.9719250202178955
vn -0.23229199647903442 -0.005396820139139891 0.9726309776306152
vn -0.2155729979276657 -0.010946400463581085 0.9764260053634644
vn -0.19087199866771698 -0.01616309955716133 0.9814820289611816
vn -0.16095900535583496 -0.020743999630212784 0.9867429733276367
vn -0.12744100391864777 -0.02452550083398819 0.9915429949760437
vn -0.09141509979963303 -0.02740979939699173 0.9954360127449036
vn -0.053740598261356354 -0.02933729998767376 0.9981240034103394
vn -0.015165500342845917 -0.0302738007158041 0.9994270205497742
vn 0.02360990084707737 -0.030206700786948204 0.9992650151252747
vn 0.061894699931144714 -0.029142599552869797 0.9976570010185242
vn 0.09897570312023163 -0.027109000831842422 0.994720995426178
vn 0.13407500088214874 -0.024156799539923668 0.990676999092102
vn 0.16627199947834015 -0.020368600264191628 0.9858700037002563
vn 0.19435900449752808 -0.015876000747084618 0.9808019995689392
vn 0.21651199460029602 -0.010900000110268593 0.9762189984321594
vn 0.22951500117778778 -0.005852940026670694 0.9732879996299744
vn 0.22661200165748596 -0.0016255000373348594 0.9739840030670166
vn 0.19006900489330292 -0.0005863599944859743 0.9817699790000916
vn 0.055076099932193756 -0.011423500254750252 0.9984170198440552
vn -0.5300959944725037 -0.08085879683494568 0.8440729975700378
vn -0.9398289918899536 -0.13164600729942322 -0.3152630031108856
vn -0.7750419974327087 -0.11949300020933151 -0.6205090284347534
vn -0.7117829918861389 -0.1246500015258789 -0.6912500262260437
vn -0.6864709854125977 -0.13735400140285492 -0.7140669822692871
vn -0.6758639812469482 -0.15455299615859985 -0.7206400036811829
vn -0.6713669896125793 -0.1754080057144165 -0.7200689911842346
vn -0.6690400242805481 -0.19986000657081604 -0.7158510088920593
vn -0.6666650176048279 -0.22823399305343628 -0.7095540165901184
vn -0.6626710295677185 -0.26113900542259216 -0.7019069790840149
vn -0.6556249856948853 -0.2994459867477417 -0.6931729912757874
vn -0.643900990486145 -0.344309002161026 -0.6832590103149414
vn -0.625357985496521 -0.3971779942512512 -0.6716970205307007
vn -0.5969319939613342 -0.45976001024246216 -0.6574900150299072
vn -0.5540840029716492 -0.5337700247764587 -0.6388120055198669
vn -0.49011799693107605 -0.620182991027832 -0.612500011920929
vn -0.3957569897174835 -0.7173420190811157 -0.5734080076217651
vn -0.26034900546073914 -0.8171899914741516 -0.5142160058021545
vn -0.07764379680156708 -0.9006170034408569 -0.427621990442276
vn 0.14295099675655365 -0.9388779997825623 -0.313167005777359
vn 0.3711409866809845 -0.910086989402771 -0.1843789964914322
vn 0.572376012802124 -0.8175219893455505 -0.06358929723501205
vn 0.7298550009727478 -0.6828029751777649 0.03302279859781265
vn 0.8447480201721191 -0.5254999995231628 0.10124699771404266
vn 0.9235860109329224 -0.3553589880466461 0.14390699565410614
vn 0.9703360199928284 -0.1763709932565689 0.16535399854183197
vn 0.9855999946594238 0.00791058037430048 0.16891099512577057
vn 0.9687970280647278 0.19261300563812256 0.1559869945049286
vn 0.9194030165672302 0.37270399928092957 0.12565599381923676
vn 0.8357679843902588 0.5439810156822205 0.07467789947986603
vn 0.7132800221443176 0.7008780241012573 -0.0012919099535793066
vn 0.5462530255317688 0.831125020980835 -0.10411400347948074
vn 0.33735498785972595 0.9135860204696655 -0.22705300152301788
vn 0.10871999710798264 0.9297170042991638 -0.35186201333999634
vn -0.10417799651622772 0.8828520178794861 -0.45795199275016785
vn -0.27578499913215637 0.7979170083999634 -0.5359770059585571
vn -0.40130001306533813 0.7015290260314941 -0.5889099836349487
vn -0.4884929955005646 0.6096640229225159 -0.6242460012435913
vn -0.5476830005645752 0.5285300016403198 -0.6486139893531799
vn -0.5873879790306091 0.4590950012207031 -0.6664890050888062
vn -0.6136699914932251 0.4002690017223358 -0.6805840134620667
vn -0.6306329965591431 0.3504210114479065 -0.6924650073051453
vn -0.6410620212554932 0.3079720139503479 -0.7029889822006226
vn -0.6469119787216187 0.27158400416374207 -0.7125639915466309
vn -0.6496739983558655 0.24018800258636475 -0.7212730050086975
vn -0.6506609916687012 0.2129559963941574 -0.7288960218429565
vn -0.6513209939002991 0.18928299844264984 -0.7348150014877319
vn -0.6537039875984192 0.1687840074300766 -0.7376869916915894
vn -0.6615030169487 0.15133799612522125 -0.7345139980316162
vn -0.6829959750175476 0.13730399310588837 -0.7174010276794434
vn -0.7419769763946533 0.12826600670814514 -0.6580410003662109
vn -0.9202309846878052 0.1275169998407364 -0.37001898884773254
vn -0.44628700613975525 0.026511799544095993 0.8944969773292542
vn 0.09981629997491837 -0.03241270035505295 0.9944779872894287
vn 0.20959000289440155 -0.03714210167527199 0.9770839810371399
vn 0.2352910041809082 -0.0337551012635231 0.9713389873504639
vn 0.23229199647903442 -0.028550799936056137 0.9722269773483276
vn 0.2155729979276657 -0.023137100040912628 0.9762139916419983
vn 0.19087199866771698 -0.01810000091791153 0.9814479947090149
vn 0.16095900535583496 -0.013705399818718433 0.9868659973144531
vn 0.12744100391864777 -0.01009379979223013 0.991795003414154
vn 0.09141500294208527 -0.007347079925239086 0.9957860112190247
vn 0.053740598261356354 -0.005514619871973991 0.9985399842262268
vn 0.0151655999943614 -0.004624079912900925 0.9998739957809448
vn -0.02360999956727028 -0.004685559775680304 0.9997100234031677
vn -0.06189480051398277 -0.005692869890481234 0.9980660080909729
vn -0.09897559881210327 -0.007622790057212114 0.9950609803199768
vn -0.13407500088214874 -0.010432000271975994 0.9909160137176514
vn -0.16627199947834015 -0.01405009999871254 0.9859799742698669
vn -0.19435900449752808 -0.01836320012807846 0.980758011341095
vn -0.21651199460029602 -0.023176200687885284 0.9760050177574158
vn -0.22951500117778778 -0.02811790071427822 0.9728990197181702
vn -0.22661200165748596 -0.03236699849367142 0.9734470248222351
vn -0.19006900489330292 -0.033677298575639725 0.9811930060386658
vn -0.05507649853825569 -0.023427799344062805 0.9982069730758667
vn 0.5300959944725037 0.05135180056095123 0.8463810086250305
vn 0.9398300051689148 0.14256800711154938 -0.3104740083217621
vn 0.7750409841537476 0.141075998544693 -0.6159610152244568
vn 0.7117829918861389 0.14869900047779083 -0.6864789724349976
vn 0.6864709854125977 0.1621910035610199 -0.7088379859924316
vn 0.6758639812469482 0.17960800230503082 -0.7148069739341736
vn 0.6713669896125793 0.2004310041666031 -0.7135080099105835
vn 0.6690400242805481 0.2247209995985031 -0.7084389925003052
vn 0.6666650176048279 0.2528580129146576 -0.7011560201644897
vn 0.6626710295677185 0.2854759991168976 -0.6923660039901733
vn 0.6556249856948853 0.32345500588417053 -0.6822999715805054
vn 0.643900990486145 0.36794400215148926 -0.6708269715309143
vn 0.625357985496521 0.4203779995441437 -0.6574270129203796
vn 0.5969319939613342 0.4824259877204895 -0.641044020652771
vn 0.5540840029716492 0.5557389855384827 -0.619795024394989
vn 0.49011901021003723 0.6411809921264648 -0.5904830098152161
vn 0.3957569897174835 0.7369170188903809 -0.548022985458374
vn 0.26034799218177795 0.8346379995346069 -0.4853839874267578
vn 0.07764369994401932 0.9149919748306274 -0.3959310054779053
vn -0.14295099675655365 0.9492350220680237 -0.2802099883556366
vn -0.3711409866809845 0.9159669876098633 -0.15250499546527863
vn -0.572376012802124 0.8192430138587952 -0.03501949831843376
vn -0.7298550009727478 0.6812350153923035 0.056832000613212585
vn -0.8447480201721191 0.5216469764709473 0.1195250004529953
vn -0.9235860109329224 0.35012000799179077 0.15622200071811676
vn -0.9703360199928284 0.1704930067062378 0.17140799760818481
vn -0.9860470294952393 0.0953487977385521 0.13645200431346893
vn -0.9860470294952393 -0.0953487977385521 -0.13645200431346893
vn -0.9703360199928284 -0.1704930067062378 -0.17140799760818481
vn -0.9235860109329224 -0.35012000799179077 -0.15622200071811676
vn -0.8447480201721191 -0.5216469764709473 -0.1195250004529953
vn -0.7298550009727478 -0.6812350153923035 -0.056832000613212585
vn -0.572376012802124 -0.8192430138587952 0.03501949831843376
vn -0.3711409866809845 -0.9159669876098633 0.15250499546527863
vn -0.14295099675655365 -0.9492350220680237 0.2802099883556366
vn 0.07764369994401932 -0.9149919748306274 0.3959310054779053
vn 0.26034799218177795 -0.8346379995346069 0.4853839874267578
vn 0.3957569897174835 -0.7369170188903809 0.548022985458374
vn 0.49011901021003723 -0.6411809921264648 0.5904830098152161
vn 0.5540840029716492 -0.5557389855384827 0.619795024394989
vn 0.5969319939613342 -0.4824259877204895 0.641044020652771
vn 0.625357985496521 -0.4203779995441437 0.6574270129203796
vn 0.643900990486145 -0.36794400215148926 0.6708269715309143
vn 0.6556249856948853 -0.32345500588417053 0.6822999715805054
vn 0.6626710295677185 -0.2854759991168976 0.6923660039901733
vn 0.6666650176048279 -0.2528580129146576 0.7011560201644897
vn 0.6690400242805481 -0.2247209995985031 0.7084389925003052
vn 0.6713669896125793 -0.2004310041666031 0.7135080099105835
vn 0.6758639812469482 -0.17960800230503082 0.7148069739341736
vn 0.6864709854125977 -0.1621910035610199 0.7088379859924316
vn 0.7117829918861389 -0.14869900047779083 0.6864789724349976
vn 0.7750409841537476 -0.141075998544693 0.6159610152244568
vn 0.9398300051689148 -0.14256800711154938 0.3104740083217621
vn 0.5300959944725037 -0.05135180056095123 -0.8463810086250305
vn -0.05507649853825569 0.023427799344062805 -0.9982069730758667
vn -0.19006900489330292 0.033677298575639725 -0.9811930060386658
vn -0.22661200165748596 0.03236699849367142 -0.9734470248222351
vn -0.22951500117778778 0.02811790071427822 -0.9728990197181702
vn -0.21651199460029602 0.023176200687885284 -0.9760050177574158
vn -0.19435900449752808 0.01836320012807846 -0.980758011341095
vn -0.16627199947834015 0.01405009999871254 -0.9859799742698669
vn -0.13407500088214874 0.010432000271975994 -0.9909160137176514
vn -0.09897559881210327 0.007622790057212114 -0.9950609803199768
vn -0.06189480051398277 0.005692869890481234 -0.9980660080909729
vn -0.02360999956727028 0.004685559775680304 -0.9997100234031677
vn 0.0151655999943614 0.004624079912900925 -0.9998739957809448
vn 0.053740598261356354 0.005514619871973991 -0.9985399842262268
vn 0.09141500294208527 0.007347079925239086 -0.9957860112190247
vn 0.12744100391864777 0.01009379979223013 -0.991795003414154
vn 0.16095900535583496 0.013705399818718433 -0.9868659973144531
vn 0.19087199866771698 0.01810000091791153 -0.9814479947090149
vn 0.2155729979276657 0.023137100040912628 -0.9762139916419983
vn 0.23229199647903442 0.028550799936056137 -0.9722269773483276
vn 0.2352910041809082 0.0337551012635231 -0.9713389873504639
vn 0.20959000289440155 0.03714210167527199 -0.9770839810371399
vn 0.09981629997491837 0.03241270035505295 -0.9944779872894287
vn -0.44628700613975525 -0.026511799544095993 -0.8944969773292542
vn -0.9202309846878052 -0.1275169998407364 0.37001898884773254
vn -0.7419769763946533 -0.12826600670814514 0.6580410003662109
vn -0.6829959750175476 -0.13730399310588837 0.7174010276794434
vn -0.6615030169487 -0.15133799612522125 0.7345139980316162
vn -0.6537039875984192 -0.1687840074300766 0.7376869916915894
vn -0.6513209939002991 -0.18928299844264984 0.7348150014877319
vn -0.6506609916687012 -0.2129559963941574 0.7288960218429565
vn -0.6496739983558655 -0.24018800258636475 0.7212730050086975
vn -0.6469119787216187 -0.27158400416374207 0.7125639915466309
vn -0.6410620212554932 -0.3079720139503479 0.7029889822006226
vn -0.6306329965591431 -0.3504210114479065 0.6924650073051453
vn -0.6136699914932251 -0.4002690017223358 0.6805840134620667
vn -0.5873879790306091 -0.4590950012207031 0.666487991809845
vn -0.5476830005645752 -0.5285300016403198 0.6486139893531799
vn -0.4884929955005646 -0.6096640229225159 0.6242460012435913
vn -0.40130001306533813 -0.7015290260314941 0.5889099836349487
vn -0.27578601241111755 -0.7979170083999634 0.5359770059585571
vn -0.10417799651622772 -0.8828520178794861 0.45795199275016785
vn 0.10871999710798264 -0.9297170042991638 0.35186201333999634
vn 0.33735498785972595 -0.9135860204696655 0.22705300152301788
vn 0.5462530255317688 -0.831125020980835 0.10411400347948074
vn 0.7132800221443176 -0.7008780241012573 0.0012919099535793066
vn 0.8357679843902588 -0.5439810156822205 -0.07467789947986603
vn 0.9194030165672302 -0.37270399928092957 -0.12565599381923676
vn 0.9687970280647278 -0.19261300563812256 -0.1559869945049286
vn 0.9855999946594238 -0.00791058037430048 -0.16891099512577057
vn 0.9703360199928284 0.1763709932565689 -0.16535399854183197
vn 0.9235860109329224 0.3553589880466461 -0.14390699565410614
vn 0.8447480201721191 0.5254999995231628 -0.10124699771404266
vn 0.7298550009727478 0.6828029751777649 -0.03302279859781265
vn 0.572376012802124 0.8175219893455505 0.06358940154314041
vn 0.3711409866809845 0.910086989402771 0.1843789964914322
vn 0.14295099675655365 0.9388779997825623 0.313167005777359
vn -0.07764379680156708 0.9006170034408569 0.427621990442276
vn -0.26034900546073914 0.8171899914741516 0.5142160058021545
vn -0.3957569897174835 0.7173420190811157 0.5734080076217651
vn -0.49011799693107605 0.620182991027832 0.612500011920929
vn -0.5540840029716492 0.5337700247764587 0.6388120055198669
vn -0.5969319939613342 0.45976001024246216 0.6574900150299072
vn -0.625357985496521 0.3971779942512512 0.6716970205307007
vn -0.643900990486145 0.344309002161026 0.6832590103149414
vn -0.6556249856948853 0.2994459867477417 0.6931729912757874
vn -0.6626710295677185 0.26113900542259216 0.7019069790840149
vn -0.6666650176048279 0.22823399305343628 0.7095540165901184
vn -0.6690390110015869 0.19986000657081604 0.7158510088920593
vn -0.6713669896125793 0.1754080057144165 0.7200689911842346
vn -0.6758639812469482 0.15455299615859985 0.7206400036811829
vn -0.6864709854125977 0.13735400140285492 0.7140669822692871
vn -0.7117829918861389 0.1246500015258789 0.6912500262260437
vn -0.7750419974327087 0.11949300020933151 0.6205090284347534
vn -0.9398289918899536 0.13164600729942322 0.3152630031108856
vn -0.5300959944725037 0.08085879683494568 -0.8440729975700378
vn 0.055076200515031815 0.011423500254750252 -0.9984170198440552
vn 0.19006900489330292 0.0005863599944859743 -0.9817699790000916
vn 0.22661200165748596 0.0016255000373348594 -0.9739840030670166
vn 0.22951500117778778 0.005852940026670694 -0.9732879996299744
vn 0.21651199460029602 0.010900000110268593 -0.9762189984321594
vn 0.19435900449752808 0.015876000747084618 -0.9808019995689392
vn 0.16627199947834015 0.020368600264191628 -0.9858700037002563
vn 0.13407500088214874 0.024156799539923668 -0.990676999092102
vn 0.09897570312023163 0.027109000831842422 -0.994720995426178
vn 0.061894699931144714 0.029142599552869797 -0.9976570010185242
vn 0.02360990084707737 0.030206700786948204 -0.9992650151252747
vn -0.015165500342845917 0.0302738007158041 -0.9994270205497742
vn -0.053740598261356354 0.02933729998767376 -0.9981240034103394
vn -0.09141519665718079 0.02740979939699173 -0.9954360127449036
vn -0.12744100391864777 0.02452550083398819 -0.9915429949760437
vn -0.16095900535583496 0.020743999630212784 -0.9867429733276367
vn -0.19087199866771698 0.01616309955716133 -0.9814820289611816
vn -0.2155729979276657 0.010946400463581085 -0.9764260053634644
vn -0.23229199647903442 0.005396820139139891 -0.9726309776306152
vn -0.2352910041809082 0.00016472999413963407 -0.9719250202178955
vn -0.20959100127220154 -0.003019720083102584 -0.9777849912643433
vn -0.09981629997491837 0.0023138599935919046 -0.9950029850006104
vn 0.44628700613975525 0.0577130988240242 -0.8930270075798035
vn 0.9202309846878052 0.11452600359916687 0.37424400448799133
vn 0.7419760227203369 0.10522200167179108 0.6621180176734924
vn 0.6829969882965088 0.11218400299549103 0.7217550277709961
vn 0.6615030169487 0.12561100721359253 0.7393479943275452
vn 0.6537039875984192 0.14293600618839264 0.7431290149688721
vn 0.6513209939002991 0.16352300345897675 0.7409729957580566
vn 0.6506609916687012 0.18738800287246704 0.7358840107917786
vn 0.6496729850769043 0.21486899256706238 0.7292159795761108
vn 0.6469119787216187 0.2465510070323944 0.7216079831123352
vn 0.6410620212554932 0.28325000405311584 0.7133079767227173
vn 0.6306329965591431 0.32603999972343445 0.7042719721794128
vn 0.6136699914932251 0.3762739896774292 0.6941379904747009
vn 0.5873879790306091 0.43555501103401184 0.6821050047874451
vn 0.5476830005645752 0.5055710077285767 0.6666640043258667
vn 0.4884929955005646 0.5875070095062256 0.6451429724693298
vn 0.40130001306533813 0.6805490255355835 0.6130340099334717
vn 0.27578499913215637 0.7787250280380249 0.563497006893158
vn 0.10417799651622772 0.8663319945335388 0.4884839951992035
vn -0.10871999710798264 0.9168699979782104 0.3840939998626709
vn -0.33735498785972595 0.9051049947738647 0.2587980031967163
vn -0.5462530255317688 0.8269850015640259 0.13305599987506866
vn -0.7132800221443176 0.700406014919281 0.025751499459147453
vn -0.8357679843902588 0.5462549924850464 -0.055647701025009155
vn -0.9194030165672302 0.3768619894981384 -0.11257199943065643
vn -0.9687970280647278 0.19793899357318878 -0.14916999638080597
vn -0.9767990112304688 0.09619750082492828 -0.1913360059261322
vn -0.9299060106277466 -0.08110129833221436 -0.3587450087070465
vn -0.9089130163192749 -0.14927899837493896 -0.3893490135669708
vn -0.8762519955635071 -0.3034780025482178 -0.3742769956588745
vn -0.8238790035247803 -0.45077499747276306 -0.3435490131378174
vn -0.7511789798736572 -0.5907340049743652 -0.29455599188804626
vn -0.6547589898109436 -0.7218999862670898 -0.22394399344921112
vn -0.5298479795455933 -0.8382350206375122 -0.128930002450943
vn -0.3747450113296509 -0.9270679950714111 -0.010555899702012539
vn -0.19709399342536926 -0.9727100133895874 0.12243399769067764
vn -0.015656400471925735 -0.9670490026473999 0.2541100084781647
vn 0.14810200035572052 -0.9175419807434082 0.3690299987792969
vn 0.2812809944152832 -0.8422510027885437 0.45988500118255615
vn 0.3821820020675659 -0.7586240172386169 0.5276619791984558
vn 0.45559999346733093 -0.6776779890060425 0.5772179961204529
vn 0.5079330205917358 -0.6044319868087769 0.6137319803237915
vn 0.5448099970817566 -0.5402799844741821 0.6413099765777588
vn 0.5705140233039856 -0.48490700125694275 0.6628569960594177
vn 0.5881180167198181 -0.4373590052127838 0.6803190112113953
vn 0.5997920036315918 -0.39655399322509766 0.6949779987335205
vn 0.6070659756660461 -0.3614940047264099 0.7076680064201355
vn 0.6110410094261169 -0.3313240110874176 0.7189249992370605
vn 0.6125320196151733 -0.30535298585891724 0.7290840148925781
vn 0.612159013748169 -0.28303301334381104 0.7383450269699097
vn 0.6104159951210022 -0.2639490067958832 0.7468090057373047
vn 0.6077160239219666 -0.24780499935150146 0.75450199842453
vn 0.604416012763977 -0.23441100120544434 0.7614020109176636
vn 0.600829005241394 -0.223688006401062 0.7674430012702942
vn 0.5972219705581665 -0.21567200124263763 0.7725359797477722
vn 0.593779981136322 -0.21053799986839294 0.7765949964523315
vn 0.5905380249023438 -0.20864099264144897 0.7795720100402832
vn 0.5872210264205933 -0.21058300137519836 0.7815539836883545
vn 0.5829269886016846 -0.2173209935426712 0.7829229831695557
vn 0.5755000114440918 -0.23033100366592407 0.7846959829330444
vn 0.5602700114250183 -0.2518079876899719 0.7891070246696472
vn 0.5275840163230896 -0.28467899560928345 0.800383985042572
vn 0.4583989977836609 -0.3314490020275116 0.8246279954910278
vn 0.32081300020217896 -0.38831499218940735 0.86388099193573
vn 0.0902331992983818 -0.43119001388549805 0.897737979888916
vn -0.18140000104904175 -0.42310601472854614 0.8877360224723816
vn -0.3874039947986603 -0.3711409866809845 0.8439030051231384
vn -0.5008929967880249 -0.31372201442718506 0.8066499829292297
vn -0.5541179776191711 -0.26897600293159485 0.787784993648529
vn -0.5767160058021545 -0.23809100687503815 0.7814800143241882
vn -0.5852980017662048 -0.21807700395584106 0.7809410095214844
vn -0.588138997554779 -0.20605799555778503 0.7820690274238586
vn -0.5891640186309814 -0.19996300339698792 0.7828800082206726
vn -0.5901119709014893 -0.19840799272060394 0.7825610041618347
vn -0.5916290283203125 -0.20049899816513062 0.7808809876441956
vn -0.5938230156898499 -0.2056719958782196 0.7778649926185608
vn -0.5965480208396912 -0.21359699964523315 0.7736319899559021
vn -0.5995389819145203 -0.22411100566387177 0.7683280110359192
vn -0.6024739742279053 -0.23718300461769104 0.7620819807052612
vn -0.6050059795379639 -0.25289100408554077 0.7549930214881897
vn -0.6067550182342529 -0.2714180052280426 0.7471150159835815
vn -0.6073009967803955 -0.29304999113082886 0.738448977470398
vn -0.6061549782752991 -0.3181860148906708 0.7289260029792786
vn -0.6027169823646545 -0.34735599160194397 0.7183849811553955
vn -0.5962129831314087 -0.38123100996017456 0.7065359950065613
vn -0.5856069922447205 -0.420648992061615 0.6929060220718384
vn -0.5694640278816223 -0.4666079878807068 0.6767479777336121
vn -0.5457559823989868 -0.5202230215072632 0.6569010019302368
vn -0.5115929841995239 -0.5825650095939636 0.6315780282020569
vn -0.46290698647499084 -0.6542369723320007 0.5980730056762695
vn -0.39421701431274414 -0.7344319820404053 0.552452027797699
vn -0.2989659905433655 -0.8191459774971008 0.4895089864730835
vn -0.1714480072259903 -0.8986470103263855 0.403780996799469
vn -0.01142330002039671 -0.9561190009117126 0.29275599122047424
vn 0.17030499875545502 -0.9720180034637451 0.16179299354553223
vn 0.35250699520111084 -0.9354580044746399 0.025646299123764038
vn 0.5143100023269653 -0.851947009563446 -0.09833940118551254
vn 0.6456760168075562 -0.7371280193328857 -0.19936299324035645
vn 0.7471339702606201 -0.6049870252609253 -0.275285005569458
vn 0.8232100009918213 -0.4627569913864136 -0.3289090096950531
vn 0.8772690296173096 -0.3127250075340271 -0.36414700746536255
vn 0.9099799990653992 -0.15618300437927246 -0.38411399722099304
vn 0.9205690026283264 0.0038642899598926306 -0.3905619978904724
vn 0.9089130163192749 0.16277599334716797 -0.38390201330184937
vn 0.8762519955635071 0.31635499000549316 -0.3634580075740814
vn 0.8238790035247803 0.4624899923801422 -0.32760798931121826
vn 0.7511789798736572 0.6006540060043335 -0.27375999093055725
vn 0.6547589898109436 0.7292760014533997 -0.1986140012741089
vn 0.5298479795455933 0.8422240018844604 -0.09959720075130463
vn 0.3747450113296509 0.9268710017204285 0.021804800257086754
vn 0.19709299504756927 0.9678440093994141 0.15630599856376648
vn 0.015656499192118645 0.9575909972190857 0.2877039909362793
vn -0.14810200035572052 0.9041039943695068 0.40082699060440063
vn -0.2812809944152832 0.8256880044937134 0.48899900913238525
vn -0.3821820020675659 0.7397459745407104 0.553816020488739
vn -0.45559999346733093 0.6571199893951416 0.600517988204956
vn -0.5079330205917358 0.5826449990272522 0.6344519853591919
vn -0.5448099970817566 0.5175700187683105 0.6597750186920166
vn -0.5705140233039856 0.46147799491882324 0.6793760061264038
vn -0.5881180167198181 0.4133490025997162 0.6951680183410645
vn -0.5997909903526306 0.3720580041408539 0.7083950042724609
vn -0.6070650219917297 0.33657601475715637 0.7198529839515686
vn -0.6110410094261169 0.3060320019721985 0.7300500273704529
vn -0.6125320196151733 0.2797220051288605 0.7392969727516174
vn -0.612159013748169 0.25709301233291626 0.7477729916572571
vn -0.6104159951210022 0.23772500455379486 0.7555649876594543
vn -0.6077160239219666 0.22132200002670288 0.7626910209655762
vn -0.604416012763977 0.20769600570201874 0.7691190242767334
vn -0.600829005241394 0.19676800072193146 0.7747820019721985
vn -0.5972219705581665 0.1885789930820465 0.779591977596283
vn -0.593779981136322 0.1833070069551468 0.783469021320343
vn -0.5905389785766602 0.18130800127983093 0.7863789796829224
vn -0.5872210264205933 0.18317900598049164 0.7884269952774048
vn -0.5829269886016846 0.18986499309539795 0.7900300025939941
vn -0.5754989981651306 0.2028059959411621 0.7922570109367371
vn -0.5602719783782959 0.22411499917507172 0.7974129915237427
vn -0.5275840163230896 0.25657200813293457 0.8098310232162476
vn -0.45839598774909973 0.3024680018424988 0.8356950283050537
vn -0.32081499695777893 0.357928991317749 0.8769059777259827
vn -0.09023679792881012 0.3995969891548157 0.9122390151023865
vn 0.18140099942684174 0.3918670117855072 0.9019610285758972
vn 0.38740599155426025 0.34146299958229065 0.8563410043716431
vn 0.5008940100669861 0.28537899255752563 0.8171070218086243
vn 0.5541170239448547 0.24131999909877777 0.7966930270195007
vn 0.5767170190811157 0.2106730043888092 0.7893120050430298
vn 0.585299015045166 0.19068999588489532 0.7880749702453613
vn 0.5881379842758179 0.1786389946937561 0.7887849807739258
vn 0.5891640186309814 0.1725189983844757 0.7893810272216797
vn 0.5901110172271729 0.17097699642181396 0.7890089750289917
vn 0.5916290283203125 0.17312400043010712 0.7874029874801636
vn 0.5938230156898499 0.178398996591568 0.7845690250396729
vn 0.5965480208396912 0.1864670068025589 0.780614972114563
vn 0.5995380282402039 0.197160005569458 0.7756810188293457
vn 0.6024739742279053 0.21044200658798218 0.7698950171470642
vn 0.6050059795379639 0.22638900578022003 0.7633579969406128
vn 0.6067550182342529 0.24517899751663208 0.7561320066452026
vn 0.6073009967803955 0.2671000063419342 0.7482270002365112
vn 0.6061549782752991 0.29255399107933044 0.7395870089530945
vn 0.6027169823646545 0.3220730125904083 0.7300699949264526
vn 0.5962129831314087 0.35634100437164307 0.7194100022315979
vn 0.5856080055236816 0.39621099829673767 0.7071639895439148
vn 0.5694640278816223 0.4427050054073334 0.6926199793815613
vn 0.5457559823989868 0.4969809949398041 0.6746559739112854
vn 0.5115929841995239 0.5601680278778076 0.651524007320404
vn 0.46290698647499084 0.6329659819602966 0.620540976524353
vn 0.39421701431274414 0.7147039771080017 0.5777459740638733
vn 0.2989659905433655 0.8015639781951904 0.5177980065345764
vn 0.1714480072259903 0.88400799036026 0.4348970055580139
vn 0.011423500254750252 0.9453189969062805 0.32594600319862366
vn -0.17030499875545502 0.9657800197601318 0.19561800360679626
vn -0.35250699520111084 0.9339929819107056 0.05827770009636879
vn -0.5143100023269653 0.8548600077629089 -0.06854689866304398
vn -0.6456760168075562 0.7436360120773315 -0.17351600527763367
vn -0.7471339702606201 0.6142249703407288 -0.25400298833847046
vn -0.8232100009918213 0.4739539921283722 -0.31255900859832764
vn -0.8772690296173096 0.3252429962158203 -0.35301101207733154
vn -0.9099799990653992 0.16949300467967987 -0.37843000888824463
vn -0.9063730239868164 0.08473289757966995 -0.41389399766921997
vn -0.8355380296707153 -0.06291580200195312 -0.5458179712295532
vn -0.8017669916152954 -0.13241000473499298 -0.5827839970588684
vn -0.7752860188484192 -0.2567639946937561 -0.5770639777183533
vn -0.7358109951019287 -0.37363100051879883 -0.5647839903831482
vn -0.6850540041923523 -0.48294898867607117 -0.5454000234603882
vn -0.6235569715499878 -0.5854989886283875 -0.5180429816246033
vn -0.5507209897041321 -0.6817910075187683 -0.4815259873867035
vn -0.46535998582839966 -0.7711459994316101 -0.4344809949398041
vn -0.3666149973869324 -0.851131021976471 -0.37572500109672546
vn -0.25509199500083923 -0.9175800085067749 -0.3049190044403076
vn -0.13385500013828278 -0.9655089974403381 -0.22332799434661865
vn -0.008632929995656013 -0.9909110069274902 -0.13424399495124817
vn 0.1132659986615181 -0.992654025554657 -0.0425289012491703
vn 0.22497700154781342 -0.9732450246810913 0.04667869955301285
vn 0.3218640089035034 -0.93790602684021 0.12936800718307495
vn 0.40208199620246887 -0.8927329778671265 0.2033649981021881
vn 0.466048002243042 -0.8431280255317688 0.2682049870491028
vn 0.5154529809951782 -0.7930740118026733 0.32456499338150024
vn 0.5524280071258545 -0.7451109886169434 0.37367498874664307
vn 0.5790259838104248 -0.700652003288269 0.4169110059738159
vn 0.5969949960708618 -0.6603429913520813 0.4555700123310089
vn 0.6077060103416443 -0.6243600249290466 0.4907819926738739
vn 0.61217200756073 -0.5926229953765869 0.5234919786453247
vn 0.6110910177230835 -0.5649189949035645 0.5544679760932922
vn 0.604902982711792 -0.5409839749336243 0.584318995475769
vn 0.5938220024108887 -0.5205410122871399 0.6135249733924866
vn 0.5778800249099731 -0.5033209919929504 0.6424340009689331
vn 0.556954026222229 -0.48906999826431274 0.6712769865989685
vn 0.5307899713516235 -0.4775409996509552 0.7001550197601318
vn 0.4990510046482086 -0.4684869945049286 0.729017972946167
vn 0.4613510072231293 -0.461652010679245 0.7576490044593811
vn 0.4173170030117035 -0.4567529857158661 0.7856349945068359
vn 0.3666880130767822 -0.4534739851951599 0.8123430013656616
vn 0.3094080090522766 -0.45145899057388306 0.836929976940155
vn 0.24576400220394135 -0.4503229856491089 0.8583760261535645
vn 0.17648400366306305 -0.4496780037879944 0.8755819797515869
vn 0.10277900099754333 -0.44917601346969604 0.8875120282173157
vn 0.026338599622249603 -0.4485569894313812 0.8933659791946411
vn -0.05084589868783951 -0.44769999384880066 0.8927369713783264
vn -0.12669000029563904 -0.4466420114040375 0.8856980204582214
vn -0.1992720067501068 -0.4455769956111908 0.8727840185165405
vn -0.2670460045337677 -0.4448130130767822 0.8548849821090698
vn -0.3289479911327362 -0.44472500681877136 0.8330739736557007
vn -0.38440999388694763 -0.44570499658584595 0.8084409832954407
vn -0.4332660138607025 -0.44812101125717163 0.7819640040397644
vn -0.4756520092487335 -0.45230600237846375 0.7544370293617249
vn -0.5118929743766785 -0.4585469961166382 0.7264299988746643
vn -0.5423799753189087 -0.46709901094436646 0.6983140110969543
vn -0.5675150156021118 -0.478193998336792 0.6702659726142883
vn -0.5876340270042419 -0.49206000566482544 0.6423109769821167
vn -0.602977991104126 -0.5089300274848938 0.6143350005149841
vn -0.6136689782142639 -0.5290499925613403 0.5861030220985413
vn -0.6196669936180115 -0.5526890158653259 0.5572680234909058
vn -0.6207519769668579 -0.580132007598877 0.5273650288581848
vn -0.6164860129356384 -0.611661970615387 0.49579599499702454
vn -0.6061679720878601 -0.6475260257720947 0.46181198954582214
vn -0.588782012462616 -0.6878589987754822 0.4244830012321472
vn -0.5629400014877319 -0.7325639724731445 0.38268598914146423
vn -0.5268549919128418 -0.7811040282249451 0.335112988948822
vn -0.4783810079097748 -0.8322010040283203 0.2803429961204529
vn -0.4152219891548157 -0.8834490180015564 0.21704499423503876
vn -0.3354159891605377 -0.9309409856796265 0.14437800645828247
vn -0.2382040023803711 -0.9691960215568542 0.06259000301361084
vn -0.12509800493717194 -0.991795003414154 -0.026336200535297394
vn -0.0005973009974695742 -0.9929599761962891 -0.11845000088214874
vn 0.1282469928264618 -0.9695839881896973 -0.20847100019454956
vn 0.25364500284194946 -0.9224089980125427 -0.29124701023101807
vn 0.3693059980869293 -0.8553879857063293 -0.3632130026817322
vn 0.47172701358795166 -0.7736709713935852 -0.42297399044036865
vn 0.5600399971008301 -0.6816139817237854 -0.47091200947761536
vn 0.6349380016326904 -0.5817400217056274 -0.5083619952201843
vn 0.6974239945411682 -0.4747309982776642 -0.5368710160255432
vn 0.7477899789810181 -0.360168993473053 -0.5577530264854431
vn 0.7850880026817322 -0.23780299723148346 -0.5719149708747864
vn 0.8073909878730774 -0.10896400362253189 -0.5798670053482056
vn 0.8129979968070984 0.022781899198889732 -0.5818210244178772
vn 0.8017669916152954 0.15266799926757812 -0.5778080224990845
vn 0.7752860188484192 0.2767469882965088 -0.5677520036697388
vn 0.7358109951019287 0.39311400055885315 -0.5514010190963745
vn 0.6850540041923523 0.5016890168190002 -0.5282130241394043
vn 0.6235569715499878 0.6032220125198364 -0.49729299545288086
vn 0.5507209897041321 0.6981809735298157 -0.45743799209594727
vn 0.46535998582839966 0.7858399748802185 -0.40730300545692444
vn 0.3666149973869324 0.8637250065803528 -0.3457930088043213
vn 0.25509199500083923 0.9276620149612427 -0.27270999550819397
vn 0.13385500013828278 0.9727150201797485 -0.1894959956407547
vn 0.008633390069007874 0.9949920177459717 -0.09957960247993469
vn -0.11326500028371811 0.9935340285301208 -0.007859800010919571
vn -0.2249779999256134 0.9710230231285095 0.08061590045690536
vn -0.3218640089035034 0.9328200221061707 0.1620209962129593
vn -0.40208199620246887 0.88509202003479 0.23439699411392212
vn -0.466048002243042 0.8332549929618835 0.2974660098552704
vn -0.5154529809951782 0.7812640070915222 0.3520449995994568
vn -0.5524269938468933 0.7316160202026367 0.39945200085639954
vn -0.579026997089386 0.6856750249862671 0.4411090016365051
vn -0.5969949960708618 0.6440410017967224 0.47833800315856934
vn -0.6077060103416443 0.6068519949913025 0.5122740268707275
vn -0.6121709942817688 0.5739930272102356 0.5438560247421265
vn -0.6110910177230835 0.5452240109443665 0.5738450288772583
vn -0.604902982711792 0.5202609896659851 0.6028429865837097
vn -0.5938220024108887 0.4988119900226593 0.6313179731369019
vn -0.5778809785842896 0.4805940091609955 0.659608006477356
vn -0.5569519996643066 0.46534499526023865 0.6879379749298096
vn -0.5307909846305847 0.4528149962425232 0.7163940072059631
vn -0.4990519881248474 0.4427590072154999 0.744924008846283
vn -0.4613499939441681 0.4349290132522583 0.7732999920845032
vn -0.4173170030117035 0.4290570020675659 0.8010969758033752
vn -0.36668699979782104 0.4248470067977905 0.8276749849319458
vn -0.3094100058078766 0.4219749867916107 0.8521749973297119
vn -0.24576500058174133 0.42009100317955017 0.8735690116882324
vn -0.1764809936285019 0.418846994638443 0.8907420039176941
vn -0.10278099775314331 0.417928010225296 0.9026470184326172
vn -0.02633810043334961 0.4171060025691986 0.9084759950637817
vn 0.050846800208091736 0.41627100110054016 0.9078180193901062
vn 0.12669000029563904 0.4154599905014038 0.9007459878921509
vn 0.1992720067501068 0.4148460030555725 0.8878030180931091
vn 0.2670440077781677 0.4147070050239563 0.8698880076408386
vn 0.3289499878883362 0.41538000106811523 0.8480870127677917
vn 0.3844110071659088 0.41721901297569275 0.8235030174255371
vn 0.43326500058174133 0.42055800557136536 0.7971280217170715
vn 0.4756520092487335 0.42570099234580994 0.7697619795799255
vn 0.5118920207023621 0.43291598558425903 0.7419909834861755
vn 0.5423809885978699 0.44244301319122314 0.7141900062561035
vn 0.5675150156021118 0.45451098680496216 0.6865469813346863
vn 0.5876330137252808 0.46934500336647034 0.6590930223464966
vn 0.6029800176620483 0.4871799945831299 0.631721019744873
vn 0.6136699914932251 0.5082730054855347 0.6042090058326721
vn 0.6196669936180115 0.5329040288925171 0.576216995716095
vn 0.6207510232925415 0.5613740086555481 0.5472909808158875
vn 0.6164849996566772 0.593986988067627 0.5168420076370239
vn 0.6061689853668213 0.6310139894485474 0.48412901163101196
vn 0.588782012462616 0.6726260185241699 0.44822999835014343
vn 0.5629400014877319 0.7187619805335999 0.4080190062522888
vn 0.5268549919128418 0.7689329981803894 0.3621689975261688
vn 0.4783810079097748 0.8219109773635864 0.3092159926891327
vn 0.4152210056781769 0.8753359913825989 0.24774500727653503
vn 0.3354159891605377 0.9253349900245667 0.17677900195121765
vn 0.2382040023803711 0.9664210081100464 0.09637639671564102
vn 0.12509800493717194 0.992110013961792 0.008293040096759796
vn 0.0005965909804217517 0.9964889883995056 -0.0837239995598793
vn -0.12824800610542297 0.9762679934501648 -0.17450599372386932
vn -0.25364500284194946 0.9320120215415955 -0.2588779926300049
vn -0.3693059980869293 0.8675429821014404 -0.33313900232315063
vn -0.47172701358795166 0.787962019443512 -0.39571499824523926
vn -0.5600399971008301 0.6976330280303955 -0.44683700799942017
vn -0.6349380016326904 0.5991269946098328 -0.48774999380111694
vn -0.6974239945411682 0.49317800998687744 -0.519976019859314
vn -0.7477899789810181 0.37941500544548035 -0.5448439717292786
vn -0.7850880026817322 0.2576169967651367 -0.5632680058479309
vn -0.8073909878730774 0.12913499772548676 -0.5757110118865967
vn -0.7796649932861328 0.0708807036280632 -0.6221719980239868
vn -0.6570460200309753 -0.04084319993853569 -0.7527430057525635
vn -0.6197879910469055 -0.1027820035815239 -0.7780089974403381
vn -0.6024979948997498 -0.19457699358463287 -0.7740389704704285
vn -0.5767800211906433 -0.28139498829841614 -0.7669039964675903
vn -0.5433149933815002 -0.3631350100040436 -0.7569289803504944
vn -0.5023890137672424 -0.4401400089263916 -0.7442330121994019
vn -0.4541110098361969 -0.5127099752426147 -0.7286369800567627
vn -0.3986470103263855 -0.5808560252189636 -0.7097089886665344
vn -0.3363879919052124 -0.6442310214042664 -0.6868829727172852
vn -0.26805898547172546 -0.7021790146827698 -0.6596130132675171
vn -0.1947699934244156 -0.7538490295410156 -0.627515971660614
vn -0.11803200095891953 -0.7983599901199341 -0.590499997138977
vn -0.039684999734163284 -0.834987998008728 -0.5488359928131104
vn 0.03824020177125931 -0.8633430004119873 -0.5031669735908508
vn 0.11372199654579163 -0.8834890127182007 -0.4544390141963959
vn 0.18494300544261932 -0.8959659934043884 -0.40378400683403015
vn 0.2504499852657318 -0.9017300009727478 -0.3523609936237335
vn 0.3092379868030548 -0.9020180106163025 -0.3012230098247528
vn 0.36073601245880127 -0.8981950283050537 -0.2512269914150238
vn 0.4047450125217438 -0.8916159868240356 -0.20298300683498383
vn 0.441334992647171 -0.8835260272026062 -0.1568640023469925
vn 0.4707390069961548 -0.8750020265579224 -0.11303099989891052
vn 0.49324700236320496 -0.8669459819793701 -0.07148999720811844
vn 0.5091530084609985 -0.8600760102272034 -0.0321291983127594
vn 0.5186870098114014 -0.8549479842185974 0.005229350179433823
vn 0.5219759941101074 -0.8519840240478516 0.04079350084066391
vn 0.5190470218658447 -0.8514689803123474 0.07476949691772461
vn 0.5097830295562744 -0.8535810112953186 0.10733199864625931
vn 0.49395298957824707 -0.8583710193634033 0.13860000669956207
vn 0.47122400999069214 -0.8657479882240295 0.1686059981584549
vn 0.4411880075931549 -0.8754640221595764 0.1972689926624298
vn 0.4034369885921478 -0.8870729804039001 0.22436800599098206
vn 0.35765498876571655 -0.8999009728431702 0.24952000379562378
vn 0.3037460148334503 -0.9130499958992004 0.2721729874610901
vn 0.24202699959278107 -0.9254069924354553 0.2916240096092224
vn 0.17333100736141205 -0.9357619881629944 0.30709099769592285
vn 0.09913349896669388 -0.9429559707641602 0.3178139925003052
vn 0.021518899127840996 -0.9460880160331726 0.3231930136680603
vn -0.05701009929180145 -0.9447100162506104 0.3229149878025055
vn -0.13382099568843842 -0.9389280080795288 0.3170279860496521
vn -0.20652000606060028 -0.9293850064277649 0.30592799186706543
vn -0.27320799231529236 -0.9171149730682373 0.29027000069618225
vn -0.33262500166893005 -0.9033340215682983 0.2708289921283722
vn -0.3841269910335541 -0.8892449736595154 0.24837300181388855
vn -0.42755600810050964 -0.8759070038795471 0.22357000410556793
vn -0.4630979895591736 -0.8641520142555237 0.19693000614643097
vn -0.4911240041255951 -0.854578971862793 0.16879500448703766
vn -0.5120530128479004 -0.8475750088691711 0.13934999704360962
vn -0.5262870192527771 -0.8433380126953125 0.10864599794149399
vn -0.5341269969940186 -0.8419240117073059 0.07662449777126312
vn -0.5357739925384521 -0.8432580232620239 0.04314890131354332
vn -0.5312899947166443 -0.8471519947052002 0.008024919778108597
vn -0.5206080079078674 -0.8533040285110474 -0.028970099985599518
vn -0.5035399794578552 -0.861286997795105 -0.06806240230798721
vn -0.47979599237442017 -0.8705270290374756 -0.10944700241088867
vn -0.4490239918231964 -0.880279004573822 -0.1532520055770874
vn -0.4108690023422241 -0.88960200548172 -0.19948500394821167
vn -0.36504799127578735 -0.8973529934883118 -0.24798500537872314
vn -0.31145501136779785 -0.9022030234336853 -0.2983730137348175
vn -0.25029098987579346 -0.9026899933815002 -0.35000699758529663
vn -0.18217599391937256 -0.8973399996757507 -0.4019860029220581
vn -0.10822299867868423 -0.884818971157074 -0.4531930088996887
vn -0.030045099556446075 -0.8641089797019958 -0.5024060010910034
vn 0.0503528006374836 -0.834663987159729 -0.5484529733657837
vn 0.13076700270175934 -0.7964659929275513 -0.5903739929199219
vn 0.20903900265693665 -0.7499840259552002 -0.6275560259819031
vn 0.2832770049571991 -0.6960129737854004 -0.6597880125045776
vn 0.3520149886608124 -0.6354600191116333 -0.6872239708900452
vn 0.414247989654541 -0.5691210031509399 -0.7102810144424438
vn 0.4693849980831146 -0.49751201272010803 -0.7294920086860657
vn 0.5171040296554565 -0.42079201340675354 -0.7453439831733704
vn 0.5571410059928894 -0.33883199095726013 -0.7581470012664795
vn 0.589044988155365 -0.25148600339889526 -0.7679719924926758
vn 0.6120240092277527 -0.15909500420093536 -0.7746710181236267
vn 0.6250979900360107 -0.06301649659872055 -0.7779989838600159
vn 0.627623975276947 0.03427639976143837 -0.7777619957923889
vn 0.6197879910469055 0.12987099587917328 -0.7739480137825012
vn 0.6024979948997498 0.22147199511528015 -0.766776978969574
vn 0.5767800211906433 0.3079879879951477 -0.7566159963607788
vn 0.5433149933815002 0.3893299996852875 -0.7437949776649475
vn 0.5023890137672424 0.465844988822937 -0.7284190058708191
vn 0.4541099965572357 0.5378270149230957 -0.7103000283241272
vn 0.3986470103263855 0.6052709817886353 -0.6890050172805786
vn 0.3363890051841736 0.6678109765052795 -0.6639819741249084
vn 0.26805898547172546 0.7247719764709473 -0.6347050070762634
vn 0.1947699934244156 0.7752900123596191 -0.6008239984512329
vn 0.11803200095891953 0.818481981754303 -0.5622779726982117
vn 0.0396852008998394 0.8536329865455627 -0.5193610191345215
vn -0.038241200149059296 0.8803769946098328 -0.47273001074790955
vn -0.11372199654579163 0.8988100290298462 -0.4233289957046509
vn -0.18494300544261932 0.9095119833946228 -0.37226900458335876
vn -0.250450998544693 0.9134780168533325 -0.3206759989261627
vn -0.3092379868030548 0.9119809865951538 -0.2695600092411041
vn -0.36073601245880127 0.9064159989356995 -0.2197279930114746
vn -0.40474599599838257 0.898157000541687 -0.1717430055141449
vn -0.441334992647171 0.8884609937667847 -0.12593300640583038
vn -0.4707370102405548 0.8784149885177612 -0.08242560178041458
vn -0.4932459890842438 0.868914008140564 -0.0411905013024807
vn -0.5091530084609985 0.8606730103492737 -0.00209349999204278
vn -0.5186859965324402 0.8542450070381165 0.035063501447439194
vn -0.5219789743423462 0.8500400185585022 0.0705024003982544
vn -0.5190470218658447 0.8483409881591797 0.10444000363349915
vn -0.509781002998352 0.8493170142173767 0.13705700635910034
vn -0.49395498633384705 0.8530099987983704 0.16847200691699982
vn -0.47122400999069214 0.8593369722366333 0.19871699810028076
vn -0.4411880075931549 0.8680469989776611 0.22770200669765472
vn -0.40343600511550903 0.8787019848823547 0.25519001483917236
vn -0.35765400528907776 0.8906450271606445 0.2807750105857849
vn -0.30375099182128906 0.9029939770698547 0.3038719892501831
vn -0.24202699959278107 0.9146659970283508 0.32374298572540283
vn -0.1733279973268509 0.9244760274887085 0.33956199884414673
vn -0.09913139790296555 0.9312909841537476 0.3505289852619171
vn -0.02151549980044365 0.9342330098152161 0.3560140132904053
vn 0.05700790137052536 0.9328650236129761 0.3556880056858063
vn 0.13381899893283844 0.927291989326477 0.34960299730300903
vn 0.20651599764823914 0.9181429743766785 0.33817699551582336
vn 0.27320700883865356 0.9064270257949829 0.3221000134944916
vn 0.33263099193573 0.8933299779891968 0.3021889925003052
vn 0.3841269910335541 0.8800359964370728 0.2792559862136841
vn 0.42755401134490967 0.8675709962844849 0.25400298833847046
vn 0.4630979895591736 0.8567529916763306 0.22696900367736816
vn 0.4911240041255951 0.8481680154800415 0.19851599633693695
vn 0.5120540261268616 0.8421949744224548 0.16884499788284302
vn 0.5262849926948547 0.8390330076217651 0.13801200687885284
vn 0.5341280102729797 0.8387370109558105 0.10596100240945816
vn 0.5357760190963745 0.8412370085716248 0.07255180180072784
vn 0.5312899947166443 0.8463559746742249 0.03758519887924194
vn 0.5206080079078674 0.8537949919700623 0.0008273739949800074
vn 0.5035380125045776 0.8631389737129211 -0.03796260058879852
vn 0.47979500889778137 0.8738170266151428 -0.07899980247020721
vn 0.4490250051021576 0.8850910067558289 -0.1224370002746582
vn 0.4108699858188629 0.8960220217704773 -0.16831600666046143
vn 0.36504799127578735 0.9054610133171082 -0.21651700139045715
vn 0.31145399808883667 0.9120659828186035 -0.2667050063610077
vn 0.25029098987579346 0.9143549799919128 -0.3182910084724426
vn 0.18217599391937256 0.9108229875564575 -0.3704240024089813
vn 0.10822299867868423 0.9000959992408752 -0.4220370054244995
vn 0.030045300722122192 0.8811169862747192 -0.4719429910182953
vn -0.05035249888896942 0.8532959818840027 -0.5189890265464783
vn -0.13076800107955933 0.8165850043296814 -0.5622180104255676
vn -0.20903800427913666 0.7714279890060425 -0.6010000109672546
vn -0.2832770049571991 0.7186149954795837 -0.6350950002670288
vn -0.3520149886608124 0.6590570211410522 -0.6646280288696289
vn -0.414247989654541 0.5935630202293396 -0.6899870038032532
vn -0.4693849980831146 0.5226680040359497 -0.7116850018501282
vn -0.5171040296554565 0.4465480148792267 -0.7302039861679077
vn -0.5571410059928894 0.36508500576019287 -0.7458599805831909
vn -0.589044988155365 0.2781350016593933 -0.7587270140647888
vn -0.6120240092277527 0.18603399395942688 -0.7686470150947571
vn -0.6250979900360107 0.09012989699840546 -0.7753250002861023
vn -0.5703499913215637 0.05374560132622719 -0.8196409940719604
vn -0.30385300517082214 -0.0181185994297266 -0.952547013759613
vn -0.24064700305461884 -0.061223600059747696 -0.9686800241470337
vn -0.22914400696754456 -0.12171299755573273 -0.9657530188560486
vn -0.2119539976119995 -0.18016600608825684 -0.9605290293693542
vn -0.18966299295425415 -0.2360360026359558 -0.9530559778213501
vn -0.16285400092601776 -0.2889479994773865 -0.9433919787406921
vn -0.13207300007343292 -0.33866000175476074 -0.9315930008888245
vn -0.09782879799604416 -0.38501301407814026 -0.9177110195159912
vn -0.06063640117645264 -0.42788800597190857 -0.9017959833145142
vn -0.02105039916932583 -0.46718600392341614 -0.8839089870452881
vn 0.020304000005126 -0.5028280019760132 -0.8641480207443237
vn 0.06272689998149872 -0.5347729921340942 -0.8426640033721924
vn 0.10546000301837921 -0.5630319714546204 -0.819678008556366
vn 0.1477220058441162 -0.5876979827880859 -0.7954800128936768
vn 0.18875400722026825 -0.608951985836029 -0.770421028137207
vn 0.22785300016403198 -0.6270670294761658 -0.7448959946632385
vn 0.2644070088863373 -0.6423959732055664 -0.7193170189857483
vn 0.2979139983654022 -0.6553549766540527 -0.694087028503418
vn 0.3279770016670227 -0.6663990020751953 -0.6695849895477295
vn 0.35429900884628296 -0.6759970188140869 -0.6461420059204102
vn 0.3766680061817169 -0.6846140027046204 -0.6240389943122864
vn 0.3949280083179474 -0.6926900148391724 -0.6035000085830688
vn 0.4089469909667969 -0.7006329894065857 -0.5847010016441345
vn 0.41862401366233826 -0.7088019847869873 -0.567762017250061
vn 0.42382898926734924 -0.7175080180168152 -0.5527669787406921
vn 0.42441800236701965 -0.7270010113716125 -0.5397570133209229
vn 0.42021700739860535 -0.7374629974365234 -0.5287399888038635
vn 0.41100001335144043 -0.7490000128746033 -0.5196899771690369
vn 0.39652299880981445 -0.7616230249404907 -0.5125430226325989
vn 0.37651801109313965 -0.7752349972724915 -0.5071939826011658
vn 0.35072100162506104 -0.7896119952201843 -0.5034949779510498
vn 0.31894901394844055 -0.8043810129165649 -0.5012410283088684
vn 0.28111499547958374 -0.819021999835968 -0.5001770257949829
vn 0.2373420000076294 -0.8328710198402405 -0.49999499320983887
vn 0.18805000185966492 -0.8451560139656067 -0.5003489851951599
vn 0.13397200405597687 -0.8550800085067749 -0.5008900165557861
vn 0.07623180001974106 -0.8619080185890198 -0.5013020038604736
vn 0.016266899183392525 -0.865090012550354 -0.5013530254364014
vn -0.04424680024385452 -0.8643550276756287 -0.500931978225708
vn -0.10359299927949905 -0.8597660064697266 -0.5000709891319275
vn -0.1601720005273819 -0.8517060279846191 -0.49893999099731445
vn -0.21263499557971954 -0.8408100008964539 -0.49782100319862366
vn -0.2600080072879791 -0.8278499841690063 -0.4970510005950928
vn -0.30166900157928467 -0.813630998134613 -0.49698999524116516
vn -0.3373189866542816 -0.7988970279693604 -0.49797600507736206
vn -0.3669170141220093 -0.7842649817466736 -0.5002999901771545
vn -0.39059001207351685 -0.7702080011367798 -0.5042009949684143
vn -0.40856099128723145 -0.7570449709892273 -0.509863018989563
vn -0.42109599709510803 -0.7449550032615662 -0.5174180269241333
vn -0.4284549951553345 -0.7339929938316345 -0.5269550085067749
vn -0.4308739900588989 -0.7241119742393494 -0.5385259985923767
vn -0.4285550117492676 -0.715175986289978 -0.5521450042724609
vn -0.42166000604629517 -0.7069730162620544 -0.567795991897583
vn -0.41031599044799805 -0.6992260217666626 -0.5854259729385376
vn -0.3946320116519928 -0.6916009783744812 -0.6049420237541199
vn -0.3747130036354065 -0.6837090253829956 -0.6262050271034241
vn -0.35068801045417786 -0.6751180291175842 -0.649025022983551
vn -0.322719007730484 -0.6653640270233154 -0.6731590032577515
vn -0.2910360097885132 -0.6539620161056519 -0.6983069777488708
vn -0.25595998764038086 -0.6404229998588562 -0.7241150140762329
vn -0.21791499853134155 -0.6242830157279968 -0.7501890063285828
vn -0.1774349957704544 -0.6051200032234192 -0.7761099934577942
vn -0.13515500724315643 -0.5825799703598022 -0.8014569878578186
vn -0.09180399775505066 -0.5563939809799194 -0.8258309960365295
vn -0.04815249890089035 -0.5263839960098267 -0.8488820195198059
vn -0.004994859918951988 -0.4924609959125519 -0.8703200221061707
vn 0.03689559921622276 -0.45461100339889526 -0.889926016330719
vn 0.07678739726543427 -0.412880003452301 -0.9075430035591125
vn 0.11399400234222412 -0.36736199259757996 -0.9230660200119019
vn 0.14786100387573242 -0.31819701194763184 -0.9364230036735535
vn 0.17774200439453125 -0.26558899879455566 -0.9475600123405457
vn 0.2029850035905838 -0.20983999967575073 -0.9564329981803894
vn 0.2229440063238144 -0.15139199793338776 -0.9630039930343628
vn 0.2370239943265915 -0.09085480123758316 -0.9672459959983826
vn 0.24477100372314453 -0.029008200392127037 -0.9691470265388489
vn 0.245960995554924 0.033252499997615814 -0.9687089920043945
vn 0.24064700305461884 0.09499289840459824 -0.96595299243927
vn 0.22914400696754456 0.15534299612045288 -0.9609169960021973
vn 0.2119539976119995 0.213578000664711 -0.953656017780304
vn 0.18966299295425415 0.26915299892425537 -0.944238007068634
vn 0.16285499930381775 0.3216949999332428 -0.9327329993247986
vn 0.13207300007343292 0.37096598744392395 -0.919206976890564
vn 0.09782949835062027 0.41680601239204407 -0.9037160277366638
vn 0.06063640117645264 0.4590989947319031 -0.8863130211830139
vn 0.021049799397587776 0.497749000787735 -0.8670660257339478
vn -0.02030389942228794 0.5326799750328064 -0.8460729718208313
vn -0.06272640079259872 0.5638560056686401 -0.8234879970550537
vn -0.1054610013961792 0.5912960171699524 -0.7995290160179138
vn -0.1477230042219162 0.6151019930839539 -0.7744849920272827
vn -0.18875400722026825 0.6354680061340332 -0.7487000226974487
vn -0.22785300016403198 0.6526809930801392 -0.7225580215454102
vn -0.2644070088863373 0.6671079993247986 -0.6964589953422546
vn -0.2979130148887634 0.6791790127754211 -0.6707929968833923
vn -0.3279779851436615 0.6893609762191772 -0.6459199786186218
vn -0.35429999232292175 0.6981350183486938 -0.622156023979187
vn -0.3766689896583557 0.7059749960899353 -0.5997660160064697
vn -0.39492499828338623 0.7133299708366394 -0.5789589881896973
vn -0.40894800424575806 0.7206119894981384 -0.559893012046814
vn -0.4186219871044159 0.7281849980354309 -0.542680025100708
vn -0.42382898926734924 0.7363619804382324 -0.5273889899253845
vn -0.42441999912261963 0.7453950047492981 -0.5140560269355774
vn -0.42021501064300537 0.7554669976234436 -0.5026819705963135
vn -0.4110029935836792 0.7666800022125244 -0.49323299527168274
vn -0.39652499556541443 0.7790459990501404 -0.4856500029563904
vn -0.3765150010585785 0.792464017868042 -0.4798299968242645
vn -0.35072198510169983 0.8067029714584351 -0.4756309986114502
vn -0.31894800066947937 0.8213840126991272 -0.4728640019893646
vn -0.28111401200294495 0.8359789848327637 -0.4712890088558197
vn -0.23734700679779053 0.8498119711875916 -0.4706229865550995
vn -0.18804900348186493 0.8621029853820801 -0.47054800391197205
vn -0.13397100567817688 0.8720399737358093 -0.47074300050735474
vn -0.07622689753770828 0.8788779973983765 -0.4709169864654541
vn -0.01626710034906864 0.8820599913597107 -0.47085699439048767
vn 0.044244300574064255 0.8813109993934631 -0.47046101093292236
vn 0.10359299927949905 0.8766949772834778 -0.4697610139846802
vn 0.16016599535942078 0.8686010241508484 -0.4689129889011383
vn 0.2126390039920807 0.8576700091362 -0.46817299723625183
vn 0.2600120007991791 0.8446919918060303 -0.4678559899330139
vn 0.3016670048236847 0.8304809927940369 -0.4682930111885071
vn 0.3373199999332428 0.815788984298706 -0.4697909951210022
vn 0.3669170141220093 0.8012480139732361 -0.4726249873638153
vn 0.39058899879455566 0.787335991859436 -0.4770140051841736
vn 0.4085620045661926 0.7743780016899109 -0.4831309914588928
vn 0.42109599709510803 0.7625579833984375 -0.49110400676727295
vn 0.4284549951553345 0.7519360184669495 -0.5010179877281189
vn 0.4308739900588989 0.7424650192260742 -0.5129259824752808
vn 0.4285550117492676 0.7340099811553955 -0.5268499851226807
vn 0.421658992767334 0.7263579964637756 -0.5427780151367188
vn 0.41031399369239807 0.7192320227622986 -0.5606679916381836
vn 0.3946309983730316 0.7122910022735596 -0.5804370045661926
vn 0.3747139871120453 0.7051460146903992 -0.6019619703292847
vn 0.35068899393081665 0.6973569989204407 -0.6250680088996887
vn 0.3227199912071228 0.6884520053863525 -0.6495280265808105
vn 0.291036993265152 0.6779339909553528 -0.6750580072402954
vn 0.25595998764038086 0.6653040051460266 -0.7013239860534668
vn 0.21791499853134155 0.6500840187072754 -0.7279450297355652
vn 0.17743399739265442 0.631837010383606 -0.754518985748291
vn 0.1351570039987564 0.6101959943771362 -0.7806360125541687
vn 0.09180369973182678 0.5848760008811951 -0.8059110045433044
vn 0.04815239831805229 0.5556889772415161 -0.8299949765205383
vn 0.004995310213416815 0.5225350260734558 -0.852603018283844
vn -0.03689559921622276 0.4853920042514801 -0.8735179901123047
vn -0.0767873004078865 0.4443010091781616 -0.8925809860229492
vn -0.11399400234222412 0.3993529975414276 -0.9096829891204834
vn -0.14786100387573242 0.3506839871406555 -0.9247480034828186
vn -0.17774200439453125 0.2984969913959503 -0.9377139806747437
vn -0.2029860019683838 0.24309100210666656 -0.9485269784927368
vn -0.2229440063238144 0.18490800261497498 -0.9571340084075928
vn -0.2370239943265915 0.12455599755048752 -0.9634860157966614
vn -0.24477100372314453 0.06281310319900513 -0.9675440192222595
vn -0.11904899775981903 0.040485698729753494 -0.9920629858970642
vn 0.4209829866886139 0.0008947559981606901 -0.9070680141448975
vn 0.5082420110702515 -0.01641709916293621 -0.8610579967498779
vn 0.5112919807434082 -0.04039720073342323 -0.8584570288658142
vn 0.5157920122146606 -0.06380250304937363 -0.8543350100517273
vn 0.5215809941291809 -0.08642149716615677 -0.8488140106201172
vn 0.5284630060195923 -0.10807500034570694 -0.8420490026473999
vn 0.5362160205841064 -0.12862099707126617 -0.8342239856719971
vn 0.5446069836616516 -0.14796000719070435 -0.8255370259284973
vn 0.5533940196037292 -0.16603100299835205 -0.8162040114402771
vn 0.5623469948768616 -0.18281200528144836 -0.806439995765686
vn 0.5712370276451111 -0.1983110010623932 -0.7964680194854736
vn 0.5798559784889221 -0.21257199347019196 -0.7864980101585388
vn 0.5880060195922852 -0.22565700113773346 -0.7767410278320312
vn 0.5955029726028442 -0.2376530021429062 -0.7673969864845276
vn 0.6021749973297119 -0.24866099655628204 -0.7586519718170166
vn 0.6078600287437439 -0.2587929964065552 -0.7506880164146423
vn 0.6123999953269958 -0.2681719958782196 -0.7436730265617371
vn 0.6156409978866577 -0.2769260108470917 -0.7377660274505615
vn 0.6174229979515076 -0.2851850092411041 -0.7331159710884094
vn 0.6175780296325684 -0.29308098554611206 -0.7298629879951477
vn 0.6159260272979736 -0.30074501037597656 -0.7281389832496643
vn 0.6122649908065796 -0.3083060085773468 -0.728065013885498
vn 0.6063680052757263 -0.3158850073814392 -0.7297499775886536
vn 0.5979779958724976 -0.3235970139503479 -0.7332850098609924
vn 0.5867879986763 -0.33154600858688354 -0.7387539744377136
vn 0.572458028793335 -0.33981800079345703 -0.7462009787559509
vn 0.5545979738235474 -0.3484779894351959 -0.7556350231170654
vn 0.5327759981155396 -0.35756000876426697 -0.7670080065727234
vn 0.5065119862556458 -0.3670569956302643 -0.7802019715309143
vn 0.4753110110759735 -0.3769089877605438 -0.7949960231781006
vn 0.4386940002441406 -0.3869880139827728 -0.811040997505188
vn 0.39625298976898193 -0.3970850110054016 -0.8278319835662842
vn 0.34768998622894287 -0.4069080054759979 -0.8447110056877136
vn 0.2929770052433014 -0.4160740077495575 -0.8608409762382507
vn 0.23239600658416748 -0.42413800954818726 -0.8752710223197937
vn 0.16665099561214447 -0.4306289851665497 -0.8870099782943726
vn 0.09687530249357224 -0.4351100027561188 -0.8951510190963745
vn 0.024642499163746834 -0.43724799156188965 -0.8990030288696289
vn -0.048211000859737396 -0.4368790090084076 -0.8982269763946533
vn -0.11979900300502777 -0.4340350031852722 -0.892894983291626
vn -0.18834400177001953 -0.4289419949054718 -0.8834789991378784
vn -0.2524229884147644 -0.42197200655937195 -0.8707600235939026
vn -0.3110339939594269 -0.4135810136795044 -0.8556920289993286
vn -0.36363598704338074 -0.40423399209976196 -0.8392639756202698
vn -0.410053014755249 -0.3943589925765991 -0.8223980069160461
vn -0.45042699575424194 -0.38430699706077576 -0.8058680295944214
vn -0.48508700728416443 -0.37434399127960205 -0.7902889847755432
vn -0.5144829750061035 -0.3646489977836609 -0.7761049866676331
vn -0.5391010046005249 -0.35532400012016296 -0.7636190056800842
vn -0.5594329833984375 -0.34641000628471375 -0.753017008304596
vn -0.5759389996528625 -0.33789700269699097 -0.7443919777870178
vn -0.5890460014343262 -0.32973799109458923 -0.7377650141716003
vn -0.5991190075874329 -0.3218590021133423 -0.733119010925293
vn -0.6064860224723816 -0.31416499614715576 -0.7303929924964905
vn -0.6114370226860046 -0.30654600262641907 -0.7295020222663879
vn -0.6142209768295288 -0.29888099431991577 -0.7303439974784851
vn -0.6150559782981873 -0.2910420000553131 -0.7328029870986938
vn -0.6141319870948792 -0.2828980088233948 -0.7367569804191589
vn -0.6116309762001038 -0.27431198954582214 -0.7420650124549866
vn -0.6077209711074829 -0.26514801383018494 -0.7485799789428711
vn -0.6025630235671997 -0.25527501106262207 -0.7561429738998413
vn -0.5963180065155029 -0.24456100165843964 -0.7645879983901978
vn -0.5891540050506592 -0.23288600146770477 -0.7737320065498352
vn -0.581250011920929 -0.2201399952173233 -0.783381998538971
vn -0.5727890133857727 -0.20622600615024567 -0.7933369874954224
vn -0.5639790296554565 -0.1910730004310608 -0.8033789992332458
vn -0.5550360083580017 -0.17462800443172455 -0.8132889866828918
vn -0.54619300365448 -0.15687300264835358 -0.8228390216827393
vn -0.5376920104026794 -0.13782300055027008 -0.8317999839782715
vn -0.5297809839248657 -0.11753199994564056 -0.8399519920349121
vn -0.522704005241394 -0.09609570354223251 -0.8470810055732727
vn -0.5166919827461243 -0.07365129888057709 -0.8529980182647705
vn -0.5119479894638062 -0.050375599414110184 -0.8575379848480225
vn -0.5086410045623779 -0.02648179978132248 -0.860571026802063
vn -0.5068889856338501 -0.0022066200617700815 -0.8620079755783081
vn -0.5067560076713562 0.022193999961018562 -0.8618040084838867
vn -0.5082420110702515 0.04645809903740883 -0.8599600195884705
vn -0.5112919807434082 0.07033199816942215 -0.8565239906311035
vn -0.5157920122146606 0.09357970207929611 -0.8515880107879639
vn -0.5215809941291809 0.1159920021891594 -0.8452810049057007
vn -0.5284630060195923 0.13739599287509918 -0.8377640247344971
vn -0.5362160205841064 0.1576559990644455 -0.8292269706726074
vn -0.5446069836616516 0.17668099701404572 -0.8198699951171875
vn -0.5533949732780457 0.19441500306129456 -0.8099120259284973
vn -0.5623459815979004 0.2108439952135086 -0.7995690107345581
vn -0.5712360143661499 0.2259870022535324 -0.7890620231628418
vn -0.5798569917678833 0.23989099264144897 -0.7785999774932861
vn -0.5880069732666016 0.25262799859046936 -0.7683929800987244
vn -0.5955029726028442 0.2642900049686432 -0.7586349844932556
vn -0.6021760106086731 0.27498599886894226 -0.7495110034942627
vn -0.6078600287437439 0.28483399748802185 -0.7411990165710449
vn -0.6123989820480347 0.2939629852771759 -0.7338619828224182
vn -0.6156409978866577 0.3025049865245819 -0.7276520133018494
vn -0.6174240112304688 0.3105970025062561 -0.7227159738540649
vn -0.6175789833068848 0.31837499141693115 -0.7191900014877319
vn -0.6159250140190125 0.3259739875793457 -0.7172009944915771
vn -0.6122660040855408 0.33352699875831604 -0.7168610095977783
vn -0.6063680052757263 0.34116101264953613 -0.718280017375946
vn -0.5979769825935364 0.3489910066127777 -0.7215459942817688
vn -0.5867879986763 0.35712599754333496 -0.7267330288887024
vn -0.5724570155143738 0.36565300822257996 -0.7338879704475403
vn -0.5546000003814697 0.3746359944343567 -0.7430109977722168
vn -0.5327780246734619 0.3841089904308319 -0.7540609836578369
vn -0.5065100193023682 0.39406201243400574 -0.7669180035591125
vn -0.47530999779701233 0.4044249951839447 -0.7813590168952942
vn -0.4386970102787018 0.4150570034980774 -0.7970399856567383
vn -0.39625000953674316 0.4257349967956543 -0.8134710192680359
vn -0.34769099950790405 0.4361400008201599 -0.8299959897994995
vn -0.29297900199890137 0.4458639919757843 -0.8457949757575989
vn -0.23239800333976746 0.45442599058151245 -0.8599349856376648
vn -0.16665099561214447 0.46132200956344604 -0.8714410066604614
vn -0.09687440097332001 0.4660849869251251 -0.8794199824333191
vn -0.024646399542689323 0.46835699677467346 -0.8831959962844849
vn 0.048213399946689606 0.46796101331710815 -0.8824329972267151
vn 0.11979900300502777 0.46493300795555115 -0.8772029876708984
vn 0.18834300339221954 0.45951399207115173 -0.8679710030555725
vn 0.25242799520492554 0.45210400223731995 -0.8555009961128235
vn 0.31103500723838806 0.4431920051574707 -0.840736985206604
vn 0.36363399028778076 0.43327799439430237 -0.82464599609375
vn 0.4100559949874878 0.42281898856163025 -0.8081330060958862
vn 0.4504239857196808 0.412198007106781 -0.79196697473526
vn 0.48508700728416443 0.4016970098018646 -0.7767429947853088
vn 0.5144829750061035 0.391512006521225 -0.762906014919281
vn 0.5391010046005249 0.381756991147995 -0.7507539987564087
vn 0.5594350099563599 0.37247800827026367 -0.7404680252075195
vn 0.5759389996528625 0.3636699914932251 -0.7321460247039795
vn 0.5890439748764038 0.35528498888015747 -0.7258099913597107
vn 0.5991179943084717 0.34724900126457214 -0.7214400172233582
vn 0.6064860224723816 0.339464008808136 -0.7189840078353882
vn 0.6114389896392822 0.33181899785995483 -0.7183589935302734
vn 0.61422199010849 0.3241879940032959 -0.7194679975509644
vn 0.6150550246238708 0.31643998622894287 -0.7221999764442444
vn 0.6141340136528015 0.3084380030632019 -0.7264339923858643
vn 0.6116309762001038 0.3000420033931732 -0.7320399880409241
vn 0.6077200174331665 0.2911120057106018 -0.7388709783554077
vn 0.6025630235671997 0.2815079987049103 -0.7467740178108215
vn 0.5963190197944641 0.27109599113464355 -0.7555860280990601
vn 0.5891550183296204 0.2597469985485077 -0.7651330232620239
vn 0.5812489986419678 0.2473450005054474 -0.7752230167388916
vn 0.5727900266647339 0.23378799855709076 -0.7856550216674805
vn 0.5639790296554565 0.21899400651454926 -0.7962219715118408
vn 0.5550360083580017 0.20290499925613403 -0.8066999912261963
vn 0.5461940169334412 0.18549400568008423 -0.8168630003929138
vn 0.5376920104026794 0.16676799952983856 -0.8264840245246887
vn 0.5297809839248657 0.14677399396896362 -0.8353379964828491
vn 0.522704005241394 0.1255989968776703 -0.8432109951972961
vn 0.5166919827461243 0.10337600111961365 -0.8499079942703247
vn 0.5119479894638062 0.08027280122041702 -0.8552579879760742
vn 0.5086410045623779 0.05649929866194725 -0.8591229915618896
vn 0.5068889856338501 0.032288599759340286 -0.8614060282707214
vn 0.6489089727401733 0.02029629983007908 -0.7605950236320496
vn 0.9022009968757629 0.006799129769206047 -0.43126198649406433
vn 0.9212139844894409 0.006014510057866573 -0.3890100121498108
vn 0.9211230278015137 0.006286370102316141 -0.3892210125923157
vn 0.9209499955177307 0.006618970073759556 -0.3896239995956421
vn 0.9206879734992981 0.007031850051134825 -0.3902350068092346
vn 0.9203259944915771 0.007551480084657669 -0.39107799530029297
vn 0.9198520183563232 0.008197030052542686 -0.392179012298584
vn 0.9192500114440918 0.008988739922642708 -0.39357298612594604
vn 0.9184989929199219 0.00994705967605114 -0.3952980041503906
vn 0.9175789952278137 0.011089799925684929 -0.39739999175071716
vn 0.9164609909057617 0.01243400014936924 -0.3999300003051758
vn 0.915116012096405 0.013996300287544727 -0.40294700860977173
vn 0.9135069847106934 0.015793299302458763 -0.40651699900627136
vn 0.9115899801254272 0.017840400338172913 -0.41071200370788574
vn 0.9093179702758789 0.020152300596237183 -0.41561299562454224
vn 0.9066299796104431 0.022746499627828598 -0.421314001083374
vn 0.9034559726715088 0.025638099759817123 -0.42791301012039185
vn 0.899711012840271 0.028847699984908104 -0.43553099036216736
vn 0.8952940106391907 0.03239379823207855 -0.4442949891090393
vn 0.890080988407135 0.03629950061440468 -0.45435500144958496
vn 0.883916974067688 0.04059059917926788 -0.46587899327278137
vn 0.8766149878501892 0.04529630020260811 -0.4790560007095337
vn 0.8679389953613281 0.05044880136847496 -0.49410098791122437
vn 0.8575950264930725 0.05608620122075081 -0.5112590193748474
vn 0.8452029824256897 0.06225360184907913 -0.5308070182800293
vn 0.8302879929542542 0.06899719685316086 -0.5530470013618469
vn 0.8122469782829285 0.07636430114507675 -0.5782939791679382
vn 0.7902960181236267 0.08440589904785156 -0.6068840026855469
vn 0.7634429931640625 0.09316249936819077 -0.6391209959983826
vn 0.7304369807243347 0.10265400260686874 -0.6752219796180725
vn 0.6897199749946594 0.11285900324583054 -0.7152270078659058
vn 0.6394079923629761 0.12368699908256531 -0.758853018283844
vn 0.5773839950561523 0.13492600619792938 -0.8052470088005066
vn 0.5015379786491394 0.14618299901485443 -0.8526960015296936
vn 0.41019800305366516 0.1568399965763092 -0.8984090089797974
vn 0.3029719889163971 0.1660420000553131 -0.9384229779243469
vn 0.18159699440002441 0.17279300093650818 -0.9680730104446411
vn 0.05060119926929474 0.17618300020694733 -0.9830560088157654
vn -0.08322809636592865 0.17569400370121002 -0.9809200167655945
vn -0.21234600245952606 0.17140799760818481 -0.9620440006256104
vn -0.3304170072078705 0.16397100687026978 -0.9294829964637756
vn -0.43366700410842896 0.15434099733829498 -0.8877559900283813
vn -0.5209619998931885 0.14349700510501862 -0.8414319753646851
vn -0.5931209921836853 0.13223500549793243 -0.7941799759864807
vn -0.6519730091094971 0.12111400067806244 -0.748507022857666
vn -0.6996819972991943 0.11047200113534927 -0.7058619856834412
vn -0.7383019924163818 0.10048799961805344 -0.6669420003890991
vn -0.7696400284767151 0.09123030304908752 -0.6319270133972168
vn -0.7951700091362 0.08270750194787979 -0.6007199883460999
vn -0.8160750269889832 0.07489220052957535 -0.5730739831924438
vn -0.8332870006561279 0.06774129718542099 -0.548675000667572
vn -0.8475369811058044 0.06120539829134941 -0.5271949768066406
vn -0.8593969941139221 0.055236101150512695 -0.5083169937133789
vn -0.8693119883537292 0.04978889971971512 -0.49175000190734863
vn -0.8776410222053528 0.04481879994273186 -0.47721898555755615
vn -0.884660005569458 0.040290601551532745 -0.4644930064678192
vn -0.8905919790267944 0.03617259860038757 -0.45336198806762695
vn -0.8956170082092285 0.032436199486255646 -0.4436419904232025
vn -0.8998810052871704 0.029054999351501465 -0.43516701459884644
vn -0.9035009741783142 0.02600890025496483 -0.42779698967933655
vn -0.9065750241279602 0.023276500403881073 -0.4214029908180237
vn -0.9091839790344238 0.020840099081397057 -0.4158729910850525
vn -0.9113960266113281 0.018680499866604805 -0.4111059904098511
vn -0.9132680296897888 0.016782699152827263 -0.40701401233673096
vn -0.9148470163345337 0.015129799954593182 -0.4035170078277588
vn -0.9161760210990906 0.013704399578273296 -0.4005430042743683
vn -0.9172869920730591 0.012491299770772457 -0.39803001284599304
vn -0.9182130098342896 0.011469700373709202 -0.395920991897583
vn -0.9189779758453369 0.010622500441968441 -0.3941659927368164
vn -0.9196029901504517 0.009931179694831371 -0.3927229940891266
vn -0.9201080203056335 0.009371600113809109 -0.39155301451683044
vn -0.9205060005187988 0.008925659582018852 -0.39062801003456116
vn -0.9208089709281921 0.00856848992407322 -0.3899199962615967
vn -0.9210270047187805 0.008278190158307552 -0.389411985874176
vn -0.9211649894714355 0.008030139841139317 -0.38909000158309937
vn -0.921226978302002 0.0078005800023674965 -0.3889470100402832
vn -0.9212139844894409 0.007565400097519159 -0.38898301124572754
vn -0.9211230278015137 0.0073003098368644714 -0.3892030119895935
vn -0.9209499955177307 0.006983439903706312 -0.389616996049881
vn -0.9206879734992981 0.006590929813683033 -0.3902429938316345
vn -0.9203270077705383 0.0061018699780106544 -0.39110299944877625
vn -0.9198520183563232 0.005494730081409216 -0.3922269940376282
vn -0.9192489981651306 0.004751849919557571 -0.3936469852924347
vn -0.9184989929199219 0.003854990005493164 -0.39540401101112366
vn -0.9175789952278137 0.002785660093650222 -0.3975450098514557
vn -0.9164609909057617 0.0015310499584302306 -0.40011999011039734
vn -0.915116012096405 0.0000752970008761622 -0.4031899869441986
vn -0.9135069847106934 -0.0015967499930411577 -0.40682101249694824
vn -0.9115909934043884 -0.0034955700393766165 -0.41108399629592896
vn -0.9093179702758789 -0.005634950008243322 -0.41606301069259644
vn -0.9066299796104431 -0.008028680458664894 -0.4218499958515167
vn -0.9034550189971924 -0.010689299553632736 -0.42854899168014526
vn -0.899711012840271 -0.013630799949169159 -0.4362730085849762
vn -0.8952940106391907 -0.01686839945614338 -0.44515499472618103
vn -0.8900799751281738 -0.020421000197529793 -0.4553459882736206
vn -0.883916974067688 -0.024306800216436386 -0.4670110046863556
vn -0.8766160011291504 -0.02854890003800392 -0.4803430140018463
vn -0.8679389953613281 -0.03317420184612274 -0.49556100368499756
vn -0.8575950264930725 -0.03820950165390968 -0.5129050016403198
vn -0.8452020287513733 -0.04369109869003296 -0.5326570272445679
vn -0.8302890062332153 -0.049654100090265274 -0.5551170110702515
vn -0.8122460246086121 -0.05613590031862259 -0.580606997013092
vn -0.7902950048446655 -0.06317459791898727 -0.6094610095024109
vn -0.7634440064430237 -0.07080049812793732 -0.6419820189476013
vn -0.7304400205612183 -0.07902529835700989 -0.6783890128135681
vn -0.6897159814834595 -0.08782950043678284 -0.718733012676239
vn -0.6394060254096985 -0.09712859988212585 -0.7627099752426147
vn -0.5773869752883911 -0.10674100369215012 -0.8094630241394043
vn -0.5015339851379395 -0.11633499711751938 -0.8572800159454346
vn -0.41020500659942627 -0.12538999319076538 -0.903331995010376
vn -0.3029690086841583 -0.13319000601768494 -0.943647027015686
vn -0.1816059947013855 -0.1389019936323166 -0.9735119938850403
vn -0.05060410127043724 -0.1417669951915741 -0.9886059761047363
vn 0.08323519676923752 -0.14135299623012543 -0.9864540100097656
vn 0.2123440057039261 -0.1377290040254593 -0.9674400091171265
vn 0.3304240107536316 -0.13143199682235718 -0.9346370100975037
vn 0.4336700141429901 -0.12326399981975555 -0.8926010131835938
vn 0.5209599733352661 -0.11404400318861008 -0.8459280133247375
vn 0.5931209921836853 -0.10443799942731857 -0.7983109951019287
vn 0.6519740223884583 -0.09491769969463348 -0.7522770166397095
vn 0.6996780037879944 -0.08577129989862442 -0.7092919945716858
vn 0.7383040189743042 -0.07715020328760147 -0.670041024684906
vn 0.7696409821510315 -0.06912060081958771 -0.6347249746322632
vn 0.7951710224151611 -0.06169179826974869 -0.6032389998435974
vn 0.816074013710022 -0.05484659969806671 -0.5753380060195923
vn 0.8332849740982056 -0.0485524982213974 -0.550707995891571
vn 0.8475379943847656 -0.04276899993419647 -0.5290089845657349
vn 0.8593959808349609 -0.0374629981815815 -0.5099369883537292
vn 0.8693130016326904 -0.03259630128741264 -0.4931870102882385
vn 0.8776410222053528 -0.028136100620031357 -0.47849100828170776
vn 0.884660005569458 -0.024055400863289833 -0.46561598777770996
vn 0.8905919790267944 -0.020328400656580925 -0.45434799790382385
vn 0.8956170082092285 -0.01693350076675415 -0.4445030093193054
vn 0.8998799920082092 -0.013851500116288662 -0.43591800332069397
vn 0.9035000205039978 -0.011063399724662304 -0.4284439980983734
vn 0.9065750241279602 -0.008555489592254162 -0.42195799946784973
vn 0.9091839790344238 -0.0063127498142421246 -0.41634601354599
vn 0.9113960266113281 -0.00432214979082346 -0.4115079939365387
vn 0.9132680296897888 -0.0025677599478513002 -0.40735098719596863
vn 0.9148470163345337 -0.0010375200072303414 -0.40379801392555237
vn 0.9161750078201294 0.0002817559870891273 -0.40077799558639526
vn 0.9172880053520203 0.00140814995393157 -0.39822301268577576
vn 0.9182130098342896 0.0023545098956674337 -0.39607998728752136
vn 0.9189779758453369 0.003139740088954568 -0.3942970037460327
vn 0.9196029901504517 0.003781059989705682 -0.3928300142288208
vn 0.9201080203056335 0.004298740066587925 -0.3916420042514801
vn 0.9205060005187988 0.004712909925729036 -0.3907009959220886
vn 0.9208089709281921 0.005044369958341122 -0.3899810016155243
vn 0.9210270047187805 0.0053171999752521515 -0.38946300745010376
vn 0.9211649894714355 0.005553429946303368 -0.3891330063343048
vn 0.9475370049476624 0.0041212597861886024 -0.3196209967136383
vn 0.9853870272636414 0.0059842299669981 -0.17022299766540527
vn 0.9880470037460327 0.009613090194761753 -0.15385399758815765
vn 0.9879299998283386 0.01601869985461235 -0.15407100319862366
vn 0.9877369999885559 0.02247519977390766 -0.15449899435043335
vn 0.9874659776687622 0.02900630049407482 -0.15514299273490906
vn 0.9871119856834412 0.03563709929585457 -0.15601100027561188
vn 0.986670970916748 0.042392101138830185 -0.1571110039949417
vn 0.9861350059509277 0.04929770156741142 -0.1584559977054596
vn 0.9854959845542908 0.05638350173830986 -0.16006000339984894
vn 0.9847440123558044 0.06368029862642288 -0.16193999350070953
vn 0.9838659763336182 0.07122330367565155 -0.16411900520324707
vn 0.9828469753265381 0.07904849946498871 -0.16662000119686127
vn 0.9816700220108032 0.08719830214977264 -0.16947300732135773
vn 0.9803100228309631 0.09572009742259979 -0.17271199822425842
vn 0.9787420034408569 0.10466799885034561 -0.17637699842453003
vn 0.9769319891929626 0.11409900337457657 -0.18051399290561676
vn 0.9748389720916748 0.12408600002527237 -0.18517999351024628
vn 0.9724119901657104 0.13470900058746338 -0.19043999910354614
vn 0.9695900082588196 0.1460610032081604 -0.196369007229805
vn 0.9662929773330688 0.1582529991865158 -0.20306099951267242
vn 0.9624210000038147 0.17141300439834595 -0.21062399446964264
vn 0.9578490257263184 0.18569600582122803 -0.2191859930753708
vn 0.9524099826812744 0.20128700137138367 -0.2289070039987564
vn 0.9458929896354675 0.21840399503707886 -0.23997199535369873
vn 0.9380099773406982 0.23732300102710724 -0.2526170015335083
vn 0.9283869862556458 0.2583569884300232 -0.26711198687553406
vn 0.9165089726448059 0.2819019854068756 -0.28380000591278076
vn 0.9016709923744202 0.3084290027618408 -0.3030860126018524
vn 0.8828949928283691 0.3384920060634613 -0.3254539966583252
vn 0.8588060140609741 0.37272998690605164 -0.3514600098133087
vn 0.8274549841880798 0.41183900833129883 -0.3817160129547119
vn 0.7860789895057678 0.4564630091190338 -0.4167979955673218
vn 0.7308520078659058 0.5069320201873779 -0.45702800154685974
vn 0.6566489934921265 0.5627899765968323 -0.5020750164985657
vn 0.5573059916496277 0.6218699812889099 -0.5501700043678284
vn 0.42703598737716675 0.6790729761123657 -0.5970759987831116
vn 0.26400700211524963 0.725616991519928 -0.6354380249977112
vn 0.07520130276679993 0.7507879734039307 -0.6562489867210388
vn -0.1219019964337349 0.7472169995307922 -0.6533049941062927
vn -0.3057459890842438 0.7160300016403198 -0.6275519728660583
vn -0.46112701296806335 0.6659870147705078 -0.5863639712333679
vn -0.5835639834403992 0.6077029705047607 -0.5386559963226318
vn -0.6762890219688416 0.549094021320343 -0.49104899168014526
vn -0.7454010248184204 0.4944489896297455 -0.4470990002155304
vn -0.7968980073928833 0.4454050064086914 -0.4081279933452606
vn -0.8355690240859985 0.4021790027618408 -0.3742679953575134
vn -0.8649709820747375 0.3643209934234619 -0.345100998878479
vn -0.8876439929008484 0.3311620056629181 -0.32003000378608704
vn -0.9053769707679749 0.30201900005340576 -0.2984580099582672
vn -0.9194380044937134 0.27626800537109375 -0.27983999252319336
vn -0.930728018283844 0.2533769905567169 -0.263714998960495
vn -0.9399020075798035 0.23289300501346588 -0.24969099462032318
vn -0.9474340081214905 0.21444599330425262 -0.23744900524616241
vn -0.9536780118942261 0.19772599637508392 -0.22672100365161896
vn -0.9588990211486816 0.18247699737548828 -0.217290997505188
vn -0.9632970094680786 0.16848799586296082 -0.20897600054740906
vn -0.9670270085334778 0.15558099746704102 -0.2016270011663437
vn -0.9702079892158508 0.14361000061035156 -0.19512000679969788
vn -0.9729350209236145 0.13244999945163727 -0.18935100734233856
vn -0.9752820134162903 0.12199600040912628 -0.1842309981584549
vn -0.977308988571167 0.11215600371360779 -0.1796880066394806
vn -0.9790639877319336 0.10285300016403198 -0.1756570041179657
vn -0.980584979057312 0.09401970356702805 -0.17208699882030487
vn -0.9819039702415466 0.08559759706258774 -0.1689320057630539
vn -0.9830470085144043 0.07753580063581467 -0.16615299880504608
vn -0.9840360283851624 0.06978759914636612 -0.16371800005435944
vn -0.9848870038986206 0.062312498688697815 -0.16159899532794952
vn -0.9856169819831848 0.05507250130176544 -0.15977199375629425
vn -0.9862350225448608 0.048037800937891006 -0.15821599960327148
vn -0.986752986907959 0.04117430001497269 -0.15691600739955902
vn -0.9871789813041687 0.03445420041680336 -0.15585599839687347
vn -0.9875180125236511 0.02785230055451393 -0.15502700209617615
vn -0.9877750277519226 0.02134310081601143 -0.1544180065393448
vn -0.9879549741744995 0.014901800081133842 -0.15402400493621826
vn -0.9880589842796326 0.008506289683282375 -0.15384100377559662
vn -0.9880899786949158 0.0021342099644243717 -0.15386399626731873
vn -0.9880470037460327 -0.004238530062139034 -0.15409600734710693
vn -0.9879299998283386 -0.010631700046360493 -0.15453599393367767
vn -0.9877369999885559 -0.0170694999396801 -0.15518899261951447
vn -0.9874659776687622 -0.02357410080730915 -0.15606099367141724
vn -0.9871119856834412 -0.030170900747179985 -0.1571590006351471
vn -0.986670970916748 -0.0368833988904953 -0.1584949940443039
vn -0.9861350059509277 -0.043737199157476425 -0.1600790023803711
vn -0.9854959845542908 -0.05076330155134201 -0.16192999482154846
vn -0.9847440123558044 -0.057989999651908875 -0.16406400501728058
vn -0.9838659763336182 -0.06545180082321167 -0.16650499403476715
vn -0.9828469753265381 -0.07318499684333801 -0.16927699744701385
vn -0.9816700220108032 -0.0812309980392456 -0.17241300642490387
vn -0.9803100228309631 -0.0896340012550354 -0.17594699561595917
vn -0.9787420034408569 -0.09844809770584106 -0.17992199957370758
vn -0.9769319891929626 -0.10773000121116638 -0.1843869984149933
vn -0.9748389720916748 -0.11754799634218216 -0.18939800560474396
vn -0.9724130034446716 -0.1279810070991516 -0.1950249969959259
vn -0.9695900082588196 -0.1391189992427826 -0.2013469934463501
vn -0.9662929773330688 -0.1510699987411499 -0.2084610015153885
vn -0.9624220132827759 -0.16395799815654755 -0.21647700667381287
vn -0.9578490257263184 -0.1779329925775528 -0.22553299367427826
vn -0.9524099826812744 -0.19317500293254852 -0.23579199612140656
vn -0.9458919763565063 -0.2098969966173172 -0.24744899570941925
vn -0.9380099773406982 -0.22836099565029144 -0.26074498891830444
vn -0.9283869862556458 -0.24887800216674805 -0.275967001914978
vn -0.9165089726448059 -0.27182599902153015 -0.2934660017490387
vn -0.9016709923744202 -0.29766398668289185 -0.3136659860610962
vn -0.8828970193862915 -0.32692500948905945 -0.33706599473953247
vn -0.8588050007820129 -0.3602389991283417 -0.36425501108169556
vn -0.8274499773979187 -0.39827200770378113 -0.3958609998226166
vn -0.7860820293426514 -0.44163599610328674 -0.43247199058532715
vn -0.7308530211448669 -0.4906730055809021 -0.4744420051574707
vn -0.6566470265388489 -0.5449259877204895 -0.5214110016822815
vn -0.5573070049285889 -0.6022899746894836 -0.571537971496582
vn -0.42704200744628906 -0.6578189730644226 -0.6204100251197815
vn -0.2640190124511719 -0.702996015548706 -0.6603720188140869
vn -0.07519619911909103 -0.7274280190467834 -0.6820520162582397
vn 0.1219009980559349 -0.7239620089530945 -0.6789839863777161
vn 0.3057520091533661 -0.6936910152435303 -0.6521570086479187
vn 0.4611380100250244 -0.645114004611969 -0.609246015548706
vn 0.5835630297660828 -0.5885350108146667 -0.5595369935035706
vn 0.6762850284576416 -0.531624972820282 -0.5099149942398071
vn 0.7454050183296204 -0.47854098677635193 -0.46408000588417053
vn 0.7968959808349609 -0.4308919906616211 -0.42342498898506165
vn 0.835565984249115 -0.3888759911060333 -0.3880789875984192
vn 0.8649719953536987 -0.35205501317977905 -0.3576039969921112
vn 0.8876450061798096 -0.3197900056838989 -0.33139199018478394
vn 0.9053769707679749 -0.2914179861545563 -0.30881598591804504
vn 0.919435977935791 -0.26633599400520325 -0.2893129885196686
vn 0.930728018283844 -0.24401900172233582 -0.2723970115184784
vn 0.9399020075798035 -0.22403700649738312 -0.25766700506210327
vn 0.9474340081214905 -0.2060289978981018 -0.2447880059480667
vn 0.9536780118942261 -0.18969200551509857 -0.23348300158977509
vn 0.9588990211486816 -0.17478199303150177 -0.2235260009765625
vn 0.9632970094680786 -0.16109199821949005 -0.21472899615764618
vn 0.9670270085334778 -0.14845000207424164 -0.20693400502204895
vn 0.9702079892158508 -0.13671299815177917 -0.20001399517059326
vn 0.9729350209236145 -0.1257610023021698 -0.19385799765586853
vn 0.9752830266952515 -0.11549100279808044 -0.18837599456310272
vn 0.977308988571167 -0.10581699758768082 -0.1834930032491684
vn 0.9790639877319336 -0.09665939956903458 -0.17914000153541565
vn 0.980584979057312 -0.08795720338821411 -0.17526400089263916
vn 0.9819039702415466 -0.07964940369129181 -0.17181600630283356
vn 0.9830470085144043 -0.07169000059366226 -0.16875800490379333
vn 0.9840360283851624 -0.06403099745512009 -0.16605399549007416
vn 0.9848870038986206 -0.05663440003991127 -0.163674995303154
vn 0.9856169819831848 -0.049463801085948944 -0.16159600019454956
vn 0.9862350225448608 -0.04248639941215515 -0.15979599952697754
vn 0.986752986907959 -0.035673100501298904 -0.15825699269771576
vn 0.9871789813041687 -0.028994200751185417 -0.1569640040397644
vn 0.9875180125236511 -0.022425200790166855 -0.15590399503707886
vn 0.9877750277519226 -0.015940500423312187 -0.1550689935684204
vn 0.9879549741744995 -0.009517570026218891 -0.15445099771022797
vn 0.9880589842796326 -0.0031322899740189314 -0.1540440022945404
vn 0.9919000267982483 -0.0012486700434237719 -0.12701299786567688
vn 0.9975919723510742 0.0050490000285208225 -0.0691709965467453
vn 0.9979779720306396 0.009832150302827358 -0.06280039995908737
vn 0.9978690147399902 0.01762240007519722 -0.06282640248537064
vn 0.9976909756660461 0.02546899951994419 -0.06295280158519745
vn 0.9974430203437805 0.033400699496269226 -0.06318149715662003
vn 0.9971200227737427 0.041443899273872375 -0.06351529806852341
vn 0.9967179894447327 0.04963010177016258 -0.06395789980888367
vn 0.9962310194969177 0.05798869952559471 -0.06451389938592911
vn 0.9956510066986084 0.0665540024638176 -0.06518930196762085
vn 0.9949700236320496 0.07536470144987106 -0.06599140167236328
vn 0.994176983833313 0.08445960283279419 -0.06692869961261749
vn 0.9932569861412048 0.09388359636068344 -0.06801149994134903
vn 0.9921960234642029 0.10368700325489044 -0.06925179809331894
vn 0.9909729957580566 0.11392699927091599 -0.07066430151462555
vn 0.9895640015602112 0.1246659979224205 -0.07226549834012985
vn 0.9879379868507385 0.13597899675369263 -0.0740756019949913
vn 0.9860609769821167 0.14795200526714325 -0.07611849904060364
vn 0.9838860034942627 0.16067899763584137 -0.07842150330543518
vn 0.981357991695404 0.17428000271320343 -0.08101840317249298
vn 0.9784039855003357 0.18888799846172333 -0.08394909650087357
vn 0.974934995174408 0.20466400682926178 -0.087260402739048
vn 0.9708349704742432 0.2218019962310791 -0.0910106971859932
vn 0.9659550189971924 0.24053199589252472 -0.09526900202035904
vn 0.960096001625061 0.26113399863243103 -0.10012000054121017
vn 0.9529979825019836 0.2839530110359192 -0.10566800087690353
vn 0.9443079829216003 0.3094010055065155 -0.1120389997959137
vn 0.9335430264472961 0.33799898624420166 -0.11939100176095963
vn 0.9200339913368225 0.370371013879776 -0.12791800498962402
vn 0.9028400182723999 0.40727999806404114 -0.13785099983215332
vn 0.8806139826774597 0.44964098930358887 -0.14947499334812164
vn 0.8514050245285034 0.4985010027885437 -0.16311299800872803
vn 0.8123900294303894 0.5549280047416687 -0.17910000681877136
vn 0.7594900131225586 0.6197490096092224 -0.19770100712776184
vn 0.6870089769363403 0.6928889751434326 -0.2189140021800995
vn 0.5876399874687195 0.7720609903335571 -0.24207599461078644
vn 0.45382100343704224 0.8507040143013 -0.2652359902858734
vn 0.2819089889526367 0.9162499904632568 -0.2846280038356781
vn 0.07899399846792221 0.9521409869194031 -0.2952759861946106
vn -0.13388200104236603 0.9465050101280212 -0.2936060130596161
vn -0.3302139937877655 0.9013519883155823 -0.28022098541259766
vn -0.4923270046710968 0.83086097240448 -0.25939100980758667
vn -0.6165450215339661 0.7511330246925354 -0.23594999313354492
vn -0.7081369757652283 0.6731250286102295 -0.21317699551582336
vn -0.774869978427887 0.6020579934120178 -0.19261999428272247
vn -0.8236740231513977 0.5394759774208069 -0.1747180074453354
vn -0.8597990274429321 0.48512399196624756 -0.15937599539756775
vn -0.8869580030441284 0.4380660057067871 -0.14629699289798737
vn -0.9077159762382507 0.3972249925136566 -0.13514399528503418
vn -0.9238399863243103 0.36158400774002075 -0.12560300529003143
vn -0.9365590214729309 0.33026400208473206 -0.11740300059318542
vn -0.9467290043830872 0.3025450110435486 -0.1103229969739914
vn -0.9549649953842163 0.27782800793647766 -0.1041800007224083
vn -0.9617109894752502 0.25562599301338196 -0.09882479906082153
vn -0.9672939777374268 0.23554299771785736 -0.09413670003414154
vn -0.9719550013542175 0.21725399792194366 -0.09001760184764862
vn -0.9758790135383606 0.2004919946193695 -0.08638700097799301
vn -0.9792050123214722 0.1850380003452301 -0.0831788033246994
vn -0.9820410013198853 0.17070800065994263 -0.08033840358257294
vn -0.9844719767570496 0.15734800696372986 -0.07782050222158432
vn -0.9865649938583374 0.14482800662517548 -0.07558699697256088
vn -0.9883739948272705 0.1330370008945465 -0.07360599935054779
vn -0.9899410009384155 0.12188199907541275 -0.07185100018978119
vn -0.9912999868392944 0.11128000169992447 -0.07029940187931061
vn -0.9924790263175964 0.10115999728441238 -0.06893189996480942
vn -0.9935020208358765 0.09146100282669067 -0.0677322968840599
vn -0.9943879842758179 0.08212800323963165 -0.06668700277805328
vn -0.9951519966125488 0.07311130315065384 -0.06578420102596283
vn -0.9958059787750244 0.06436870247125626 -0.06501419842243195
vn -0.9963610172271729 0.055861201137304306 -0.06436890363693237
vn -0.9968270063400269 0.04755060002207756 -0.06384120136499405
vn -0.9972079992294312 0.03940489888191223 -0.06342560052871704
vn -0.9975119829177856 0.03139349818229675 -0.06311769783496857
vn -0.9977430105209351 0.02348710037767887 -0.06291410326957703
vn -0.9979029893875122 0.015657199546694756 -0.06281209737062454
vn -0.9979940056800842 0.00787821039557457 -0.06281039863824844
vn -0.9980189800262451 0.00012247200356796384 -0.06290800124406815
vn -0.9979779720306396 -0.007634949870407581 -0.06310530006885529
vn -0.9978690147399902 -0.01541849970817566 -0.06340309977531433
vn -0.9976909756660461 -0.023256400600075722 -0.0638033002614975
vn -0.9974430203437805 -0.03117470070719719 -0.06430870294570923
vn -0.9971200227737427 -0.039202701300382614 -0.06492310017347336
vn -0.9967179894447327 -0.04736720025539398 -0.06565090268850327
vn -0.9962310194969177 -0.05570190027356148 -0.06649839878082275
vn -0.9956510066986084 -0.064239501953125 -0.06747250258922577
vn -0.9949700236320496 -0.07301530241966248 -0.06858140230178833
vn -0.994176983833313 -0.0820721983909607 -0.06983549892902374
vn -0.9932569861412048 -0.09145250171422958 -0.07124649733304977
vn -0.9921960234642029 -0.10120700299739838 -0.07282820343971252
vn -0.9909729957580566 -0.11139100044965744 -0.07459720224142075
vn -0.9895640015602112 -0.12206800282001495 -0.07657229900360107
vn -0.9879379868507385 -0.13331200182437897 -0.07877620309591293
vn -0.9860609769821167 -0.14520399272441864 -0.08123529702425003
vn -0.9838860034942627 -0.15784500539302826 -0.08398140221834183
vn -0.9813569784164429 -0.17134599387645721 -0.08705150336027145
vn -0.9784039855003357 -0.18584400415420532 -0.09049010276794434
vn -0.974934995174408 -0.2014939934015274 -0.09434989839792252
vn -0.9708349704742432 -0.21849100291728973 -0.09869609773159027
vn -0.9659550189971924 -0.23705999553203583 -0.1036050021648407
vn -0.960096001625061 -0.25748199224472046 -0.1091729998588562
vn -0.9529979825019836 -0.28009098768234253 -0.11551299691200256
vn -0.9443079829216003 -0.30530300736427307 -0.12276899814605713
vn -0.9335430264472961 -0.33362698554992676 -0.13111500442028046
vn -0.9200339913368225 -0.365680992603302 -0.1407649964094162
vn -0.9028400182723999 -0.4022200107574463 -0.15198099613189697
vn -0.8806130290031433 -0.44415199756622314 -0.16507600247859955
vn -0.8514050245285034 -0.4925050139427185 -0.18041099607944489
vn -0.8123909831047058 -0.5483390092849731 -0.1983570009469986
vn -0.7594900131225586 -0.6124719977378845 -0.2192090004682541
vn -0.6870099902153015 -0.6848260164260864 -0.24296200275421143
vn -0.5876370072364807 -0.7631450295448303 -0.26887398958206177
vn -0.45382699370384216 -0.8409259915351868 -0.29476198554039
vn -0.28191301226615906 -0.9057570099830627 -0.3164309859275818
vn -0.07899700105190277 -0.9412549734115601 -0.3283250033855438
vn 0.13388200104236603 -0.9356819987297058 -0.32645899057388306
vn 0.3302290141582489 -0.8910179734230042 -0.3115060031414032
vn 0.4923250079154968 -0.8213030099868774 -0.2882300019264221
vn 0.6165419816970825 -0.7424420118331909 -0.262021005153656
vn 0.7081360220909119 -0.6652759909629822 -0.23654000461101532
vn 0.7748730182647705 -0.5949659943580627 -0.21351300179958344
vn 0.8236730098724365 -0.5330520272254944 -0.1934400051832199
vn 0.859798014163971 -0.4792670011520386 -0.17621000111103058
vn 0.8869590163230896 -0.4326919913291931 -0.16149500012397766
vn 0.9077159762382507 -0.39226600527763367 -0.14892399311065674
vn 0.9238399863243103 -0.35697999596595764 -0.13814499974250793
vn 0.9365580081939697 -0.325967013835907 -0.12885800004005432
vn 0.9467290043830872 -0.29850998520851135 -0.1208140030503273
vn 0.9549649953842163 -0.27402400970458984 -0.11381299793720245
vn 0.9617120027542114 -0.25202101469039917 -0.10768599808216095
vn 0.9672939777374268 -0.2321140021085739 -0.1023000031709671
vn 0.9719560146331787 -0.21398000419139862 -0.09754469990730286
vn 0.9758790135383606 -0.19735600054264069 -0.09333150088787079
vn 0.9792050123214722 -0.18202300369739532 -0.08958599716424942
vn 0.9820410013198853 -0.16780099272727966 -0.08624719828367233
vn 0.9844719767570496 -0.15453599393367767 -0.0832642987370491
vn 0.9865649938583374 -0.14210200309753418 -0.08059539645910263
vn 0.9883739948272705 -0.13038699328899384 -0.07820410281419754
vn 0.9899399876594543 -0.1193000003695488 -0.07606100291013718
vn 0.9912999868392944 -0.10875800251960754 -0.07414019852876663
vn 0.9924790263175964 -0.09869249910116196 -0.07242029905319214
vn 0.9935020208358765 -0.08904150128364563 -0.07088299840688705
vn 0.9943879842758179 -0.07974980026483536 -0.0695125013589859
vn 0.9951519966125488 -0.07077150046825409 -0.06829570233821869
vn 0.9958059787750244 -0.06206100061535835 -0.06722109764814377
vn 0.9963610172271729 -0.05358079820871353 -0.06627920269966125
vn 0.9968270063400269 -0.04529369994997978 -0.06546179950237274
vn 0.9972079992294312 -0.037167198956012726 -0.06476219743490219
vn 0.9975119829177856 -0.029171699658036232 -0.06417489796876907
vn 0.9977430105209351 -0.0212762001901865 -0.06369540095329285
vn 0.9979029893875122 -0.013455900363624096 -0.06332030147314072
vn 0.9979940056800842 -0.005681280046701431 -0.06304699927568436
vn 0.9986389875411987 -0.0030304701067507267 -0.05207109823822975
vn 0.9995840191841125 0.004539730027318001 -0.028477899730205536
vn 0.9996150135993958 0.009799379855394363 -0.02597299963235855
vn 0.999504029750824 0.017931999638676643 -0.02590250037610531
vn 0.9993240237236023 0.026124799624085426 -0.025874899700284004
vn 0.9990730285644531 0.034404098987579346 -0.02589079923927784
vn 0.9987469911575317 0.04280029982328415 -0.025950899347662926
vn 0.9983410239219666 0.05134360119700432 -0.026056500151753426
vn 0.9978500008583069 0.060066498816013336 -0.026209399104118347
vn 0.9972670078277588 0.06900499761104584 -0.026411600410938263
vn 0.9965810179710388 0.07819770276546478 -0.0266657005995512
vn 0.9957829713821411 0.08768519759178162 -0.026975000277161598
vn 0.9948580265045166 0.09751590341329575 -0.027343399822711945
vn 0.9937909841537476 0.10774099826812744 -0.027775399386882782
vn 0.9925609827041626 0.11841999739408493 -0.02827649936079979
vn 0.9911440014839172 0.1296200007200241 -0.028853200376033783
vn 0.9895099997520447 0.141417995095253 -0.029513299465179443
vn 0.9876229763031006 0.15390099585056305 -0.030265599489212036
vn 0.9854369759559631 0.16717100143432617 -0.03112109936773777
vn 0.982895016670227 0.18135100603103638 -0.03209270164370537
vn 0.9799259901046753 0.19657999277114868 -0.033195801079273224
vn 0.9764389991760254 0.21302799880504608 -0.03444879874587059
vn 0.9723169803619385 0.23089699447155 -0.03587409853935242
vn 0.9674100279808044 0.25042399764060974 -0.037498701363801956
vn 0.9615179896354675 0.2719079852104187 -0.039355698972940445
vn 0.9543790221214294 0.2957009971141815 -0.04148539900779724
vn 0.9456369876861572 0.32224300503730774 -0.043937500566244125
vn 0.9348040223121643 0.35207000374794006 -0.04677319899201393
vn 0.9212070107460022 0.38583800196647644 -0.05006770044565201
vn 0.9038950204849243 0.424344003200531 -0.05391250178217888
vn 0.8815039992332458 0.4685490131378174 -0.05841819941997528
vn 0.8520709872245789 0.5195350050926208 -0.06371019780635834
vn 0.8127390146255493 0.5784170031547546 -0.06991910189390182
vn 0.7593889832496643 0.6460469961166382 -0.07714709639549255
vn 0.6862689852714539 0.7223179936408997 -0.08539090305566788
vn 0.5860310196876526 0.8047729730606079 -0.09438429772853851
vn 0.4511139988899231 0.8864610195159912 -0.10335599631071091
vn 0.2780269980430603 0.9541580080986023 -0.1108269989490509
vn 0.07420329749584198 0.9906060099601746 -0.11486099660396576
vn -0.13900800049304962 0.9836969971656799 -0.11409600079059601
vn -0.3350760042667389 0.9358869791030884 -0.10880900174379349
vn -0.49658501148223877 0.8621289730072021 -0.10068000108003616
vn -0.620169997215271 0.7791029810905457 -0.09157960116863251
vn -0.7112389802932739 0.6980609893798828 -0.0827632024884224
vn -0.7775710225105286 0.6243280172348022 -0.07481960207223892
vn -0.8260859847068787 0.5594369769096375 -0.06791140139102936
vn -0.8620060086250305 0.5030919909477234 -0.06199739873409271
vn -0.8890219926834106 0.45430800318717957 -0.05696079879999161
vn -0.9096760153770447 0.411965012550354 -0.052671100944280624
vn -0.9257259964942932 0.3750070035457611 -0.0490058995783329
vn -0.9383879899978638 0.34252598881721497 -0.045861199498176575
vn -0.9485170245170593 0.3137730062007904 -0.04315060004591942
vn -0.9567220211029053 0.28812798857688904 -0.04080339893698692
vn -0.9634460210800171 0.26508501172065735 -0.03876210004091263
vn -0.9690099954605103 0.2442380040884018 -0.03698040172457695
vn -0.97365802526474 0.22524699568748474 -0.035420000553131104
vn -0.9775699973106384 0.2078389972448349 -0.034050099551677704
vn -0.9808869957923889 0.19178499281406403 -0.03284519910812378
vn -0.9837170243263245 0.17689399421215057 -0.03178419917821884
vn -0.9861419796943665 0.16300800442695618 -0.030849700793623924
vn -0.9882310032844543 0.1499910056591034 -0.030027000233530998
vn -0.9900360107421875 0.1377280056476593 -0.02930380031466484
vn -0.991599977016449 0.12612399458885193 -0.02867019921541214
vn -0.9929569959640503 0.1150910034775734 -0.02811720035970211
vn -0.9941350221633911 0.10455799847841263 -0.027637800201773643
vn -0.9951559901237488 0.0944598987698555 -0.02722569927573204
vn -0.9960409998893738 0.08474019914865494 -0.026875799521803856
vn -0.9968029856681824 0.07534729689359665 -0.026583600789308548
vn -0.9974560141563416 0.06623759865760803 -0.026345500722527504
vn -0.998009979724884 0.05736919865012169 -0.02615859918296337
vn -0.9984740018844604 0.0487046018242836 -0.026020200923085213
vn -0.9988549947738647 0.04021019861102104 -0.025928499177098274
vn -0.9991570115089417 0.03185329958796501 -0.025881899520754814
vn -0.9993860125541687 0.02360299974679947 -0.025879299268126488
vn -0.9995449781417847 0.015432399697601795 -0.025919899344444275
vn -0.9996349811553955 0.007311389781534672 -0.02600329928100109
vn -0.9996579885482788 -0.0007860480109229684 -0.026129599660634995
vn -0.9996150135993958 -0.00888677965849638 -0.02629910036921501
vn -0.999504029750824 -0.017017299309372902 -0.026512499898672104
vn -0.9993240237236023 -0.025205399841070175 -0.026770899072289467
vn -0.9990730285644531 -0.033479899168014526 -0.02707570046186447
vn -0.9987469911575317 -0.041868600994348526 -0.027428800240159035
vn -0.9983410239219666 -0.050402700901031494 -0.027832500636577606
vn -0.9978500008583069 -0.0591157004237175 -0.02828969992697239
vn -0.9972670078277588 -0.06804119795560837 -0.02880370058119297
vn -0.9965810179710388 -0.07721900194883347 -0.0293784998357296
vn -0.9957829713821411 -0.08669020235538483 -0.030018800869584084
vn -0.9948580265045166 -0.09650249779224396 -0.030729999765753746
vn -0.9937909841537476 -0.10670600086450577 -0.0315186008810997
vn -0.9925609827041626 -0.11736200004816055 -0.03239220008254051
vn -0.9911440014839172 -0.1285340040922165 -0.03335930034518242
vn -0.9895099997520447 -0.14030100405216217 -0.03443070128560066
vn -0.9876229763031006 -0.15275000035762787 -0.03561820089817047
vn -0.9854369759559631 -0.16598300635814667 -0.03693639859557152
vn -0.982895016670227 -0.18012000620365143 -0.03840219974517822
vn -0.9799259901046753 -0.19530199468135834 -0.04003610089421272
vn -0.9764379858970642 -0.21169699728488922 -0.04186239838600159
vn -0.9723169803619385 -0.2295050024986267 -0.04391049966216087
vn -0.9674100279808044 -0.24896299839019775 -0.04621550068259239
vn -0.9615179896354675 -0.2703680098056793 -0.0488210991024971
vn -0.9543790221214294 -0.2940729856491089 -0.05177989974617958
vn -0.9456369876861572 -0.3205130100250244 -0.05515680089592934
vn -0.9348040223121643 -0.35022398829460144 -0.0590319000184536
vn -0.9212070107460022 -0.3838549852371216 -0.06350269913673401
vn -0.9038940072059631 -0.42220601439476013 -0.06868930160999298
vn -0.881505012512207 -0.46622300148010254 -0.07473450154066086
vn -0.8520699739456177 -0.5169960260391235 -0.081803098320961
vn -0.8127400279045105 -0.5756239891052246 -0.09006279706954956
vn -0.7593880295753479 -0.6429619789123535 -0.0996469035744667
vn -0.686269998550415 -0.7188969850540161 -0.11054699867963791
vn -0.5860300064086914 -0.8009899854660034 -0.12241300195455551
vn -0.45111799240112305 -0.882311999797821 -0.13423000276088715
vn -0.2780280113220215 -0.9497089982032776 -0.14405900239944458
vn -0.07420259714126587 -0.9859939813613892 -0.1493619978427887
vn 0.1390099972486496 -0.9791150093078613 -0.14835700392723083
vn 0.3350769877433777 -0.9315189719200134 -0.14140500128269196
vn 0.4965820014476776 -0.8580920100212097 -0.1307069957256317
vn 0.6201729774475098 -0.7754309773445129 -0.11871399730443954
vn 0.7112399935722351 -0.6947469711303711 -0.10707499831914902
vn 0.7775710225105286 -0.6213359832763672 -0.0965626984834671
vn 0.8260849714279175 -0.5567280054092407 -0.08739429712295532
vn 0.8620079755783081 -0.5006189942359924 -0.07951690256595612
vn 0.8890209794044495 -0.4520449936389923 -0.072781503200531
vn 0.9096760153770447 -0.4098759889602661 -0.06701630353927612
vn 0.9257259964942932 -0.37306898832321167 -0.06206370145082474
vn 0.9383879899978638 -0.34071698784828186 -0.057787198573350906
vn 0.9485170245170593 -0.31207600235939026 -0.05407480150461197
vn 0.9567220211029053 -0.28652799129486084 -0.05083400011062622
vn 0.9634460210800171 -0.26357001066207886 -0.047989699989557266
vn 0.9690099954605103 -0.24279800057411194 -0.045481499284505844
vn 0.97365802526474 -0.22387400269508362 -0.0432594008743763
vn 0.9775699973106384 -0.20652499794960022 -0.04128289967775345
vn 0.9808869957923889 -0.1905220001935959 -0.03951840102672577
vn 0.9837170243263245 -0.17567700147628784 -0.037938401103019714
vn 0.9861419796943665 -0.16183200478553772 -0.03651979938149452
vn 0.9882310032844543 -0.14885100722312927 -0.03524329885840416
vn 0.9900360107421875 -0.13662099838256836 -0.034092601388692856
vn 0.991599977016449 -0.1250459998846054 -0.033054400235414505
vn 0.9929569959640503 -0.11403899639844894 -0.03211669996380806
vn 0.9941350221633911 -0.10352999716997147 -0.0312701016664505
vn 0.9951559901237488 -0.09345199912786484 -0.030505700036883354
vn 0.9960409998893738 -0.08375059813261032 -0.029816800728440285
vn 0.9968029856681824 -0.07437349855899811 -0.029196999967098236
vn 0.9974560141563416 -0.06527820229530334 -0.028641199693083763
vn 0.998009979724884 -0.056421298533678055 -0.028144799172878265
vn 0.9984740018844604 -0.04776670038700104 -0.02770409919321537
vn 0.9988549947738647 -0.039281100034713745 -0.027316100895404816
vn 0.9991570115089417 -0.030930399894714355 -0.026977799832820892
vn 0.9993860125541687 -0.022685600444674492 -0.026687299832701683
vn 0.9995449781417847 -0.014518200419843197 -0.026442699134349823
vn 0.9996349811553955 -0.006399699952453375 -0.026242699474096298
vn 0.9997609853744507 -0.003684750059619546 -0.02155669964849949
vn 0.9999229907989502 0.004297010134905577 -0.011612099595367908
vn 0.9998909831047058 0.010144899599254131 -0.010740900412201881
vn 0.9997749924659729 0.018371600657701492 -0.01062879990786314
vn 0.9995890259742737 0.026659000664949417 -0.010534199886023998
vn 0.999330997467041 0.03503580018877983 -0.010456999763846397
vn 0.9989979863166809 0.04353180155158043 -0.010397500358521938
vn 0.998583972454071 0.05217749997973442 -0.010355699807405472
vn 0.9980840086936951 0.06100739911198616 -0.010332000441849232
vn 0.9974899888038635 0.07005620002746582 -0.010327099822461605
vn 0.9967920184135437 0.0793628990650177 -0.01034149993211031
vn 0.9959800243377686 0.08897080272436142 -0.010376299731433392
vn 0.9950399994850159 0.09892740100622177 -0.010432600043714046
vn 0.9939550161361694 0.10928499698638916 -0.010511799715459347
vn 0.9927039742469788 0.12010499835014343 -0.010615499690175056
vn 0.9912639856338501 0.1314540058374405 -0.010746000334620476
vn 0.9896029829978943 0.14341099560260773 -0.010905499570071697
vn 0.9876840114593506 0.15606500208377838 -0.011097099632024765
vn 0.9854620099067688 0.1695210039615631 -0.011324300430715084
vn 0.9828760027885437 0.18390199542045593 -0.011591300368309021
vn 0.979856014251709 0.1993499994277954 -0.011903099715709686
vn 0.9763079881668091 0.2160390019416809 -0.012265799567103386
vn 0.9721119999885559 0.2341720014810562 -0.012686899863183498
vn 0.9671159982681274 0.25399601459503174 -0.01317519973963499
vn 0.9611139893531799 0.27580899000167847 -0.013741799630224705
vn 0.9538390040397644 0.2999739944934845 -0.014400100335478783
vn 0.944923996925354 0.3269369900226593 -0.01516649965196848
vn 0.9338729977607727 0.35724300146102905 -0.01606139913201332
vn 0.9199939966201782 0.39155998826026917 -0.01710990071296692
vn 0.9023100137710571 0.4306980073451996 -0.018342399969697
vn 0.8794270157814026 0.4756219983100891 -0.01979539915919304
vn 0.8493340015411377 0.5274180173873901 -0.021510200574994087
vn 0.8091059923171997 0.5871909856796265 -0.023529499769210815
vn 0.7545430064201355 0.6557400226593018 -0.02588520012795925
vn 0.6798139810562134 0.7328280210494995 -0.02857230044901371
vn 0.5775550007820129 0.8157439827919006 -0.031495701521635056
vn 0.4403989911079407 0.8971430063247681 -0.03439059853553772
vn 0.26543501019477844 0.9634280204772949 -0.036761898547410965
vn 0.06094000115990639 0.997418999671936 -0.03798209875822067
vn -0.15123200416564941 0.9877820014953613 -0.03763600066304207
vn -0.3450019955635071 0.9379169940948486 -0.03584820032119751
vn -0.5039399862289429 0.8631010055541992 -0.033177699893713
vn -0.6253499984741211 0.7797589898109436 -0.030223799869418144
vn -0.7148230075836182 0.6987689733505249 -0.027381399646401405
vn -0.7800660133361816 0.6252040266990662 -0.024831799790263176
vn -0.8278610110282898 0.5604770183563232 -0.02262290008366108
vn -0.8633059859275818 0.5042549967765808 -0.020739300176501274
vn -0.8900060057640076 0.4555470049381256 -0.01914219930768013
vn -0.9104499816894531 0.41323599219322205 -0.017788799479603767
vn -0.9263579845428467 0.37627699971199036 -0.016639400273561478
vn -0.9389219880104065 0.3437730073928833 -0.015660300850868225
vn -0.9489840269088745 0.3149769902229309 -0.014823299832642078
vn -0.9571419954299927 0.28927499055862427 -0.0141056003049016
vn -0.9638320207595825 0.266169011592865 -0.013488500379025936
vn -0.9693729877471924 0.24525000154972076 -0.01295700017362833
vn -0.9740039706230164 0.22618600726127625 -0.012498700059950352
vn -0.9779049754142761 0.2087000012397766 -0.012103700079023838
vn -0.9812129735946655 0.19256700575351715 -0.011763599701225758
vn -0.9840369820594788 0.17759600281715393 -0.011471799574792385
vn -0.9864580035209656 0.16362899541854858 -0.01122250035405159
vn -0.9885439872741699 0.15053099393844604 -0.011010999791324139
vn -0.9903470277786255 0.13818900287151337 -0.010833599604666233
vn -0.9919090270996094 0.12650300562381744 -0.010686799883842468
vn -0.9932640194892883 0.11539000272750854 -0.010568100027740002
vn -0.9944409728050232 0.10477600246667862 -0.01047510001808405
vn -0.9954609870910645 0.0945976972579956 -0.01040599960833788
vn -0.9963439702987671 0.08479669690132141 -0.010359100066125393
vn -0.9971060156822205 0.07532349973917007 -0.010333100333809853
vn -0.9977570176124573 0.0661327987909317 -0.010327099822461605
vn -0.9983100295066833 0.05718240141868591 -0.010340199805796146
vn -0.9987720251083374 0.0484360009431839 -0.010371600277721882
vn -0.9991509914398193 0.03985850140452385 -0.010421100072562695
vn -0.9994509816169739 0.03141719847917557 -0.01048820000141859
vn -0.9996780157089233 0.023082399740815163 -0.010572800412774086
vn -0.9998329877853394 0.014824699610471725 -0.010674900375306606
vn -0.9999200105667114 0.006615709979087114 -0.010794700123369694
vn -0.9999390244483948 -0.0015713999746367335 -0.01093239989131689
vn -0.9998909831047058 -0.009764069691300392 -0.011088400147855282
vn -0.9997749924659729 -0.017989400774240494 -0.011263400316238403
vn -0.9995890259742737 -0.02627510018646717 -0.011458099819719791
vn -0.999330997467041 -0.034649599343538284 -0.011673400178551674
vn -0.9989979863166809 -0.04314219951629639 -0.011910400353372097
vn -0.998583972454071 -0.05178439989686012 -0.01217039953917265
vn -0.9980840086936951 -0.06060969829559326 -0.012454899959266186
vn -0.9974899888038635 -0.06965269893407822 -0.012765699997544289
vn -0.9967920184135437 -0.07895360141992569 -0.013105000369250774
vn -0.9959800243377686 -0.08855459839105606 -0.01347499992698431
vn -0.9950399994850159 -0.09850279986858368 -0.013878700323402882
vn -0.9939550161361694 -0.10885199904441833 -0.014319400303065777
vn -0.9927039742469788 -0.11966100335121155 -0.01480070035904646
vn -0.9912639856338501 -0.13099899888038635 -0.015327099710702896
vn -0.9896029829978943 -0.14294299483299255 -0.01590380072593689
vn -0.9876840114593506 -0.155582994222641 -0.016536999493837357
vn -0.9854620099067688 -0.16902300715446472 -0.017233600839972496
vn -0.9828760027885437 -0.1833849996328354 -0.018002299591898918
vn -0.979856014251709 -0.1988140046596527 -0.018853100016713142
vn -0.9763079881668091 -0.2154799997806549 -0.019797999411821365
vn -0.9721119999885559 -0.23358599841594696 -0.020851600915193558
vn -0.9671159982681274 -0.2533800005912781 -0.022031499072909355
vn -0.9611139893531799 -0.2751609981060028 -0.02335900068283081
vn -0.9538390040397644 -0.2992889881134033 -0.02486030012369156
vn -0.944923996925354 -0.32620999217033386 -0.026567300781607628
vn -0.9338740110397339 -0.3564639985561371 -0.028519200161099434
vn -0.9199939966201782 -0.3907240033149719 -0.03076470084488392
vn -0.9023100137710571 -0.4297949969768524 -0.03336229920387268
vn -0.8794270157814026 -0.4746420085430145 -0.03638229891657829
vn -0.8493340015411377 -0.5263450145721436 -0.03990370035171509
vn -0.8091049790382385 -0.5860130190849304 -0.04400790110230446
vn -0.7545440196990967 -0.6544359922409058 -0.04875440150499344
vn -0.6798139810562134 -0.7313839793205261 -0.054130200296640396
vn -0.5775570273399353 -0.8141459822654724 -0.05994550138711929
vn -0.4403980076313019 -0.8953970074653625 -0.06567949801683426
vn -0.26543399691581726 -0.9615579843521118 -0.07036270201206207
vn -0.0609407015144825 -0.9954850077629089 -0.07276830077171326
vn 0.1512330025434494 -0.9858660101890564 -0.07208610326051712
vn 0.34499800205230713 -0.9360960125923157 -0.06855929642915726
vn 0.5039420127868652 -0.8614159822463989 -0.06327919661998749
vn 0.6253529787063599 -0.7782269716262817 -0.057418499141931534
vn 0.7148230075836182 -0.6973879933357239 -0.05175140127539635
vn 0.7800660133361816 -0.6239569783210754 -0.04663600027561188
vn 0.827862024307251 -0.559345006942749 -0.04216950014233589
vn 0.8633049726486206 -0.5032250285148621 -0.038325000554323196
vn 0.8900060057640076 -0.4546020030975342 -0.03502900153398514
vn 0.9104499816894531 -0.41236400604248047 -0.03219969943165779
vn 0.9263579845428467 -0.375465989112854 -0.029761100187897682
vn 0.9389219880104065 -0.34301701188087463 -0.02764829993247986
vn 0.9489840269088745 -0.31426700949668884 -0.02580679953098297
vn 0.9571419954299927 -0.28860700130462646 -0.024192599579691887
vn 0.9638320207595825 -0.26553499698638916 -0.022769400849938393
vn 0.9693729877471924 -0.24464799463748932 -0.021508200094103813
vn 0.9740039706230164 -0.22561199963092804 -0.020384900271892548
vn 0.9779049754142761 -0.20815099775791168 -0.01937990076839924
vn 0.9812129735946655 -0.19203899800777435 -0.018477000296115875
vn 0.9840369820594788 -0.17708800733089447 -0.01766280084848404
vn 0.9864580035209656 -0.1631380021572113 -0.016926199197769165
vn 0.9885439872741699 -0.15005500614643097 -0.01625780016183853
vn 0.9903470277786255 -0.13772599399089813 -0.01564970053732395
vn 0.9919090270996094 -0.12605300545692444 -0.015095200389623642
vn 0.9932640194892883 -0.1149509996175766 -0.014588800258934498
vn 0.9944409728050232 -0.10434699803590775 -0.014125400222837925
vn 0.9954609870910645 -0.09417659789323807 -0.01370100025087595
vn 0.9963439702987671 -0.08438369631767273 -0.013312100432813168
vn 0.9971060156822205 -0.07491689920425415 -0.012955600395798683
vn 0.9977570176124573 -0.06573209911584854 -0.012628800235688686
vn 0.9983100295066833 -0.05678649991750717 -0.012329500168561935
vn 0.9987720251083374 -0.0480445995926857 -0.012055699713528156
vn 0.9991509914398193 -0.039470501244068146 -0.011805799789726734
vn 0.9994509816169739 -0.031032100319862366 -0.011578300036489964
vn 0.9996780157089233 -0.022699400782585144 -0.011371900327503681
vn 0.9998329877853394 -0.014443200081586838 -0.011185799725353718
vn 0.9999200105667114 -0.006235030014067888 -0.011018999852240086
vn 0.9999520182609558 -0.003935900051146746 -0.00900955032557249
vn 0.9999790191650391 0.004194019827991724 -0.004857390187680721
vn 0.9998760223388672 0.014683900400996208 -0.005743199959397316
vn 0.9997199773788452 0.02296699956059456 -0.005621740128844976
vn 0.9994940161705017 0.031326599419116974 -0.005509370006620884
vn 0.999193012714386 0.03979239985346794 -0.005405839998275042
vn 0.9988139867782593 0.048395100980997086 -0.005311040207743645
vn 0.998350977897644 0.05716539919376373 -0.005224850028753281
vn 0.9977970123291016 0.06614109873771667 -0.005147249903529882
vn 0.9971439838409424 0.07535610347986221 -0.0050783101469278336
vn 0.9963809847831726 0.08485399931669235 -0.005018169991672039
vn 0.9954950213432312 0.09467989951372147 -0.0049670301377773285
vn 0.9944720268249512 0.10488399863243103 -0.004925230052322149
vn 0.9932929873466492 0.11552300304174423 -0.004893159959465265
vn 0.9919340014457703 0.1266610026359558 -0.0048713600262999535
vn 0.9903680086135864 0.13837400078773499 -0.004860530141741037
vn 0.9885609745979309 0.15074299275875092 -0.004861460067331791
vn 0.9864699840545654 0.16386699676513672 -0.004875199869275093
vn 0.9840430021286011 0.1778630018234253 -0.004902970045804977
vn 0.9812139868736267 0.19286100566387177 -0.0049462998285889626
vn 0.9778980016708374 0.20902200043201447 -0.0050070201978087425
vn 0.9739890098571777 0.22653700411319733 -0.005087379831820726
vn 0.9693499803543091 0.24562899768352509 -0.005190109834074974
vn 0.963798999786377 0.26657500863075256 -0.005318549927324057
vn 0.9570990204811096 0.28970998525619507 -0.005476870108395815
vn 0.9489290118217468 0.31543800234794617 -0.005670120008289814
vn 0.9388570189476013 0.3442569971084595 -0.005904580000787973
vn 0.9262819886207581 0.3767800033092499 -0.006188009865581989
vn 0.9103659987449646 0.4137519896030426 -0.006529930047690868
vn 0.8899189829826355 0.4560660123825073 -0.006941820029169321
vn 0.8632270097732544 0.5047609806060791 -0.007437190040946007
vn 0.8278120160102844 0.5609480142593384 -0.008030680008232594
vn 0.7800840139389038 0.6256129741668701 -0.008735760115087032
vn 0.7149760127067566 0.6990839838981628 -0.009558210149407387
vn 0.6257460117340088 0.7799559831619263 -0.010482899844646454
vn 0.504734992980957 0.8631979823112488 -0.011450500227510929
vn 0.3463680148124695 0.9380180239677429 -0.012330600060522556
vn 0.15323300659656525 0.9881049990653992 -0.012924100272357464
vn -0.05843620002269745 0.9982060194015503 -0.013044199906289577
vn -0.2627820074558258 0.9647719860076904 -0.012647399678826332
vn -0.43793100118637085 0.898930013179779 -0.011869999580085278
vn -0.5754420161247253 0.8177700042724609 -0.010921199806034565
vn -0.6780999898910522 0.734902024269104 -0.00996605958789587
vn -0.7531780004501343 0.6577529907226562 -0.009093630127608776
vn -0.8080289959907532 0.5890830159187317 -0.008335470221936703
vn -0.8484830260276794 0.5291669964790344 -0.007693000137805939
vn -0.8787509799003601 0.47722798585891724 -0.007155170198529959
vn -0.9017689824104309 0.4321669936180115 -0.006707340013235807
vn -0.9195579886436462 0.39290300011634827 -0.006335359998047352
vn -0.9335209727287292 0.35847198963165283 -0.006026790011674166
vn -0.9446380138397217 0.3280630111694336 -0.005771259777247906
vn -0.9536060094833374 0.3010070025920868 -0.005560220219194889
vn -0.9609249830245972 0.27675700187683105 -0.005386800039559603
vn -0.9669610261917114 0.2548690140247345 -0.005245409905910492
vn -0.9719880223274231 0.23497499525547028 -0.0051314798183739185
vn -0.976207971572876 0.21677899360656738 -0.00504133990034461
vn -0.9797769784927368 0.20003299415111542 -0.0049720401875674725
vn -0.9828140139579773 0.18453000485897064 -0.0049210600554943085
vn -0.985414981842041 0.17010000348091125 -0.00488641019910574
vn -0.987650990486145 0.15659700334072113 -0.004866459872573614
vn -0.989579975605011 0.1439010053873062 -0.0048598297871649265
vn -0.9912509918212891 0.13190299272537231 -0.004865420050919056
vn -0.9926999807357788 0.12051399797201157 -0.004882310051470995
vn -0.993956983089447 0.10965900123119354 -0.004909750074148178
vn -0.995048999786377 0.09926529973745346 -0.00494715990498662
vn -0.995993971824646 0.08927559852600098 -0.004994079936295748
vn -0.9968109726905823 0.07963529974222183 -0.005050139967352152
vn -0.9975129961967468 0.07029759883880615 -0.00511506013572216
vn -0.9981110095977783 0.061219699680805206 -0.005188690032809973
vn -0.9986140131950378 0.05235990136861801 -0.0052709500305354595
vn -0.9990310072898865 0.04368630051612854 -0.005361809860914946
vn -0.9993669986724854 0.03516250103712082 -0.005461310036480427
vn -0.9996259808540344 0.026758400723338127 -0.005569600034505129
vn -0.999813973903656 0.018444599583745003 -0.005686849821358919
vn -0.9999309778213501 0.010191500186920166 -0.005813379772007465
vn -0.9999799728393555 0.001971619902178645 -0.005949489772319794
vn -0.9999619722366333 -0.006240109913051128 -0.006095550023019314
vn -0.9998760223388672 -0.014474799856543541 -0.0062521700747311115
vn -0.9997199773788452 -0.02275650016963482 -0.006419839803129435
vn -0.9994940161705017 -0.03111569955945015 -0.00659930007532239
vn -0.999193012714386 -0.03957910090684891 -0.0067912801168859005
vn -0.9988139867782593 -0.04818030074238777 -0.00699676014482975
vn -0.998350977897644 -0.056948598474264145 -0.0072167101316154
vn -0.9977970123291016 -0.06592070311307907 -0.007452390156686306
vn -0.9971439838409424 -0.07513280212879181 -0.007705099880695343
vn -0.9963809847831726 -0.08462730050086975 -0.007976479828357697
vn -0.9954950213432312 -0.09444860368967056 -0.008268279954791069
vn -0.9944720268249512 -0.10464800149202347 -0.008582619950175285
vn -0.9932929873466492 -0.11528199911117554 -0.008921880275011063
vn -0.9919340014457703 -0.1264140009880066 -0.009288820438086987
vn -0.9903680086135864 -0.13811899721622467 -0.009686710312962532
vn -0.9885609745979309 -0.15048100054264069 -0.010119300335645676
vn -0.9864699840545654 -0.16359800100326538 -0.010591099970042706
vn -0.9840430021286011 -0.1775829941034317 -0.011107300408184528
vn -0.9812129735946655 -0.1925719976425171 -0.01167409960180521
vn -0.9778980016708374 -0.20871999859809875 -0.012298700399696827
vn -0.9739900231361389 -0.2262199968099594 -0.012990299612283707
vn -0.9693499803543091 -0.24529899656772614 -0.013759300112724304
vn -0.9638000130653381 -0.26622599363327026 -0.01461859978735447
vn -0.9570990204811096 -0.2893419861793518 -0.015584300272166729
vn -0.9489290118217468 -0.31505000591278076 -0.016675399616360664
vn -0.9388570189476013 -0.34384098649024963 -0.017915399745106697
vn -0.9262830018997192 -0.37633299827575684 -0.019333599135279655
vn -0.9103670120239258 -0.4132699966430664 -0.02096560038626194
vn -0.8899170160293579 -0.4555490016937256 -0.02285419963300228
vn -0.8632270097732544 -0.5041940212249756 -0.025048600509762764
vn -0.8278110027313232 -0.5603269934654236 -0.027602700516581535
vn -0.7800859808921814 -0.624925971031189 -0.030564000830054283
vn -0.7149749994277954 -0.698324978351593 -0.03395010158419609
vn -0.6257460117340088 -0.7791150212287903 -0.03769659996032715
vn -0.5047410130500793 -0.8622699975967407 -0.04156859964132309
vn -0.34635698795318604 -0.9370200037956238 -0.04505959898233414
vn -0.1532450020313263 -0.9870510101318359 -0.04740050062537193
vn 0.05844010040163994 -0.9971420168876648 -0.04787319898605347
vn 0.2627849876880646 -0.9637420177459717 -0.0463096983730793
vn 0.43792200088500977 -0.8979730010032654 -0.04323520138859749
vn 0.5754520297050476 -0.8168830275535583 -0.0394539013504982
vn 0.6780970096588135 -0.7341099977493286 -0.035607799887657166
vn 0.7531790137290955 -0.6570349931716919 -0.032043300569057465
vn 0.8080310225486755 -0.5884320139884949 -0.028889000415802002
vn 0.8484820127487183 -0.528577983379364 -0.026156099513173103
vn 0.8787519931793213 -0.4766849875450134 -0.02380570024251938
vn 0.9017670154571533 -0.43167299032211304 -0.02178579941391945
vn 0.9195590019226074 -0.3924410045146942 -0.020043499767780304
vn 0.9335219860076904 -0.358040988445282 -0.018533499911427498
vn 0.9446380138397217 -0.32766100764274597 -0.0172169990837574
vn 0.9536049962043762 -0.3006319999694824 -0.016061900183558464
vn 0.9609249830245972 -0.27640199661254883 -0.015042300336062908
vn 0.9669619798660278 -0.2545289993286133 -0.014136900193989277
vn 0.9719880223274231 -0.23465299606323242 -0.013328899629414082
vn 0.976207971572876 -0.21647000312805176 -0.012603700160980225
vn 0.9797769784927368 -0.19973799586296082 -0.011950099840760231
vn 0.9828140139579773 -0.1842470020055771 -0.011358099989593029
vn 0.985414981842041 -0.1698250025510788 -0.010819800198078156
vn 0.9876499772071838 -0.15633299946784973 -0.010328699834644794
vn 0.989579975605011 -0.14364300668239594 -0.009878910146653652
vn 0.9912509918212891 -0.13165199756622314 -0.009465780109167099
vn 0.9926999807357788 -0.1202709972858429 -0.009085220284759998
vn 0.993956983089447 -0.10942099988460541 -0.00873379036784172
vn 0.995048999786377 -0.09903229773044586 -0.008408459834754467
vn 0.995993971824646 -0.08904659748077393 -0.008106700144708157
vn 0.9968109726905823 -0.07941090315580368 -0.007826300337910652
vn 0.9975129961967468 -0.07007619738578796 -0.007565290201455355
vn 0.9981110095977783 -0.061000898480415344 -0.007322059944272041
vn 0.9986140131950378 -0.05214430019259453 -0.007095090113580227
vn 0.9990310072898865 -0.04347280040383339 -0.006883169990032911
vn 0.9993669986724854 -0.034950099885463715 -0.006685120053589344
vn 0.9996259808540344 -0.026548000052571297 -0.006500069983303547
vn 0.999813973903656 -0.018234500661492348 -0.006327089853584766
vn 0.9999309778213501 -0.009982810355722904 -0.006165519822388887
vn 0.9999799728393555 -0.0017628900241106749 -0.00601466977968812
vn -0.9999909996986389 0.004098580218851566 0.0011187100317329168
vn -0.9999909996986389 -0.004122780170291662 0.0008463520207442343
vn -0.9999740123748779 -0.007115319836884737 0.0006657419726252556
vn -0.9998819828033447 -0.015358099713921547 0.0005236819852143526
vn -0.9997199773788452 -0.02365179918706417 0.00038208201294764876
vn -0.9994869828224182 -0.03202499821782112 0.00024047000624705106
vn -0.9991790056228638 -0.040506601333618164 0.0000983813006314449
vn -0.9987930059432983 -0.04912760108709335 -0.00004467530015972443
vn -0.998320996761322 -0.05792050063610077 -0.0001892059954116121
vn -0.9977579712867737 -0.06691999733448029 -0.0003357350069563836
vn -0.997094988822937 -0.07616399973630905 -0.00048482901183888316
vn -0.9963210225105286 -0.08569420129060745 -0.0006371010094881058
vn -0.9954239726066589 -0.09555649757385254 -0.0007932159933261573
vn -0.9943869709968567 -0.10580199956893921 -0.0009539130260236561
vn -0.9931910037994385 -0.1164880022406578 -0.001119990018196404
vn -0.9918149709701538 -0.1276800036430359 -0.0012923800386488438
vn -0.990227997303009 -0.1394519954919815 -0.0014721000334247947
vn -0.9883959889411926 -0.15189099311828613 -0.001660370035097003
vn -0.9862759709358215 -0.16509300470352173 -0.0018585199723020196
vn -0.9838150143623352 -0.17917799949645996 -0.002068170113489032
vn -0.9809439778327942 -0.1942790001630783 -0.002291169948875904
vn -0.9775779843330383 -0.21055899560451508 -0.002529710065573454
vn -0.9736080169677734 -0.22821199893951416 -0.002786430064588785
vn -0.968891978263855 -0.24746599793434143 -0.0030644400976598263
vn -0.9632459878921509 -0.2685990035533905 -0.003367509925737977
vn -0.9564250111579895 -0.29195600748062134 -0.0037002800963819027
vn -0.9480999708175659 -0.31794700026512146 -0.004068300127983093
vn -0.9378250241279602 -0.34707900881767273 -0.004478420130908489
vn -0.9249820113182068 -0.3799780011177063 -0.004939060192555189
vn -0.9087070226669312 -0.41739800572395325 -0.0054604001343250275
vn -0.8877689838409424 -0.46024999022483826 -0.006054699886590242
vn -0.8603960275650024 -0.509581983089447 -0.006736020091921091
vn -0.8240280151367188 -0.5664989948272705 -0.0075192200019955635
vn -0.7749519944190979 -0.6319640278816223 -0.008417120203375816
vn -0.707955002784729 -0.7061939835548401 -0.00943244993686676
vn -0.6161609888076782 -0.7875499725341797 -0.010542700067162514
vn -0.4919320046901703 -0.8705559968948364 -0.011673499830067158
vn -0.33014801144599915 -0.9438440203666687 -0.012670500203967094
vn -0.1344909965991974 -0.9908249974250793 -0.013309200294315815
vn 0.07759019732475281 -0.9968950152397156 -0.013391699641942978
vn 0.27999401092529297 -0.9599149823188782 -0.012888999655842781
vn 0.4518589973449707 -0.8920090198516846 -0.011965399608016014
vn 0.5859919786453247 -0.8102440237998962 -0.010851999744772911
vn 0.6858440041542053 -0.7276830077171326 -0.009725930169224739
vn 0.7588210105895996 -0.6512420177459717 -0.008681049570441246
vn 0.8121650218963623 -0.5833759903907776 -0.007750949822366238
vn 0.8515580296516418 -0.5242149829864502 -0.0069376397877931595
vn 0.8810719847679138 -0.47294101119041443 -0.006230220198631287
vn 0.9035519957542419 -0.42844098806381226 -0.005613800138235092
vn 0.9209520220756531 -0.38964399695396423 -0.005073970183730125
vn 0.9346259832382202 -0.3556019961833954 -0.004597980063408613
vn 0.9455270171165466 -0.3255159854888916 -0.004175059963017702
vn 0.9543309807777405 -0.29872798919677734 -0.0037963700015097857
vn 0.9615229964256287 -0.2747020125389099 -0.003454660065472126
vn 0.9674599766731262 -0.25300300121307373 -0.0031440299935638905
vn 0.9724079966545105 -0.23326900601387024 -0.002859639935195446
vn 0.9765650033950806 -0.21520699560642242 -0.0025974700693041086
vn 0.9800829887390137 -0.19857600331306458 -0.0023542901035398245
vn 0.9830790162086487 -0.18317200243473053 -0.0021273200400173664
vn 0.9856439828872681 -0.16882699728012085 -0.0019142499659210443
vn 0.9878510236740112 -0.15539699792861938 -0.0017131499480456114
vn 0.9897559881210327 -0.14276200532913208 -0.0015223600203171372
vn 0.9914050102233887 -0.13081799447536469 -0.0013404299970716238
vn 0.9928359985351562 -0.11947699636220932 -0.001166169997304678
vn 0.9940779805183411 -0.10866100341081619 -0.000998478033579886
vn 0.9951559901237488 -0.09830170124769211 -0.0008364120149053633
vn 0.9960899949073792 -0.08834079653024673 -0.0006791329942643642
vn 0.9968960285186768 -0.07872530072927475 -0.0005258889868855476
vn 0.9975879788398743 -0.06940799951553345 -0.00037599800270982087
vn 0.9981769919395447 -0.06034630164504051 -0.0002288349933223799
vn 0.9986730217933655 -0.05150090157985687 -0.00008381810039281845
vn 0.9990820288658142 -0.04283659905195236 0.00005958629844826646
vn 0.9994109869003296 -0.034320298582315445 0.00020188700000289828
vn 0.9996640086174011 -0.025920700281858444 0.00034357799449935555
vn 0.999845027923584 -0.01760829985141754 0.0004851339908782393
vn 0.9999560117721558 -0.009354460053145885 0.0006270200246945024
vn 0.9999989867210388 -0.0011313899885863066 0.0007697070250287652
vn 0.9999740123748779 0.0070877401158213615 0.0009136570151895285
vn 0.9998819828033447 0.015330400317907333 0.0010593499755486846
vn 0.9997199773788452 0.023624099791049957 0.0012072899844497442
vn 0.9994869828224182 0.03199730068445206 0.0013579799560829997
vn 0.9991790056228638 0.040478501468896866 0.0015119799645617604
vn 0.9987930059432983 0.04909919947385788 0.0016698800027370453
vn 0.998320996761322 0.05789180099964142 0.0018323099939152598
vn 0.9977579712867737 0.06689109653234482 0.001999950036406517
vn 0.997094988822937 0.07613469660282135 0.0021735599730163813
vn 0.9963210225105286 0.08566410094499588 0.0023539699614048004
vn 0.9954239726066589 0.09552589803934097 0.0025421399623155594
vn 0.9943869709968567 0.10577099770307541 0.00273911003023386
vn 0.9931910037994385 0.11645600199699402 0.0029460699297487736
vn 0.9918149709701538 0.1276479959487915 0.0031643800903111696
vn 0.990227997303009 0.13941800594329834 0.0033956000115722418
vn 0.9883959889411926 0.15185600519180298 0.003641539951786399
vn 0.9862759709358215 0.1650570034980774 0.0039042700082063675
vn 0.983814001083374 0.17914099991321564 0.00418630987405777
vn 0.9809430241584778 0.194241002202034 0.004490490071475506
vn 0.9775779843330383 0.2105190008878708 0.004820249974727631
vn 0.9736070036888123 0.2281699925661087 0.0051797498017549515
vn 0.968891978263855 0.247420996427536 0.005573839880526066
vn 0.9632459878921509 0.2685540020465851 0.006008550059050322
vn 0.9564250111579895 0.2919059991836548 0.00649107014760375
vn 0.9480999708175659 0.31789499521255493 0.007030370179563761
vn 0.9378250241279602 0.34702301025390625 0.007637190166860819
vn 0.9249820113182068 0.37991899251937866 0.008324990049004555
vn 0.90870600938797 0.41733700037002563 0.009109970182180405
vn 0.8877689838409424 0.46018001437187195 0.010011499747633934
vn 0.8603969812393188 0.5095049738883972 0.011052199639379978
vn 0.8240290284156799 0.5664160251617432 0.012255899608135223
vn 0.7749509811401367 0.6318740248680115 0.013643300160765648
vn 0.7079529762268066 0.7060949802398682 0.015219200402498245
vn 0.6161630153656006 0.7874360084533691 0.016948800534009933
vn 0.49193501472473145 0.8704310059547424 0.018715599551796913
vn 0.330130010843277 0.9437180161476135 0.020276999101042747
vn 0.1345060020685196 0.9906839728355408 0.021278200671076775
vn -0.07759550213813782 0.9967550039291382 0.021407600492239
vn -0.2799989879131317 0.9597790241241455 0.02061929926276207
vn -0.4518429934978485 0.8918910026550293 0.019172700121998787
vn -0.586001992225647 0.810122013092041 0.01743149943649769
vn -0.6858429908752441 0.7275810241699219 0.015675799921154976
vn -0.7588189840316772 0.6511499881744385 0.014052299782633781
vn -0.8121650218963623 0.5832909941673279 0.012613300234079361
vn -0.8515580296516418 0.524137020111084 0.011361399665474892
vn -0.881072998046875 0.47286900877952576 0.010278900153934956
vn -0.9035519957542419 0.4283759891986847 0.009341999888420105
vn -0.9209510087966919 0.3895860016345978 0.008527549915015697
vn -0.9346259832382202 0.3555459976196289 0.007815159857273102
vn -0.945527970790863 0.3254620134830475 0.007187789771705866
vn -0.9543309807777405 0.2986780107021332 0.006631390191614628
vn -0.9615229964256287 0.2746550142765045 0.006134420167654753
vn -0.9674599766731262 0.2529590129852295 0.0056875599548220634
vn -0.9724079966545105 0.2332260012626648 0.005283060017973185
vn -0.9765650033950806 0.21516700088977814 0.004914740100502968
vn -0.9800829887390137 0.19853800535202026 0.004577349871397018
vn -0.9830790162086487 0.1831350028514862 0.004266589879989624
vn -0.9856439828872681 0.16878999769687653 0.003978869877755642
vn -0.9878510236740112 0.15536199510097504 0.0037111600395292044
vn -0.9897559881210327 0.14272800087928772 0.0034608899150043726
vn -0.9914050102233887 0.1307850033044815 0.0032258699648082256
vn -0.9928359985351562 0.11944500356912613 0.0030042200814932585
vn -0.9940779805183411 0.1086290031671524 0.002794330008327961
vn -0.9951559901237488 0.09827069938182831 0.0025947699323296547
vn -0.9960899949073792 0.0883105993270874 0.002404330065473914
vn -0.9968960285186768 0.07869569957256317 0.002221900038421154
vn -0.9975879788398743 0.06937909871339798 0.0020465399138629436
vn -0.9981769919395447 0.06031759828329086 0.0018773600459098816
vn -0.9986730217933655 0.05147229880094528 0.00171357998624444
vn -0.9990820288658142 0.042808398604393005 0.0015545299975201488
vn -0.9994109869003296 0.034292399883270264 0.0013995299814268947
vn -0.9996640086174011 0.02589300088584423 0.001247989945113659
vn -0.999845027923584 0.01758049987256527 0.001099359942600131
vn -0.9999560117721558 0.009326869621872902 0.0009531039977446198
vn -0.9999909996986389 0.004097199998795986 0.0007871660054661334
vn -0.9999909996986389 -0.004114679992198944 0.00023874199541751295
vn -0.9999560117721558 -0.009422199800610542 0.00014643899339716882
vn -0.9998440146446228 -0.01767840050160885 0.000003190200004610233
vn -0.9996619820594788 -0.025993699207901955 -0.0001405569928465411
vn -0.9994080066680908 -0.03439610078930855 -0.00028528101393021643
vn -0.9990789890289307 -0.042915500700473785 -0.0004314859979785979
vn -0.9986690282821655 -0.05158330127596855 -0.0005796980112791061
vn -0.9981719851493835 -0.06043269857764244 -0.0007304719765670598
vn -0.9975820183753967 -0.0694987028837204 -0.0008843829855322838
vn -0.9968879818916321 -0.07882069796323776 -0.0010420799953863025
vn -0.9960809946060181 -0.08844129741191864 -0.0012042600428685546
vn -0.9951450228691101 -0.09840810298919678 -0.0013717099791392684
vn -0.99406498670578 -0.10877300053834915 -0.0015452499501407146
vn -0.9928209781646729 -0.11959599703550339 -0.0017258600564673543
vn -0.9913880228996277 -0.13094599545001984 -0.0019146299455314875
vn -0.9897350072860718 -0.14289799332618713 -0.00211280002258718
vn -0.9878259897232056 -0.1555429995059967 -0.002321809995919466
vn -0.9856160283088684 -0.16898199915885925 -0.002543289912864566
vn -0.9830459952354431 -0.18334099650382996 -0.002779219998046756
vn -0.9800440073013306 -0.19875800609588623 -0.003031830070540309
vn -0.976518988609314 -0.21540500223636627 -0.003303860081359744
vn -0.972353994846344 -0.23348499834537506 -0.003598530078306794
vn -0.9673960208892822 -0.2532390058040619 -0.003919700160622597
vn -0.9614449739456177 -0.27496299147605896 -0.004272060003131628
vn -0.9542359709739685 -0.2990170121192932 -0.004661350045353174
vn -0.9454129934310913 -0.3258360028266907 -0.0050944797694683075
vn -0.9344840049743652 -0.35596099495887756 -0.005580049939453602
vn -0.920773983001709 -0.390049010515213 -0.0061285002157092094
vn -0.9033269882202148 -0.42889899015426636 -0.006752519868314266
vn -0.8807820081710815 -0.4734640121459961 -0.0074672698974609375
vn -0.8511790037155151 -0.5248110294342041 -0.008289660327136517
vn -0.8116670250892639 -0.5840470194816589 -0.00923726987093687
vn -0.7581520080566406 -0.6519970297813416 -0.010323099792003632
vn -0.6849430203437805 -0.72850501537323 -0.011544699780642986
vn -0.5847910046577454 -0.8110820055007935 -0.012862199917435646
vn -0.45030298829078674 -0.8927639722824097 -0.01416459959000349
vn -0.27811199426651 -0.96042799949646 -0.015243199653923512
vn -0.07554759830236435 -0.9970170259475708 -0.015826299786567688
vn 0.13645799458026886 -0.9905210137367249 -0.01572280004620552
vn 0.33181700110435486 -0.9432250261306763 -0.014968999661505222
vn 0.4932110011577606 -0.8697999715805054 -0.013798500411212444
vn 0.6170939803123474 -0.7867900133132935 -0.01247469987720251
vn 0.7086229920387268 -0.705498993396759 -0.01117740012705326
vn 0.7754259705543518 -0.6313599944114685 -0.00999343954026699
vn 0.8243690133094788 -0.56598299741745 -0.008948390372097492
vn 0.8606449961662292 -0.5091429948806763 -0.008038819767534733
vn 0.8879510164260864 -0.4598810076713562 -0.00724952993914485
vn 0.9088460206985474 -0.41708099842071533 -0.006562789902091026
vn 0.9250890016555786 -0.37970399856567383 -0.0059621501713991165
vn 0.9379079937934875 -0.34684300422668457 -0.005433159880340099
vn 0.9481649994850159 -0.31773900985717773 -0.004963790066540241
vn 0.9564769864082336 -0.2917729914188385 -0.004544190131127834
vn 0.9632880091667175 -0.268436998128891 -0.004166279919445515
vn 0.9689270257949829 -0.24731899797916412 -0.003823519917204976
vn 0.9736369848251343 -0.2280779927968979 -0.003510470036417246
vn 0.9776020050048828 -0.21043699979782104 -0.0032227400224655867
vn 0.9809640049934387 -0.19416700303554535 -0.0029566700104624033
vn 0.9838320016860962 -0.17907199263572693 -0.002709150081500411
vn 0.9862909913063049 -0.1649949997663498 -0.002477630041539669
vn 0.9884089827537537 -0.15179699659347534 -0.0022599599324166775
vn 0.9902390241622925 -0.13936300575733185 -0.0020542601123452187
vn 0.9918249845504761 -0.12759500741958618 -0.0018589500105008483
vn 0.9932000041007996 -0.11640600115060806 -0.0016726700123399496
vn 0.9943950176239014 -0.10572200268507004 -0.0014942199923098087
vn 0.9954310059547424 -0.09547829627990723 -0.0013225399889051914
vn 0.9963269829750061 -0.08561740070581436 -0.0011567099718376994
vn 0.9971010088920593 -0.07608789950609207 -0.0009959059534594417
vn 0.9977629780769348 -0.06684459745883942 -0.0008393789757974446
vn 0.998324990272522 -0.0578451007604599 -0.000686438987031579
vn 0.9987959861755371 -0.049052100628614426 -0.0005364699754863977
vn 0.9991819858551025 -0.04043060168623924 -0.00038889498682692647
vn 0.9994890093803406 -0.03194839879870415 -0.00024317500356119126
vn 0.9997220039367676 -0.02357419952750206 -0.00009878440323518589
vn 0.9998829960823059 -0.015279100276529789 0.00004476630056160502
vn 0.9999750256538391 -0.00703458022326231 0.0001879640039987862
vn 0.9999989867210388 0.0011863800464197993 0.00033127499045804143
vn 0.9999560117721558 0.00941138993948698 0.00047518100473098457
vn 0.9998440146446228 0.01766750030219555 0.000620155013166368
vn 0.9996619820594788 0.025982700288295746 0.0007666940218769014
vn 0.9994080066680908 0.03438510000705719 0.0009152989950962365
vn 0.9990789890289307 0.04290439933538437 0.0010665099835023284
vn 0.9986690282821655 0.05157199874520302 0.0012208799598738551
vn 0.9981719851493835 0.060421399772167206 0.0013790399534627795
vn 0.9975820183753967 0.06948760151863098 0.001541630015708506
vn 0.9968879818916321 0.07880920171737671 0.0017093600472435355
vn 0.9960809946060181 0.08842939883470535 0.0018830200424417853
vn 0.9951450228691101 0.09839560091495514 0.0020635200198739767
vn 0.99406498670578 0.10876099765300751 0.0022518199402838945
vn 0.9928209781646729 0.11958400160074234 0.0024490500800311565
vn 0.9913880228996277 0.1309320032596588 0.002656460041180253
vn 0.9897350072860718 0.1428840011358261 0.0028755399398505688
vn 0.9878259897232056 0.15552900731563568 0.0031079601030796766
vn 0.9856160283088684 0.16896900534629822 0.0033556700218468904
vn 0.9830449819564819 0.18332700431346893 0.0036209900863468647
vn 0.9800440073013306 0.19874200224876404 0.003906560130417347
vn 0.976518988609314 0.21538999676704407 0.004215689841657877
vn 0.972353994846344 0.23346799612045288 0.004552159924060106
vn 0.9673960208892822 0.2532210052013397 0.004920599982142448
vn 0.9614449739456177 0.2749449908733368 0.0053266198374331
vn 0.9542369842529297 0.29899701476097107 0.0057770200073719025
vn 0.9454119801521301 0.32581600546836853 0.006280149798840284
vn 0.9344840049743652 0.35593798756599426 0.006846200209110975
vn 0.9207720160484314 0.39002901315689087 0.007487819995731115
vn 0.9033259749412537 0.42887499928474426 0.008219979703426361
vn 0.8807839751243591 0.4734320044517517 0.009060859680175781
vn 0.8511809706687927 0.5247769951820374 0.010030999779701233
vn 0.8116679787635803 0.584011971950531 0.011151299811899662
vn 0.7581490278244019 0.6519629955291748 0.012437599711120129
vn 0.6849409937858582 0.7284659743309021 0.013886899687349796
vn 0.5848000049591064 0.8110299706459045 0.015451899729669094
vn 0.45029300451278687 0.8927189707756042 0.01700109988451004
vn 0.27810999751091003 0.9603750109672546 0.018284600228071213
vn 0.07556240260601044 0.9969599843025208 0.018978700041770935
vn -0.13647699356079102 0.9904639720916748 0.018855499103665352
vn -0.3318049907684326 0.9431769847869873 0.017958300188183784
vn -0.49320799112319946 0.8697540163993835 0.01656549982726574
vn -0.6171020269393921 0.7867400050163269 0.014991399832069874
vn -0.7086189985275269 0.7054629921913147 0.01345099974423647
vn -0.7754240036010742 0.6313260197639465 0.01204679999500513
vn -0.8243690133094788 0.5659499764442444 0.010809600353240967
vn -0.8606470227241516 0.5091099739074707 0.009734840132296085
vn -0.887952983379364 0.4598509967327118 0.008804449811577797
vn -0.908843994140625 0.41705799102783203 0.007997159846127033
vn -0.9250879883766174 0.3796840012073517 0.007293019909411669
vn -0.9379079937934875 0.34682101011276245 0.006674780044704676
vn -0.9481649994850159 0.3177179992198944 0.0061281598173081875
vn -0.9564769864082336 0.29175400733947754 0.005641300231218338
vn -0.9632880091667175 0.2684189975261688 0.005204579792916775
vn -0.9689270257949829 0.24730099737644196 0.004810099955648184
vn -0.9736369848251343 0.2280610054731369 0.00445146020501852
vn -0.9776020050048828 0.21042199432849884 0.004123379942029715
vn -0.9809640049934387 0.19415099918842316 0.003821450052782893
vn -0.9838320016860962 0.1790580004453659 0.0035420400090515614
vn -0.9862909913063049 0.16498099267482758 0.0032821199856698513
vn -0.9884089827537537 0.15178300440311432 0.003039049915969372
vn -0.9902390241622925 0.13934999704360962 0.002810700098052621
vn -0.9918249845504761 0.12758199870586395 0.002595159923657775
vn -0.9932000041007996 0.11639299988746643 0.0023908501025289297
vn -0.9943950176239014 0.1057099997997284 0.0021963301114737988
vn -0.9954310059547424 0.0954660028219223 0.00201039994135499
vn -0.9963269829750061 0.08560539782047272 0.0018319899681955576
vn -0.9971010088920593 0.07607650011777878 0.0016601299867033958
vn -0.9977629780769348 0.0668335035443306 0.0014939799439162016
vn -0.998324990272522 0.057833898812532425 0.001332749961875379
vn -0.9987959861755371 0.04904089868068695 0.00117575004696846
vn -0.9991819858551025 0.040419600903987885 0.0010223500430583954
vn -0.9994890093803406 0.03193740174174309 0.0008719550096429884
vn -0.9997220039367676 0.02356320060789585 0.0007240020204335451
vn -0.9998829960823059 0.01526820007711649 0.0005779709899798036
vn -0.9999750256538391 0.007023780141025782 0.00043335300870239735
vn -0.9999909996986389 0.0041045499965548515 0.0003822100115939975
f 1//1 152//152 2//2
f 152//152 153//153 2//2
f 2//2 153//153 3//3
f 153//153 154//154 3//3
f 3//3 154//154 4//4
f 154//154 155//155 4//4
f 4//4 155//155 5//5
f 155//155 156//156 5//5
f 5//5 156//156 6//6
f 156//156 157//157 6//6
f 6//6 157//157 7//7
f 157//157 158//158 7//7
f 7//7 158//158 8//8
f 158//158 159//159 8//8
f 8//8 159//159 9//9
f 159//159 160//160 9//9
f 9//9 160//160 10//10
f 160//160 161//161 10//10
f 10//10 161//161 11//11
f 161//161 162//162 11//11
f 11//11 162//162 12//12
f 162//162 163//163 12//12
f 12//12 163//163 13//13
f 163//163 164//164 13//13
f 13//13 164//164 14//14
f 164//164 165//165 14//14
f 14//14 165//165 15//15
f 165//165 166//166 15//15
f 15//15 166//166 16//16
f 166//166 167//167 16//16
f 16//16 167//167 17//17
f 167//167 168//168 17//17
f 17//17 168//168 18//18
f 168//168 169//169 18//18
f 18//18 169//169 19//19
f 169//169 170//170 19//19
f 19//19 170//170 20//20
f 170//170 171//171 20//20
f 20//20 171//171 21//21
f 171//171 172//172 21//21
f 21//21 172//172 22//22
f 172//172 173//173 22//22
f 22//22 173//173 23//23
f 173//173 174//174 23//23
f 23//23 174//174 24//24
f 174//174 175//175 24//24
f 24//24 175//175 25//25
f 175//175 176//176 25//25
f 25//25 176//176 26//26
f 176//176 177//177 26//26
f 26//26 177//177 27//27
f 177//177 178//178 27//27
f 27//27 178//178 28//28
f 178//178 179//179 28//28
f 28//28 179//179 29//29
f 179//179 180//180 29//29
f 29//29 180//180 30//30
f 180//180 181//181 30//30
f 30//30 181//181 31//31
f 181//181 182//182 31//31
f 31//31 182//182 32//32
f 182//182 183//183 32//32
f 32//32 183//183 33//33
f 183//183 184//184 33//33
f 33//33 184//184 34//34
f 184//184 185//185 34//34
f 34//34 185//185 35//35
f 185//185 186//186 35//35
f 35//35 186//186 36//36
f 186//186 187//187 36//36
f 36//36 187//187 37//37
f 187//187 188//188 37//37
f 37//37 188//188 38//38
f 188//188 189//189 38//38
f 38//38 189//189 39//39
f 189//189 190//190 39//39
f 39//39 190//190 40//40
f 190//190 191//191 40//40
f 40//40 191//191 41//41
f 191//191 192//192 41//41
f 41//41 192//192 42//42
f 192//192 193//193 42//42
f 42//42 193//193 43//43
f 193//193 194//194 43//43
f 43//43 194//194 44//44
f 194//194 195//195 44//44
f 44//44 195//195 45//45
f 195//195 196//196 45//45
f 45//45 196//196 46//46
f 196//196 197//197 46//46
f 46//46 197//197 47//47
f 197//197 198//198 47//47
f 47//47 198//198 48//48
f 198//198 199//199 48//48
f 48//48 199//199 49//49
f 199//199 200//200 49//49
f 49//49 200//200 50//50
f 200//200 201//201 50//50
f 50//50 201//201 51//51
f 201//201 202//202 51//51
f 51//51 202//202 52//52
f 202//202 203//203 52//52
f 52//52 203//203 53//53
f 203//203 204//204 53//53
f 53//53 204//204 54//54
f 204//204 205//205 54//54
f 54//54 205//205 55//55
f 205//205 206//206 55//55
f 55//55 206//206 56//56
f 206//206 207//207 56//56
f 56//56 207//207 57//57
f 207//207 208//208 57//57
f 57//57 208//208 58//58
f 208//208 209//209 58//58
f 58//58 209//209 59//59
f 209//209 210//210 59//59
f 59//59 210//210 60//60
f 210//210 211//211 60//60
f 60//60 211//211 61//61
f 211//211 212//212 61//61
f 61//61 212//212 62//62
f 212//212 213//213 62//62
f 62//62 213//213 63//63
f 213//213 214//214 63//63
f 63//63 214//214 64//64
f 214//214 215//215 64//64
f 64//64 215//215 65//65
f 215//215 216//216 65//65
f 65//65 216//216 66//66
f 216//216 217//217 66//66
f 66//66 217//217 67//67
f 217//217 218//218 67//67
f 67//67 218//218 68//68
f 218//218 219//219 68//68
f 68//68 219//219 69//69
f 219//219 220//220 69//69
f 69//69 220//220 70//70
f 220//220 221//221 70//70
f 70//70 221//221 71//71
f 221//221 222//222 71//71
f 71//71 222//222 72//72
f 222//222 223//223 72//72
f 72//72 223//223 73//73
f 223//223 224//224 73//73
f 73//73 224//224 74//74
f 224//224 225//225 74//74
f 74//74 225//225 75//75
f 225//225 226//226 75//75
f 75//75 226//226 76//76
f 226//226 227//227 76//76
f 76//76 227//227 77//77
f 227//227 228//228 77//77
f 77//77 228//228 78//78
f 228//228 229//229 78//78
f 78//78 229//229 79//79
f 229//229 230//230 79//79
f 79//79 230//230 80//80
f 230//230 231//231 80//80
f 80//80 231//231 81//81
f 231//231 232//232 81//81
f 81//81 232//232 82//82
f 232//232 233//233 82//82
f 82//82 233//233 83//83
f 233//233 234//234 83//83
f 83//83 234//234 84//84
f 234//234 235//235 84//84
f 84//84 235//235 85//85
f 235//235 236//236 85//85
f 85//85 236//236 86//86
f 236//236 237//237 86//86
f 86//86 237//237 87//87
f 237//237 238//238 87//87
f 87//87 238//238 88//88
f 238//238 239//239 88//88
f 88//88 239//239 89//89
f 239//239 240//240 89//89
f 89//89 240//240 90//90
f 240//240 241//241 90//90
f 90//90 241//241 91//91
f 241//241 242//242 91//91
f 91//91 242//242 92//92
f 242//242 243//243 92//92
f 92//92 243//243 93//93
f 243//243 244//244 93//93
f 93//93 244//244 94//94
f 244//244 245//245 94//94
f 94//94 245//245 95//95
f 245//245 246//246 95//95
f 95//95 246//246 96//96
f 246//246 247//247 96//96
f 96//96 247//247 97//97
f 247//247 248//248 97//97
f 97//97 248//248 98//98
f 248//248 249//249 98//98
f 98//98 249//249 99//99
f 249//249 250//250 99//99
f 99//99 250//250 100//100
f 250//250 251//251 100//100
f 100//100 251//251 101//101
f 251//251 252//252 101//101
f 101//101 252//252 102//102
f 252//252 253//253 102//102
f 102//102 253//253 103//103
f 253//253 254//254 103//103
f 103//103 254//254 104//104
f 254//254 255//255 104//104
f 104//104 255//255 105//105
f 255//255 256//256 105//105
f 105//105 256//256 106//106
f 256//256 257//257 106//106
f 106//106 257//257 107//107
f 257//257 258//258 107//107
f 107//107 258//258 108//108
f 258//258 259//259 108//108
f 108//108 259//259 109//109
f 259//259 260//260 109//109
f 109//109 260//260 110//110
f 260//260 261//261 110//110
f 110//110 261//261 111//111
f 261//261 262//262 111//111
f 111//111 262//262 112//112
f 262//262 263//263 112//112
f 112//112 263//263 113//113
f 263//263 264//264 113//113
f 113//113 264//264 114//114
f 264//264 265//265 114//114
f 114//114 265//265 115//115
f 265//265 266//266 115//115
f 115//115 266//266 116//116
f 266//266 267//267 116//116
f 116//116 267//267 117//117
f 267//267 268//268 117//117
f 117//117 268//268 118//118
f 268//268 269//269 118//118
f 118//118 269//269 119//119
f 269//269 270//270 119//119
f 119//119 270//270 120//120
f 270//270 271//271 120//120
f 120//120 271//271 121//121
f 271//271 272//272 121//121
f 121//121 272//272 122//122
f 272//272 273//273 122//122
f 122//122 273//273 123//123
f 273//273 274//274 123//123
f 123//123 274//274 124//124
f 274//274 275//275 124//124
f 124//124 275//275 125//125
f 275//275 276//276 125//125
f 125//125 276//276 126//126
f 276//276 277//277 126//126
f 126//126 277//277 127//127
f 277//277 278//278 127//127
f 127//127 278//278 128//128
f 278//278 279//279 128//128
f 128//128 279//279 129//129
f 279//279 280//280 129//129
f 129//129 280//280 130//130
f 280//280 281//281 130//130
f 130//130 281//281 131//131
f 281//281 282//282 131//131
f 131//131 282//282 132//132
f 282//282 283//283 132//132
f 132//132 283//283 133//133
f 283//283 284//284 133//133
f 133//133 284//284 134//134
f 284//284 285//285 134//134
f 134//134 285//285 135//135
f 285//285 286//286 135//135
f 135//135 286//286 136//136
f 286//286 287//287 136//136
f 136//136 287//287 137//137
f 287//287 288//288 137//137
f 137//137 288//288 138//138
f 288//288 289//289 138//138
f 138//138 289//289 139//139
f 289//289 290//290 139//139
f 139//139 290//290 140//140
f 290//290 291//291 140//140
f 140//140 291//291 141//141
f 291//291 292//292 141//141
f 141//141 292//292 142//142
f 292//292 293//293 142//142
f 142//142 293//293 143//143
f 293//293 294//294 143//143
f 143//143 294//294 144//144
f 294//294 295//295 144//144
f 144//144 295//295 145//145
f 295//295 296//296 145//145
f 145//145 296//296 146//146
f 296//296 297//297 146//146
f 146//146 297//297 147//147
f 297//297 298//298 147//147
f 147//147 298//298 148//148
f 298//298 299//299 148//148
f 148//148 299//299 149//149
f 299//299 300//300 149//149
f 149//149 300//300 150//150
f 300//300 301//301 150//150
f 150//150 301//301 151//151
f 301//301 302//302 151//151
f 152//152 303//303 153//153
f 303//303 304//304 153//153
f 153//153 304//304 154//154
f 304//304 305//305 154//154
f 154//154 305//305 155//155
f 305//305 306//306 155//155
f 155//155 306//306 156//156
f 306//306 307//307 156//156
f 156//156 307//307 157//157
f 307//307 308//308 157//157
f 157//157 308//308 158//158
f 308//308 309//309 158//158
f 158//158 309//309 159//159
f 309//309 310//310 159//159
f 159//159 310//310 160//160
f 310//310 311//311 160//160
f 160//160 311//311 161//161
f 311//311 312//312 161//161
f 161//161 312//312 162//162
f 312//312 313//313 162//162
f 162//162 313//313 163//163
f 313//313 314//314 163//163
f 163//163 314//314 164//164
f 314//314 315//315 164//164
f 164//164 315//315 165//165
f 315//315 316//316 165//165
f 165//165 316//316 166//166
f 316//316 317//317 166//166
f 166//166 317//317 167//167
f 317//317 318//318 167//167
f 167//167 318//318 168//168
f 318//318 319//319 168//168
f 168//168 319//319 169//169
f 319//319 320//320 169//169
f 169//169 320//320 170//170
f 320//320 321//321 170//170
f 170//170 321//321 171//171
f 321//321 322//322 171//171
f 171//171 322//322 172//172
f 322//322 323//323 172//172
f 172//172 323//323 173//173
f 323//323 324//324 173//173
f 173//173 324//324 174//174
f 324//324 325//325 174//174
f 174//174 325//325 175//175
f 325//325 326//326 175//175
f 175//175 326//326 176//176
f 326//326 327//327 176//176
f 176//176 327//327 177//177
f 327//327 328//328 177//177
f 177//177 328//328 178//178
f 328//328 329//329 178//178
f 178//178 329//329 179//179
f 329//329 330//330 179//179
f 179//179 330//330 180//180
f 330//330 331//331 180//180
f 180//180 331//331 181//181
f 331//331 332//332 181//181
f 181//181 332//332 182//182
f 332//332 333//333 182//182
f 182//182 333//333 183//183
f 333//333 334//334 183//183
f 183//183 334//334 184//184
f 334//334 335//335 184//184
f 184//184 335//335 185//185
f 335//335 336//336 185//185
f 185//185 336//336 186//186
f 336//336 337//337 186//186
f 186//186 337//337 187//187
f 337//337 338//338 187//187
f 187//187 338//338 188//188
f 338//338 339//339 188//188
f 188//188 339//339 189//189
f 339//339 340//340 189//189
f 189//189 340//340 190//190
f 340//340 341//341 190//190
f 190//190 341//341 191//191
f 341//341 342//342 191//191
f 191//191 342//342 192//192
f 342//342 343//343 192//192
f 192//192 343//343 193//193
f 343//343 344//344 193//193
f 193//193 344//344 194//194
f 344//344 345//345 194//194
f 194//194 345//345 195//195
f 345//345 346//346 195//195
f 195//195 346//346 196//196
f 346//346 347//347 196//196
f 196//196 347//347 197//197
f 347//347 348//348 197//197
f 197//197 348//348 198//198
f 348//348 349//349 198//198
f 198//198 349//349 199//199
f 349//349 350//350 199//199
f 199//199 350//350 200//200
f 350//350 351//351 200//200
f 200//200 351//351 201//201
f 351//351 352//352 201//201
f 201//201 352//352 202//202
f 352//352 353//353 202//202
f 202//202 353//353 203//203
f 353//353 354//354 203//203
f 203//203 354//354 204//204
f 354//354 355//355 204//204
f 204//204 355//355 205//205
f 355//355 356//356 205//205
f 205//205 356//356 206//206
f 356//356 357//357 206//206
f 206//206 357//357 207//207
f 357//357 358//358 207//207
f 207//207 358//358 208//208
f 358//358 359//359 208//208
f 208//208 359//359 209//209
f 359//359 360//360 209//209
f 209//209 360//360 210//210
f 360//360 361//361 210//210
f 210//210 361//361 211//211
f 361//361 362//362 211//211
f 211//211 362//362 212//212
f 362//362 363//363 212//212
f 212//212 363//363 213//213
f 363//363 364//364 213//213
f 213//213 364//364 214//214
f 364//364 365//365 214//214
f 214//214 365//365 215//215
f 365//365 366//366 215//215
f 215//215 366//366 216//216
f 366//366 367//367 216//216
f 216//216 367//367 217//217
f 367//367 368//368 217//217
f 217//217 368//368 218//218
f 368//368 369//369 218//218
f 218//218 369//369 219//219
f 369//369 370//370 219//219
f 219//219 370//370 220//220
f 370//370 371//371 220//220
f 220//220 371//371 221//221
f 371//371 372//372 221//221
f 221//221 372//372 222//222
f 372//372 373//373 222//222
f 222//222 373//373 223//223
f 373//373 374//374 223//223
f 223//223 374//374 224//224
f 374//374 375//375 224//224
f 224//224 375//375 225//225
f 375//375 376//376 225//225
f 225//225 376//376 226//226
f 376//376 377//377 226//226
f 226//226 377//377 227//227
f 377//377 378//378 227//227
f 227//227 378//378 228//228
f 378//378 379//379 228//228
f 228//228 379//379 229//229
f 379//379 380//380 229//229
f 229//229 380//380 230//230
f 380//380 381//381 230//230
f 230//230 381//381 231//231
f 381//381 382//382 231//231
f 231//231 382//382 232//232
f 382//382 383//383 232//232
f 232//232 383//383 233//233
f 383//383 384//384 233//233
f 233//233 384//384 234//234
f 384//384 385//385 234//234
f 234//234 385//385 235//235
f 385//385 386//386 235//235
f 235//235 386//386 236//236
f 386//386 387//387 236//236
f 236//236 387//387 237//237
f 387//387 388//388 237//237
f 237//237 388//388 238//238
f 388//388 389//389 238//238
f 238//238 389//389 239//239
f 389//389 390//390 239//239
f 239//239 390//390 240//240
f 390//390 391//391 240//240
f 240//240 391//391 241//241
f 391//391 392//392 241//241
f 241//241 392//392 242//242
f 392//392 393//393 242//242
f 242//242 393//393 243//243
f 393//393 394//394 243//243
f 243//243 394//394 244//244
f 394//394 395//395 244//244
f 244//244 395//395 245//245
f 395//395 396//396 245//245
f 245//245 396//396 246//246
f 396//396 397//397 246//246
f 246//246 397//397 247//247
f 397//397 398//398 247//247
f 247//247 398//398 248//248
f 398//398 399//399 248//248
f 248//248 399//399 249//249
f 399//399 400//400 249//249
f 249//249 400//400 250//250
f 400//400 401//401 250//250
f 250//250 401//401 251//251
f 401//401 402//402 251//251
f 251//251 402//402 252//252
f 402//402 403//403 252//252
f 252//252 403//403 253//253
f 403//403 404//404 253//253
f 253//253 404//404 254//254
f 404//404 405//405 254//254
f 254//254 405//405 255//255
f 405//405 406//406 255//255
f 255//255 406//406 256//256
f 406//406 407//407 256//256
f 256//256 407//407 257//257
f 407//407 408//408 257//257
f 257//257 408//408 258//258
f 408//408 409//409 258//258
f 258//258 409//409 259//259
f 409//409 410//410 259//259
f 259//259 410//410 260//260
f 410//410 411//411 260//260
f 260//260 411//411 261//261
f 411//411 412//412 261//261
f 261//261 412//412 262//262
f 412//412 413//413 262//262
f 262//262 413//413 263//263
f 413//413 414//414 263//263
f 263//263 414//414 264//264
f 414//414 415//415 264//264
f 264//264 415//415 265//265
f 415//415 416//416 265//265
f 265//265 416//416 266//266
f 416//416 417//417 266//266
f 266//266 417//417 267//267
f 417//417 418//418 267//267
f 267//267 418//418 268//268
f 418//418 419//419 268//268
f 268//268 419//419 269//269
f 419//419 420//420 269//269
f 269//269 420//420 270//270
f 420//420 421//421 270//270
f 270//270 421//421 271//271
f 421//421 422//422 271//271
f 271//271 422//422 272//272
f 422//422 423//423 272//272
f 272//272 423//423 273//273
f 423//423 424//424 273//273
f 273//273 424//424 274//274
f 424//424 425//425 274//274
f 274//274 425//425 275//275
f 425//425 426//426 275//275
f 275//275 426//426 276//276
f 426//426 427//427 276//276
f 276//276 427//427 277//277
f 427//427 428//428 277//277
f 277//277 428//428 278//278
f 428//428 429//429 278//278
f 278//278 429//429 279//279
f 429//429 430//430 279//279
f 279//279 430//430 280//280
f 430//430 431//431 280//280
f 280//280 431//431 281//281
f 431//431 432//432 281//281
f 281//281 432//432 282//282
f 432//432 433//433 282//282
f 282//282 433//433 283//283
f 433//433 434//434 283//283
f 283//283 434//434 284//284
f 434//434 435//435 284//284
f 284//284 435//435 285//285
f 435//435 436//436 285//285
f 285//285 436//436 286//286
f 436//436 437//437 286//286
f 286//286 437//437 287//287
f 437//437 438//438 287//287
f 287//287 438//438 288//288
f 438//438 439//439 288//288
f 288//288 439//439 289//289
f 439//439 440//440 289//289
f 289//289 440//440 290//290
f 440//440 441//441 290//290
f 290//290 441//441 291//291
f 441//441 442//442 291//291
f 291//291 442//442 292//292
f 442//442 443//443 292//292
f 292//292 443//443 293//293
f 443//443 444//444 293//293
f 293//293 444//444 294//294
f 444//444 445//445 294//294
f 294//294 445//445 295//295
f 445//445 446//446 295//295
f 295//295 446//446 296//296
f 446//446 447//447 296//296
f 296//296 447//447 297//297
f 447//447 448//448 297//297
f 297//297 448//448 298//298
f 448//448 449//449 298//298
f 298//298 449//449 299//299
f 449//449 450//450 299//299
f 299//299 450//450 300//300
f 450//450 451//451 300//300
f 300//300 451//451 301//301
f 451//451 452//452 301//301
f 301//301 452//452 302//302
f 452//452 453//453 302//302
f 303//303 454//454 304//304
f 454//454 455//455 304//304
f 304//304 455//455 305//305
f 455//455 456//456 305//305
f 305//305 456//456 306//306
f 456//456 457//457 306//306
f 306//306 457//457 307//307
f 457//457 458//458 307//307
f 307//307 458//458 308//308
f 458//458 459//459 308//308
f 308//308 459//459 309//309
f 459//459 460//460 309//309
f 309//309 460//460 310//310
f 460//460 461//461 310//310
f 310//310 461//461 311//311
f 461//461 462//462 311//311
f 311//311 462//462 312//312
f 462//462 463//463 312//312
f 312//312 463//463 313//313
f 463//463 464//464 313//313
f 313//313 464//464 314//314
f 464//464 465//465 314//314
f 314//314 465//465 315//315
f 465//465 466//466 315//315
f 315//315 466//466 316//316
f 466//466 467//467 316//316
f 316//316 467//467 317//317
f 467//467 468//468 317//317
f 317//317 468//468 318//318
f 468//468 469//469 318//318
f 318//318 469//469 319//319
f 469//469 470//470 319//319
f 319//319 470//470 320//320
f 470//470 471//471 320//320
f 320//320 471//471 321//321
f 471//471 472//472 321//321
f 321//321 472//472 322//322
f 472//472 473//473 322//322
f 322//322 473//473 323//323
f 473//473 474//474 323//323
f 323//323 474//474 324//324
f 474//474 475//475 324//324
f 324//324 475//475 325//325
f 475//475 476//476 325//325
f 325//325 476//476 326//326
f 476//476 477//477 326//326
f 326//326 477//477 327//327
f 477//477 478//478 327//327
f 327//327 478//478 328//328
f 478//478 479//479 328//328
f 328//328 479//479 329//329
f 479//479 480//480 329//329
f 329//329 480//480 330//330
f 480//480 481//481 330//330
f 330//330 481//481 331//331
f 481//481 482//482 331//331
f 331//331 482//482 332//332
f 482//482 483//483 332//332
f 332//332 483//483 333//333
f 483//483 484//484 333//333
f 333//333 484//484 334//334
f 484//484 485//485 334//334
f 334//334 485//485 335//335
f 485//485 486//486 335//335
f 335//335 486//486 336//336
f 486//486 487//487 336//336
f 336//336 487//487 337//337
f 487//487 488//488 337//337
f 337//337 488//488 338//338
f 488//488 489//489 338//338
f 338//338 489//489 339//339
f 489//489 490//490 339//339
f 339//339 490//490 340//340
f 490//490 491//491 340//340
f 340//340 491//491 341//341
f 491//491 492//492 341//341
f 341//341 492//492 342//342
f 492//492 493//493 342//342
f 342//342 493//493 343//343
f 493//493 494//494 343//343
f 343//343 494//494 344//344
f 494//494 495//495 344//344
f 344//344 495//495 345//345
f 495//495 496//496 345//345
f 345//345 496//496 346//346
f 496//496 497//497 346//346
f 346//346 497//497 347//347
f 497//497 498//498 347//347
f 347//347 498//498 348//348
f 498//498 499//499 348//348
f 348//348 499//499 349//349
f 499//499 500//500 349//349
f 349//349 500//500 350//350
f 500//500 501//501 350//350
f 350//350 501//501 351//351
f 501//501 502//502 351//351
f 351//351 502//502 352//352
f 502//502 503//503 352//352
f 352//352 503//503 353//353
f 503//503 504//504 353//353
f 353//353 504//504 354//354
f 504//504 505//505 354//354
f 354//354 505//505 355//355
f 505//505 506//506 355//355
f 355//355 506//506 356//356
f 506//506 507//507 356//356
f 356//356 507//507 357//357
f 507//507 508//508 357//357
f 357//357 508//508 358//358
f 508//508 509//509 358//358
f 358//358 509//509 359//359
f 509//509 510//510 359//359
f 359//359 510//510 360//360
f 510//510 511//511 360//360
f 360//360 511//511 361//361
f 511//511 512//512 361//361
f 361//361 512//512 362//362
f 512//512 513//513 362//362
f 362//362 513//513 363//363
f 513//513 514//514 363//363
f 363//363 514//514 364//364
f 514//514 515//515 364//364
f 364//364 515//515 365//365
f 515//515 516//516 365//365
f 365//365 516//516 366//366
f 516//516 517//517 366//366
f 366//366 517//517 367//367
f 517//517 518//518 367//367
f 367//367 518//518 368//368
f 518//518 519//519 368//368
f 368//368 519//519 369//369
f 519//519 520//520 369//369
f 369//369 520//520 370//370
f 520//520 521//521 370//370
f 370//370 521//521 371//371
f 521//521 522//522 371//371
f 371//371 522//522 372//372
f 522//522 523//523 372//372
f 372//372 523//523 373//373
f 523//523 524//524 373//373
f 373//373 524//524 374//374
f 524//524 525//525 374//374
f 374//374 525//525 375//375
f 525//525 526//526 375//375
f 375//375 526//526 376//376
f 526//526 527//527 376//376
f 376//376 527//527 377//377
f 527//527 528//528 377//377
f 377//377 528//528 378//378
f 528//528 529//529 378//378
f 378//378 529//529 379//379
f 529//529 530//530 379//379
f 379//379 530//530 380//380
f 530//530 531//531 380//380
f 380//380 531//531 381//381
f 531//531 532//532 381//381
f 381//381 532//532 382//382
f 532//532 533//533 382//382
f 382//382 533//533 383//383
f 533//533 534//534 383//383
f 383//383 534//534 384//384
f 534//534 535//535 384//384
f 384//384 535//535 385//385
f 535//535 536//536 385//385
f 385//385 536//536 386//386
f 536//536 537//537 386//386
f 386//386 537//537 387//387
f 537//537 538//538 387//387
f 387//387 538//538 388//388
f 538//538 539//539 388//388
f 388//388 539//539 389//389
f 539//539 540//540 389//389
f 389//389 540//540 390//390
f 540//540 541//541 390//390
f 390//390 541//541 391//391
f 541//541 542//542 391//391
f 391//391 542//542 392//392
f 542//542 543//543 392//392
f 392//392 543//543 393//393
f 543//543 544//544 393//393
f 393//393 544//544 394//394
f 544//544 545//545 394//394
f 394//394 545//545 395//395
f 545//545 546//546 395//395
f 395//395 546//546 396//396
f 546//546 547//547 396//396
f 396//396 547//547 397//397
f 547//547 548//548 397//397
f 397//397 548//548 398//398
f 548//548 549//549 398//398
f 398//398 549//549 399//399
f 549//549 550//550 399//399
f 399//399 550//550 400//400
f 550//550 551//551 400//400
f 400//400 551//551 401//401
f 551//551 552//552 401//401
f 401//401 552//552 402//402
f 552//552 553//553 402//402
f 402//402 553//553 403//403
f 553//553 554//554 403//403
f 403//403 554//554 404//404
f 554//554 555//555 404//404
f 404//404 555//555 405//405
f 555//555 556//556 405//405
f 405//405 556//556 406//406
f 556//556 557//557 406//406
f 406//406 557//557 407//407
f 557//557 558//558 407//407
f 407//407 558//558 408//408
f 558//558 559//559 408//408
f 408//408 559//559 409//409
f 559//559 560//560 409//409
f 409//409 560//560 410//410
f 560//560 561//561 410//410
f 410//410 561//561 411//411
f 561//561 562//562 411//411
f 411//411 562//562 412//412
f 562//562 563//563 412//412
f 412//412 563//563 413//413
f 563//563 564//564 413//413
f 413//413 564//564 414//414
f 564//564 565//565 414//414
f 414//414 565//565 415//415
f 565//565 566//566 415//415
f 415//415 566//566 416//416
f 566//566 567//567 416//416
f 416//416 567//567 417//417
f 567//567 568//568 417//417
f 417//417 568//568 418//418
f 568//568 569//569 418//418
f 418//418 569//569 419//419
f 569//569 570//570 419//419
f 419//419 570//570 420//420
f 570//570 571//571 420//420
f 420//420 571//571 421//421
f 571//571 572//572 421//421
f 421//421 572//572 422//422
f 572//572 573//573 422//422
f 422//422 573//573 423//423
f 573//573 574//574 423//423
f 423//423 574//574 424//424
f 574//574 575//575 424//424
f 424//424 575//575 425//425
f 575//575 576//576 425//425
f 425//425 576//576 426//426
f 576//576 577//577 426//426
f 426//426 577//577 427//427
f 577//577 578//578 427//427
f 427//427 578//578 428//428
f 578//578 579//579 428//428
f 428//428 579//579 429//429
f 579//579 580//580 429//429
f 429//429 580//580 430//430
f 580//580 581//581 430//430
f 430//430 581//581 431//431
f 581//581 582//582 431//431
f 431//431 582//582 432//432
f 582//582 583//583 432//432
f 432//432 583//583 433//433
f 583//583 584//584 433//433
f 433//433 584//584 434//434
f 584//584 585//585 434//434
f 434//434 585//585 435//435
f 585//585 586//586 435//435
f 435//435 586//586 436//436
f 586//586 587//587 436//436
f 436//436 587//587 437//437
f 587//587 588//588 437//437
f 437//437 588//588 438//438
f 588//588 589//589 438//438
f 438//438 589//589 439//439
f 589//589 590//590 439//439
f 439//439 590//590 440//440
f 590//590 591//591 440//440
f 440//440 591//591 441//441
f 591//591 592//592 441//441
f 441//441 592//592 442//442
f 592//592 593//593 442//442
f 442//442 593//593 443//443
f 593//593 594//594 443//443
f 443//443 594//594 444//444
f 594//594 595//595 444//444
f 444//444 595//595 445//445
f 595//595 596//596 445//445
f 445//445 596//596 446//446
f 596//596 597//597 446//446
f 446//446 597//597 447//447
f 597//597 598//598 447//447
f 447//447 598//598 448//448
f 598//598 599//599 448//448
f 448//448 599//599 449//449
f 599//599 600//600 449//449
f 449//449 600//600 450//450
f 600//600 601//601 450//450
f 450//450 601//601 451//451
f 601//601 602//602 451//451
f 451//451 602//602 452//452
f 602//602 603//603 452//452
f 452//452 603//603 453//453
f 603//603 604//604 453//453
f 454//454 605//605 455//455
f 605//605 606//606 455//455
f 455//455 606//606 456//456
f 606//606 607//607 456//456
f 456//456 607//607 457//457
f 607//607 608//608 457//457
f 457//457 608//608 458//458
f 608//608 609//609 458//458
f 458//458 609//609 459//459
f 609//609 610//610 459//459
f 459//459 610//610 460//460
f 610//610 611//611 460//460
f 460//460 611//611 461//461
f 611//611 612//612 461//461
f 461//461 612//612 462//462
f 612//612 613//613 462//462
f 462//462 613//613 463//463
f 613//613 614//614 463//463
f 463//463 614//614 464//464
f 614//614 615//615 464//464
f 464//464 615//615 465//465
f 615//615 616//616 465//465
f 465//465 616//616 466//466
f 616//616 617//617 466//466
f 466//466 617//617 467//467
f 617//617 618//618 467//467
f 467//467 618//618 468//468
f 618//618 619//619 468//468
f 468//468 619//619 469//469
f 619//619 620//620 469//469
f 469//469 620//620 470//470
f 620//620 621//621 470//470
f 470//470 621//621 471//471
f 621//621 622//622 471//471
f 471//471 622//622 472//472
f 622//622 623//623 472//472
f 472//472 623//623 473//473
f 623//623 624//624 473//473
f 473//473 624//624 474//474
f 624//624 625//625 474//474
f 474//474 625//625 475//475
f 625//625 626//626 475//475
f 475//475 626//626 476//476
f 626//626 627//627 476//476
f 476//476 627//627 477//477
f 627//627 628//628 477//477
f 477//477 628//628 478//478
f 628//628 629//629 478//478
f 478//478 629//629 479//479
f 629//629 630//630 479//479
f 479//479 630//630 480//480
f 630//630 631//631 480//480
f 480//480 631//631 481//481
f 631//631 632//632 481//481
f 481//481 632//632 482//482
f 632//632 633//633 482//482
f 482//482 633//633 483//483
f 633//633 634//634 483//483
f 483//483 634//634 484//484
f 634//634 635//635 484//484
f 484//484 635//635 485//485
f 635//635 636//636 485//485
f 485//485 636//636 486//486
f 636//636 637//637 486//486
f 486//486 637//637 487//487
f 637//637 638//638 487//487
f 487//487 638//638 488//488
f 638//638 639//639 488//488
f 488//488 639//639 489//489
f 639//639 640//640 489//489
f 489//489 640//640 490//490
f 640//640 641//641 490//490
f 490//490 641//641 491//491
f 641//641 642//642 491//491
f 491//491 642//642 492//492
f 642//642 643//643 492//492
f 492//492 643//643 493//493
f 643//643 644//644 493//493
f 493//493 644//644 494//494
f 644//644 645//645 494//494
f 494//494 645//645 495//495
f 645//645 646//646 495//495
f 495//495 646//646 496//496
f 646//646 647//647 496//496
f 496//496 647//647 497//497
f 647//647 648//648 497//497
f 497//497 648//648 498//498
f 648//648 649//649 498//498
f 498//498 649//649 499//499
f 649//649 650//650 499//499
f 499//499 650//650 500//500
f 650//650 651//651 500//500
f 500//500 651//651 501//501
f 651//651 652//652 501//501
f 501//501 652//652 502//502
f 652//652 653//653 502//502
f 502//502 653//653 503//503
f 653//653 654//654 503//503
f 503//503 654//654 504//504
f 654//654 655//655 504//504
f 504//504 655//655 505//505
f 655//655 656//656 505//505
f 505//505 656//656 506//506
f 656//656 657//657 506//506
f 506//506 657//657 507//507
f 657//657 658//658 507//507
f 507//507 658//658 508//508
f 658//658 659//659 508//508
f 508//508 659//659 509//509
f 659//659 660//660 509//509
f 509//509 660//660 510//510
f 660//660 661//661 510//510
f 510//510 661//661 511//511
f 661//661 662//662 511//511
f 511//511 662//662 512//512
f 662//662 663//663 512//512
f 512//512 663//663 513//513
f 663//663 664//664 513//513
f 513//513 664//664 514//514
f 664//664 665//665 514//514
f 514//514 665//665 515//515
f 665//665 666//666 515//515
f 515//515 666//666 516//516
f 666//666 667//667 516//516
f 516//516 667//667 517//517
f 667//667 668//668 517//517
f 517//517 668//668 518//518
f 668//668 669//669 518//518
f 518//518 669//669 519//519
f 669//669 670//670 519//519
f 519//519 670//670 520//520
f 670//670 671//671 520//520
f 520//520 671//671 521//521
f 671//671 672//672 521//521
f 521//521 672//672 522//522
f 672//672 673//673 522//522
f 522//522 673//673 523//523
f 673//673 674//674 523//523
f 523//523 674//674 524//524
f 674//674 675//675 524//524
f 524//524 675//675 525//525
f 675//675 676//676 525//525
f 525//525 676//676 526//526
f 676//676 677//677 526//526
f 526//526 677//677 527//527
f 677//677 678//678 527//527
f 527//527 678//678 528//528
f 678//678 679//679 528//528
f 528//528 679//679 529//529
f 679//679 680//680 529//529
f 529//529 680//680 530//530
f 680//680 681//681 530//530
f 530//530 681//681 531//531
f 681//681 682//682 531//531
f 531//531 682//682 532//532
f 682//682 683//683 532//532
f 532//532 683//683 533//533
f 683//683 684//684 533//533
f 533//533 684//684 534//534
f 684//684 685//685 534//534
f 534//534 685//685 535//535
f 685//685 686//686 535//535
f 535//535 686//686 536//536
f 686//686 687//687 536//536
f 536//536 687//687 537//537
f 687//687 688//688 537//537
f 537//537 688//688 538//538
f 688//688 689//689 538//538
f 538//538 689//689 539//539
f 689//689 690//690 539//539
f 539//539 690//690 540//540
f 690//690 691//691 540//540
f 540//540 691//691 541//541
f 691//691 692//692 541//541
f 541//541 692//692 542//542
f 692//692 693//693 542//542
f 542//542 693//693 543//543
f 693//693 694//694 543//543
f 543//543 694//694 544//544
f 694//694 695//695 544//544
f 544//544 695//695 545//545
f 695//695 696//696 545//545
f 545//545 696//696 546//546
f 696//696 697//697 546//546
f 546//546 697//697 547//547
f 697//697 698//698 547//547
f 547//547 698//698 548//548
f 698//698 699//699 548//548
f 548//548 699//699 549//549
f 699//699 700//700 549//549
f 549//549 700//700 550//550
f 700//700 701//701 550//550
f 550//550 701//701 551//551
f 701//701 702//702 551//551
f 551//551 702//702 552//552
f 702//702 703//703 552//552
f 552//552 703//703 553//553
f 703//703 704//704 553//553
f 553//553 704//704 554//554
f 704//704 705//705 554//554
f 554//554 705//705 555//555
f 705//705 706//706 555//555
f 555//555 706//706 556//556
f 706//706 707//707 556//556
f 556//556 707//707 557//557
f 707//707 708//708 557//557
f 557//557 708//708 558//558
f 708//708 709//709 558//558
f 558//558 709//709 559//559
f 709//709 710//710 559//559
f 559//559 710//710 560//560
f 710//710 711//711 560//560
f 560//560 711//711 561//561
f 711//711 712//712 561//561
f 561//561 712//712 562//562
f 712//712 713//713 562//562
f 562//562 713//713 563//563
f 713//713 714//714 563//563
f 563//563 714//714 564//564
f 714//714 715//715 564//564
f 564//564 715//715 565//565
f 715//715 716//716 565//565
f 565//565 716//716 566//566
f 716//716 717//717 566//566
f 566//566 717//717 567//567
f 717//717 718//718 567//567
f 567//567 718//718 568//568
f 718//718 719//719 568//568
f 568//568 719//719 569//569
f 719//719 720//720 569//569
f 569//569 720//720 570//570
f 720//720 721//721 570//570
f 570//570 721//721 571//571
f 721//721 722//722 571//571
f 571//571 722//722 572//572
f 722//722 723//723 572//572
f 572//572 723//723 573//573
f 723//723 724//724 573//573
f 573//573 724//724 574//574
f 724//724 725//725 574//574
f 574//574 725//725 575//575
f 725//725 726//726 575//575
f 575//575 726//726 576//576
f 726//726 727//727 576//576
f 576//576 727//727 577//577
f 727//727 728//728 577//577
f 577//577 728//728 578//578
f 728//728 729//729 578//578
f 578//578 729//729 579//579
f 729//729 730//730 579//579
f 579//579 730//730 580//580
f 730//730 731//731 580//580
f 580//580 731//731 581//581
f 731//731 732//732 581//581
f 581//581 732//732 582//582
f 732//732 733//733 582//582
f 582//582 733//733 583//583
f 733//733 734//734 583//583
f 583//583 734//734 584//584
f 734//734 735//735 584//584
f 584//584 735//735 585//585
f 735//735 736//736 585//585
f 585//585 736//736 586//586
f 736//736 737//737 586//586
f 586//586 737//737 587//587
f 737//737 738//738 587//587
f 587//587 738//738 588//588
f 738//738 739//739 588//588
f 588//588 739//739 589//589
f 739//739 740//740 589//589
f 589//589 740//740 590//590
f 740//740 741//741 590//590
f 590//590 741//741 591//591
f 741//741 742//742 591//591
f 591//591 742//742 592//592
f 742//742 743//743 592//592
f 592//592 743//743 593//593
f 743//743 744//744 593//593
f 593//593 744//744 594//594
f 744//744 745//745 594//594
f 594//594 745//745 595//595
f 745//745 746//746 595//595
f 595//595 746//746 596//596
f 746//746 747//747 596//596
f 596//596 747//747 597//597
f 747//747 748//748 597//597
f 597//597 748//748 598//598
f 748//748 749//749 598//598
f 598//598 749//749 599//599
f 749//749 750//750 599//599
f 599//599 750//750 600//600
f 750//750 751//751 600//600
f 600//600 751//751 601//601
f 751//751 752//752 601//601
f 601//601 752//752 602//602
f 752//752 753//753 602//602
f 602//602 753//753 603//603
f 753//753 754//754 603//603
f 603//603 754//754 604//604
f 754//754 755//755 604//604
f 605//605 756//756 606//606
f 756//756 757//757 606//606
f 606//606 757//757 607//607
f 757//757 758//758 607//607
f 607//607 758//758 608//608
f 758//758 759//759 608//608
f 608//608 759//759 609//609
f 759//759 760//760 609//609
f 609//609 760//760 610//610
f 760//760 761//761 610//610
f 610//610 761//761 611//611
f 761//761 762//762 611//611
f 611//611 762//762 612//612
f 762//762 763//763 612//612
f 612//612 763//763 613//613
f 763//763 764//764 613//613
f 613//613 764//764 614//614
f 764//764 765//765 614//614
f 614//614 765//765 615//615
f 765//765 766//766 615//615
f 615//615 766//766 616//616
f 766//766 767//767 616//616
f 616//616 767//767 617//617
f 767//767 768//768 617//617
f 617//617 768//768 618//618
f 768//768 769//769 618//618
f 618//618 769//769 619//619
f 769//769 770//770 619//619
f 619//619 770//770 620//620
f 770//770 771//771 620//620
f 620//620 771//771 621//621
f 771//771 772//772 621//621
f 621//621 772//772 622//622
f 772//772 773//773 622//622
f 622//622 773//773 623//623
f 773//773 774//774 623//623
f 623//623 774//774 624//624
f 774//774 775//775 624//624
f 624//624 775//775 625//625
f 775//775 776//776 625//625
f 625//625 776//776 626//626
f 776//776 777//777 626//626
f 626//626 777//777 627//627
f 777//777 778//778 627//627
f 627//627 778//778 628//628
f 778//778 779//779 628//628
f 628//628 779//779 629//629
f 779//779 780//780 629//629
f 629//629 780//780 630//630
f 780//780 781//781 630//630
f 630//630 781//781 631//631
f 781//781 782//782 631//631
f 631//631 782//782 632//632
f 782//782 783//783 632//632
f 632//632 783//783 633//633
f 783//783 784//784 633//633
f 633//633 784//784 634//634
f 784//784 785//785 634//634
f 634//634 785//785 635//635
f 785//785 786//786 635//635
f 635//635 786//786 636//636
f 786//786 787//787 636//636
f 636//636 787//787 637//637
f 787//787 788//788 637//637
f 637//637 788//788 638//638
f 788//788 789//789 638//638
f 638//638 789//789 639//639
f 789//789 790//790 639//639
f 639//639 790//790 640//640
f 790//790 791//791 640//640
f 640//640 791//791 641//641
f 791//791 792//792 641//641
f 641//641 792//792 642//642
f 792//792 793//793 642//642
f 642//642 793//793 643//643
f 793//793 794//794 643//643
f 643//643 794//794 644//644
f 794//794 795//795 644//644
f 644//644 795//795 645//645
f 795//795 796//796 645//645
f 645//645 796//796 646//646
f 796//796 797//797 646//646
f 646//646 797//797 647//647
f 797//797 798//798 647//647
f 647//647 798//798 648//648
f 798//798 799//799 648//648
f 648//648 799//799 649//649
f 799//799 800//800 649//649
f 649//649 800//800 650//650
f 800//800 801//801 650//650
f 650//650 801//801 651//651
f 801//801 802//802 651//651
f 651//651 802//802 652//652
f 802//802 803//803 652//652
f 652//652 803//803 653//653
f 803//803 804//804 653//653
f 653//653 804//804 654//654
f 804//804 805//805 654//654
f 654//654 805//805 655//655
f 805//805 806//806 655//655
f 655//655 806//806 656//656
f 806//806 807//807 656//656
f 656//656 807//807 657//657
f 807//807 808//808 657//657
f 657//657 808//808 658//658
f 808//808 809//809 658//658
f 658//658 809//809 659//659
f 809//809 810//810 659//659
f 659//659 810//810 660//660
f 810//810 811//811 660//660
f 660//660 811//811 661//661
f 811//811 812//812 661//661
f 661//661 812//812 662//662
f 812//812 813//813 662//662
f 662//662 813//813 663//663
f 813//813 814//814 663//663
f 663//663 814//814 664//664
f 814//814 815//815 664//664
f 664//664 815//815 665//665
f 815//815 816//816 665//665
f 665//665 816//816 666//666
f 816//816 817//817 666//666
f 666//666 817//817 667//667
f 817//817 818//818 667//667
f 667//667 818//818 668//668
f 818//818 819//819 668//668
f 668//668 819//819 669//669
f 819//819 820//820 669//669
f 669//669 820//820 670//670
f 820//820 821//821 670//670
f 670//670 821//821 671//671
f 821//821 822//822 671//671
f 671//671 822//822 672//672
f 822//822 823//823 672//672
f 672//672 823//823 673//673
f 823//823 824//824 673//673
f 673//673 824//824 674//674
f 824//824 825//825 674//674
f 674//674 825//825 675//675
f 825//825 826//826 675//675
f 675//675 826//826 676//676
f 826//826 827//827 676//676
f 676//676 827//827 677//677
f 827//827 828//828 677//677
f 677//677 828//828 678//678
f 828//828 829//829 678//678
f 678//678 829//829 679//679
f 829//829 830//830 679//679
f 679//679 830//830 680//680
f 830//830 831//831 680//680
f 680//680 831//831 681//681
f 831//831 832//832 681//681
f 681//681 832//832 682//682
f 832//832 833//833 682//682
f 682//682 833//833 683//683
f 833//833 834//834 683//683
f 683//683 834//834 684//684
f 834//834 835//835 684//684
f 684//684 835//835 685//685
f 835//835 836//836 685//685
f 685//685 836//836 686//686
f 836//836 837//837 686//686
f 686//686 837//837 687//687
f 837//837 838//838 687//687
f 687//687 838//838 688//688
f 838//838 839//839 688//688
f 688//688 839//839 689//689
f 839//839 840//840 689//689
f 689//689 840//840 690//690
f 840//840 841//841 690//690
f 690//690 841//841 691//691
f 841//841 842//842 691//691
f 691//691 842//842 692//692
f 842//842 843//843 692//692
f 692//692 843//843 693//693
f 843//843 844//844 693//693
f 693//693 844//844 694//694
f 844//844 845//845 694//694
f 694//694 845//845 695//695
f 845//845 846//846 695//695
f 695//695 846//846 696//696
f 846//846 847//847 696//696
f 696//696 847//847 697//697
f 847//847 848//848 697//697
f 697//697 848//848 698//698
f 848//848 849//849 698//698
f 698//698 849//849 699//699
f 849//849 850//850 699//699
f 699//699 850//850 700//700
f 850//850 851//851 700//700
f 700//700 851//851 701//701
f 851//851 852//852 701//701
f 701//701 852//852 702//702
f 852//852 853//853 702//702
f 702//702 853//853 703//703
f 853//853 854//854 703//703
f 703//703 854//854 704//704
f 854//854 855//855 704//704
f 704//704 855//855 705//705
f 855//855 856//856 705//705
f 705//705 856//856 706//706
f 856//856 857//857 706//706
f 706//706 857//857 707//707
f 857//857 858//858 707//707
f 707//707 858//858 708//708
f 858//858 859//859 708//708
f 708//708 859//859 709//709
f 859//859 860//860 709//709
f 709//709 860//860 710//710
f 860//860 861//861 710//710
f 710//710 861//861 711//711
f 861//861 862//862 711//711
f 711//711 862//862 712//712
f 862//862 863//863 712//712
f 712//712 863//863 713//713
f 863//863 864//864 713//713
f 713//713 864//864 714//714
f 864//864 865//865 714//714
f 714//714 865//865 715//715
f 865//865 866//866 715//715
f 715//715 866//866 716//716
f 866//866 867//867 716//716
f 716//716 867//867 717//717
f 867//867 868//868 717//717
f 717//717 868//868 718//718
f 868//868 869//869 718//718
f 718//718 869//869 719//719
f 869//869 870//870 719//719
f 719//719 870//870 720//720
f 870//870 871//871 720//720
f 720//720 871//871 721//721
f 871//871 872//872 721//721
f 721//721 872//872 722//722
f 872//872 873//873 722//722
f 722//722 873//873 723//723
f 873//873 874//874 723//723
f 723//723 874//874 724//724
f 874//874 875//875 724//724
f 724//724 875//875 725//725
f 875//875 876//876 725//725
f 725//725 876//876 726//726
f 876//876 877//877 726//726
f 726//726 877//877 727//727
f 877//877 878//878 727//727
f 727//727 878//878 728//728
f 878//878 879//879 728//728
f 728//728 879//879 729//729
f 879//879 880//880 729//729
f 729//729 880//880 730//730
f 880//880 881//881 730//730
f 730//730 881//881 731//731
f 881//881 882//882 731//731
f 731//731 882//882 732//732
f 882//882 883//883 732//732
f 732//732 883//883 733//733
f 883//883 884//884 733//733
f 733//733 884//884 734//734
f 884//884 885//885 734//734
f 734//734 885//885 735//735
f 885//885 886//886 735//735
f 735//735 886//886 736//736
f 886//886 887//887 736//736
f 736//736 887//887 737//737
f 887//887 888//888 737//737
f 737//737 888//888 738//738
f 888//888 889//889 738//738
f 738//738 889//889 739//739
f 889//889 890//890 739//739
f 739//739 890//890 740//740
f 890//890 891//891 740//740
f 740//740 891//891 741//741
f 891//891 892//892 741//741
f 741//741 892//892 742//742
f 892//892 893//893 742//742
f 742//742 893//893 743//743
f 893//893 894//894 743//743
f 743//743 894//894 744//744
f 894//894 895//895 744//744
f 744//744 895//895 745//745
f 895//895 896//896 745//745
f 745//745 896//896 746//746
f 896//896 897//897 746//746
f 746//746 897//897 747//747
f 897//897 898//898 747//747
f 747//747 898//898 748//748
f 898//898 899//899 748//748
f 748//748 899//899 749//749
f 899//899 900//900 749//749
f 749//749 900//900 750//750
f 900//900 901//901 750//750
f 750//750 901//901 751//751
f 901//901 902//902 751//751
f 751//751 902//902 752//752
f 902//902 903//903 752//752
f 752//752 903//903 753//753
f 903//903 904//904 753//753
f 753//753 904//904 754//754
f 904//904 905//905 754//754
f 754//754 905//905 755//755
f 905//905 906//906 755//755
f 756//756 907//907 757//757
f 907//907 908//908 757//757
f 757//757 908//908 758//758
f 908//908 909//909 758//758
f 758//758 909//909 759//759
f 909//909 910//910 759//759
f 759//759 910//910 760//760
f 910//910 911//911 760//760
f 760//760 911//911 761//761
f 911//911 912//912 761//761
f 761//761 912//912 762//762
f 912//912 913//913 762//762
f 762//762 913//913 763//763
f 913//913 914//914 763//763
f 763//763 914//914 764//764
f 914//914 915//915 764//764
f 764//764 915//915 765//765
f 915//915 916//916 765//765
f 765//765 916//916 766//766
f 916//916 917//917 766//766
f 766//766 917//917 767//767
f 917//917 918//918 767//767
f 767//767 918//918 768//768
f 918//918 919//919 768//768
f 768//768 919//919 769//769
f 919//919 920//920 769//769
f 769//769 920//920 770//770
f 920//920 921//921 770//770
f 770//770 921//921 771//771
f 921//921 922//922 771//771
f 771//771 922//922 772//772
f 922//922 923//923 772//772
f 772//772 923//923 773//773
f 923//923 924//924 773//773
f 773//773 924//924 774//774
f 924//924 925//925 774//774
f 774//774 925//925 775//775
f 925//925 926//926 775//775
f 775//775 926//926 776//776
f 926//926 927//927 776//776
f 776//776 927//927 777//777
f 927//927 928//928 777//777
f 777//777 928//928 778//778
f 928//928 929//929 778//778
f 778//778 929//929 779//779
f 929//929 930//930 779//779
f 779//779 930//930 780//780
f 930//930 931//931 780//780
f 780//780 931//931 781//781
f 931//931 932//932 781//781
f 781//781 932//932 782//782
f 932//932 933//933 782//782
f 782//782 933//933 783//783
f 933//933 934//934 783//783
f 783//783 934//934 784//784
f 934//934 935//935 784//784
f 784//784 935//935 785//785
f 935//935 936//936 785//785
f 785//785 936//936 786//786
f 936//936 937//937 786//786
f 786//786 937//937 787//787
f 937//937 938//938 787//787
f 787//787 938//938 788//788
f 938//938 939//939 788//788
f 788//788 939//939 789//789
f 939//939 940//940 789//789
f 789//789 940//940 790//790
f 940//940 941//941 790//790
f 790//790 941//941 791//791
f 941//941 942//942 791//791
f 791//791 942//942 792//792
f 942//942 943//943 792//792
f 792//792 943//943 793//793
f 943//943 944//944 793//793
f 793//793 944//944 794//794
f 944//944 945//945 794//794
f 794//794 945//945 795//795
f 945//945 946//946 795//795
f 795//795 946//946 796//796
f 946//946 947//947 796//796
f 796//796 947//947 797//797
f 947//947 948//948 797//797
f 797//797 948//948 798//798
f 948//948 949//949 798//798
f 798//798 949//949 799//799
f 949//949 950//950 799//799
f 799//799 950//950 800//800
f 950//950 951//951 800//800
f 800//800 951//951 801//801
f 951//951 952//952 801//801
f 801//801 952//952 802//802
f 952//952 953//953 802//802
f 802//802 953//953 803//803
f 953//953 954//954 803//803
f 803//803 954//954 804//804
f 954//954 955//955 804//804
f 804//804 955//955 805//805
f 955//955 956//956 805//805
f 805//805 956//956 806//806
f 956//956 957//957 806//806
f 806//806 957//957 807//807
f 957//957 958//958 807//807
f 807//807 958//958 808//808
f 958//958 959//959 808//808
f 808//808 959//959 809//809
f 959//959 960//960 809//809
f 809//809 960//960 810//810
f 960//960 961//961 810//810
f 810//810 961//961 811//811
f 961//961 962//962 811//811
f 811//811 962//962 812//812
f 962//962 963//963 812//812
f 812//812 963//963 813//813
f 963//963 964//964 813//813
f 813//813 964//964 814//814
f 964//964 965//965 814//814
f 814//814 965//965 815//815
f 965//965 966//966 815//815
f 815//815 966//966 816//816
f 966//966 967//967 816//816
f 816//816 967//967 817//817
f 967//967 968//968 817//817
f 817//817 968//968 818//818
f 968//968 969//969 818//818
f 818//818 969//969 819//819
f 969//969 970//970 819//819
f 819//819 970//970 820//820
f 970//970 971//971 820//820
f 820//820 971//971 821//821
f 971//971 972//972 821//821
f 821//821 972//972 822//822
f 972//972 973//973 822//822
f 822//822 973//973 823//823
f 973//973 974//974 823//823
f 823//823 974//974 824//824
f 974//974 975//975 824//824
f 824//824 975//975 825//825
f 975//975 976//976 825//825
f 825//825 976//976 826//826
f 976//976 977//977 826//826
f 826//826 977//977 827//827
f 977//977 978//978 827//827
f 827//827 978//978 828//828
f 978//978 979//979 828//828
f 828//828 979//979 829//829
f 979//979 980//980 829//829
f 829//829 980//980 830//830
f 980//980 981//981 830//830
f 830//830 981//981 831//831
f 981//981 982//982 831//831
f 831//831 982//982 832//832
f 982//982 983//983 832//832
f 832//832 983//983 833//833
f 983//983 984//984 833//833
f 833//833 984//984 834//834
f 984//984 985//985 834//834
f 834//834 985//985 835//835
f 985//985 986//986 835//835
f 835//835 986//986 836//836
f 986//986 987//987 836//836
f 836//836 987//987 837//837
f 987//987 988//988 837//837
f 837//837 988//988 838//838
f 988//988 989//989 838//838
f 838//838 989//989 839//839
f 989//989 990//990 839//839
f 839//839 990//990 840//840
f 990//990 991//991 840//840
f 840//840 991//991 841//841
f 991//991 992//992 841//841
f 841//841 992//992 842//842
f 992//992 993//993 842//842
f 842//842 993//993 843//843
f 993//993 994//994 843//843
f 843//843 994//994 844//844
f 994//994 995//995 844//844
f 844//844 995//995 845//845
f 995//995 996//996 845//845
f 845//845 996//996 846//846
f 996//996 997//997 846//846
f 846//846 997//997 847//847
f 997//997 998//998 847//847
f 847//847 998//998 848//848
f 998//998 999//999 848//848
f 848//848 999//999 849//849
f 999//999 1000//1000 849//849
f 849//849 1000//1000 850//850
f 1000//1000 1001//1001 850//850
f 850//850 1001//1001 851//851
f 1001//1001 1002//1002 851//851
f 851//851 1002//1002 852//852
f 1002//1002 1003//1003 852//852
f 852//852 1003//1003 853//853
f 1003//1003 1004//1004 853//853
f 853//853 1004//1004 854//854
f 1004//1004 1005//1005 854//854
f 854//854 1005//1005 855//855
f 1005//1005 1006//1006 855//855
f 855//855 1006//1006 856//856
f 1006//1006 1007//1007 856//856
f 856//856 1007//1007 857//857
f 1007//1007 1008//1008 857//857
f 857//857 1008//1008 858//858
f 1008//1008 1009//1009 858//858
f 858//858 1009//1009 859//859
f 1009//1009 1010//1010 859//859
f 859//859 1010//1010 860//860
f 1010//1010 1011//1011 860//860
f 860//860 1011//1011 861//861
f 1011//1011 1012//1012 861//861
f 861//861 1012//1012 862//862
f 1012//1012 1013//1013 862//862
f 862//862 1013//1013 863//863
f 1013//1013 1014//1014 863//863
f 863//863 1014//1014 864//864
f 1014//1014 1015//1015 864//864
f 864//864 1015//1015 865//865
f 1015//1015 1016//1016 865//865
f 865//865 1016//1016 866//866
f 1016//1016 1017//1017 866//866
f 866//866 1017//1017 867//867
f 1017//1017 1018//1018 867//867
f 867//867 1018//1018 868//868
f 1018//1018 1019//1019 868//868
f 868//868 1019//1019 869//869
f 1019//1019 1020//1020 869//869
f 869//869 1020//1020 870//870
f 1020//1020 1021//1021 870//870
f 870//870 1021//1021 871//871
f 1021//1021 1022//1022 871//871
f 871//871 1022//1022 872//872
f 1022//1022 1023//1023 872//872
f 872//872 1023//1023 873//873
f 1023//1023 1024//1024 873//873
f 873//873 1024//1024 874//874
f 1024//1024 1025//1025 874//874
f 874//874 1025//1025 875//875
f 1025//1025 1026//1026 875//875
f 875//875 1026//1026 876//876
f 1026//1026 1027//1027 876//876
f 876//876 1027//1027 877//877
f 1027//1027 1028//1028 877//877
f 877//877 1028//1028 878//878
f 1028//1028 1029//1029 878//878
f 878//878 1029//1029 879//879
f 1029//1029 1030//1030 879//879
f 879//879 1030//1030 880//880
f 1030//1030 1031//1031 880//880
f 880//880 1031//1031 881//881
f 1031//1031 1032//1032 881//881
f 881//881 1032//1032 882//882
f 1032//1032 1033//1033 882//882
f 882//882 1033//1033 883//883
f 1033//1033 1034//1034 883//883
f 883//883 1034//1034 884//884
f 1034//1034 1035//1035 884//884
f 884//884 1035//1035 885//885
f 1035//1035 1036//1036 885//885
f 885//885 1036//1036 886//886
f 1036//1036 1037//1037 886//886
f 886//886 1037//1037 887//887
f 1037//1037 1038//1038 887//887
f 887//887 1038//1038 888//888
f 1038//1038 1039//1039 888//888
f 888//888 1039//1039 889//889
f 1039//1039 1040//1040 889//889
f 889//889 1040//1040 890//890
f 1040//1040 1041//1041 890//890
f 890//890 1041//1041 891//891
f 1041//1041 1042//1042 891//891
f 891//891 1042//1042 892//892
f 1042//1042 1043//1043 892//892
f 892//892 1043//1043 893//893
f 1043//1043 1044//1044 893//893
f 893//893 1044//1044 894//894
f 1044//1044 1045//1045 894//894
f 894//894 1045//1045 895//895
f 1045//1045 1046//1046 895//895
f 895//895 1046//1046 896//896
f 1046//1046 1047//1047 896//896
f 896//896 1047//1047 897//897
f 1047//1047 1048//1048 897//897
f 897//897 1048//1048 898//898
f 1048//1048 1049//1049 898//898
f 898//898 1049//1049 899//899
f 1049//1049 1050//1050 899//899
f 899//899 1050//1050 900//900
f 1050//1050 1051//1051 900//900
f 900//900 1051//1051 901//901
f 1051//1051 1052//1052 901//901
f 901//901 1052//1052 902//902
f 1052//1052 1053//1053 902//902
f 902//902 1053//1053 903//903
f 1053//1053 1054//1054 903//903
f 903//903 1054//1054 904//904
f 1054//1054 1055//1055 904//904
f 904//904 1055//1055 905//905
f 1055//1055 1056//1056 905//905
f 905//905 1056//1056 906//906
f 1056//1056 1057//1057 906//906
f 907//907 1058//1058 908//908
f 1058//1058 1059//1059 908//908
f 908//908 1059//1059 909//909
f 1059//1059 1060//1060 909//909
f 909//909 1060//1060 910//910
f 1060//1060 1061//1061 910//910
f 910//910 1061//1061 911//911
f 1061//1061 1062//1062 911//911
f 911//911 1062//1062 912//912
f 1062//1062 1063//1063 912//912
f 912//912 1063//1063 913//913
f 1063//1063 1064//1064 913//913
f 913//913 1064//1064 914//914
f 1064//1064 1065//1065 914//914
f 914//914 1065//1065 915//915
f 1065//1065 1066//1066 915//915
f 915//915 1066//1066 916//916
f 1066//1066 1067//1067 916//916
f 916//916 1067//1067 917//917
f 1067//1067 1068//1068 917//917
f 917//917 1068//1068 918//918
f 1068//1068 1069//1069 918//918
f 918//918 1069//1069 919//919
f 1069//1069 1070//1070 919//919
f 919//919 1070//1070 920//920
f 1070//1070 1071//1071 920//920
f 920//920 1071//1071 921//921
f 1071//1071 1072//1072 921//921
f 921//921 1072//1072 922//922
f 1072//1072 1073//1073 922//922
f 922//922 1073//1073 923//923
f 1073//1073 1074//1074 923//923
f 923//923 1074//1074 924//924
f 1074//1074 1075//1075 924//924
f 924//924 1075//1075 925//925
f 1075//1075 1076//1076 925//925
f 925//925 1076//1076 926//926
f 1076//1076 1077//1077 926//926
f 926//926 1077//1077 927//927
f 1077//1077 1078//1078 927//927
f 927//927 1078//1078 928//928
f 1078//1078 1079//1079 928//928
f 928//928 1079//1079 929//929
f 1079//1079 1080//1080 929//929
f 929//929 1080//1080 930//930
f 1080//1080 1081//1081 930//930
f 930//930 1081//1081 931//931
f 1081//1081 1082//1082 931//931
f 931//931 1082//1082 932//932
f 1082//1082 1083//1083 932//932
f 932//932 1083//1083 933//933
f 1083//1083 1084//1084 933//933
f 933//933 1084//1084 934//934
f 1084//1084 1085//1085 934//934
f 934//934 1085//1085 935//935
f 1085//1085 1086//1086 935//935
f 935//935 1086//1086 936//936
f 1086//1086 1087//1087 936//936
f 936//936 1087//1087 937//937
f 1087//1087 1088//1088 937//937
f 937//937 1088//1088 938//938
f 1088//1088 1089//1089 938//938
f 938//938 1089//1089 939//939
f 1089//1089 1090//1090 939//939
f 939//939 1090//1090 940//940
f 1090//1090 1091//1091 940//940
f 940//940 1091//1091 941//941
f 1091//1091 1092//1092 941//941
f 941//941 1092//1092 942//942
f 1092//1092 1093//1093 942//942
f 942//942 1093//1093 943//943
f 1093//1093 1094//1094 943//943
f 943//943 1094//1094 944//944
f 1094//1094 1095//1095 944//944
f 944//944 1095//1095 945//945
f 1095//1095 1096//1096 945//945
f 945//945 1096//1096 946//946
f 1096//1096 1097//1097 946//946
f 946//946 1097//1097 947//947
f 1097//1097 1098//1098 947//947
f 947//947 1098//1098 948//948
f 1098//1098 1099//1099 948//948
f 948//948 1099//1099 949//949
f 1099//1099 1100//1100 949//949
f 949//949 1100//1100 950//950
f 1100//1100 1101//1101 950//950
f 950//950 1101//1101 951//951
f 1101//1101 1102//1102 951//951
f 951//951 1102//1102 952//952
f 1102//1102 1103//1103 952//952
f 952//952 1103//1103 953//953
f 1103//1103 1104//1104 953//953
f 953//953 1104//1104 954//954
f 1104//1104 1105//1105 954//954
f 954//954 1105//1105 955//955
f 1105//1105 1106//1106 955//955
f 955//955 1106//1106 956//956
f 1106//1106 1107//1107 956//956
f 956//956 1107//1107 957//957
f 1107//1107 1108//1108 957//957
f 957//957 1108//1108 958//958
f 1108//1108 1109//1109 958//958
f 958//958 1109//1109 959//959
f 1109//1109 1110//1110 959//959
f 959//959 1110//1110 960//960
f 1110//1110 1111//1111 960//960
f 960//960 1111//1111 961//961
f 1111//1111 1112//1112 961//961
f 961//961 1112//1112 962//962
f 1112//1112 1113//1113 962//962
f 962//962 1113//1113 963//963
f 1113//1113 1114//1114 963//963
f 963//963 1114//1114 964//964
f 1114//1114 1115//1115 964//964
f 964//964 1115//1115 965//965
f 1115//1115 1116//1116 965//965
f 965//965 1116//1116 966//966
f 1116//1116 1117//1117 966//966
f 966//966 1117//1117 967//967
f 1117//1117 1118//1118 967//967
f 967//967 1118//1118 968//968
f 1118//1118 1119//1119 968//968
f 968//968 1119//1119 969//969
f 1119//1119 1120//1120 969//969
f 969//969 1120//1120 970//970
f 1120//1120 1121//1121 970//970
f 970//970 1121//1121 971//971
f 1121//1121 1122//1122 971//971
f 971//971 1122//1122 972//972
f 1122//1122 1123//1123 972//972
f 972//972 1123//1123 973//973
f 1123//1123 1124//1124 973//973
f 973//973 1124//1124 974//974
f 1124//1124 1125//1125 974//974
f 974//974 1125//1125 975//975
f 1125//1125 1126//1126 975//975
f 975//975 1126//1126 976//976
f 1126//1126 1127//1127 976//976
f 976//976 1127//1127 977//977
f 1127//1127 1128//1128 977//977
f 977//977 1128//1128 978//978
f 1128//1128 1129//1129 978//978
f 978//978 1129//1129 979//979
f 1129//1129 1130//1130 979//979
f 979//979 1130//1130 980//980
f 1130//1130 1131//1131 980//980
f 980//980 1131//1131 981//981
f 1131//1131 1132//1132 981//981
f 981//981 1132//1132 982//982
f 1132//1132 1133//1133 982//982
f 982//982 1133//1133 983//983
f 1133//1133 1134//1134 983//983
f 983//983 1134//1134 984//984
f 1134//1134 1135//1135 984//984
f 984//984 1135//1135 985//985
f 1135//1135 1136//1136 985//985
f 985//985 1136//1136 986//986
f 1136//1136 1137//1137 986//986
f 986//986 1137//1137 987//987
f 1137//1137 1138//1138 987//987
f 987//987 1138//1138 988//988
f 1138//1138 1139//1139 988//988
f 988//988 1139//1139 989//989
f 1139//1139 1140//1140 989//989
f 989//989 1140//1140 990//990
f 1140//1140 1141//1141 990//990
f 990//990 1141//1141 991//991
f 1141//1141 1142//1142 991//991
f 991//991 1142//1142 992//992
f 1142//1142 1143//1143 992//992
f 992//992 1143//1143 993//993
f 1143//1143 1144//1144 993//993
f 993//993 1144//1144 994//994
f 1144//1144 1145//1145 994//994
f 994//994 1145//1145 995//995
f 1145//1145 1146//1146 995//995
f 995//995 1146//1146 996//996
f 1146//1146 1147//1147 996//996
f 996//996 1147//1147 997//997
f 1147//1147 1148//1148 997//997
f 997//997 1148//1148 998//998
f 1148//1148 1149//1149 998//998
f 998//998 1149//1149 999//999
f 1149//1149 1150//1150 999//999
f 999//999 1150//1150 1000//1000
f 1150//1150 1151//1151 1000//1000
f 1000//1000 1151//1151 1001//1001
f 1151//1151 1152//1152 1001//1001
f 1001//1001 1152//1152 1002//1002
f 1152//1152 1153//1153 1002//1002
f 1002//1002 1153//1153 1003//1003
f 1153//1153 1154//1154 1003//1003
f 1003//1003 1154//1154 1004//1004
f 1154//1154 1155//1155 1004//1004
f 1004//1004 1155//1155 1005//1005
f 1155//1155 1156//1156 1005//1005
f 1005//1005 1156//1156 1006//1006
f 1156//1156 1157//1157 1006//1006
f 1006//1006 1157//1157 1007//1007
f 1157//1157 1158//1158 1007//1007
f 1007//1007 1158//1158 1008//1008
f 1158//1158 1159//1159 1008//1008
f 1008//1008 1159//1159 1009//1009
f 1159//1159 1160//1160 1009//1009
f 1009//1009 1160//1160 1010//1010
f 1160//1160 1161//1161 1010//1010
f 1010//1010 1161//1161 1011//1011
f 1161//1161 1162//1162 1011//1011
f 1011//1011 1162//1162 1012//1012
f 1162//1162 1163//1163 1012//1012
f 1012//1012 1163//1163 1013//1013
f 1163//1163 1164//1164 1013//1013
f 1013//1013 1164//1164 1014//1014
f 1164//1164 1165//1165 1014//1014
f 1014//1014 1165//1165 1015//1015
f 1165//1165 1166//1166 1015//1015
f 1015//1015 1166//1166 1016//1016
f 1166//1166 1167//1167 1016//1016
f 1016//1016 1167//1167 1017//1017
f 1167//1167 1168//1168 1017//1017
f 1017//1017 1168//1168 1018//1018
f 1168//1168 1169//1169 1018//1018
f 1018//1018 1169//1169 1019//1019
f 1169//1169 1170//1170 1019//1019
f 1019//1019 1170//1170 1020//1020
f 1170//1170 1171//1171 1020//1020
f 1020//1020 1171//1171 1021//1021
f 1171//1171 1172//1172 1021//1021
f 1021//1021 1172//1172 1022//1022
f 1172//1172 1173//1173 1022//1022
f 1022//1022 1173//1173 1023//1023
f 1173//1173 1174//1174 1023//1023
f 1023//1023 1174//1174 1024//1024
f 1174//1174 1175//1175 1024//1024
f 1024//1024 1175//1175 1025//1025
f 1175//1175 1176//1176 1025//1025
f 1025//1025 1176//1176 1026//1026
f 1176//1176 1177//1177 1026//1026
f 1026//1026 1177//1177 1027//1027
f 1177//1177 1178//1178 1027//1027
f 1027//1027 1178//1178 1028//1028
f 1178//1178 1179//1179 1028//1028
f 1028//1028 1179//1179 1029//1029
f 1179//1179 1180//1180 1029//1029
f 1029//1029 1180//1180 1030//1030
f 1180//1180 1181//1181 1030//1030
f 1030//1030 1181//1181 1031//1031
f 1181//1181 1182//1182 1031//1031
f 1031//1031 1182//1182 1032//1032
f 1182//1182 1183//1183 1032//1032
f 1032//1032 1183//1183 1033//1033
f 1183//1183 1184//1184 1033//1033
f 1033//1033 1184//1184 1034//1034
f 1184//1184 1185//1185 1034//1034
f 1034//1034 1185//1185 1035//1035
f 1185//1185 1186//1186 1035//1035
f 1035//1035 1186//1186 1036//1036
f 1186//1186 1187//1187 1036//1036
f 1036//1036 1187//1187 1037//1037
f 1187//1187 1188//1188 1037//1037
f 1037//1037 1188//1188 1038//1038
f 1188//1188 1189//1189 1038//1038
f 1038//1038 1189//1189 1039//1039
f 1189//1189 1190//1190 1039//1039
f 1039//1039 1190//1190 1040//1040
f 1190//1190 1191//1191 1040//1040
f 1040//1040 1191//1191 1041//1041
f 1191//1191 1192//1192 1041//1041
f 1041//1041 1192//1192 1042//1042
f 1192//1192 1193//1193 1042//1042
f 1042//1042 1193//1193 1043//1043
f 1193//1193 1194//1194 1043//1043
f 1043//1043 1194//1194 1044//1044
f 1194//1194 1195//1195 1044//1044
f 1044//1044 1195//1195 1045//1045
f 1195//1195 1196//1196 1045//1045
f 1045//1045 1196//1196 1046//1046
f 1196//1196 1197//1197 1046//1046
f 1046//1046 1197//1197 1047//1047
f 1197//1197 1198//1198 1047//1047
f 1047//1047 1198//1198 1048//1048
f 1198//1198 1199//1199 1048//1048
f 1048//1048 1199//1199 1049//1049
f 1199//1199 1200//1200 1049//1049
f 1049//1049 1200//1200 1050//1050
f 1200//1200 1201//1201 1050//1050
f 1050//1050 1201//1201 1051//1051
f 1201//1201 1202//1202 1051//1051
f 1051//1051 1202//1202 1052//1052
f 1202//1202 1203//1203 1052//1052
f 1052//1052 1203//1203 1053//1053
f 1203//1203 1204//1204 1053//1053
f 1053//1053 1204//1204 1054//1054
f 1204//1204 1205//1205 1054//1054
f 1054//1054 1205//1205 1055//1055
f 1205//1205 1206//1206 1055//1055
f 1055//1055 1206//1206 1056//1056
f 1206//1206 1207//1207 1056//1056
f 1056//1056 1207//1207 1057//1057
f 1207//1207 1208//1208 1057//1057
f 1058//1058 1209//1209 1059//1059
f 1209//1209 1210//1210 1059//1059
f 1059//1059 1210//1210 1060//1060
f 1210//1210 1211//1211 1060//1060
f 1060//1060 1211//1211 1061//1061
f 1211//1211 1212//1212 1061//1061
f 1061//1061 1212//1212 1062//1062
f 1212//1212 1213//1213 1062//1062
f 1062//1062 1213//1213 1063//1063
f 1213//1213 1214//1214 1063//1063
f 1063//1063 1214//1214 1064//1064
f 1214//1214 1215//1215 1064//1064
f 1064//1064 1215//1215 1065//1065
f 1215//1215 1216//1216 1065//1065
f 1065//1065 1216//1216 1066//1066
f 1216//1216 1217//1217 1066//1066
f 1066//1066 1217//1217 1067//1067
f 1217//1217 1218//1218 1067//1067
f 1067//1067 1218//1218 1068//1068
f 1218//1218 1219//1219 1068//1068
f 1068//1068 1219//1219 1069//1069
f 1219//1219 1220//1220 1069//1069
f 1069//1069 1220//1220 1070//1070
f 1220//1220 1221//1221 1070//1070
f 1070//1070 1221//1221 1071//1071
f 1221//1221 1222//1222 1071//1071
f 1071//1071 1222//1222 1072//1072
f 1222//1222 1223//1223 1072//1072
f 1072//1072 1223//1223 1073//1073
f 1223//1223 1224//1224 1073//1073
f 1073//1073 1224//1224 1074//1074
f 1224//1224 1225//1225 1074//1074
f 1074//1074 1225//1225 1075//1075
f 1225//1225 1226//1226 1075//1075
f 1075//1075 1226//1226 1076//1076
f 1226//1226 1227//1227 1076//1076
f 1076//1076 1227//1227 1077//1077
f 1227//1227 1228//1228 1077//1077
f 1077//1077 1228//1228 1078//1078
f 1228//1228 1229//1229 1078//1078
f 1078//1078 1229//1229 1079//1079
f 1229//1229 1230//1230 1079//1079
f 1079//1079 1230//1230 1080//1080
f 1230//1230 1231//1231 1080//1080
f 1080//1080 1231//1231 1081//1081
f 1231//1231 1232//1232 1081//1081
f 1081//1081 1232//1232 1082//1082
f 1232//1232 1233//1233 1082//1082
f 1082//1082 1233//1233 1083//1083
f 1233//1233 1234//1234 1083//1083
f 1083//1083 1234//1234 1084//1084
f 1234//1234 1235//1235 1084//1084
f 1084//1084 1235//1235 1085//1085
f 1235//1235 1236//1236 1085//1085
f 1085//1085 1236//1236 1086//1086
f 1236//1236 1237//1237 1086//1086
f 1086//1086 1237//1237 1087//1087
f 1237//1237 1238//1238 1087//1087
f 1087//1087 1238//1238 1088//1088
f 1238//1238 1239//1239 1088//1088
f 1088//1088 1239//1239 1089//1089
f 1239//1239 1240//1240 1089//1089
f 1089//1089 1240//1240 1090//1090
f 1240//1240 1241//1241 1090//1090
f 1090//1090 1241//1241 1091//1091
f 1241//1241 1242//1242 1091//1091
f 1091//1091 1242//1242 1092//1092
f 1242//1242 1243//1243 1092//1092
f 1092//1092 1243//1243 1093//1093
f 1243//1243 1244//1244 1093//1093
f 1093//1093 1244//1244 1094//1094
f 1244//1244 1245//1245 1094//1094
f 1094//1094 1245//1245 1095//1095
f 1245//1245 1246//1246 1095//1095
f 1095//1095 1246//1246 1096//1096
f 1246//1246 1247//1247 1096//1096
f 1096//1096 1247//1247 1097//1097
f 1247//1247 1248//1248 1097//1097
f 1097//1097 1248//1248 1098//1098
f 1248//1248 1249//1249 1098//1098
f 1098//1098 1249//1249 1099//1099
f 1249//1249 1250//1250 1099//1099
f 1099//1099 1250//1250 1100//1100
f 1250//1250 1251//1251 1100//1100
f 1100//1100 1251//1251 1101//1101
f 1251//1251 1252//1252 1101//1101
f 1101//1101 1252//1252 1102//1102
f 1252//1252 1253//1253 1102//1102
f 1102//1102 1253//1253 1103//1103
f 1253//1253 1254//1254 1103//1103
f 1103//1103 1254//1254 1104//1104
f 1254//1254 1255//1255 1104//1104
f 1104//1104 1255//1255 1105//1105
f 1255//1255 1256//1256 1105//1105
f 1105//1105 1256//1256 1106//1106
f 1256//1256 1257//1257 1106//1106
f 1106//1106 1257//1257 1107//1107
f 1257//1257 1258//1258 1107//1107
f 1107//1107 1258//1258 1108//1108
f 1258//1258 1259//1259 1108//1108
f 1108//1108 1259//1259 1109//1109
f 1259//1259 1260//1260 1109//1109
f 1109//1109 1260//1260 1110//1110
f 1260//1260 1261//1261 1110//1110
f 1110//1110 1261//1261 1111//1111
f 1261//1261 1262//1262 1111//1111
f 1111//1111 1262//1262 1112//1112
f 1262//1262 1263//1263 1112//1112
f 1112//1112 1263//1263 1113//1113
f 1263//1263 1264//1264 1113//1113
f 1113//1113 1264//1264 1114//1114
f 1264//1264 1265//1265 1114//1114
f 1114//1114 1265//1265 1115//1115
f 1265//1265 1266//1266 1115//1115
f 1115//1115 1266//1266 1116//1116
f 1266//1266 1267//1267 1116//1116
f 1116//1116 1267//1267 1117//1117
f 1267//1267 1268//1268 1117//1117
f 1117//1117 1268//1268 1118//1118
f 1268//1268 1269//1269 1118//1118
f 1118//1118 1269//1269 1119//1119
f 1269//1269 1270//1270 1119//1119
f 1119//1119 1270//1270 1120//1120
f 1270//1270 1271//1271 1120//1120
f 1120//1120 1271//1271 1121//1121
f 1271//1271 1272//1272 1121//1121
f 1121//1121 1272//1272 1122//1122
f 1272//1272 1273//1273 1122//1122
f 1122//1122 1273//1273 1123//1123
f 1273//1273 1274//1274 1123//1123
f 1123//1123 1274//1274 1124//1124
f 1274//1274 1275//1275 1124//1124
f 1124//1124 1275//1275 1125//1125
f 1275//1275 1276//1276 1125//1125
f 1125//1125 1276//1276 1126//1126
f 1276//1276 1277//1277 1126//1126
f 1126//1126 1277//1277 1127//1127
f 1277//1277 1278//1278 1127//1127
f 1127//1127 1278//1278 1128//1128
f 1278//1278 1279//1279 1128//1128
f 1128//1128 1279//1279 1129//1129
f 1279//1279 1280//1280 1129//1129
f 1129//1129 1280//1280 1130//1130
f 1280//1280 1281//1281 1130//1130
f 1130//1130 1281//1281 1131//1131
f 1281//1281 1282//1282 1131//1131
f 1131//1131 1282//1282 1132//1132
f 1282//1282 1283//1283 1132//1132
f 1132//1132 1283//1283 1133//1133
f 1283//1283 1284//1284 1133//1133
f 1133//1133 1284//1284 1134//1134
f 1284//1284 1285//1285 1134//1134
f 1134//1134 1285//1285 1135//1135
f 1285//1285 1286//1286 1135//1135
f 1135//1135 1286//1286 1136//1136
f 1286//1286 1287//1287 1136//1136
f 1136//1136 1287//1287 1137//1137
f 1287//1287 1288//1288 1137//1137
f 1137//1137 1288//1288 1138//1138
f 1288//1288 1289//1289 1138//1138
f 1138//1138 1289//1289 1139//1139
f 1289//1289 1290//1290 1139//1139
f 1139//1139 1290//1290 1140//1140
f 1290//1290 1291//1291 1140//1140
f 1140//1140 1291//1291 1141//1141
f 1291//1291 1292//1292 1141//1141
f 1141//1141 1292//1292 1142//1142
f 1292//1292 1293//1293 1142//1142
f 1142//1142 1293//1293 1143//1143
f 1293//1293 1294//1294 1143//1143
f 1143//1143 1294//1294 1144//1144
f 1294//1294 1295//1295 1144//1144
f 1144//1144 1295//1295 1145//1145
f 1295//1295 1296//1296 1145//1145
f 1145//1145 1296//1296 1146//1146
f 1296//1296 1297//1297 1146//1146
f 1146//1146 1297//1297 1147//1147
f 1297//1297 1298//1298 1147//1147
f 1147//1147 1298//1298 1148//1148
f 1298//1298 1299//1299 1148//1148
f 1148//1148 1299//1299 1149//1149
f 1299//1299 1300//1300 1149//1149
f 1149//1149 1300//1300 1150//1150
f 1300//1300 1301//1301 1150//1150
f 1150//1150 1301//1301 1151//1151
f 1301//1301 1302//1302 1151//1151
f 1151//1151 1302//1302 1152//1152
f 1302//1302 1303//1303 1152//1152
f 1152//1152 1303//1303 1153//1153
f 1303//1303 1304//1304 1153//1153
f 1153//1153 1304//1304 1154//1154
f 1304//1304 1305//1305 1154//1154
f 1154//1154 1305//1305 1155//1155
f 1305//1305 1306//1306 1155//1155
f 1155//1155 1306//1306 1156//1156
f 1306//1306 1307//1307 1156//1156
f 1156//1156 1307//1307 1157//1157
f 1307//1307 1308//1308 1157//1157
f 1157//1157 1308//1308 1158//1158
f 1308//1308 1309//1309 1158//1158
f 1158//1158 1309//1309 1159//1159
f 1309//1309 1310//1310 1159//1159
f 1159//1159 1310//1310 1160//1160
f 1310//1310 1311//1311 1160//1160
f 1160//1160 1311//1311 1161//1161
f 1311//1311 1312//1312 1161//1161
f 1161//1161 1312//1312 1162//1162
f 1312//1312 1313//1313 1162//1162
f 1162//1162 1313//1313 1163//1163
f 1313//1313 1314//1314 1163//1163
f 1163//1163 1314//1314 1164//1164
f 1314//1314 1315//1315 1164//1164
f 1164//1164 1315//1315 1165//1165
f 1315//1315 1316//1316 1165//1165
f 1165//1165 1316//1316 1166//1166
f 1316//1316 1317//1317 1166//1166
f 1166//1166 1317//1317 1167//1167
f 1317//1317 1318//1318 1167//1167
f 1167//1167 1318//1318 1168//1168
f 1318//1318 1319//1319 1168//1168
f 1168//1168 1319//1319 1169//1169
f 1319//1319 1320//1320 1169//1169
f 1169//1169 1320//1320 1170//1170
f 1320//1320 1321//1321 1170//1170
f 1170//1170 1321//1321 1171//1171
f 1321//1321 1322//1322 1171//1171
f 1171//1171 1322//1322 1172//1172
f 1322//1322 1323//1323 1172//1172
f 1172//1172 1323//1323 1173//1173
f 1323//1323 1324//1324 1173//1173
f 1173//1173 1324//1324 1174//1174
f 1324//1324 1325//1325 1174//1174
f 1174//1174 1325//1325 1175//1175
f 1325//1325 1326//1326 1175//1175
f 1175//1175 1326//1326 1176//1176
f 1326//1326 1327//1327 1176//1176
f 1176//1176 1327//1327 1177//1177
f 1327//1327 1328//1328 1177//1177
f 1177//1177 1328//1328 1178//1178
f 1328//1328 1329//1329 1178//1178
f 1178//1178 1329//1329 1179//1179
f 1329//1329 1330//1330 1179//1179
f 1179//1179 1330//1330 1180//1180
f 1330//1330 1331//1331 1180//1180
f 1180//1180 1331//1331 1181//1181
f 1331//1331 1332//1332 1181//1181
f 1181//1181 1332//1332 1182//1182
f 1332//1332 1333//1333 1182//1182
f 1182//1182 1333//1333 1183//1183
f 1333//1333 1334//1334 1183//1183
f 1183//1183 1334//1334 1184//1184
f 1334//1334 1335//1335 1184//1184
f 1184//1184 1335//1335 1185//1185
f 1335//1335 1336//1336 1185//1185
f 1185//1185 1336//1336 1186//1186
f 1336//1336 1337//1337 1186//1186
f 1186//1186 1337//1337 1187//1187
f 1337//1337 1338//1338 1187//1187
f 1187//1187 1338//1338 1188//1188
f 1338//1338 1339//1339 1188//1188
f 1188//1188 1339//1339 1189//1189
f 1339//1339 1340//1340 1189//1189
f 1189//1189 1340//1340 1190//1190
f 1340//1340 1341//1341 1190//1190
f 1190//1190 1341//1341 1191//1191
f 1341//1341 1342//1342 1191//1191
f 1191//1191 1342//1342 1192//1192
f 1342//1342 1343//1343 1192//1192
f 1192//1192 1343//1343 1193//1193
f 1343//1343 1344//1344 1193//1193
f 1193//1193 1344//1344 1194//1194
f 1344//1344 1345//1345 1194//1194
f 1194//1194 1345//1345 1195//1195
f 1345//1345 1346//1346 1195//1195
f 1195//1195 1346//1346 1196//1196
f 1346//1346 1347//1347 1196//1196
f 1196//1196 1347//1347 1197//1197
f 1347//1347 1348//1348 1197//1197
f 1197//1197 1348//1348 1198//1198
f 1348//1348 1349//1349 1198//1198
f 1198//1198 1349//1349 1199//1199
f 1349//1349 1350//1350 1199//1199
f 1199//1199 1350//1350 1200//1200
f 1350//1350 1351//1351 1200//1200
f 1200//1200 1351//1351 1201//1201
f 1351//1351 1352//1352 1201//1201
f 1201//1201 1352//1352 1202//1202
f 1352//1352 1353//1353 1202//1202
f 1202//1202 1353//1353 1203//1203
f 1353//1353 1354//1354 1203//1203
f 1203//1203 1354//1354 1204//1204
f 1354//1354 1355//1355 1204//1204
f 1204//1204 1355//1355 1205//1205
f 1355//1355 1356//1356 1205//1205
f 1205//1205 1356//1356 1206//1206
f 1356//1356 1357//1357 1206//1206
f 1206//1206 1357//1357 1207//1207
f 1357//1357 1358//1358 1207//1207
f 1207//1207 1358//1358 1208//1208
f 1358//1358 1359//1359 1208//1208
f 1209//1209 1360//1360 1210//1210
f 1360//1360 1361//1361 1210//1210
f 1210//1210 1361//1361 1211//1211
f 1361//1361 1362//1362 1211//1211
f 1211//1211 1362//1362 1212//1212
f 1362//1362 1363//1363 1212//1212
f 1212//1212 1363//1363 1213//1213
f 1363//1363 1364//1364 1213//1213
f 1213//1213 1364//1364 1214//1214
f 1364//1364 1365//1365 1214//1214
f 1214//1214 1365//1365 1215//1215
f 1365//1365 1366//1366 1215//1215
f 1215//1215 1366//1366 1216//1216
f 1366//1366 1367//1367 1216//1216
f 1216//1216 1367//1367 1217//1217
f 1367//1367 1368//1368 1217//1217
f 1217//1217 1368//1368 1218//1218
f 1368//1368 1369//1369 1218//1218
f 1218//1218 1369//1369 1219//1219
f 1369//1369 1370//1370 1219//1219
f 1219//1219 1370//1370 1220//1220
f 1370//1370 1371//1371 1220//1220
f 1220//1220 1371//1371 1221//1221
f 1371//1371 1372//1372 1221//1221
f 1221//1221 1372//1372 1222//1222
f 1372//1372 1373//1373 1222//1222
f 1222//1222 1373//1373 1223//1223
f 1373//1373 1374//1374 1223//1223
f 1223//1223 1374//1374 1224//1224
f 1374//1374 1375//1375 1224//1224
f 1224//1224 1375//1375 1225//1225
f 1375//1375 1376//1376 1225//1225
f 1225//1225 1376//1376 1226//1226
f 1376//1376 1377//1377 1226//1226
f 1226//1226 1377//1377 1227//1227
f 1377//1377 1378//1378 1227//1227
f 1227//1227 1378//1378 1228//1228
f 1378//1378 1379//1379 1228//1228
f 1228//1228 1379//1379 1229//1229
f 1379//1379 1380//1380 1229//1229
f 1229//1229 1380//1380 1230//1230
f 1380//1380 1381//1381 1230//1230
f 1230//1230 1381//1381 1231//1231
f 1381//1381 1382//1382 1231//1231
f 1231//1231 1382//1382 1232//1232
f 1382//1382 1383//1383 1232//1232
f 1232//1232 1383//1383 1233//1233
f 1383//1383 1384//1384 1233//1233
f 1233//1233 1384//1384 1234//1234
f 1384//1384 1385//1385 1234//1234
f 1234//1234 1385//1385 1235//1235
f 1385//1385 1386//1386 1235//1235
f 1235//1235 1386//1386 1236//1236
f 1386//1386 1387//1387 1236//1236
f 1236//1236 1387//1387 1237//1237
f 1387//1387 1388//1388 1237//1237
f 1237//1237 1388//1388 1238//1238
f 1388//1388 1389//1389 1238//1238
f 1238//1238 1389//1389 1239//1239
f 1389//1389 1390//1390 1239//1239
f 1239//1239 1390//1390 1240//1240
f 1390//1390 1391//1391 1240//1240
f 1240//1240 1391//1391 1241//1241
f 1391//1391 1392//1392 1241//1241
f 1241//1241 1392//1392 1242//1242
f 1392//1392 1393//1393 1242//1242
f 1242//1242 1393//1393 1243//1243
f 1393//1393 1394//1394 1243//1243
f 1243//1243 1394//1394 1244//1244
f 1394//1394 1395//1395 1244//1244
f 1244//1244 1395//1395 1245//1245
f 1395//1395 1396//1396 1245//1245
f 1245//1245 1396//1396 1246//1246
f 1396//1396 1397//1397 1246//1246
f 1246//1246 1397//1397 1247//1247
f 1397//1397 1398//1398 1247//1247
f 1247//1247 1398//1398 1248//1248
f 1398//1398 1399//1399 1248//1248
f 1248//1248 1399//1399 1249//1249
f 1399//1399 1400//1400 1249//1249
f 1249//1249 1400//1400 1250//1250
f 1400//1400 1401//1401 1250//1250
f 1250//1250 1401//1401 1251//1251
f 1401//1401 1402//1402 1251//1251
f 1251//1251 1402//1402 1252//1252
f 1402//1402 1403//1403 1252//1252
f 1252//1252 1403//1403 1253//1253
f 1403//1403 1404//1404 1253//1253
f 1253//1253 1404//1404 1254//1254
f 1404//1404 1405//1405 1254//1254
f 1254//1254 1405//1405 1255//1255
f 1405//1405 1406//1406 1255//1255
f 1255//1255 1406//1406 1256//1256
f 1406//1406 1407//1407 1256//1256
f 1256//1256 1407//1407 1257//1257
f 1407//1407 1408//1408 1257//1257
f 1257//1257 1408//1408 1258//1258
f 1408//1408 1409//1409 1258//1258
f 1258//1258 1409//1409 1259//1259
f 1409//1409 1410//1410 1259//1259
f 1259//1259 1410//1410 1260//1260
f 1410//1410 1411//1411 1260//1260
f 1260//1260 1411//1411 1261//1261
f 1411//1411 1412//1412 1261//1261
f 1261//1261 1412//1412 1262//1262
f 1412//1412 1413//1413 1262//1262
f 1262//1262 1413//1413 1263//1263
f 1413//1413 1414//1414 1263//1263
f 1263//1263 1414//1414 1264//1264
f 1414//1414 1415//1415 1264//1264
f 1264//1264 1415//1415 1265//1265
f 1415//1415 1416//1416 1265//1265
f 1265//1265 1416//1416 1266//1266
f 1416//1416 1417//1417 1266//1266
f 1266//1266 1417//1417 1267//1267
f 1417//1417 1418//1418 1267//1267
f 1267//1267 1418//1418 1268//1268
f 1418//1418 1419//1419 1268//1268
f 1268//1268 1419//1419 1269//1269
f 1419//1419 1420//1420 1269//1269
f 1269//1269 1420//1420 1270//1270
f 1420//1420 1421//1421 1270//1270
f 1270//1270 1421//1421 1271//1271
f 1421//1421 1422//1422 1271//1271
f 1271//1271 1422//1422 1272//1272
f 1422//1422 1423//1423 1272//1272
f 1272//1272 1423//1423 1273//1273
f 1423//1423 1424//1424 1273//1273
f 1273//1273 1424//1424 1274//1274
f 1424//1424 1425//1425 1274//1274
f 1274//1274 1425//1425 1275//1275
f 1425//1425 1426//1426 1275//1275
f 1275//1275 1426//1426 1276//1276
f 1426//1426 1427//1427 1276//1276
f 1276//1276 1427//1427 1277//1277
f 1427//1427 1428//1428 1277//1277
f 1277//1277 1428//1428 1278//1278
f 1428//1428 1429//1429 1278//1278
f 1278//1278 1429//1429 1279//1279
f 1429//1429 1430//1430 1279//1279
f 1279//1279 1430//1430 1280//1280
f 1430//1430 1431//1431 1280//1280
f 1280//1280 1431//1431 1281//1281
f 1431//1431 1432//1432 1281//1281
f 1281//1281 1432//1432 1282//1282
f 1432//1432 1433//1433 1282//1282
f 1282//1282 1433//1433 1283//1283
f 1433//1433 1434//1434 1283//1283
f 1283//1283 1434//1434 1284//1284
f 1434//1434 1435//1435 1284//1284
f 1284//1284 1435//1435 1285//1285
f 1435//1435 1436//1436 1285//1285
f 1285//1285 1436//1436 1286//1286
f 1436//1436 1437//1437 1286//1286
f 1286//1286 1437//1437 1287//1287
f 1437//1437 1438//1438 1287//1287
f 1287//1287 1438//1438 1288//1288
f 1438//1438 1439//1439 1288//1288
f 1288//1288 1439//1439 1289//1289
f 1439//1439 1440//1440 1289//1289
f 1289//1289 1440//1440 1290//1290
f 1440//1440 1441//1441 1290//1290
f 1290//1290 1441//1441 1291//1291
f 1441//1441 1442//1442 1291//1291
f 1291//1291 1442//1442 1292//1292
f 1442//1442 1443//1443 1292//1292
f 1292//1292 1443//1443 1293//1293
f 1443//1443 1444//1444 1293//1293
f 1293//1293 1444//1444 1294//1294
f 1444//1444 1445//1445 1294//1294
f 1294//1294 1445//1445 1295//1295
f 1445//1445 1446//1446 1295//1295
f 1295//1295 1446//1446 1296//1296
f 1446//1446 1447//1447 1296//1296
f 1296//1296 1447//1447 1297//1297
f 1447//1447 1448//1448 1297//1297
f 1297//1297 1448//1448 1298//1298
f 1448//1448 1449//1449 1298//1298
f 1298//1298 1449//1449 1299//1299
f 1449//1449 1450//1450 1299//1299
f 1299//1299 1450//1450 1300//1300
f 1450//1450 1451//1451 1300//1300
f 1300//1300 1451//1451 1301//1301
f 1451//1451 1452//1452 1301//1301
f 1301//1301 1452//1452 1302//1302
f 1452//1452 1453//1453 1302//1302
f 1302//1302 1453//1453 1303//1303
f 1453//1453 1454//1454 1303//1303
f 1303//1303 1454//1454 1304//1304
f 1454//1454 1455//1455 1304//1304
f 1304//1304 1455//1455 1305//1305
f 1455//1455 1456//1456 1305//1305
f 1305//1305 1456//1456 1306//1306
f 1456//1456 1457//1457 1306//1306
f 1306//1306 1457//1457 1307//1307
f 1457//1457 1458//1458 1307//1307
f 1307//1307 1458//1458 1308//1308
f 1458//1458 1459//1459 1308//1308
f 1308//1308 1459//1459 1309//1309
f 1459//1459 1460//1460 1309//1309
f 1309//1309 1460//1460 1310//1310
f 1460//1460 1461//1461 1310//1310
f 1310//1310 1461//1461 1311//1311
f 1461//1461 1462//1462 1311//1311
f 1311//1311 1462//1462 1312//1312
f 1462//1462 1463//1463 1312//1312
f 1312//1312 1463//1463 1313//1313
f 1463//1463 1464//1464 1313//1313
f 1313//1313 1464//1464 1314//1314
f 1464//1464 1465//1465 1314//1314
f 1314//1314 1465//1465 1315//1315
f 1465//1465 1466//1466 1315//1315
f 1315//1315 1466//1466 1316//1316
f 1466//1466 1467//1467 1316//1316
f 1316//1316 1467//1467 1317//1317
f 1467//1467 1468//1468 1317//1317
f 1317//1317 1468//1468 1318//1318
f 1468//1468 1469//1469 1318//1318
f 1318//1318 1469//1469 1319//1319
f 1469//1469 1470//1470 1319//1319
f 1319//1319 1470//1470 1320//1320
f 1470//1470 1471//1471 1320//1320
f 1320//1320 1471//1471 1321//1321
f 1471//1471 1472//1472 1321//1321
f 1321//1321 1472//1472 1322//1322
f 1472//1472 1473//1473 1322//1322
f 1322//1322 1473//1473 1323//1323
f 1473//1473 1474//1474 1323//1323
f 1323//1323 1474//1474 1324//1324
f 1474//1474 1475//1475 1324//1324
f 1324//1324 1475//1475 1325//1325
f 1475//1475 1476//1476 1325//1325
f 1325//1325 1476//1476 1326//1326
f 1476//1476 1477//1477 1326//1326
f 1326//1326 1477//1477 1327//1327
f 1477//1477 1478//1478 1327//1327
f 1327//1327 1478//1478 1328//1328
f 1478//1478 1479//1479 1328//1328
f 1328//1328 1479//1479 1329//1329
f 1479//1479 1480//1480 1329//1329
f 1329//1329 1480//1480 1330//1330
f 1480//1480 1481//1481 1330//1330
f 1330//1330 1481//1481 1331//1331
f 1481//1481 1482//1482 1331//1331
f 1331//1331 1482//1482 1332//1332
f 1482//1482 1483//1483 1332//1332
f 1332//1332 1483//1483 1333//1333
f 1483//1483 1484//1484 1333//1333
f 1333//1333 1484//1484 1334//1334
f 1484//1484 1485//1485 1334//1334
f 1334//1334 1485//1485 1335//1335
f 1485//1485 1486//1486 1335//1335
f 1335//1335 1486//1486 1336//1336
f 1486//1486 1487//1487 1336//1336
f 1336//1336 1487//1487 1337//1337
f 1487//1487 1488//1488 1337//1337
f 1337//1337 1488//1488 1338//1338
f 1488//1488 1489//1489 1338//1338
f 1338//1338 1489//1489 1339//1339
f 1489//1489 1490//1490 1339//1339
f 1339//1339 1490//1490 1340//1340
f 1490//1490 1491//1491 1340//1340
f 1340//1340 1491//1491 1341//1341
f 1491//1491 1492//1492 1341//1341
f 1341//1341 1492//1492 1342//1342
f 1492//1492 1493//1493 1342//1342
f 1342//1342 1493//1493 1343//1343
f 1493//1493 1494//1494 1343//1343
f 1343//1343 1494//1494 1344//1344
f 1494//1494 1495//1495 1344//1344
f 1344//1344 1495//1495 1345//1345
f 1495//1495 1496//1496 1345//1345
f 1345//1345 1496//1496 1346//1346
f 1496//1496 1497//1497 1346//1346
f 1346//1346 1497//1497 1347//1347
f 1497//1497 1498//1498 1347//1347
f 1347//1347 1498//1498 1348//1348
f 1498//1498 1499//1499 1348//1348
f 1348//1348 1499//1499 1349//1349
f 1499//1499 1500//1500 1349//1349
f 1349//1349 1500//1500 1350//1350
f 1500//1500 1501//1501 1350//1350
f 1350//1350 1501//1501 1351//1351
f 1501//1501 1502//1502 1351//1351
f 1351//1351 1502//1502 1352//1352
f 1502//1502 1503//1503 1352//1352
f 1352//1352 1503//1503 1353//1353
f 1503//1503 1504//1504 1353//1353
f 1353//1353 1504//1504 1354//1354
f 1504//1504 1505//1505 1354//1354
f 1354//1354 1505//1505 1355//1355
f 1505//1505 1506//1506 1355//1355
f 1355//1355 1506//1506 1356//1356
f 1506//1506 1507//1507 1356//1356
f 1356//1356 1507//1507 1357//1357
f 1507//1507 1508//1508 1357//1357
f 1357//1357 1508//1508 1358//1358
f 1508//1508 1509//1509 1358//1358
f 1358//1358 1509//1509 1359//1359
f 1509//1509 1510//1510 1359//1359
f 1360//1360 1511//1511 1361//1361
f 1511//1511 1512//1512 1361//1361
f 1361//1361 1512//1512 1362//1362
f 1512//1512 1513//1513 1362//1362
f 1362//1362 1513//1513 1363//1363
f 1513//1513 1514//1514 1363//1363
f 1363//1363 1514//1514 1364//1364
f 1514//1514 1515//1515 1364//1364
f 1364//1364 1515//1515 1365//1365
f 1515//1515 1516//1516 1365//1365
f 1365//1365 1516//1516 1366//1366
f 1516//1516 1517//1517 1366//1366
f 1366//1366 1517//1517 1367//1367
f 1517//1517 1518//1518 1367//1367
f 1367//1367 1518//1518 1368//1368
f 1518//1518 1519//1519 1368//1368
f 1368//1368 1519//1519 1369//1369
f 1519//1519 1520//1520 1369//1369
f 1369//1369 1520//1520 1370//1370
f 1520//1520 1521//1521 1370//1370
f 1370//1370 1521//1521 1371//1371
f 1521//1521 1522//1522 1371//1371
f 1371//1371 1522//1522 1372//1372
f 1522//1522 1523//1523 1372//1372
f 1372//1372 1523//1523 1373//1373
f 1523//1523 1524//1524 1373//1373
f 1373//1373 1524//1524 1374//1374
f 1524//1524 1525//1525 1374//1374
f 1374//1374 1525//1525 1375//1375
f 1525//1525 1526//1526 1375//1375
f 1375//1375 1526//1526 1376//1376
f 1526//1526 1527//1527 1376//1376
f 1376//1376 1527//1527 1377//1377
f 1527//1527 1528//1528 1377//1377
f 1377//1377 1528//1528 1378//1378
f 1528//1528 1529//1529 1378//1378
f 1378//1378 1529//1529 1379//1379
f 1529//1529 1530//1530 1379//1379
f 1379//1379 1530//1530 1380//1380
f 1530//1530 1531//1531 1380//1380
f 1380//1380 1531//1531 1381//1381
f 1531//1531 1532//1532 1381//1381
f 1381//1381 1532//1532 1382//1382
f 1532//1532 1533//1533 1382//1382
f 1382//1382 1533//1533 1383//1383
f 1533//1533 1534//1534 1383//1383
f 1383//1383 1534//1534 1384//1384
f 1534//1534 1535//1535 1384//1384
f 1384//1384 1535//1535 1385//1385
f 1535//1535 1536//1536 1385//1385
f 1385//1385 1536//1536 1386//1386
f 1536//1536 1537//1537 1386//1386
f 1386//1386 1537//1537 1387//1387
f 1537//1537 1538//1538 1387//1387
f 1387//1387 1538//1538 1388//1388
f 1538//1538 1539//1539 1388//1388
f 1388//1388 1539//1539 1389//1389
f 1539//1539 1540//1540 1389//1389
f 1389//1389 1540//1540 1390//1390
f 1540//1540 1541//1541 1390//1390
f 1390//1390 1541//1541 1391//1391
f 1541//1541 1542//1542 1391//1391
f 1391//1391 1542//1542 1392//1392
f 1542//1542 1543//1543 1392//1392
f 1392//1392 1543//1543 1393//1393
f 1543//1543 1544//1544 1393//1393
f 1393//1393 1544//1544 1394//1394
f 1544//1544 1545//1545 1394//1394
f 1394//1394 1545//1545 1395//1395
f 1545//1545 1546//1546 1395//1395
f 1395//1395 1546//1546 1396//1396
f 1546//1546 1547//1547 1396//1396
f 1396//1396 1547//1547 1397//1397
f 1547//1547 1548//1548 1397//1397
f 1397//1397 1548//1548 1398//1398
f 1548//1548 1549//1549 1398//1398
f 1398//1398 1549//1549 1399//1399
f 1549//1549 1550//1550 1399//1399
f 1399//1399 1550//1550 1400//1400
f 1550//1550 1551//1551 1400//1400
f 1400//1400 1551//1551 1401//1401
f 1551//1551 1552//1552 1401//1401
f 1401//1401 1552//1552 1402//1402
f 1552//1552 1553//1553 1402//1402
f 1402//1402 1553//1553 1403//1403
f 1553//1553 1554//1554 1403//1403
f 1403//1403 1554//1554 1404//1404
f 1554//1554 1555//1555 1404//1404
f 1404//1404 1555//1555 1405//1405
f 1555//1555 1556//1556 1405//1405
f 1405//1405 1556//1556 1406//1406
f 1556//1556 1557//1557 1406//1406
f 1406//1406 1557//1557 1407//1407
f 1557//1557 1558//1558 1407//1407
f 1407//1407 1558//1558 1408//1408
f 1558//1558 1559//1559 1408//1408
f 1408//1408 1559//1559 1409//1409
f 1559//1559 1560//1560 1409//1409
f 1409//1409 1560//1560 1410//1410
f 1560//1560 1561//1561 1410//1410
f 1410//1410 1561//1561 1411//1411
f 1561//1561 1562//1562 1411//1411
f 1411//1411 1562//1562 1412//1412
f 1562//1562 1563//1563 1412//1412
f 1412//1412 1563//1563 1413//1413
f 1563//1563 1564//1564 1413//1413
f 1413//1413 1564//1564 1414//1414
f 1564//1564 1565//1565 1414//1414
f 1414//1414 1565//1565 1415//1415
f 1565//1565 1566//1566 1415//1415
f 1415//1415 1566//1566 1416//1416
f 1566//1566 1567//1567 1416//1416
f 1416//1416 1567//1567 1417//1417
f 1567//1567 1568//1568 1417//1417
f 1417//1417 1568//1568 1418//1418
f 1568//1568 1569//1569 1418//1418
f 1418//1418 1569//1569 1419//1419
f 1569//1569 1570//1570 1419//1419
f 1419//1419 1570//1570 1420//1420
f 1570//1570 1571//1571 1420//1420
f 1420//1420 1571//1571 1421//1421
f 1571//1571 1572//1572 1421//1421
f 1421//1421 1572//1572 1422//1422
f 1572//1572 1573//1573 1422//1422
f 1422//1422 1573//1573 1423//1423
f 1573//1573 1574//1574 1423//1423
f 1423//1423 1574//1574 1424//1424
f 1574//1574 1575//1575 1424//1424
f 1424//1424 1575//1575 1425//1425
f 1575//1575 1576//1576 1425//1425
f 1425//1425 1576//1576 1426//1426
f 1576//1576 1577//1577 1426//1426
f 1426//1426 1577//1577 1427//1427
f 1577//1577 1578//1578 1427//1427
f 1427//1427 1578//1578 1428//1428
f 1578//1578 1579//1579 1428//1428
f 1428//1428 1579//1579 1429//1429
f 1579//1579 1580//1580 1429//1429
f 1429//1429 1580//1580 1430//1430
f 1580//1580 1581//1581 1430//1430
f 1430//1430 1581//1581 1431//1431
f 1581//1581 1582//1582 1431//1431
f 1431//1431 1582//1582 1432//1432
f 1582//1582 1583//1583 1432//1432
f 1432//1432 1583//1583 1433//1433
f 1583//1583 1584//1584 1433//1433
f 1433//1433 1584//1584 1434//1434
f 1584//1584 1585//1585 1434//1434
f 1434//1434 1585//1585 1435//1435
f 1585//1585 1586//1586 1435//1435
f 1435//1435 1586//1586 1436//1436
f 1586//1586 1587//1587 1436//1436
f 1436//1436 1587//1587 1437//1437
f 1587//1587 1588//1588 1437//1437
f 1437//1437 1588//1588 1438//1438
f 1588//1588 1589//1589 1438//1438
f 1438//1438 1589//1589 1439//1439
f 1589//1589 1590//1590 1439//1439
f 1439//1439 1590//1590 1440//1440
f 1590//1590 1591//1591 1440//1440
f 1440//1440 1591//1591 1441//1441
f 1591//1591 1592//1592 1441//1441
f 1441//1441 1592//1592 1442//1442
f 1592//1592 1593//1593 1442//1442
f 1442//1442 1593//1593 1443//1443
f 1593//1593 1594//1594 1443//1443
f 1443//1443 1594//1594 1444//1444
f 1594//1594 1595//1595 1444//1444
f 1444//1444 1595//1595 1445//1445
f 1595//1595 1596//1596 1445//1445
f 1445//1445 1596//1596 1446//1446
f 1596//1596 1597//1597 1446//1446
f 1446//1446 1597//1597 1447//1447
f 1597//1597 1598//1598 1447//1447
f 1447//1447 1598//1598 1448//1448
f 1598//1598 1599//1599 1448//1448
f 1448//1448 1599//1599 1449//1449
f 1599//1599 1600//1600 1449//1449
f 1449//1449 1600//1600 1450//1450
f 1600//1600 1601//1601 1450//1450
f 1450//1450 1601//1601 1451//1451
f 1601//1601 1602//1602 1451//1451
f 1451//1451 1602//1602 1452//1452
f 1602//1602 1603//1603 1452//1452
f 1452//1452 1603//1603 1453//1453
f 1603//1603 1604//1604 1453//1453
f 1453//1453 1604//1604 1454//1454
f 1604//1604 1605//1605 1454//1454
f 1454//1454 1605//1605 1455//1455
f 1605//1605 1606//1606 1455//1455
f 1455//1455 1606//1606 1456//1456
f 1606//1606 1607//1607 1456//1456
f 1456//1456 1607//1607 1457//1457
f 1607//1607 1608//1608 1457//1457
f 1457//1457 1608//1608 1458//1458
f 1608//1608 1609//1609 1458//1458
f 1458//1458 1609//1609 1459//1459
f 1609//1609 1610//1610 1459//1459
f 1459//1459 1610//1610 1460//1460
f 1610//1610 1611//1611 1460//1460
f 1460//1460 1611//1611 1461//1461
f 1611//1611 1612//1612 1461//1461
f 1461//1461 1612//1612 1462//1462
f 1612//1612 1613//1613 1462//1462
f 1462//1462 1613//1613 1463//1463
f 1613//1613 1614//1614 1463//1463
f 1463//1463 1614//1614 1464//1464
f 1614//1614 1615//1615 1464//1464
f 1464//1464 1615//1615 1465//1465
f 1615//1615 1616//1616 1465//1465
f 1465//1465 1616//1616 1466//1466
f 1616//1616 1617//1617 1466//1466
f 1466//1466 1617//1617 1467//1467
f 1617//1617 1618//1618 1467//1467
f 1467//1467 1618//1618 1468//1468
f 1618//1618 1619//1619 1468//1468
f 1468//1468 1619//1619 1469//1469
f 1619//1619 1620//1620 1469//1469
f 1469//1469 1620//1620 1470//1470
f 1620//1620 1621//1621 1470//1470
f 1470//1470 1621//1621 1471//1471
f 1621//1621 1622//1622 1471//1471
f 1471//1471 1622//1622 1472//1472
f 1622//1622 1623//1623 1472//1472
f 1472//1472 1623//1623 1473//1473
f 1623//1623 1624//1624 1473//1473
f 1473//1473 1624//1624 1474//1474
f 1624//1624 1625//1625 1474//1474
f 1474//1474 1625//1625 1475//1475
f 1625//1625 1626//1626 1475//1475
f 1475//1475 1626//1626 1476//1476
f 1626//1626 1627//1627 1476//1476
f 1476//1476 1627//1627 1477//1477
f 1627//1627 1628//1628 1477//1477
f 1477//1477 1628//1628 1478//1478
f 1628//1628 1629//1629 1478//1478
f 1478//1478 1629//1629 1479//1479
f 1629//1629 1630//1630 1479//1479
f 1479//1479 1630//1630 1480//1480
f 1630//1630 1631//1631 1480//1480
f 1480//1480 1631//1631 1481//1481
f 1631//1631 1632//1632 1481//1481
f 1481//1481 1632//1632 1482//1482
f 1632//1632 1633//1633 1482//1482
f 1482//1482 1633//1633 1483//1483
f 1633//1633 1634//1634 1483//1483
f 1483//1483 1634//1634 1484//1484
f 1634//1634 1635//1635 1484//1484
f 1484//1484 1635//1635 1485//1485
f 1635//1635 1636//1636 1485//1485
f 1485//1485 1636//1636 1486//1486
f 1636//1636 1637//1637 1486//1486
f 1486//1486 1637//1637 1487//1487
f 1637//1637 1638//1638 1487//1487
f 1487//1487 1638//1638 1488//1488
f 1638//1638 1639//1639 1488//1488
f 1488//1488 1639//1639 1489//1489
f 1639//1639 1640//1640 1489//1489
f 1489//1489 1640//1640 1490//1490
f 1640//1640 1641//1641 1490//1490
f 1490//1490 1641//1641 1491//1491
f 1641//1641 1642//1642 1491//1491
f 1491//1491 1642//1642 1492//1492
f 1642//1642 1643//1643 1492//1492
f 1492//1492 1643//1643 1493//1493
f 1643//1643 1644//1644 1493//1493
f 1493//1493 1644//1644 1494//1494
f 1644//1644 1645//1645 1494//1494
f 1494//1494 1645//1645 1495//1495
f 1645//1645 1646//1646 1495//1495
f 1495//1495 1646//1646 1496//1496
f 1646//1646 1647//1647 1496//1496
f 1496//1496 1647//1647 1497//1497
f 1647//1647 1648//1648 1497//1497
f 1497//1497 1648//1648 1498//1498
f 1648//1648 1649//1649 1498//1498
f 1498//1498 1649//1649 1499//1499
f 1649//1649 1650//1650 1499//1499
f 1499//1499 1650//1650 1500//1500
f 1650//1650 1651//1651 1500//1500
f 1500//1500 1651//1651 1501//1501
f 1651//1651 1652//1652 1501//1501
f 1501//1501 1652//1652 1502//1502
f 1652//1652 1653//1653 1502//1502
f 1502//1502 1653//1653 1503//1503
f 1653//1653 1654//1654 1503//1503
f 1503//1503 1654//1654 1504//1504
f 1654//1654 1655//1655 1504//1504
f 1504//1504 1655//1655 1505//1505
f 1655//1655 1656//1656 1505//1505
f 1505//1505 1656//1656 1506//1506
f 1656//1656 1657//1657 1506//1506
f 1506//1506 1657//1657 1507//1507
f 1657//1657 1658//1658 1507//1507
f 1507//1507 1658//1658 1508//1508
f 1658//1658 1659//1659 1508//1508
f 1508//1508 1659//1659 1509//1509
f 1659//1659 1660//1660 1509//1509
f 1509//1509 1660//1660 1510//1510
f 1660//1660 1661//1661 1510//1510
f 1511//1511 1662//1662 1512//1512
f 1662//1662 1663//1663 1512//1512
f 1512//1512 1663//1663 1513//1513
f 1663//1663 1664//1664 1513//1513
f 1513//1513 1664//1664 1514//1514
f 1664//1664 1665//1665 1514//1514
f 1514//1514 1665//1665 1515//1515
f 1665//1665 1666//1666 1515//1515
f 1515//1515 1666//1666 1516//1516
f 1666//1666 1667//1667 1516//1516
f 1516//1516 1667//1667 1517//1517
f 1667//1667 1668//1668 1517//1517
f 1517//1517 1668//1668 1518//1518
f 1668//1668 1669//1669 1518//1518
f 1518//1518 1669//1669 1519//1519
f 1669//1669 1670//1670 1519//1519
f 1519//1519 1670//1670 1520//1520
f 1670//1670 1671//1671 1520//1520
f 1520//1520 1671//1671 1521//1521
f 1671//1671 1672//1672 1521//1521
f 1521//1521 1672//1672 1522//1522
f 1672//1672 1673//1673 1522//1522
f 1522//1522 1673//1673 1523//1523
f 1673//1673 1674//1674 1523//1523
f 1523//1523 1674//1674 1524//1524
f 1674//1674 1675//1675 1524//1524
f 1524//1524 1675//1675 1525//1525
f 1675//1675 1676//1676 1525//1525
f 1525//1525 1676//1676 1526//1526
f 1676//1676 1677//1677 1526//1526
f 1526//1526 1677//1677 1527//1527
f 1677//1677 1678//1678 1527//1527
f 1527//1527 1678//1678 1528//1528
f 1678//1678 1679//1679 1528//1528
f 1528//1528 1679//1679 1529//1529
f 1679//1679 1680//1680 1529//1529
f 1529//1529 1680//1680 1530//1530
f 1680//1680 1681//1681 1530//1530
f 1530//1530 1681//1681 1531//1531
f 1681//1681 1682//1682 1531//1531
f 1531//1531 1682//1682 1532//1532
f 1682//1682 1683//1683 1532//1532
f 1532//1532 1683//1683 1533//1533
f 1683//1683 1684//1684 1533//1533
f 1533//1533 1684//1684 1534//1534
f 1684//1684 1685//1685 1534//1534
f 1534//1534 1685//1685 1535//1535
f 1685//1685 1686//1686 1535//1535
f 1535//1535 1686//1686 1536//1536
f 1686//1686 1687//1687 1536//1536
f 1536//1536 1687//1687 1537//1537
f 1687//1687 1688//1688 1537//1537
f 1537//1537 1688//1688 1538//1538
f 1688//1688 1689//1689 1538//1538
f 1538//1538 1689//1689 1539//1539
f 1689//1689 1690//1690 1539//1539
f 1539//1539 1690//1690 1540//1540
f 1690//1690 1691//1691 1540//1540
f 1540//1540 1691//1691 1541//1541
f 1691//1691 1692//1692 1541//1541
f 1541//1541 1692//1692 1542//1542
f 1692//1692 1693//1693 1542//1542
f 1542//1542 1693//1693 1543//1543
f 1693//1693 1694//1694 1543//1543
f 1543//1543 1694//1694 1544//1544
f 1694//1694 1695//1695 1544//1544
f 1544//1544 1695//1695 1545//1545
f 1695//1695 1696//1696 1545//1545
f 1545//1545 1696//1696 1546//1546
f 1696//1696 1697//1697 1546//1546
f 1546//1546 1697//1697 1547//1547
f 1697//1697 1698//1698 1547//1547
f 1547//1547 1698//1698 1548//1548
f 1698//1698 1699//1699 1548//1548
f 1548//1548 1699//1699 1549//1549
f 1699//1699 1700//1700 1549//1549
f 1549//1549 1700//1700 1550//1550
f 1700//1700 1701//1701 1550//1550
f 1550//1550 1701//1701 1551//1551
f 1701//1701 1702//1702 1551//1551
f 1551//1551 1702//1702 1552//1552
f 1702//1702 1703//1703 1552//1552
f 1552//1552 1703//1703 1553//1553
f 1703//1703 1704//1704 1553//1553
f 1553//1553 1704//1704 1554//1554
f 1704//1704 1705//1705 1554//1554
f 1554//1554 1705//1705 1555//1555
f 1705//1705 1706//1706 1555//1555
f 1555//1555 1706//1706 1556//1556
f 1706//1706 1707//1707 1556//1556
f 1556//1556 1707//1707 1557//1557
f 1707//1707 1708//1708 1557//1557
f 1557//1557 1708//1708 1558//1558
f 1708//1708 1709//1709 1558//1558
f 1558//1558 1709//1709 1559//1559
f 1709//1709 1710//1710 1559//1559
f 1559//1559 1710//1710 1560//1560
f 1710//1710 1711//1711 1560//1560
f 1560//1560 1711//1711 1561//1561
f 1711//1711 1712//1712 1561//1561
f 1561//1561 1712//1712 1562//1562
f 1712//1712 1713//1713 1562//1562
f 1562//1562 1713//1713 1563//1563
f 1713//1713 1714//1714 1563//1563
f 1563//1563 1714//1714 1564//1564
f 1714//1714 1715//1715 1564//1564
f 1564//1564 1715//1715 1565//1565
f 1715//1715 1716//1716 1565//1565
f 1565//1565 1716//1716 1566//1566
f 1716//1716 1717//1717 1566//1566
f 1566//1566 1717//1717 1567//1567
f 1717//1717 1718//1718 1567//1567
f 1567//1567 1718//1718 1568//1568
f 1718//1718 1719//1719 1568//1568
f 1568//1568 1719//1719 1569//1569
f 1719//1719 1720//1720 1569//1569
f 1569//1569 1720//1720 1570//1570
f 1720//1720 1721//1721 1570//1570
f 1570//1570 1721//1721 1571//1571
f 1721//1721 1722//1722 1571//1571
f 1571//1571 1722//1722 1572//1572
f 1722//1722 1723//1723 1572//1572
f 1572//1572 1723//1723 1573//1573
f 1723//1723 1724//1724 1573//1573
f 1573//1573 1724//1724 1574//1574
f 1724//1724 1725//1725 1574//1574
f 1574//1574 1725//1725 1575//1575
f 1725//1725 1726//1726 1575//1575
f 1575//1575 1726//1726 1576//1576
f 1726//1726 1727//1727 1576//1576
f 1576//1576 1727//1727 1577//1577
f 1727//1727 1728//1728 1577//1577
f 1577//1577 1728//1728 1578//1578
f 1728//1728 1729//1729 1578//1578
f 1578//1578 1729//1729 1579//1579
f 1729//1729 1730//1730 1579//1579
f 1579//1579 1730//1730 1580//1580
f 1730//1730 1731//1731 1580//1580
f 1580//1580 1731//1731 1581//1581
f 1731//1731 1732//1732 1581//1581
f 1581//1581 1732//1732 1582//1582
f 1732//1732 1733//1733 1582//1582
f 1582//1582 1733//1733 1583//1583
f 1733//1733 1734//1734 1583//1583
f 1583//1583 1734//1734 1584//1584
f 1734//1734 1735//1735 1584//1584
f 1584//1584 1735//1735 1585//1585
f 1735//1735 1736//1736 1585//1585
f 1585//1585 1736//1736 1586//1586
f 1736//1736 1737//1737 1586//1586
f 1586//1586 1737//1737 1587//1587
f 1737//1737 1738//1738 1587//1587
f 1587//1587 1738//1738 1588//1588
f 1738//1738 1739//1739 1588//1588
f 1588//1588 1739//1739 1589//1589
f 1739//1739 1740//1740 1589//1589
f 1589//1589 1740//1740 1590//1590
f 1740//1740 1741//1741 1590//1590
f 1590//1590 1741//1741 1591//1591
f 1741//1741 1742//1742 1591//1591
f 1591//1591 1742//1742 1592//1592
f 1742//1742 1743//1743 1592//1592
f 1592//1592 1743//1743 1593//1593
f 1743//1743 1744//1744 1593//1593
f 1593//1593 1744//1744 1594//1594
f 1744//1744 1745//1745 1594//1594
f 1594//1594 1745//1745 1595//1595
f 1745//1745 1746//1746 1595//1595
f 1595//1595 1746//1746 1596//1596
f 1746//1746 1747//1747 1596//1596
f 1596//1596 1747//1747 1597//1597
f 1747//1747 1748//1748 1597//1597
f 1597//1597 1748//1748 1598//1598
f 1748//1748 1749//1749 1598//1598
f 1598//1598 1749//1749 1599//1599
f 1749//1749 1750//1750 1599//1599
f 1599//1599 1750//1750 1600//1600
f 1750//1750 1751//1751 1600//1600
f 1600//1600 1751//1751 1601//1601
f 1751//1751 1752//1752 1601//1601
f 1601//1601 1752//1752 1602//1602
f 1752//1752 1753//1753 1602//1602
f 1602//1602 1753//1753 1603//1603
f 1753//1753 1754//1754 1603//1603
f 1603//1603 1754//1754 1604//1604
f 1754//1754 1755//1755 1604//1604
f 1604//1604 1755//1755 1605//1605
f 1755//1755 1756//1756 1605//1605
f 1605//1605 1756//1756 1606//1606
f 1756//1756 1757//1757 1606//1606
f 1606//1606 1757//1757 1607//1607
f 1757//1757 1758//1758 1607//1607
f 1607//1607 1758//1758 1608//1608
f 1758//1758 1759//1759 1608//1608
f 1608//1608 1759//1759 1609//1609
f 1759//1759 1760//1760 1609//1609
f 1609//1609 1760//1760 1610//1610
f 1760//1760 1761//1761 1610//1610
f 1610//1610 1761//1761 1611//1611
f 1761//1761 1762//1762 1611//1611
f 1611//1611 1762//1762 1612//1612
f 1762//1762 1763//1763 1612//1612
f 1612//1612 1763//1763 1613//1613
f 1763//1763 1764//1764 1613//1613
f 1613//1613 1764//1764 1614//1614
f 1764//1764 1765//1765 1614//1614
f 1614//1614 1765//1765 1615//1615
f 1765//1765 1766//1766 1615//1615
f 1615//1615 1766//1766 1616//1616
f 1766//1766 1767//1767 1616//1616
f 1616//1616 1767//1767 1617//1617
f 1767//1767 1768//1768 1617//1617
f 1617//1617 1768//1768 1618//1618
f 1768//1768 1769//1769 1618//1618
f 1618//1618 1769//1769 1619//1619
f 1769//1769 1770//1770 1619//1619
f 1619//1619 1770//1770 1620//1620
f 1770//1770 1771//1771 1620//1620
f 1620//1620 1771//1771 1621//1621
f 1771//1771 1772//1772 1621//1621
f 1621//1621 1772//1772 1622//1622
f 1772//1772 1773//1773 1622//1622
f 1622//1622 1773//1773 1623//1623
f 1773//1773 1774//1774 1623//1623
f 1623//1623 1774//1774 1624//1624
f 1774//1774 1775//1775 1624//1624
f 1624//1624 1775//1775 1625//1625
f 1775//1775 1776//1776 1625//1625
f 1625//1625 1776//1776 1626//1626
f 1776//1776 1777//1777 1626//1626
f 1626//1626 1777//1777 1627//1627
f 1777//1777 1778//1778 1627//1627
f 1627//1627 1778//1778 1628//1628
f 1778//1778 1779//1779 1628//1628
f 1628//1628 1779//1779 1629//1629
f 1779//1779 1780//1780 1629//1629
f 1629//1629 1780//1780 1630//1630
f 1780//1780 1781//1781 1630//1630
f 1630//1630 1781//1781 1631//1631
f 1781//1781 1782//1782 1631//1631
f 1631//1631 1782//1782 1632//1632
f 1782//1782 1783//1783 1632//1632
f 1632//1632 1783//1783 1633//1633
f 1783//1783 1784//1784 1633//1633
f 1633//1633 1784//1784 1634//1634
f 1784//1784 1785//1785 1634//1634
f 1634//1634 1785//1785 1635//1635
f 1785//1785 1786//1786 1635//1635
f 1635//1635 1786//1786 1636//1636
f 1786//1786 1787//1787 1636//1636
f 1636//1636 1787//1787 1637//1637
f 1787//1787 1788//1788 1637//1637
f 1637//1637 1788//1788 1638//1638
f 1788//1788 1789//1789 1638//1638
f 1638//1638 1789//1789 1639//1639
f 1789//1789 1790//1790 1639//1639
f 1639//1639 1790//1790 1640//1640
f 1790//1790 1791//1791 1640//1640
f 1640//1640 1791//1791 1641//1641
f 1791//1791 1792//1792 1641//1641
f 1641//1641 1792//1792 1642//1642
f 1792//1792 1793//1793 1642//1642
f 1642//1642 1793//1793 1643//1643
f 1793//1793 1794//1794 1643//1643
f 1643//1643 1794//1794 1644//1644
f 1794//1794 1795//1795 1644//1644
f 1644//1644 1795//1795 1645//1645
f 1795//1795 1796//1796 1645//1645
f 1645//1645 1796//1796 1646//1646
f 1796//1796 1797//1797 1646//1646
f 1646//1646 1797//1797 1647//1647
f 1797//1797 1798//1798 1647//1647
f 1647//1647 1798//1798 1648//1648
f 1798//1798 1799//1799 1648//1648
f 1648//1648 1799//1799 1649//1649
f 1799//1799 1800//1800 1649//1649
f 1649//1649 1800//1800 1650//1650
f 1800//1800 1801//1801 1650//1650
f 1650//1650 1801//1801 1651//1651
f 1801//1801 1802//1802 1651//1651
f 1651//1651 1802//1802 1652//1652
f 1802//1802 1803//1803 1652//1652
f 1652//1652 1803//1803 1653//1653
f 1803//1803 1804//1804 1653//1653
f 1653//1653 1804//1804 1654//1654
f 1804//1804 1805//1805 1654//1654
f 1654//1654 1805//1805 1655//1655
f 1805//1805 1806//1806 1655//1655
f 1655//1655 1806//1806 1656//1656
f 1806//1806 1807//1807 1656//1656
f 1656//1656 1807//1807 1657//1657
f 1807//1807 1808//1808 1657//1657
f 1657//1657 1808//1808 1658//1658
f 1808//1808 1809//1809 1658//1658
f 1658//1658 1809//1809 1659//1659
f 1809//1809 1810//1810 1659//1659
f 1659//1659 1810//1810 1660//1660
f 1810//1810 1811//1811 1660//1660
f 1660//1660 1811//1811 1661//1661
f 1811//1811 1812//1812 1661//1661
f 1662//1662 1813//1813 1663//1663
f 1813//1813 1814//1814 1663//1663
f 1663//1663 1814//1814 1664//1664
f 1814//1814 1815//1815 1664//1664
f 1664//1664 1815//1815 1665//1665
f 1815//1815 1816//1816 1665//1665
f 1665//1665 1816//1816 1666//1666
f 1816//1816 1817//1817 1666//1666
f 1666//1666 1817//1817 1667//1667
f 1817//1817 1818//1818 1667//1667
f 1667//1667 1818//1818 1668//1668
f 1818//1818 1819//1819 1668//1668
f 1668//1668 1819//1819 1669//1669
f 1819//1819 1820//1820 1669//1669
f 1669//1669 1820//1820 1670//1670
f 1820//1820 1821//1821 1670//1670
f 1670//1670 1821//1821 1671//1671
f 1821//1821 1822//1822 1671//1671
f 1671//1671 1822//1822 1672//1672
f 1822//1822 1823//1823 1672//1672
f 1672//1672 1823//1823 1673//1673
f 1823//1823 1824//1824 1673//1673
f 1673//1673 1824//1824 1674//1674
f 1824//1824 1825//1825 1674//1674
f 1674//1674 1825//1825 1675//1675
f 1825//1825 1826//1826 1675//1675
f 1675//1675 1826//1826 1676//1676
f 1826//1826 1827//1827 1676//1676
f 1676//1676 1827//1827 1677//1677
f 1827//1827 1828//1828 1677//1677
f 1677//1677 1828//1828 1678//1678
f 1828//1828 1829//1829 1678//1678
f 1678//1678 1829//1829 1679//1679
f 1829//1829 1830//1830 1679//1679
f 1679//1679 1830//1830 1680//1680
f 1830//1830 1831//1831 1680//1680
f 1680//1680 1831//1831 1681//1681
f 1831//1831 1832//1832 1681//1681
f 1681//1681 1832//1832 1682//1682
f 1832//1832 1833//1833 1682//1682
f 1682//1682 1833//1833 1683//1683
f 1833//1833 1834//1834 1683//1683
f 1683//1683 1834//1834 1684//1684
f 1834//1834 1835//1835 1684//1684
f 1684//1684 1835//1835 1685//1685
f 1835//1835 1836//1836 1685//1685
f 1685//1685 1836//1836 1686//1686
f 1836//1836 1837//1837 1686//1686
f 1686//1686 1837//1837 1687//1687
f 1837//1837 1838//1838 1687//1687
f 1687//1687 1838//1838 1688//1688
f 1838//1838 1839//1839 1688//1688
f 1688//1688 1839//1839 1689//1689
f 1839//1839 1840//1840 1689//1689
f 1689//1689 1840//1840 1690//1690
f 1840//1840 1841//1841 1690//1690
f 1690//1690 1841//1841 1691//1691
f 1841//1841 1842//1842 1691//1691
f 1691//1691 1842//1842 1692//1692
f 1842//1842 1843//1843 1692//1692
f 1692//1692 1843//1843 1693//1693
f 1843//1843 1844//1844 1693//1693
f 1693//1693 1844//1844 1694//1694
f 1844//1844 1845//1845 1694//1694
f 1694//1694 1845//1845 1695//1695
f 1845//1845 1846//1846 1695//1695
f 1695//1695 1846//1846 1696//1696
f 1846//1846 1847//1847 1696//1696
f 1696//1696 1847//1847 1697//1697
f 1847//1847 1848//1848 1697//1697
f 1697//1697 1848//1848 1698//1698
f 1848//1848 1849//1849 1698//1698
f 1698//1698 1849//1849 1699//1699
f 1849//1849 1850//1850 1699//1699
f 1699//1699 1850//1850 1700//1700
f 1850//1850 1851//1851 1700//1700
f 1700//1700 1851//1851 1701//1701
f 1851//1851 1852//1852 1701//1701
f 1701//1701 1852//1852 1702//1702
f 1852//1852 1853//1853 1702//1702
f 1702//1702 1853//1853 1703//1703
f 1853//1853 1854//1854 1703//1703
f 1703//1703 1854//1854 1704//1704
f 1854//1854 1855//1855 1704//1704
f 1704//1704 1855//1855 1705//1705
f 1855//1855 1856//1856 1705//1705
f 1705//1705 1856//1856 1706//1706
f 1856//1856 1857//1857 1706//1706
f 1706//1706 1857//1857 1707//1707
f 1857//1857 1858//1858 1707//1707
f 1707//1707 1858//1858 1708//1708
f 1858//1858 1859//1859 1708//1708
f 1708//1708 1859//1859 1709//1709
f 1859//1859 1860//1860 1709//1709
f 1709//1709 1860//1860 1710//1710
f 1860//1860 1861//1861 1710//1710
f 1710//1710 1861//1861 1711//1711
f 1861//1861 1862//1862 1711//1711
f 1711//1711 1862//1862 1712//1712
f 1862//1862 1863//1863 1712//1712
f 1712//1712 1863//1863 1713//1713
f 1863//1863 1864//1864 1713//1713
f 1713//1713 1864//1864 1714//1714
f 1864//1864 1865//1865 1714//1714
f 1714//1714 1865//1865 1715//1715
f 1865//1865 1866//1866 1715//1715
f 1715//1715 1866//1866 1716//1716
f 1866//1866 1867//1867 1716//1716
f 1716//1716 1867//1867 1717//1717
f 1867//1867 1868//1868 1717//1717
f 1717//1717 1868//1868 1718//1718
f 1868//1868 1869//1869 1718//1718
f 1718//1718 1869//1869 1719//1719
f 1869//1869 1870//1870 1719//1719
f 1719//1719 1870//1870 1720//1720
f 1870//1870 1871//1871 1720//1720
f 1720//1720 1871//1871 1721//1721
f 1871//1871 1872//1872 1721//1721
f 1721//1721 1872//1872 1722//1722
f 1872//1872 1873//1873 1722//1722
f 1722//1722 1873//1873 1723//1723
f 1873//1873 1874//1874 1723//1723
f 1723//1723 1874//1874 1724//1724
f 1874//1874 1875//1875 1724//1724
f 1724//1724 1875//1875 1725//1725
f 1875//1875 1876//1876 1725//1725
f 1725//1725 1876//1876 1726//1726
f 1876//1876 1877//1877 1726//1726
f 1726//1726 1877//1877 1727//1727
f 1877//1877 1878//1878 1727//1727
f 1727//1727 1878//1878 1728//1728
f 1878//1878 1879//1879 1728//1728
f 1728//1728 1879//1879 1729//1729
f 1879//1879 1880//1880 1729//1729
f 1729//1729 1880//1880 1730//1730
f 1880//1880 1881//1881 1730//1730
f 1730//1730 1881//1881 1731//1731
f 1881//1881 1882//1882 1731//1731
f 1731//1731 1882//1882 1732//1732
f 1882//1882 1883//1883 1732//1732
f 1732//1732 1883//1883 1733//1733
f 1883//1883 1884//1884 1733//1733
f 1733//1733 1884//1884 1734//1734
f 1884//1884 1885//1885 1734//1734
f 1734//1734 1885//1885 1735//1735
f 1885//1885 1886//1886 1735//1735
f 1735//1735 1886//1886 1736//1736
f 1886//1886 1887//1887 1736//1736
f 1736//1736 1887//1887 1737//1737
f 1887//1887 1888//1888 1737//1737
f 1737//1737 1888//1888 1738//1738
f 1888//1888 1889//1889 1738//1738
f 1738//1738 1889//1889 1739//1739
f 1889//1889 1890//1890 1739//1739
f 1739//1739 1890//1890 1740//1740
f 1890//1890 1891//1891 1740//1740
f 1740//1740 1891//1891 1741//1741
f 1891//1891 1892//1892 1741//1741
f 1741//1741 1892//1892 1742//1742
f 1892//1892 1893//1893 1742//1742
f 1742//1742 1893//1893 1743//1743
f 1893//1893 1894//1894 1743//1743
f 1743//1743 1894//1894 1744//1744
f 1894//1894 1895//1895 1744//1744
f 1744//1744 1895//1895 1745//1745
f 1895//1895 1896//1896 1745//1745
f 1745//1745 1896//1896 1746//1746
f 1896//1896 1897//1897 1746//1746
f 1746//1746 1897//1897 1747//1747
f 1897//1897 1898//1898 1747//1747
f 1747//1747 1898//1898 1748//1748
f 1898//1898 1899//1899 1748//1748
f 1748//1748 1899//1899 1749//1749
f 1899//1899 1900//1900 1749//1749
f 1749//1749 1900//1900 1750//1750
f 1900//1900 1901//1901 1750//1750
f 1750//1750 1901//1901 1751//1751
f 1901//1901 1902//1902 1751//1751
f 1751//1751 1902//1902 1752//1752
f 1902//1902 1903//1903 1752//1752
f 1752//1752 1903//1903 1753//1753
f 1903//1903 1904//1904 1753//1753
f 1753//1753 1904//1904 1754//1754
f 1904//1904 1905//1905 1754//1754
f 1754//1754 1905//1905 1755//1755
f 1905//1905 1906//1906 1755//1755
f 1755//1755 1906//1906 1756//1756
f 1906//1906 1907//1907 1756//1756
f 1756//1756 1907//1907 1757//1757
f 1907//1907 1908//1908 1757//1757
f 1757//1757 1908//1908 1758//1758
f 1908//1908 1909//1909 1758//1758
f 1758//1758 1909//1909 1759//1759
f 1909//1909 1910//1910 1759//1759
f 1759//1759 1910//1910 1760//1760
f 1910//1910 1911//1911 1760//1760
f 1760//1760 1911//1911 1761//1761
f 1911//1911 1912//1912 1761//1761
f 1761//1761 1912//1912 1762//1762
f 1912//1912 1913//1913 1762//1762
f 1762//1762 1913//1913 1763//1763
f 1913//1913 1914//1914 1763//1763
f 1763//1763 1914//1914 1764//1764
f 1914//1914 1915//1915 1764//1764
f 1764//1764 1915//1915 1765//1765
f 1915//1915 1916//1916 1765//1765
f 1765//1765 1916//1916 1766//1766
f 1916//1916 1917//1917 1766//1766
f 1766//1766 1917//1917 1767//1767
f 1917//1917 1918//1918 1767//1767
f 1767//1767 1918//1918 1768//1768
f 1918//1918 1919//1919 1768//1768
f 1768//1768 1919//1919 1769//1769
f 1919//1919 1920//1920 1769//1769
f 1769//1769 1920//1920 1770//1770
f 1920//1920 1921//1921 1770//1770
f 1770//1770 1921//1921 1771//1771
f 1921//1921 1922//1922 1771//1771
f 1771//1771 1922//1922 1772//1772
f 1922//1922 1923//1923 1772//1772
f 1772//1772 1923//1923 1773//1773
f 1923//1923 1924//1924 1773//1773
f 1773//1773 1924//1924 1774//1774
f 1924//1924 1925//1925 1774//1774
f 1774//1774 1925//1925 1775//1775
f 1925//1925 1926//1926 1775//1775
f 1775//1775 1926//1926 1776//1776
f 1926//1926 1927//1927 1776//1776
f 1776//1776 1927//1927 1777//1777
f 1927//1927 1928//1928 1777//1777
f 1777//1777 1928//1928 1778//1778
f 1928//1928 1929//1929 1778//1778
f 1778//1778 1929//1929 1779//1779
f 1929//1929 1930//1930 1779//1779
f 1779//1779 1930//1930 1780//1780
f 1930//1930 1931//1931 1780//1780
f 1780//1780 1931//1931 1781//1781
f 1931//1931 1932//1932 1781//1781
f 1781//1781 1932//1932 1782//1782
f 1932//1932 1933//1933 1782//1782
f 1782//1782 1933//1933 1783//1783
f 1933//1933 1934//1934 1783//1783
f 1783//1783 1934//1934 1784//1784
f 1934//1934 1935//1935 1784//1784
f 1784//1784 1935//1935 1785//1785
f 1935//1935 1936//1936 1785//1785
f 1785//1785 1936//1936 1786//1786
f 1936//1936 1937//1937 1786//1786
f 1786//1786 1937//1937 1787//1787
f 1937//1937 1938//1938 1787//1787
f 1787//1787 1938//1938 1788//1788
f 1938//1938 1939//1939 1788//1788
f 1788//1788 1939//1939 1789//1789
f 1939//1939 1940//1940 1789//1789
f 1789//1789 1940//1940 1790//1790
f 1940//1940 1941//1941 1790//1790
f 1790//1790 1941//1941 1791//1791
f 1941//1941 1942//1942 1791//1791
f 1791//1791 1942//1942 1792//1792
f 1942//1942 1943//1943 1792//1792
f 1792//1792 1943//1943 1793//1793
f 1943//1943 1944//1944 1793//1793
f 1793//1793 1944//1944 1794//1794
f 1944//1944 1945//1945 1794//1794
f 1794//1794 1945//1945 1795//1795
f 1945//1945 1946//1946 1795//1795
f 1795//1795 1946//1946 1796//1796
f 1946//1946 1947//1947 1796//1796
f 1796//1796 1947//1947 1797//1797
f 1947//1947 1948//1948 1797//1797
f 1797//1797 1948//1948 1798//1798
f 1948//1948 1949//1949 1798//1798
f 1798//1798 1949//1949 1799//1799
f 1949//1949 1950//1950 1799//1799
f 1799//1799 1950//1950 1800//1800
f 1950//1950 1951//1951 1800//1800
f 1800//1800 1951//1951 1801//1801
f 1951//1951 1952//1952 1801//1801
f 1801//1801 1952//1952 1802//1802
f 1952//1952 1953//1953 1802//1802
f 1802//1802 1953//1953 1803//1803
f 1953//1953 1954//1954 1803//1803
f 1803//1803 1954//1954 1804//1804
f 1954//1954 1955//1955 1804//1804
f 1804//1804 1955//1955 1805//1805
f 1955//1955 1956//1956 1805//1805
f 1805//1805 1956//1956 1806//1806
f 1956//1956 1957//1957 1806//1806
f 1806//1806 1957//1957 1807//1807
f 1957//1957 1958//1958 1807//1807
f 1807//1807 1958//1958 1808//1808
f 1958//1958 1959//1959 1808//1808
f 1808//1808 1959//1959 1809//1809
f 1959//1959 1960//1960 1809//1809
f 1809//1809 1960//1960 1810//1810
f 1960//1960 1961//1961 1810//1810
f 1810//1810 1961//1961 1811//1811
f 1961//1961 1962//1962 1811//1811
f 1811//1811 1962//1962 1812//1812
f 1962//1962 1963//1963 1812//1812
f 1813//1813 1964//1964 1814//1814
f 1964//1964 1965//1965 1814//1814
f 1814//1814 1965//1965 1815//1815
f 1965//1965 1966//1966 1815//1815
f 1815//1815 1966//1966 1816//1816
f 1966//1966 1967//1967 1816//1816
f 1816//1816 1967//1967 1817//1817
f 1967//1967 1968//1968 1817//1817
f 1817//1817 1968//1968 1818//1818
f 1968//1968 1969//1969 1818//1818
f 1818//1818 1969//1969 1819//1819
f 1969//1969 1970//1970 1819//1819
f 1819//1819 1970//1970 1820//1820
f 1970//1970 1971//1971 1820//1820
f 1820//1820 1971//1971 1821//1821
f 1971//1971 1972//1972 1821//1821
f 1821//1821 1972//1972 1822//1822
f 1972//1972 1973//1973 1822//1822
f 1822//1822 1973//1973 1823//1823
f 1973//1973 1974//1974 1823//1823
f 1823//1823 1974//1974 1824//1824
f 1974//1974 1975//1975 1824//1824
f 1824//1824 1975//1975 1825//1825
f 1975//1975 1976//1976 1825//1825
f 1825//1825 1976//1976 1826//1826
f 1976//1976 1977//1977 1826//1826
f 1826//1826 1977//1977 1827//1827
f 1977//1977 1978//1978 1827//1827
f 1827//1827 1978//1978 1828//1828
f 1978//1978 1979//1979 1828//1828
f 1828//1828 1979//1979 1829//1829
f 1979//1979 1980//1980 1829//1829
f 1829//1829 1980//1980 1830//1830
f 1980//1980 1981//1981 1830//1830
f 1830//1830 1981//1981 1831//1831
f 1981//1981 1982//1982 1831//1831
f 1831//1831 1982//1982 1832//1832
f 1982//1982 1983//1983 1832//1832
f 1832//1832 1983//1983 1833//1833
f 1983//1983 1984//1984 1833//1833
f 1833//1833 1984//1984 1834//1834
f 1984//1984 1985//1985 1834//1834
f 1834//1834 1985//1985 1835//1835
f 1985//1985 1986//1986 1835//1835
f 1835//1835 1986//1986 1836//1836
f 1986//1986 1987//1987 1836//1836
f 1836//1836 1987//1987 1837//1837
f 1987//1987 1988//1988 1837//1837
f 1837//1837 1988//1988 1838//1838
f 1988//1988 1989//1989 1838//1838
f 1838//1838 1989//1989 1839//1839
f 1989//1989 1990//1990 1839//1839
f 1839//1839 1990//1990 1840//1840
f 1990//1990 1991//1991 1840//1840
f 1840//1840 1991//1991 1841//1841
f 1991//1991 1992//1992 1841//1841
f 1841//1841 1992//1992 1842//1842
f 1992//1992 1993//1993 1842//1842
f 1842//1842 1993//1993 1843//1843
f 1993//1993 1994//1994 1843//1843
f 1843//1843 1994//1994 1844//1844
f 1994//1994 1995//1995 1844//1844
f 1844//1844 1995//1995 1845//1845
f 1995//1995 1996//1996 1845//1845
f 1845//1845 1996//1996 1846//1846
f 1996//1996 1997//1997 1846//1846
f 1846//1846 1997//1997 1847//1847
f 1997//1997 1998//1998 1847//1847
f 1847//1847 1998//1998 1848//1848
f 1998//1998 1999//1999 1848//1848
f 1848//1848 1999//1999 1849//1849
f 1999//1999 2000//2000 1849//1849
f 1849//1849 2000//2000 1850//1850
f 2000//2000 2001//2001 1850//1850
f 1850//1850 2001//2001 1851//1851
f 2001//2001 2002//2002 1851//1851
f 1851//1851 2002//2002 1852//1852
f 2002//2002 2003//2003 1852//1852
f 1852//1852 2003//2003 1853//1853
f 2003//2003 2004//2004 1853//1853
f 1853//1853 2004//2004 1854//1854
f 2004//2004 2005//2005 1854//1854
f 1854//1854 2005//2005 1855//1855
f 2005//2005 2006//2006 1855//1855
f 1855//1855 2006//2006 1856//1856
f 2006//2006 2007//2007 1856//1856
f 1856//1856 2007//2007 1857//1857
f 2007//2007 2008//2008 1857//1857
f 1857//1857 2008//2008 1858//1858
f 2008//2008 2009//2009 1858//1858
f 1858//1858 2009//2009 1859//1859
f 2009//2009 2010//2010 1859//1859
f 1859//1859 2010//2010 1860//1860
f 2010//2010 2011//2011 1860//1860
f 1860//1860 2011//2011 1861//1861
f 2011//2011 2012//2012 1861//1861
f 1861//1861 2012//2012 1862//1862
f 2012//2012 2013//2013 1862//1862
f 1862//1862 2013//2013 1863//1863
f 2013//2013 2014//2014 1863//1863
f 1863//1863 2014//2014 1864//1864
f 2014//2014 2015//2015 1864//1864
f 1864//1864 2015//2015 1865//1865
f 2015//2015 2016//2016 1865//1865
f 1865//1865 2016//2016 1866//1866
f 2016//2016 2017//2017 1866//1866
f 1866//1866 2017//2017 1867//1867
f 2017//2017 2018//2018 1867//1867
f 1867//1867 2018//2018 1868//1868
f 2018//2018 2019//2019 1868//1868
f 1868//1868 2019//2019 1869//1869
f 2019//2019 2020//2020 1869//1869
f 1869//1869 2020//2020 1870//1870
f 2020//2020 2021//2021 1870//1870
f 1870//1870 2021//2021 1871//1871
f 2021//2021 2022//2022 1871//1871
f 1871//1871 2022//2022 1872//1872
f 2022//2022 2023//2023 1872//1872
f 1872//1872 2023//2023 1873//1873
f 2023//2023 2024//2024 1873//1873
f 1873//1873 2024//2024 1874//1874
f 2024//2024 2025//2025 1874//1874
f 1874//1874 2025//2025 1875//1875
f 2025//2025 2026//2026 1875//1875
f 1875//1875 2026//2026 1876//1876
f 2026//2026 2027//2027 1876//1876
f 1876//1876 2027//2027 1877//1877
f 2027//2027 2028//2028 1877//1877
f 1877//1877 2028//2028 1878//1878
f 2028//2028 2029//2029 1878//1878
f 1878//1878 2029//2029 1879//1879
f 2029//2029 2030//2030 1879//1879
f 1879//1879 2030//2030 1880//1880
f 2030//2030 2031//2031 1880//1880
f 1880//1880 2031//2031 1881//1881
f 2031//2031 2032//2032 1881//1881
f 1881//1881 2032//2032 1882//1882
f 2032//2032 2033//2033 1882//1882
f 1882//1882 2033//2033 1883//1883
f 2033//2033 2034//2034 1883//1883
f 1883//1883 2034//2034 1884//1884
f 2034//2034 2035//2035 1884//1884
f 1884//1884 2035//2035 1885//1885
f 2035//2035 2036//2036 1885//1885
f 1885//1885 2036//2036 1886//1886
f 2036//2036 2037//2037 1886//1886
f 1886//1886 2037//2037 1887//1887
f 2037//2037 2038//2038 1887//1887
f 1887//1887 2038//2038 1888//1888
f 2038//2038 2039//2039 1888//1888
f 1888//1888 2039//2039 1889//1889
f 2039//2039 2040//2040 1889//1889
f 1889//1889 2040//2040 1890//1890
f 2040//2040 2041//2041 1890//1890
f 1890//1890 2041//2041 1891//1891
f 2041//2041 2042//2042 1891//1891
f 1891//1891 2042//2042 1892//1892
f 2042//2042 2043//2043 1892//1892
f 1892//1892 2043//2043 1893//1893
f 2043//2043 2044//2044 1893//1893
f 1893//1893 2044//2044 1894//1894
f 2044//2044 2045//2045 1894//1894
f 1894//1894 2045//2045 1895//1895
f 2045//2045 2046//2046 1895//1895
f 1895//1895 2046//2046 1896//1896
f 2046//2046 2047//2047 1896//1896
f 1896//1896 2047//2047 1897//1897
f 2047//2047 2048//2048 1897//1897
f 1897//1897 2048//2048 1898//1898
f 2048//2048 2049//2049 1898//1898
f 1898//1898 2049//2049 1899//1899
f 2049//2049 2050//2050 1899//1899
f 1899//1899 2050//2050 1900//1900
f 2050//2050 2051//2051 1900//1900
f 1900//1900 2051//2051 1901//1901
f 2051//2051 2052//2052 1901//1901
f 1901//1901 2052//2052 1902//1902
f 2052//2052 2053//2053 1902//1902
f 1902//1902 2053//2053 1903//1903
f 2053//2053 2054//2054 1903//1903
f 1903//1903 2054//2054 1904//1904
f 2054//2054 2055//2055 1904//1904
f 1904//1904 2055//2055 1905//1905
f 2055//2055 2056//2056 1905//1905
f 1905//1905 2056//2056 1906//1906
f 2056//2056 2057//2057 1906//1906
f 1906//1906 2057//2057 1907//1907
f 2057//2057 2058//2058 1907//1907
f 1907//1907 2058//2058 1908//1908
f 2058//2058 2059//2059 1908//1908
f 1908//1908 2059//2059 1909//1909
f 2059//2059 2060//2060 1909//1909
f 1909//1909 2060//2060 1910//1910
f 2060//2060 2061//2061 1910//1910
f 1910//1910 2061//2061 1911//1911
f 2061//2061 2062//2062 1911//1911
f 1911//1911 2062//2062 1912//1912
f 2062//2062 2063//2063 1912//1912
f 1912//1912 2063//2063 1913//1913
f 2063//2063 2064//2064 1913//1913
f 1913//1913 2064//2064 1914//1914
f 2064//2064 2065//2065 1914//1914
f 1914//1914 2065//2065 1915//1915
f 2065//2065 2066//2066 1915//1915
f 1915//1915 2066//2066 1916//1916
f 2066//2066 2067//2067 1916//1916
f 1916//1916 2067//2067 1917//1917
f 2067//2067 2068//2068 1917//1917
f 1917//1917 2068//2068 1918//1918
f 2068//2068 2069//2069 1918//1918
f 1918//1918 2069//2069 1919//1919
f 2069//2069 2070//2070 1919//1919
f 1919//1919 2070//2070 1920//1920
f 2070//2070 2071//2071 1920//1920
f 1920//1920 2071//2071 1921//1921
f 2071//2071 2072//2072 1921//1921
f 1921//1921 2072//2072 1922//1922
f 2072//2072 2073//2073 1922//1922
f 1922//1922 2073//2073 1923//1923
f 2073//2073 2074//2074 1923//1923
f 1923//1923 2074//2074 1924//1924
f 2074//2074 2075//2075 1924//1924
f 1924//1924 2075//2075 1925//1925
f 2075//2075 2076//2076 1925//1925
f 1925//1925 2076//2076 1926//1926
f 2076//2076 2077//2077 1926//1926
f 1926//1926 2077//2077 1927//1927
f 2077//2077 2078//2078 1927//1927
f 1927//1927 2078//2078 1928//1928
f 2078//2078 2079//2079 1928//1928
f 1928//1928 2079//2079 1929//1929
f 2079//2079 2080//2080 1929//1929
f 1929//1929 2080//2080 1930//1930
f 2080//2080 2081//2081 1930//1930
f 1930//1930 2081//2081 1931//1931
f 2081//2081 2082//2082 1931//1931
f 1931//1931 2082//2082 1932//1932
f 2082//2082 2083//2083 1932//1932
f 1932//1932 2083//2083 1933//1933
f 2083//2083 2084//2084 1933//1933
f 1933//1933 2084//2084 1934//1934
f 2084//2084 2085//2085 1934//1934
f 1934//1934 2085//2085 1935//1935
f 2085//2085 2086//2086 1935//1935
f 1935//1935 2086//2086 1936//1936
f 2086//2086 2087//2087 1936//1936
f 1936//1936 2087//2087 1937//1937
f 2087//2087 2088//2088 1937//1937
f 1937//1937 2088//2088 1938//1938
f 2088//2088 2089//2089 1938//1938
f 1938//1938 2089//2089 1939//1939
f 2089//2089 2090//2090 1939//1939
f 1939//1939 2090//2090 1940//1940
f 2090//2090 2091//2091 1940//1940
f 1940//1940 2091//2091 1941//1941
f 2091//2091 2092//2092 1941//1941
f 1941//1941 2092//2092 1942//1942
f 2092//2092 2093//2093 1942//1942
f 1942//1942 2093//2093 1943//1943
f 2093//2093 2094//2094 1943//1943
f 1943//1943 2094//2094 1944//1944
f 2094//2094 2095//2095 1944//1944
f 1944//1944 2095//2095 1945//1945
f 2095//2095 2096//2096 1945//1945
f 1945//1945 2096//2096 1946//1946
f 2096//2096 2097//2097 1946//1946
f 1946//1946 2097//2097 1947//1947
f 2097//2097 2098//2098 1947//1947
f 1947//1947 2098//2098 1948//1948
f 2098//2098 2099//2099 1948//1948
f 1948//1948 2099//2099 1949//1949
f 2099//2099 2100//2100 1949//1949
f 1949//1949 2100//2100 1950//1950
f 2100//2100 2101//2101 1950//1950
f 1950//1950 2101//2101 1951//1951
f 2101//2101 2102//2102 1951//1951
f 1951//1951 2102//2102 1952//1952
f 2102//2102 2103//2103 1952//1952
f 1952//1952 2103//2103 1953//1953
f 2103//2103 2104//2104 1953//1953
f 1953//1953 2104//2104 1954//1954
f 2104//2104 2105//2105 1954//1954
f 1954//1954 2105//2105 1955//1955
f 2105//2105 2106//2106 1955//1955
f 1955//1955 2106//2106 1956//1956
f 2106//2106 2107//2107 1956//1956
f 1956//1956 2107//2107 1957//1957
f 2107//2107 2108//2108 1957//1957
f 1957//1957 2108//2108 1958//1958
f 2108//2108 2109//2109 1958//1958
f 1958//1958 2109//2109 1959//1959
f 2109//2109 2110//2110 1959//1959
f 1959//1959 2110//2110 1960//1960
f 2110//2110 2111//2111 1960//1960
f 1960//1960 2111//2111 1961//1961
f 2111//2111 2112//2112 1961//1961
f 1961//1961 2112//2112 1962//1962
f 2112//2112 2113//2113 1962//1962
f 1962//1962 2113//2113 1963//1963
f 2113//2113 2114//2114 1963//1963
f 1964//1964 2115//2115 1965//1965
f 2115//2115 2116//2116 1965//1965
f 1965//1965 2116//2116 1966//1966
f 2116//2116 2117//2117 1966//1966
f 1966//1966 2117//2117 1967//1967
f 2117//2117 2118//2118 1967//1967
f 1967//1967 2118//2118 1968//1968
f 2118//2118 2119//2119 1968//1968
f 1968//1968 2119//2119 1969//1969
f 2119//2119 2120//2120 1969//1969
f 1969//1969 2120//2120 1970//1970
f 2120//2120 2121//2121 1970//1970
f 1970//1970 2121//2121 1971//1971
f 2121//2121 2122//2122 1971//1971
f 1971//1971 2122//2122 1972//1972
f 2122//2122 2123//2123 1972//1972
f 1972//1972 2123//2123 1973//1973
f 2123//2123 2124//2124 1973//1973
f 1973//1973 2124//2124 1974//1974
f 2124//2124 2125//2125 1974//1974
f 1974//1974 2125//2125 1975//1975
f 2125//2125 2126//2126 1975//1975
f 1975//1975 2126//2126 1976//1976
f 2126//2126 2127//2127 1976//1976
f 1976//1976 2127//2127 1977//1977
f 2127//2127 2128//2128 1977//1977
f 1977//1977 2128//2128 1978//1978
f 2128//2128 2129//2129 1978//1978
f 1978//1978 2129//2129 1979//1979
f 2129//2129 2130//2130 1979//1979
f 1979//1979 2130//2130 1980//1980
f 2130//2130 2131//2131 1980//1980
f 1980//1980 2131//2131 1981//1981
f 2131//2131 2132//2132 1981//1981
f 1981//1981 2132//2132 1982//1982
f 2132//2132 2133//2133 1982//1982
f 1982//1982 2133//2133 1983//1983
f 2133//2133 2134//2134 1983//1983
f 1983//1983 2134//2134 1984//1984
f 2134//2134 2135//2135 1984//1984
f 1984//1984 2135//2135 1985//1985
f 2135//2135 2136//2136 1985//1985
f 1985//1985 2136//2136 1986//1986
f 2136//2136 2137//2137 1986//1986
f 1986//1986 2137//2137 1987//1987
f 2137//2137 2138//2138 1987//1987
f 1987//1987 2138//2138 1988//1988
f 2138//2138 2139//2139 1988//1988
f 1988//1988 2139//2139 1989//1989
f 2139//2139 2140//2140 1989//1989
f 1989//1989 2140//2140 1990//1990
f 2140//2140 2141//2141 1990//1990
f 1990//1990 2141//2141 1991//1991
f 2141//2141 2142//2142 1991//1991
f 1991//1991 2142//2142 1992//1992
f 2142//2142 2143//2143 1992//1992
f 1992//1992 2143//2143 1993//1993
f 2143//2143 2144//2144 1993//1993
f 1993//1993 2144//2144 1994//1994
f 2144//2144 2145//2145 1994//1994
f 1994//1994 2145//2145 1995//1995
f 2145//2145 2146//2146 1995//1995
f 1995//1995 2146//2146 1996//1996
f 2146//2146 2147//2147 1996//1996
f 1996//1996 2147//2147 1997//1997
f 2147//2147 2148//2148 1997//1997
f 1997//1997 2148//2148 1998//1998
f 2148//2148 2149//2149 1998//1998
f 1998//1998 2149//2149 1999//1999
f 2149//2149 2150//2150 1999//1999
f 1999//1999 2150//2150 2000//2000
f 2150//2150 2151//2151 2000//2000
f 2000//2000 2151//2151 2001//2001
f 2151//2151 2152//2152 2001//2001
f 2001//2001 2152//2152 2002//2002
f 2152//2152 2153//2153 2002//2002
f 2002//2002 2153//2153 2003//2003
f 2153//2153 2154//2154 2003//2003
f 2003//2003 2154//2154 2004//2004
f 2154//2154 2155//2155 2004//2004
f 2004//2004 2155//2155 2005//2005
f 2155//2155 2156//2156 2005//2005
f 2005//2005 2156//2156 2006//2006
f 2156//2156 2157//2157 2006//2006
f 2006//2006 2157//2157 2007//2007
f 2157//2157 2158//2158 2007//2007
f 2007//2007 2158//2158 2008//2008
f 2158//2158 2159//2159 2008//2008
f 2008//2008 2159//2159 2009//2009
f 2159//2159 2160//2160 2009//2009
f 2009//2009 2160//2160 2010//2010
f 2160//2160 2161//2161 2010//2010
f 2010//2010 2161//2161 2011//2011
f 2161//2161 2162//2162 2011//2011
f 2011//2011 2162//2162 2012//2012
f 2162//2162 2163//2163 2012//2012
f 2012//2012 2163//2163 2013//2013
f 2163//2163 2164//2164 2013//2013
f 2013//2013 2164//2164 2014//2014
f 2164//2164 2165//2165 2014//2014
f 2014//2014 2165//2165 2015//2015
f 2165//2165 2166//2166 2015//2015
f 2015//2015 2166//2166 2016//2016
f 2166//2166 2167//2167 2016//2016
f 2016//2016 2167//2167 2017//2017
f 2167//2167 2168//2168 2017//2017
f 2017//2017 2168//2168 2018//2018
f 2168//2168 2169//2169 2018//2018
f 2018//2018 2169//2169 2019//2019
f 2169//2169 2170//2170 2019//2019
f 2019//2019 2170//2170 2020//2020
f 2170//2170 2171//2171 2020//2020
f 2020//2020 2171//2171 2021//2021
f 2171//2171 2172//2172 2021//2021
f 2021//2021 2172//2172 2022//2022
f 2172//2172 2173//2173 2022//2022
f 2022//2022 2173//2173 2023//2023
f 2173//2173 2174//2174 2023//2023
f 2023//2023 2174//2174 2024//2024
f 2174//2174 2175//2175 2024//2024
f 2024//2024 2175//2175 2025//2025
f 2175//2175 2176//2176 2025//2025
f 2025//2025 2176//2176 2026//2026
f 2176//2176 2177//2177 2026//2026
f 2026//2026 2177//2177 2027//2027
f 2177//2177 2178//2178 2027//2027
f 2027//2027 2178//2178 2028//2028
f 2178//2178 2179//2179 2028//2028
f 2028//2028 2179//2179 2029//2029
f 2179//2179 2180//2180 2029//2029
f 2029//2029 2180//2180 2030//2030
f 2180//2180 2181//2181 2030//2030
f 2030//2030 2181//2181 2031//2031
f 2181//2181 2182//2182 2031//2031
f 2031//2031 2182//2182 2032//2032
f 2182//2182 2183//2183 2032//2032
f 2032//2032 2183//2183 2033//2033
f 2183//2183 2184//2184 2033//2033
f 2033//2033 2184//2184 2034//2034
f 2184//2184 2185//2185 2034//2034
f 2034//2034 2185//2185 2035//2035
f 2185//2185 2186//2186 2035//2035
f 2035//2035 2186//2186 2036//2036
f 2186//2186 2187//2187 2036//2036
f 2036//2036 2187//2187 2037//2037
f 2187//2187 2188//2188 2037//2037
f 2037//2037 2188//2188 2038//2038
f 2188//2188 2189//2189 2038//2038
f 2038//2038 2189//2189 2039//2039
f 2189//2189 2190//2190 2039//2039
f 2039//2039 2190//2190 2040//2040
f 2190//2190 2191//2191 2040//2040
f 2040//2040 2191//2191 2041//2041
f 2191//2191 2192//2192 2041//2041
f 2041//2041 2192//2192 2042//2042
f 2192//2192 2193//2193 2042//2042
f 2042//2042 2193//2193 2043//2043
f 2193//2193 2194//2194 2043//2043
f 2043//2043 2194//2194 2044//2044
f 2194//2194 2195//2195 2044//2044
f 2044//2044 2195//2195 2045//2045
f 2195//2195 2196//2196 2045//2045
f 2045//2045 2196//2196 2046//2046
f 2196//2196 2197//2197 2046//2046
f 2046//2046 2197//2197 2047//2047
f 2197//2197 2198//2198 2047//2047
f 2047//2047 2198//2198 2048//2048
f 2198//2198 2199//2199 2048//2048
f 2048//2048 2199//2199 2049//2049
f 2199//2199 2200//2200 2049//2049
f 2049//2049 2200//2200 2050//2050
f 2200//2200 2201//2201 2050//2050
f 2050//2050 2201//2201 2051//2051
f 2201//2201 2202//2202 2051//2051
f 2051//2051 2202//2202 2052//2052
f 2202//2202 2203//2203 2052//2052
f 2052//2052 2203//2203 2053//2053
f 2203//2203 2204//2204 2053//2053
f 2053//2053 2204//2204 2054//2054
f 2204//2204 2205//2205 2054//2054
f 2054//2054 2205//2205 2055//2055
f 2205//2205 2206//2206 2055//2055
f 2055//2055 2206//2206 2056//2056
f 2206//2206 2207//2207 2056//2056
f 2056//2056 2207//2207 2057//2057
f 2207//2207 2208//2208 2057//2057
f 2057//2057 2208//2208 2058//2058
f 2208//2208 2209//2209 2058//2058
f 2058//2058 2209//2209 2059//2059
f 2209//2209 2210//2210 2059//2059
f 2059//2059 2210//2210 2060//2060
f 2210//2210 2211//2211 2060//2060
f 2060//2060 2211//2211 2061//2061
f 2211//2211 2212//2212 2061//2061
f 2061//2061 2212//2212 2062//2062
f 2212//2212 2213//2213 2062//2062
f 2062//2062 2213//2213 2063//2063
f 2213//2213 2214//2214 2063//2063
f 2063//2063 2214//2214 2064//2064
f 2214//2214 2215//2215 2064//2064
f 2064//2064 2215//2215 2065//2065
f 2215//2215 2216//2216 2065//2065
f 2065//2065 2216//2216 2066//2066
f 2216//2216 2217//2217 2066//2066
f 2066//2066 2217//2217 2067//2067
f 2217//2217 2218//2218 2067//2067
f 2067//2067 2218//2218 2068//2068
f 2218//2218 2219//2219 2068//2068
f 2068//2068 2219//2219 2069//2069
f 2219//2219 2220//2220 2069//2069
f 2069//2069 2220//2220 2070//2070
f 2220//2220 2221//2221 2070//2070
f 2070//2070 2221//2221 2071//2071
f 2221//2221 2222//2222 2071//2071
f 2071//2071 2222//2222 2072//2072
f 2222//2222 2223//2223 2072//2072
f 2072//2072 2223//2223 2073//2073
f 2223//2223 2224//2224 2073//2073
f 2073//2073 2224//2224 2074//2074
f 2224//2224 2225//2225 2074//2074
f 2074//2074 2225//2225 2075//2075
f 2225//2225 2226//2226 2075//2075
f 2075//2075 2226//2226 2076//2076
f 2226//2226 2227//2227 2076//2076
f 2076//2076 2227//2227 2077//2077
f 2227//2227 2228//2228 2077//2077
f 2077//2077 2228//2228 2078//2078
f 2228//2228 2229//2229 2078//2078
f 2078//2078 2229//2229 2079//2079
f 2229//2229 2230//2230 2079//2079
f 2079//2079 2230//2230 2080//2080
f 2230//2230 2231//2231 2080//2080
f 2080//2080 2231//2231 2081//2081
f 2231//2231 2232//2232 2081//2081
f 2081//2081 2232//2232 2082//2082
f 2232//2232 2233//2233 2082//2082
f 2082//2082 2233//2233 2083//2083
f 2233//2233 2234//2234 2083//2083
f 2083//2083 2234//2234 2084//2084
f 2234//2234 2235//2235 2084//2084
f 2084//2084 2235//2235 2085//2085
f 2235//2235 2236//2236 2085//2085
f 2085//2085 2236//2236 2086//2086
f 2236//2236 2237//2237 2086//2086
f 2086//2086 2237//2237 2087//2087
f 2237//2237 2238//2238 2087//2087
f 2087//2087 2238//2238 2088//2088
f 2238//2238 2239//2239 2088//2088
f 2088//2088 2239//2239 2089//2089
f 2239//2239 2240//2240 2089//2089
f 2089//2089 2240//2240 2090//2090
f 2240//2240 2241//2241 2090//2090
f 2090//2090 2241//2241 2091//2091
f 2241//2241 2242//2242 2091//2091
f 2091//2091 2242//2242 2092//2092
f 2242//2242 2243//2243 2092//2092
f 2092//2092 2243//2243 2093//2093
f 2243//2243 2244//2244 2093//2093
f 2093//2093 2244//2244 2094//2094
f 2244//2244 2245//2245 2094//2094
f 2094//2094 2245//2245 2095//2095
f 2245//2245 2246//2246 2095//2095
f 2095//2095 2246//2246 2096//2096
f 2246//2246 2247//2247 2096//2096
f 2096//2096 2247//2247 2097//2097
f 2247//2247 2248//2248 2097//2097
f 2097//2097 2248//2248 2098//2098
f 2248//2248 2249//2249 2098//2098
f 2098//2098 2249//2249 2099//2099
f 2249//2249 2250//2250 2099//2099
f 2099//2099 2250//2250 2100//2100
f 2250//2250 2251//2251 2100//2100
f 2100//2100 2251//2251 2101//2101
f 2251//2251 2252//2252 2101//2101
f 2101//2101 2252//2252 2102//2102
f 2252//2252 2253//2253 2102//2102
f 2102//2102 2253//2253 2103//2103
f 2253//2253 2254//2254 2103//2103
f 2103//2103 2254//2254 2104//2104
f 2254//2254 2255//2255 2104//2104
f 2104//2104 2255//2255 2105//2105
f 2255//2255 2256//2256 2105//2105
f 2105//2105 2256//2256 2106//2106
f 2256//2256 2257//2257 2106//2106
f 2106//2106 2257//2257 2107//2107
f 2257//2257 2258//2258 2107//2107
f 2107//2107 2258//2258 2108//2108
f 2258//2258 2259//2259 2108//2108
f 2108//2108 2259//2259 2109//2109
f 2259//2259 2260//2260 2109//2109
f 2109//2109 2260//2260 2110//2110
f 2260//2260 2261//2261 2110//2110
f 2110//2110 2261//2261 2111//2111
f 2261//2261 2262//2262 2111//2111
f 2111//2111 2262//2262 2112//2112
f 2262//2262 2263//2263 2112//2112
f 2112//2112 2263//2263 2113//2113
f 2263//2263 2264//2264 2113//2113
f 2113//2113 2264//2264 2114//2114
f 2264//2264 2265//2265 2114//2114
f 2115//2115 2266//2266 2116//2116
f 2266//2266 2267//2267 2116//2116
f 2116//2116 2267//2267 2117//2117
f 2267//2267 2268//2268 2117//2117
f 2117//2117 2268//2268 2118//2118
f 2268//2268 2269//2269 2118//2118
f 2118//2118 2269//2269 2119//2119
f 2269//2269 2270//2270 2119//2119
f 2119//2119 2270//2270 2120//2120
f 2270//2270 2271//2271 2120//2120
f 2120//2120 2271//2271 2121//2121
f 2271//2271 2272//2272 2121//2121
f 2121//2121 2272//2272 2122//2122
f 2272//2272 2273//2273 2122//2122
f 2122//2122 2273//2273 2123//2123
f 2273//2273 2274//2274 2123//2123
f 2123//2123 2274//2274 2124//2124
f 2274//2274 2275//2275 2124//2124
f 2124//2124 2275//2275 2125//2125
f 2275//2275 2276//2276 2125//2125
f 2125//2125 2276//2276 2126//2126
f 2276//2276 2277//2277 2126//2126
f 2126//2126 2277//2277 2127//2127
f 2277//2277 2278//2278 2127//2127
f 2127//2127 2278//2278 2128//2128
f 2278//2278 2279//2279 2128//2128
f 2128//2128 2279//2279 2129//2129
f 2279//2279 2280//2280 2129//2129
f 2129//2129 2280//2280 2130//2130
f 2280//2280 2281//2281 2130//2130
f 2130//2130 2281//2281 2131//2131
f 2281//2281 2282//2282 2131//2131
f 2131//2131 2282//2282 2132//2132
f 2282//2282 2283//2283 2132//2132
f 2132//2132 2283//2283 2133//2133
f 2283//2283 2284//2284 2133//2133
f 2133//2133 2284//2284 2134//2134
f 2284//2284 2285//2285 2134//2134
f 2134//2134 2285//2285 2135//2135
f 2285//2285 2286//2286 2135//2135
f 2135//2135 2286//2286 2136//2136
f 2286//2286 2287//2287 2136//2136
f 2136//2136 2287//2287 2137//2137
f 2287//2287 2288//2288 2137//2137
f 2137//2137 2288//2288 2138//2138
f 2288//2288 2289//2289 2138//2138
f 2138//2138 2289//2289 2139//2139
f 2289//2289 2290//2290 2139//2139
f 2139//2139 2290//2290 2140//2140
f 2290//2290 2291//2291 2140//2140
f 2140//2140 2291//2291 2141//2141
f 2291//2291 2292//2292 2141//2141
f 2141//2141 2292//2292 2142//2142
f 2292//2292 2293//2293 2142//2142
f 2142//2142 2293//2293 2143//2143
f 2293//2293 2294//2294 2143//2143
f 2143//2143 2294//2294 2144//2144
f 2294//2294 2295//2295 2144//2144
f 2144//2144 2295//2295 2145//2145
f 2295//2295 2296//2296 2145//2145
f 2145//2145 2296//2296 2146//2146
f 2296//2296 2297//2297 2146//2146
f 2146//2146 2297//2297 2147//2147
f 2297//2297 2298//2298 2147//2147
f 2147//2147 2298//2298 2148//2148
f 2298//2298 2299//2299 2148//2148
f 2148//2148 2299//2299 2149//2149
f 2299//2299 2300//2300 2149//2149
f 2149//2149 2300//2300 2150//2150
f 2300//2300 2301//2301 2150//2150
f 2150//2150 2301//2301 2151//2151
f 2301//2301 2302//2302 2151//2151
f 2151//2151 2302//2302 2152//2152
f 2302//2302 2303//2303 2152//2152
f 2152//2152 2303//2303 2153//2153
f 2303//2303 2304//2304 2153//2153
f 2153//2153 2304//2304 2154//2154
f 2304//2304 2305//2305 2154//2154
f 2154//2154 2305//2305 2155//2155
f 2305//2305 2306//2306 2155//2155
f 2155//2155 2306//2306 2156//2156
f 2306//2306 2307//2307 2156//2156
f 2156//2156 2307//2307 2157//2157
f 2307//2307 2308//2308 2157//2157
f 2157//2157 2308//2308 2158//2158
f 2308//2308 2309//2309 2158//2158
f 2158//2158 2309//2309 2159//2159
f 2309//2309 2310//2310 2159//2159
f 2159//2159 2310//2310 2160//2160
f 2310//2310 2311//2311 2160//2160
f 2160//2160 2311//2311 2161//2161
f 2311//2311 2312//2312 2161//2161
f 2161//2161 2312//2312 2162//2162
f 2312//2312 2313//2313 2162//2162
f 2162//2162 2313//2313 2163//2163
f 2313//2313 2314//2314 2163//2163
f 2163//2163 2314//2314 2164//2164
f 2314//2314 2315//2315 2164//2164
f 2164//2164 2315//2315 2165//2165
f 2315//2315 2316//2316 2165//2165
f 2165//2165 2316//2316 2166//2166
f 2316//2316 2317//2317 2166//2166
f 2166//2166 2317//2317 2167//2167
f 2317//2317 2318//2318 2167//2167
f 2167//2167 2318//2318 2168//2168
f 2318//2318 2319//2319 2168//2168
f 2168//2168 2319//2319 2169//2169
f 2319//2319 2320//2320 2169//2169
f 2169//2169 2320//2320 2170//2170
f 2320//2320 2321//2321 2170//2170
f 2170//2170 2321//2321 2171//2171
f 2321//2321 2322//2322 2171//2171
f 2171//2171 2322//2322 2172//2172
f 2322//2322 2323//2323 2172//2172
f 2172//2172 2323//2323 2173//2173
f 2323//2323 2324//2324 2173//2173
f 2173//2173 2324//2324 2174//2174
f 2324//2324 2325//2325 2174//2174
f 2174//2174 2325//2325 2175//2175
f 2325//2325 2326//2326 2175//2175
f 2175//2175 2326//2326 2176//2176
f 2326//2326 2327//2327 2176//2176
f 2176//2176 2327//2327 2177//2177
f 2327//2327 2328//2328 2177//2177
f 2177//2177 2328//2328 2178//2178
f 2328//2328 2329//2329 2178//2178
f 2178//2178 2329//2329 2179//2179
f 2329//2329 2330//2330 2179//2179
f 2179//2179 2330//2330 2180//2180
f 2330//2330 2331//2331 2180//2180
f 2180//2180 2331//2331 2181//2181
f 2331//2331 2332//2332 2181//2181
f 2181//2181 2332//2332 2182//2182
f 2332//2332 2333//2333 2182//2182
f 2182//2182 2333//2333 2183//2183
f 2333//2333 2334//2334 2183//2183
f 2183//2183 2334//2334 2184//2184
f 2334//2334 2335//2335 2184//2184
f 2184//2184 2335//2335 2185//2185
f 2335//2335 2336//2336 2185//2185
f 2185//2185 2336//2336 2186//2186
f 2336//2336 2337//2337 2186//2186
f 2186//2186 2337//2337 2187//2187
f 2337//2337 2338//2338 2187//2187
f 2187//2187 2338//2338 2188//2188
f 2338//2338 2339//2339 2188//2188
f 2188//2188 2339//2339 2189//2189
f 2339//2339 2340//2340 2189//2189
f 2189//2189 2340//2340 2190//2190
f 2340//2340 2341//2341 2190//2190
f 2190//2190 2341//2341 2191//2191
f 2341//2341 2342//2342 2191//2191
f 2191//2191 2342//2342 2192//2192
f 2342//2342 2343//2343 2192//2192
f 2192//2192 2343//2343 2193//2193
f 2343//2343 2344//2344 2193//2193
f 2193//2193 2344//2344 2194//2194
f 2344//2344 2345//2345 2194//2194
f 2194//2194 2345//2345 2195//2195
f 2345//2345 2346//2346 2195//2195
f 2195//2195 2346//2346 2196//2196
f 2346//2346 2347//2347 2196//2196
f 2196//2196 2347//2347 2197//2197
f 2347//2347 2348//2348 2197//2197
f 2197//2197 2348//2348 2198//2198
f 2348//2348 2349//2349 2198//2198
f 2198//2198 2349//2349 2199//2199
f 2349//2349 2350//2350 2199//2199
f 2199//2199 2350//2350 2200//2200
f 2350//2350 2351//2351 2200//2200
f 2200//2200 2351//2351 2201//2201
f 2351//2351 2352//2352 2201//2201
f 2201//2201 2352//2352 2202//2202
f 2352//2352 2353//2353 2202//2202
f 2202//2202 2353//2353 2203//2203
f 2353//2353 2354//2354 2203//2203
f 2203//2203 2354//2354 2204//2204
f 2354//2354 2355//2355 2204//2204
f 2204//2204 2355//2355 2205//2205
f 2355//2355 2356//2356 2205//2205
f 2205//2205 2356//2356 2206//2206
f 2356//2356 2357//2357 2206//2206
f 2206//2206 2357//2357 2207//2207
f 2357//2357 2358//2358 2207//2207
f 2207//2207 2358//2358 2208//2208
f 2358//2358 2359//2359 2208//2208
f 2208//2208 2359//2359 2209//2209
f 2359//2359 2360//2360 2209//2209
f 2209//2209 2360//2360 2210//2210
f 2360//2360 2361//2361 2210//2210
f 2210//2210 2361//2361 2211//2211
f 2361//2361 2362//2362 2211//2211
f 2211//2211 2362//2362 2212//2212
f 2362//2362 2363//2363 2212//2212
f 2212//2212 2363//2363 2213//2213
f 2363//2363 2364//2364 2213//2213
f 2213//2213 2364//2364 2214//2214
f 2364//2364 2365//2365 2214//2214
f 2214//2214 2365//2365 2215//2215
f 2365//2365 2366//2366 2215//2215
f 2215//2215 2366//2366 2216//2216
f 2366//2366 2367//2367 2216//2216
f 2216//2216 2367//2367 2217//2217
f 2367//2367 2368//2368 2217//2217
f 2217//2217 2368//2368 2218//2218
f 2368//2368 2369//2369 2218//2218
f 2218//2218 2369//2369 2219//2219
f 2369//2369 2370//2370 2219//2219
f 2219//2219 2370//2370 2220//2220
f 2370//2370 2371//2371 2220//2220
f 2220//2220 2371//2371 2221//2221
f 2371//2371 2372//2372 2221//2221
f 2221//2221 2372//2372 2222//2222
f 2372//2372 2373//2373 2222//2222
f 2222//2222 2373//2373 2223//2223
f 2373//2373 2374//2374 2223//2223
f 2223//2223 2374//2374 2224//2224
f 2374//2374 2375//2375 2224//2224
f 2224//2224 2375//2375 2225//2225
f 2375//2375 2376//2376 2225//2225
f 2225//2225 2376//2376 2226//2226
f 2376//2376 2377//2377 2226//2226
f 2226//2226 2377//2377 2227//2227
f 2377//2377 2378//2378 2227//2227
f 2227//2227 2378//2378 2228//2228
f 2378//2378 2379//2379 2228//2228
f 2228//2228 2379//2379 2229//2229
f 2379//2379 2380//2380 2229//2229
f 2229//2229 2380//2380 2230//2230
f 2380//2380 2381//2381 2230//2230
f 2230//2230 2381//2381 2231//2231
f 2381//2381 2382//2382 2231//2231
f 2231//2231 2382//2382 2232//2232
f 2382//2382 2383//2383 2232//2232
f 2232//2232 2383//2383 2233//2233
f 2383//2383 2384//2384 2233//2233
f 2233//2233 2384//2384 2234//2234
f 2384//2384 2385//2385 2234//2234
f 2234//2234 2385//2385 2235//2235
f 2385//2385 2386//2386 2235//2235
f 2235//2235 2386//2386 2236//2236
f 2386//2386 2387//2387 2236//2236
f 2236//2236 2387//2387 2237//2237
f 2387//2387 2388//2388 2237//2237
f 2237//2237 2388//2388 2238//2238
f 2388//2388 2389//2389 2238//2238
f 2238//2238 2389//2389 2239//2239
f 2389//2389 2390//2390 2239//2239
f 2239//2239 2390//2390 2240//2240
f 2390//2390 2391//2391 2240//2240
f 2240//2240 2391//2391 2241//2241
f 2391//2391 2392//2392 2241//2241
f 2241//2241 2392//2392 2242//2242
f 2392//2392 2393//2393 2242//2242
f 2242//2242 2393//2393 2243//2243
f 2393//2393 2394//2394 2243//2243
f 2243//2243 2394//2394 2244//2244
f 2394//2394 2395//2395 2244//2244
f 2244//2244 2395//2395 2245//2245
f 2395//2395 2396//2396 2245//2245
f 2245//2245 2396//2396 2246//2246
f 2396//2396 2397//2397 2246//2246
f 2246//2246 2397//2397 2247//2247
f 2397//2397 2398//2398 2247//2247
f 2247//2247 2398//2398 2248//2248
f 2398//2398 2399//2399 2248//2248
f 2248//2248 2399//2399 2249//2249
f 2399//2399 2400//2400 2249//2249
f 2249//2249 2400//2400 2250//2250
f 2400//2400 2401//2401 2250//2250
f 2250//2250 2401//2401 2251//2251
f 2401//2401 2402//2402 2251//2251
f 2251//2251 2402//2402 2252//2252
f 2402//2402 2403//2403 2252//2252
f 2252//2252 2403//2403 2253//2253
f 2403//2403 2404//2404 2253//2253
f 2253//2253 2404//2404 2254//2254
f 2404//2404 2405//2405 2254//2254
f 2254//2254 2405//2405 2255//2255
f 2405//2405 2406//2406 2255//2255
f 2255//2255 2406//2406 2256//2256
f 2406//2406 2407//2407 2256//2256
f 2256//2256 2407//2407 2257//2257
f 2407//2407 2408//2408 2257//2257
f 2257//2257 2408//2408 2258//2258
f 2408//2408 2409//2409 2258//2258
f 2258//2258 2409//2409 2259//2259
f 2409//2409 2410//2410 2259//2259
f 2259//2259 2410//2410 2260//2260
f 2410//2410 2411//2411 2260//2260
f 2260//2260 2411//2411 2261//2261
f 2411//2411 2412//2412 2261//2261
f 2261//2261 2412//2412 2262//2262
f 2412//2412 2413//2413 2262//2262
f 2262//2262 2413//2413 2263//2263
f 2413//2413 2414//2414 2263//2263
f 2263//2263 2414//2414 2264//2264
f 2414//2414 2415//2415 2264//2264
f 2264//2264 2415//2415 2265//2265
f 2415//2415 2416//2416 2265//2265
f 2266//2266 2417//2417 2267//2267
f 2417//2417 2418//2418 2267//2267
f 2267//2267 2418//2418 2268//2268
f 2418//2418 2419//2419 2268//2268
f 2268//2268 2419//2419 2269//2269
f 2419//2419 2420//2420 2269//2269
f 2269//2269 2420//2420 2270//2270
f 2420//2420 2421//2421 2270//2270
f 2270//2270 2421//2421 2271//2271
f 2421//2421 2422//2422 2271//2271
f 2271//2271 2422//2422 2272//2272
f 2422//2422 2423//2423 2272//2272
f 2272//2272 2423//2423 2273//2273
f 2423//2423 2424//2424 2273//2273
f 2273//2273 2424//2424 2274//2274
f 2424//2424 2425//2425 2274//2274
f 2274//2274 2425//2425 2275//2275
f 2425//2425 2426//2426 2275//2275
f 2275//2275 2426//2426 2276//2276
f 2426//2426 2427//2427 2276//2276
f 2276//2276 2427//2427 2277//2277
f 2427//2427 2428//2428 2277//2277
f 2277//2277 2428//2428 2278//2278
f 2428//2428 2429//2429 2278//2278
f 2278//2278 2429//2429 2279//2279
f 2429//2429 2430//2430 2279//2279
f 2279//2279 2430//2430 2280//2280
f 2430//2430 2431//2431 2280//2280
f 2280//2280 2431//2431 2281//2281
f 2431//2431 2432//2432 2281//2281
f 2281//2281 2432//2432 2282//2282
f 2432//2432 2433//2433 2282//2282
f 2282//2282 2433//2433 2283//2283
f 2433//2433 2434//2434 2283//2283
f 2283//2283 2434//2434 2284//2284
f 2434//2434 2435//2435 2284//2284
f 2284//2284 2435//2435 2285//2285
f 2435//2435 2436//2436 2285//2285
f 2285//2285 2436//2436 2286//2286
f 2436//2436 2437//2437 2286//2286
f 2286//2286 2437//2437 2287//2287
f 2437//2437 2438//2438 2287//2287
f 2287//2287 2438//2438 2288//2288
f 2438//2438 2439//2439 2288//2288
f 2288//2288 2439//2439 2289//2289
f 2439//2439 2440//2440 2289//2289
f 2289//2289 2440//2440 2290//2290
f 2440//2440 2441//2441 2290//2290
f 2290//2290 2441//2441 2291//2291
f 2441//2441 2442//2442 2291//2291
f 2291//2291 2442//2442 2292//2292
f 2442//2442 2443//2443 2292//2292
f 2292//2292 2443//2443 2293//2293
f 2443//2443 2444//2444 2293//2293
f 2293//2293 2444//2444 2294//2294
f 2444//2444 2445//2445 2294//2294
f 2294//2294 2445//2445 2295//2295
f 2445//2445 2446//2446 2295//2295
f 2295//2295 2446//2446 2296//2296
f 2446//2446 2447//2447 2296//2296
f 2296//2296 2447//2447 2297//2297
f 2447//2447 2448//2448 2297//2297
f 2297//2297 2448//2448 2298//2298
f 2448//2448 2449//2449 2298//2298
f 2298//2298 2449//2449 2299//2299
f 2449//2449 2450//2450 2299//2299
f 2299//2299 2450//2450 2300//2300
f 2450//2450 2451//2451 2300//2300
f 2300//2300 2451//2451 2301//2301
f 2451//2451 2452//2452 2301//2301
f 2301//2301 2452//2452 2302//2302
f 2452//2452 2453//2453 2302//2302
f 2302//2302 2453//2453 2303//2303
f 2453//2453 2454//2454 2303//2303
f 2303//2303 2454//2454 2304//2304
f 2454//2454 2455//2455 2304//2304
f 2304//2304 2455//2455 2305//2305
f 2455//2455 2456//2456 2305//2305
f 2305//2305 2456//2456 2306//2306
f 2456//2456 2457//2457 2306//2306
f 2306//2306 2457//2457 2307//2307
f 2457//2457 2458//2458 2307//2307
f 2307//2307 2458//2458 2308//2308
f 2458//2458 2459//2459 2308//2308
f 2308//2308 2459//2459 2309//2309
f 2459//2459 2460//2460 2309//2309
f 2309//2309 2460//2460 2310//2310
f 2460//2460 2461//2461 2310//2310
f 2310//2310 2461//2461 2311//2311
f 2461//2461 2462//2462 2311//2311
f 2311//2311 2462//2462 2312//2312
f 2462//2462 2463//2463 2312//2312
f 2312//2312 2463//2463 2313//2313
f 2463//2463 2464//2464 2313//2313
f 2313//2313 2464//2464 2314//2314
f 2464//2464 2465//2465 2314//2314
f 2314//2314 2465//2465 2315//2315
f 2465//2465 2466//2466 2315//2315
f 2315//2315 2466//2466 2316//2316
f 2466//2466 2467//2467 2316//2316
f 2316//2316 2467//2467 2317//2317
f 2467//2467 2468//2468 2317//2317
f 2317//2317 2468//2468 2318//2318
f 2468//2468 2469//2469 2318//2318
f 2318//2318 2469//2469 2319//2319
f 2469//2469 2470//2470 2319//2319
f 2319//2319 2470//2470 2320//2320
f 2470//2470 2471//2471 2320//2320
f 2320//2320 2471//2471 2321//2321
f 2471//2471 2472//2472 2321//2321
f 2321//2321 2472//2472 2322//2322
f 2472//2472 2473//2473 2322//2322
f 2322//2322 2473//2473 2323//2323
f 2473//2473 2474//2474 2323//2323
f 2323//2323 2474//2474 2324//2324
f 2474//2474 2475//2475 2324//2324
f 2324//2324 2475//2475 2325//2325
f 2475//2475 2476//2476 2325//2325
f 2325//2325 2476//2476 2326//2326
f 2476//2476 2477//2477 2326//2326
f 2326//2326 2477//2477 2327//2327
f 2477//2477 2478//2478 2327//2327
f 2327//2327 2478//2478 2328//2328
f 2478//2478 2479//2479 2328//2328
f 2328//2328 2479//2479 2329//2329
f 2479//2479 2480//2480 2329//2329
f 2329//2329 2480//2480 2330//2330
f 2480//2480 2481//2481 2330//2330
f 2330//2330 2481//2481 2331//2331
f 2481//2481 2482//2482 2331//2331
f 2331//2331 2482//2482 2332//2332
f 2482//2482 2483//2483 2332//2332
f 2332//2332 2483//2483 2333//2333
f 2483//2483 2484//2484 2333//2333
f 2333//2333 2484//2484 2334//2334
f 2484//2484 2485//2485 2334//2334
f 2334//2334 2485//2485 2335//2335
f 2485//2485 2486//2486 2335//2335
f 2335//2335 2486//2486 2336//2336
f 2486//2486 2487//2487 2336//2336
f 2336//2336 2487//2487 2337//2337
f 2487//2487 2488//2488 2337//2337
f 2337//2337 2488//2488 2338//2338
f 2488//2488 2489//2489 2338//2338
f 2338//2338 2489//2489 2339//2339
f 2489//2489 2490//2490 2339//2339
f 2339//2339 2490//2490 2340//2340
f 2490//2490 2491//2491 2340//2340
f 2340//2340 2491//2491 2341//2341
f 2491//2491 2492//2492 2341//2341
f 2341//2341 2492//2492 2342//2342
f 2492//2492 2493//2493 2342//2342
f 2342//2342 2493//2493 2343//2343
f 2493//2493 2494//2494 2343//2343
f 2343//2343 2494//2494 2344//2344
f 2494//2494 2495//2495 2344//2344
f 2344//2344 2495//2495 2345//2345
f 2495//2495 2496//2496 2345//2345
f 2345//2345 2496//2496 2346//2346
f 2496//2496 2497//2497 2346//2346
f 2346//2346 2497//2497 2347//2347
f 2497//2497 2498//2498 2347//2347
f 2347//2347 2498//2498 2348//2348
f 2498//2498 2499//2499 2348//2348
f 2348//2348 2499//2499 2349//2349
f 2499//2499 2500//2500 2349//2349
f 2349//2349 2500//2500 2350//2350
f 2500//2500 2501//2501 2350//2350
f 2350//2350 2501//2501 2351//2351
f 2501//2501 2502//2502 2351//2351
f 2351//2351 2502//2502 2352//2352
f 2502//2502 2503//2503 2352//2352
f 2352//2352 2503//2503 2353//2353
f 2503//2503 2504//2504 2353//2353
f 2353//2353 2504//2504 2354//2354
f 2504//2504 2505//2505 2354//2354
f 2354//2354 2505//2505 2355//2355
f 2505//2505 2506//2506 2355//2355
f 2355//2355 2506//2506 2356//2356
f 2506//2506 2507//2507 2356//2356
f 2356//2356 2507//2507 2357//2357
f 2507//2507 2508//2508 2357//2357
f 2357//2357 2508//2508 2358//2358
f 2508//2508 2509//2509 2358//2358
f 2358//2358 2509//2509 2359//2359
f 2509//2509 2510//2510 2359//2359
f 2359//2359 2510//2510 2360//2360
f 2510//2510 2511//2511 2360//2360
f 2360//2360 2511//2511 2361//2361
f 2511//2511 2512//2512 2361//2361
f 2361//2361 2512//2512 2362//2362
f 2512//2512 2513//2513 2362//2362
f 2362//2362 2513//2513 2363//2363
f 2513//2513 2514//2514 2363//2363
f 2363//2363 2514//2514 2364//2364
f 2514//2514 2515//2515 2364//2364
f 2364//2364 2515//2515 2365//2365
f 2515//2515 2516//2516 2365//2365
f 2365//2365 2516//2516 2366//2366
f 2516//2516 2517//2517 2366//2366
f 2366//2366 2517//2517 2367//2367
f 2517//2517 2518//2518 2367//2367
f 2367//2367 2518//2518 2368//2368
f 2518//2518 2519//2519 2368//2368
f 2368//2368 2519//2519 2369//2369
f 2519//2519 2520//2520 2369//2369
f 2369//2369 2520//2520 2370//2370
f 2520//2520 2521//2521 2370//2370
f 2370//2370 2521//2521 2371//2371
f 2521//2521 2522//2522 2371//2371
f 2371//2371 2522//2522 2372//2372
f 2522//2522 2523//2523 2372//2372
f 2372//2372 2523//2523 2373//2373
f 2523//2523 2524//2524 2373//2373
f 2373//2373 2524//2524 2374//2374
f 2524//2524 2525//2525 2374//2374
f 2374//2374 2525//2525 2375//2375
f 2525//2525 2526//2526 2375//2375
f 2375//2375 2526//2526 2376//2376
f 2526//2526 2527//2527 2376//2376
f 2376//2376 2527//2527 2377//2377
f 2527//2527 2528//2528 2377//2377
f 2377//2377 2528//2528 2378//2378
f 2528//2528 2529//2529 2378//2378
f 2378//2378 2529//2529 2379//2379
f 2529//2529 2530//2530 2379//2379
f 2379//2379 2530//2530 2380//2380
f 2530//2530 2531//2531 2380//2380
f 2380//2380 2531//2531 2381//2381
f 2531//2531 2532//2532 2381//2381
f 2381//2381 2532//2532 2382//2382
f 2532//2532 2533//2533 2382//2382
f 2382//2382 2533//2533 2383//2383
f 2533//2533 2534//2534 2383//2383
f 2383//2383 2534//2534 2384//2384
f 2534//2534 2535//2535 2384//2384
f 2384//2384 2535//2535 2385//2385
f 2535//2535 2536//2536 2385//2385
f 2385//2385 2536//2536 2386//2386
f 2536//2536 2537//2537 2386//2386
f 2386//2386 2537//2537 2387//2387
f 2537//2537 2538//2538 2387//2387
f 2387//2387 2538//2538 2388//2388
f 2538//2538 2539//2539 2388//2388
f 2388//2388 2539//2539 2389//2389
f 2539//2539 2540//2540 2389//2389
f 2389//2389 2540//2540 2390//2390
f 2540//2540 2541//2541 2390//2390
f 2390//2390 2541//2541 2391//2391
f 2541//2541 2542//2542 2391//2391
f 2391//2391 2542//2542 2392//2392
f 2542//2542 2543//2543 2392//2392
f 2392//2392 2543//2543 2393//2393
f 2543//2543 2544//2544 2393//2393
f 2393//2393 2544//2544 2394//2394
f 2544//2544 2545//2545 2394//2394
f 2394//2394 2545//2545 2395//2395
f 2545//2545 2546//2546 2395//2395
f 2395//2395 2546//2546 2396//2396
f 2546//2546 2547//2547 2396//2396
f 2396//2396 2547//2547 2397//2397
f 2547//2547 2548//2548 2397//2397
f 2397//2397 2548//2548 2398//2398
f 2548//2548 2549//2549 2398//2398
f 2398//2398 2549//2549 2399//2399
f 2549//2549 2550//2550 2399//2399
f 2399//2399 2550//2550 2400//2400
f 2550//2550 2551//2551 2400//2400
f 2400//2400 2551//2551 2401//2401
f 2551//2551 2552//2552 2401//2401
f 2401//2401 2552//2552 2402//2402
f 2552//2552 2553//2553 2402//2402
f 2402//2402 2553//2553 2403//2403
f 2553//2553 2554//2554 2403//2403
f 2403//2403 2554//2554 2404//2404
f 2554//2554 2555//2555 2404//2404
f 2404//2404 2555//2555 2405//2405
f 2555//2555 2556//2556 2405//2405
f 2405//2405 2556//2556 2406//2406
f 2556//2556 2557//2557 2406//2406
f 2406//2406 2557//2557 2407//2407
f 2557//2557 2558//2558 2407//2407
f 2407//2407 2558//2558 2408//2408
f 2558//2558 2559//2559 2408//2408
f 2408//2408 2559//2559 2409//2409
f 2559//2559 2560//2560 2409//2409
f 2409//2409 2560//2560 2410//2410
f 2560//2560 2561//2561 2410//2410
f 2410//2410 2561//2561 2411//2411
f 2561//2561 2562//2562 2411//2411
f 2411//2411 2562//2562 2412//2412
f 2562//2562 2563//2563 2412//2412
f 2412//2412 2563//2563 2413//2413
f 2563//2563 2564//2564 2413//2413
f 2413//2413 2564//2564 2414//2414
f 2564//2564 2565//2565 2414//2414
f 2414//2414 2565//2565 2415//2415
f 2565//2565 2566//2566 2415//2415
f 2415//2415 2566//2566 2416//2416
f 2566//2566 2567//2567 2416//2416
f 2417//2417 2568//2568 2418//2418
f 2568//2568 2569//2569 2418//2418
f 2418//2418 2569//2569 2419//2419
f 2569//2569 2570//2570 2419//2419
f 2419//2419 2570//2570 2420//2420
f 2570//2570 2571//2571 2420//2420
f 2420//2420 2571//2571 2421//2421
f 2571//2571 2572//2572 2421//2421
f 2421//2421 2572//2572 2422//2422
f 2572//2572 2573//2573 2422//2422
f 2422//2422 2573//2573 2423//2423
f 2573//2573 2574//2574 2423//2423
f 2423//2423 2574//2574 2424//2424
f 2574//2574 2575//2575 2424//2424
f 2424//2424 2575//2575 2425//2425
f 2575//2575 2576//2576 2425//2425
f 2425//2425 2576//2576 2426//2426
f 2576//2576 2577//2577 2426//2426
f 2426//2426 2577//2577 2427//2427
f 2577//2577 2578//2578 2427//2427
f 2427//2427 2578//2578 2428//2428
f 2578//2578 2579//2579 2428//2428
f 2428//2428 2579//2579 2429//2429
f 2579//2579 2580//2580 2429//2429
f 2429//2429 2580//2580 2430//2430
f 2580//2580 2581//2581 2430//2430
f 2430//2430 2581//2581 2431//2431
f 2581//2581 2582//2582 2431//2431
f 2431//2431 2582//2582 2432//2432
f 2582//2582 2583//2583 2432//2432
f 2432//2432 2583//2583 2433//2433
f 2583//2583 2584//2584 2433//2433
f 2433//2433 2584//2584 2434//2434
f 2584//2584 2585//2585 2434//2434
f 2434//2434 2585//2585 2435//2435
f 2585//2585 2586//2586 2435//2435
f 2435//2435 2586//2586 2436//2436
f 2586//2586 2587//2587 2436//2436
f 2436//2436 2587//2587 2437//2437
f 2587//2587 2588//2588 2437//2437
f 2437//2437 2588//2588 2438//2438
f 2588//2588 2589//2589 2438//2438
f 2438//2438 2589//2589 2439//2439
f 2589//2589 2590//2590 2439//2439
f 2439//2439 2590//2590 2440//2440
f 2590//2590 2591//2591 2440//2440
f 2440//2440 2591//2591 2441//2441
f 2591//2591 2592//2592 2441//2441
f 2441//2441 2592//2592 2442//2442
f 2592//2592 2593//2593 2442//2442
f 2442//2442 2593//2593 2443//2443
f 2593//2593 2594//2594 2443//2443
f 2443//2443 2594//2594 2444//2444
f 2594//2594 2595//2595 2444//2444
f 2444//2444 2595//2595 2445//2445
f 2595//2595 2596//2596 2445//2445
f 2445//2445 2596//2596 2446//2446
f 2596//2596 2597//2597 2446//2446
f 2446//2446 2597//2597 2447//2447
f 2597//2597 2598//2598 2447//2447
f 2447//2447 2598//2598 2448//2448
f 2598//2598 2599//2599 2448//2448
f 2448//2448 2599//2599 2449//2449
f 2599//2599 2600//2600 2449//2449
f 2449//2449 2600//2600 2450//2450
f 2600//2600 2601//2601 2450//2450
f 2450//2450 2601//2601 2451//2451
f 2601//2601 2602//2602 2451//2451
f 2451//2451 2602//2602 2452//2452
f 2602//2602 2603//2603 2452//2452
f 2452//2452 2603//2603 2453//2453
f 2603//2603 2604//2604 2453//2453
f 2453//2453 2604//2604 2454//2454
f 2604//2604 2605//2605 2454//2454
f 2454//2454 2605//2605 2455//2455
f 2605//2605 2606//2606 2455//2455
f 2455//2455 2606//2606 2456//2456
f 2606//2606 2607//2607 2456//2456
f 2456//2456 2607//2607 2457//2457
f 2607//2607 2608//2608 2457//2457
f 2457//2457 2608//2608 2458//2458
f 2608//2608 2609//2609 2458//2458
f 2458//2458 2609//2609 2459//2459
f 2609//2609 2610//2610 2459//2459
f 2459//2459 2610//2610 2460//2460
f 2610//2610 2611//2611 2460//2460
f 2460//2460 2611//2611 2461//2461
f 2611//2611 2612//2612 2461//2461
f 2461//2461 2612//2612 2462//2462
f 2612//2612 2613//2613 2462//2462
f 2462//2462 2613//2613 2463//2463
f 2613//2613 2614//2614 2463//2463
f 2463//2463 2614//2614 2464//2464
f 2614//2614 2615//2615 2464//2464
f 2464//2464 2615//2615 2465//2465
f 2615//2615 2616//2616 2465//2465
f 2465//2465 2616//2616 2466//2466
f 2616//2616 2617//2617 2466//2466
f 2466//2466 2617//2617 2467//2467
f 2617//2617 2618//2618 2467//2467
f 2467//2467 2618//2618 2468//2468
f 2618//2618 2619//2619 2468//2468
f 2468//2468 2619//2619 2469//2469
f 2619//2619 2620//2620 2469//2469
f 2469//2469 2620//2620 2470//2470
f 2620//2620 2621//2621 2470//2470
f 2470//2470 2621//2621 2471//2471
f 2621//2621 2622//2622 2471//2471
f 2471//2471 2622//2622 2472//2472
f 2622//2622 2623//2623 2472//2472
f 2472//2472 2623//2623 2473//2473
f 2623//2623 2624//2624 2473//2473
f 2473//2473 2624//2624 2474//2474
f 2624//2624 2625//2625 2474//2474
f 2474//2474 2625//2625 2475//2475
f 2625//2625 2626//2626 2475//2475
f 2475//2475 2626//2626 2476//2476
f 2626//2626 2627//2627 2476//2476
f 2476//2476 2627//2627 2477//2477
f 2627//2627 2628//2628 2477//2477
f 2477//2477 2628//2628 2478//2478
f 2628//2628 2629//2629 2478//2478
f 2478//2478 2629//2629 2479//2479
f 2629//2629 2630//2630 2479//2479
f 2479//2479 2630//2630 2480//2480
f 2630//2630 2631//2631 2480//2480
f 2480//2480 2631//2631 2481//2481
f 2631//2631 2632//2632 2481//2481
f 2481//2481 2632//2632 2482//2482
f 2632//2632 2633//2633 2482//2482
f 2482//2482 2633//2633 2483//2483
f 2633//2633 2634//2634 2483//2483
f 2483//2483 2634//2634 2484//2484
f 2634//2634 2635//2635 2484//2484
f 2484//2484 2635//2635 2485//2485
f 2635//2635 2636//2636 2485//2485
f 2485//2485 2636//2636 2486//2486
f 2636//2636 2637//2637 2486//2486
f 2486//2486 2637//2637 2487//2487
f 2637//2637 2638//2638 2487//2487
f 2487//2487 2638//2638 2488//2488
f 2638//2638 2639//2639 2488//2488
f 2488//2488 2639//2639 2489//2489
f 2639//2639 2640//2640 2489//2489
f 2489//2489 2640//2640 2490//2490
f 2640//2640 2641//2641 2490//2490
f 2490//2490 2641//2641 2491//2491
f 2641//2641 2642//2642 2491//2491
f 2491//2491 2642//2642 2492//2492
f 2642//2642 2643//2643 2492//2492
f 2492//2492 2643//2643 2493//2493
f 2643//2643 2644//2644 2493//2493
f 2493//2493 2644//2644 2494//2494
f 2644//2644 2645//2645 2494//2494
f 2494//2494 2645//2645 2495//2495
f 2645//2645 2646//2646 2495//2495
f 2495//2495 2646//2646 2496//2496
f 2646//2646 2647//2647 2496//2496
f 2496//2496 2647//2647 2497//2497
f 2647//2647 2648//2648 2497//2497
f 2497//2497 2648//2648 2498//2498
f 2648//2648 2649//2649 2498//2498
f 2498//2498 2649//2649 2499//2499
f 2649//2649 2650//2650 2499//2499
f 2499//2499 2650//2650 2500//2500
f 2650//2650 2651//2651 2500//2500
f 2500//2500 2651//2651 2501//2501
f 2651//2651 2652//2652 2501//2501
f 2501//2501 2652//2652 2502//2502
f 2652//2652 2653//2653 2502//2502
f 2502//2502 2653//2653 2503//2503
f 2653//2653 2654//2654 2503//2503
f 2503//2503 2654//2654 2504//2504
f 2654//2654 2655//2655 2504//2504
f 2504//2504 2655//2655 2505//2505
f 2655//2655 2656//2656 2505//2505
f 2505//2505 2656//2656 2506//2506
f 2656//2656 2657//2657 2506//2506
f 2506//2506 2657//2657 2507//2507
f 2657//2657 2658//2658 2507//2507
f 2507//2507 2658//2658 2508//2508
f 2658//2658 2659//2659 2508//2508
f 2508//2508 2659//2659 2509//2509
f 2659//2659 2660//2660 2509//2509
f 2509//2509 2660//2660 2510//2510
f 2660//2660 2661//2661 2510//2510
f 2510//2510 2661//2661 2511//2511
f 2661//2661 2662//2662 2511//2511
f 2511//2511 2662//2662 2512//2512
f 2662//2662 2663//2663 2512//2512
f 2512//2512 2663//2663 2513//2513
f 2663//2663 2664//2664 2513//2513
f 2513//2513 2664//2664 2514//2514
f 2664//2664 2665//2665 2514//2514
f 2514//2514 2665//2665 2515//2515
f 2665//2665 2666//2666 2515//2515
f 2515//2515 2666//2666 2516//2516
f 2666//2666 2667//2667 2516//2516
f 2516//2516 2667//2667 2517//2517
f 2667//2667 2668//2668 2517//2517
f 2517//2517 2668//2668 2518//2518
f 2668//2668 2669//2669 2518//2518
f 2518//2518 2669//2669 2519//2519
f 2669//2669 2670//2670 2519//2519
f 2519//2519 2670//2670 2520//2520
f 2670//2670 2671//2671 2520//2520
f 2520//2520 2671//2671 2521//2521
f 2671//2671 2672//2672 2521//2521
f 2521//2521 2672//2672 2522//2522
f 2672//2672 2673//2673 2522//2522
f 2522//2522 2673//2673 2523//2523
f 2673//2673 2674//2674 2523//2523
f 2523//2523 2674//2674 2524//2524
f 2674//2674 2675//2675 2524//2524
f 2524//2524 2675//2675 2525//2525
f 2675//2675 2676//2676 2525//2525
f 2525//2525 2676//2676 2526//2526
f 2676//2676 2677//2677 2526//2526
f 2526//2526 2677//2677 2527//2527
f 2677//2677 2678//2678 2527//2527
f 2527//2527 2678//2678 2528//2528
f 2678//2678 2679//2679 2528//2528
f 2528//2528 2679//2679 2529//2529
f 2679//2679 2680//2680 2529//2529
f 2529//2529 2680//2680 2530//2530
f 2680//2680 2681//2681 2530//2530
f 2530//2530 2681//2681 2531//2531
f 2681//2681 2682//2682 2531//2531
f 2531//2531 2682//2682 2532//2532
f 2682//2682 2683//2683 2532//2532
f 2532//2532 2683//2683 2533//2533
f 2683//2683 2684//2684 2533//2533
f 2533//2533 2684//2684 2534//2534
f 2684//2684 2685//2685 2534//2534
f 2534//2534 2685//2685 2535//2535
f 2685//2685 2686//2686 2535//2535
f 2535//2535 2686//2686 2536//2536
f 2686//2686 2687//2687 2536//2536
f 2536//2536 2687//2687 2537//2537
f 2687//2687 2688//2688 2537//2537
f 2537//2537 2688//2688 2538//2538
f 2688//2688 2689//2689 2538//2538
f 2538//2538 2689//2689 2539//2539
f 2689//2689 2690//2690 2539//2539
f 2539//2539 2690//2690 2540//2540
f 2690//2690 2691//2691 2540//2540
f 2540//2540 2691//2691 2541//2541
f 2691//2691 2692//2692 2541//2541
f 2541//2541 2692//2692 2542//2542
f 2692//2692 2693//2693 2542//2542
f 2542//2542 2693//2693 2543//2543
f 2693//2693 2694//2694 2543//2543
f 2543//2543 2694//2694 2544//2544
f 2694//2694 2695//2695 2544//2544
f 2544//2544 2695//2695 2545//2545
f 2695//2695 2696//2696 2545//2545
f 2545//2545 2696//2696 2546//2546
f 2696//2696 2697//2697 2546//2546
f 2546//2546 2697//2697 2547//2547
f 2697//2697 2698//2698 2547//2547
f 2547//2547 2698//2698 2548//2548
f 2698//2698 2699//2699 2548//2548
f 2548//2548 2699//2699 2549//2549
f 2699//2699 2700//2700 2549//2549
f 2549//2549 2700//2700 2550//2550
f 2700//2700 2701//2701 2550//2550
f 2550//2550 2701//2701 2551//2551
f 2701//2701 2702//2702 2551//2551
f 2551//2551 2702//2702 2552//2552
f 2702//2702 2703//2703 2552//2552
f 2552//2552 2703//2703 2553//2553
f 2703//2703 2704//2704 2553//2553
f 2553//2553 2704//2704 2554//2554
f 2704//2704 2705//2705 2554//2554
f 2554//2554 2705//2705 2555//2555
f 2705//2705 2706//2706 2555//2555
f 2555//2555 2706//2706 2556//2556
f 2706//2706 2707//2707 2556//2556
f 2556//2556 2707//2707 2557//2557
f 2707//2707 2708//2708 2557//2557
f 2557//2557 2708//2708 2558//2558
f 2708//2708 2709//2709 2558//2558
f 2558//2558 2709//2709 2559//2559
f 2709//2709 2710//2710 2559//2559
f 2559//2559 2710//2710 2560//2560
f 2710//2710 2711//2711 2560//2560
f 2560//2560 2711//2711 2561//2561
f 2711//2711 2712//2712 2561//2561
f 2561//2561 2712//2712 2562//2562
f 2712//2712 2713//2713 2562//2562
f 2562//2562 2713//2713 2563//2563
f 2713//2713 2714//2714 2563//2563
f 2563//2563 2714//2714 2564//2564
f 2714//2714 2715//2715 2564//2564
f 2564//2564 2715//2715 2565//2565
f 2715//2715 2716//2716 2565//2565
f 2565//2565 2716//2716 2566//2566
f 2716//2716 2717//2717 2566//2566
f 2566//2566 2717//2717 2567//2567
f 2717//2717 2718//2718 2567//2567
f 2568//2568 2719//2719 2569//2569
f 2719//2719 2720//2720 2569//2569
f 2569//2569 2720//2720 2570//2570
f 2720//2720 2721//2721 2570//2570
f 2570//2570 2721//2721 2571//2571
f 2721//2721 2722//2722 2571//2571
f 2571//2571 2722//2722 2572//2572
f 2722//2722 2723//2723 2572//2572
f 2572//2572 2723//2723 2573//2573
f 2723//2723 2724//2724 2573//2573
f 2573//2573 2724//2724 2574//2574
f 2724//2724 2725//2725 2574//2574
f 2574//2574 2725//2725 2575//2575
f 2725//2725 2726//2726 2575//2575
f 2575//2575 2726//2726 2576//2576
f 2726//2726 2727//2727 2576//2576
f 2576//2576 2727//2727 2577//2577
f 2727//2727 2728//2728 2577//2577
f 2577//2577 2728//2728 2578//2578
f 2728//2728 2729//2729 2578//2578
f 2578//2578 2729//2729 2579//2579
f 2729//2729 2730//2730 2579//2579
f 2579//2579 2730//2730 2580//2580
f 2730//2730 2731//2731 2580//2580
f 2580//2580 2731//2731 2581//2581
f 2731//2731 2732//2732 2581//2581
f 2581//2581 2732//2732 2582//2582
f 2732//2732 2733//2733 2582//2582
f 2582//2582 2733//2733 2583//2583
f 2733//2733 2734//2734 2583//2583
f 2583//2583 2734//2734 2584//2584
f 2734//2734 2735//2735 2584//2584
f 2584//2584 2735//2735 2585//2585
f 2735//2735 2736//2736 2585//2585
f 2585//2585 2736//2736 2586//2586
f 2736//2736 2737//2737 2586//2586
f 2586//2586 2737//2737 2587//2587
f 2737//2737 2738//2738 2587//2587
f 2587//2587 2738//2738 2588//2588
f 2738//2738 2739//2739 2588//2588
f 2588//2588 2739//2739 2589//2589
f 2739//2739 2740//2740 2589//2589
f 2589//2589 2740//2740 2590//2590
f 2740//2740 2741//2741 2590//2590
f 2590//2590 2741//2741 2591//2591
f 2741//2741 2742//2742 2591//2591
f 2591//2591 2742//2742 2592//2592
f 2742//2742 2743//2743 2592//2592
f 2592//2592 2743//2743 2593//2593
f 2743//2743 2744//2744 2593//2593
f 2593//2593 2744//2744 2594//2594
f 2744//2744 2745//2745 2594//2594
f 2594//2594 2745//2745 2595//2595
f 2745//2745 2746//2746 2595//2595
f 2595//2595 2746//2746 2596//2596
f 2746//2746 2747//2747 2596//2596
f 2596//2596 2747//2747 2597//2597
f 2747//2747 2748//2748 2597//2597
f 2597//2597 2748//2748 2598//2598
f 2748//2748 2749//2749 2598//2598
f 2598//2598 2749//2749 2599//2599
f 2749//2749 2750//2750 2599//2599
f 2599//2599 2750//2750 2600//2600
f 2750//2750 2751//2751 2600//2600
f 2600//2600 2751//2751 2601//2601
f 2751//2751 2752//2752 2601//2601
f 2601//2601 2752//2752 2602//2602
f 2752//2752 2753//2753 2602//2602
f 2602//2602 2753//2753 2603//2603
f 2753//2753 2754//2754 2603//2603
f 2603//2603 2754//2754 2604//2604
f 2754//2754 2755//2755 2604//2604
f 2604//2604 2755//2755 2605//2605
f 2755//2755 2756//2756 2605//2605
f 2605//2605 2756//2756 2606//2606
f 2756//2756 2757//2757 2606//2606
f 2606//2606 2757//2757 2607//2607
f 2757//2757 2758//2758 2607//2607
f 2607//2607 2758//2758 2608//2608
f 2758//2758 2759//2759 2608//2608
f 2608//2608 2759//2759 2609//2609
f 2759//2759 2760//2760 2609//2609
f 2609//2609 2760//2760 2610//2610
f 2760//2760 2761//2761 2610//2610
f 2610//2610 2761//2761 2611//2611
f 2761//2761 2762//2762 2611//2611
f 2611//2611 2762//2762 2612//2612
f 2762//2762 2763//2763 2612//2612
f 2612//2612 2763//2763 2613//2613
f 2763//2763 2764//2764 2613//2613
f 2613//2613 2764//2764 2614//2614
f 2764//2764 2765//2765 2614//2614
f 2614//2614 2765//2765 2615//2615
f 2765//2765 2766//2766 2615//2615
f 2615//2615 2766//2766 2616//2616
f 2766//2766 2767//2767 2616//2616
f 2616//2616 2767//2767 2617//2617
f 2767//2767 2768//2768 2617//2617
f 2617//2617 2768//2768 2618//2618
f 2768//2768 2769//2769 2618//2618
f 2618//2618 2769//2769 2619//2619
f 2769//2769 2770//2770 2619//2619
f 2619//2619 2770//2770 2620//2620
f 2770//2770 2771//2771 2620//2620
f 2620//2620 2771//2771 2621//2621
f 2771//2771 2772//2772 2621//2621
f 2621//2621 2772//2772 2622//2622
f 2772//2772 2773//2773 2622//2622
f 2622//2622 2773//2773 2623//2623
f 2773//2773 2774//2774 2623//2623
f 2623//2623 2774//2774 2624//2624
f 2774//2774 2775//2775 2624//2624
f 2624//2624 2775//2775 2625//2625
f 2775//2775 2776//2776 2625//2625
f 2625//2625 2776//2776 2626//2626
f 2776//2776 2777//2777 2626//2626
f 2626//2626 2777//2777 2627//2627
f 2777//2777 2778//2778 2627//2627
f 2627//2627 2778//2778 2628//2628
f 2778//2778 2779//2779 2628//2628
f 2628//2628 2779//2779 2629//2629
f 2779//2779 2780//2780 2629//2629
f 2629//2629 2780//2780 2630//2630
f 2780//2780 2781//2781 2630//2630
f 2630//2630 2781//2781 2631//2631
f 2781//2781 2782//2782 2631//2631
f 2631//2631 2782//2782 2632//2632
f 2782//2782 2783//2783 2632//2632
f 2632//2632 2783//2783 2633//2633
f 2783//2783 2784//2784 2633//2633
f 2633//2633 2784//2784 2634//2634
f 2784//2784 2785//2785 2634//2634
f 2634//2634 2785//2785 2635//2635
f 2785//2785 2786//2786 2635//2635
f 2635//2635 2786//2786 2636//2636
f 2786//2786 2787//2787 2636//2636
f 2636//2636 2787//2787 2637//2637
f 2787//2787 2788//2788 2637//2637
f 2637//2637 2788//2788 2638//2638
f 2788//2788 2789//2789 2638//2638
f 2638//2638 2789//2789 2639//2639
f 2789//2789 2790//2790 2639//2639
f 2639//2639 2790//2790 2640//2640
f 2790//2790 2791//2791 2640//2640
f 2640//2640 2791//2791 2641//2641
f 2791//2791 2792//2792 2641//2641
f 2641//2641 2792//2792 2642//2642
f 2792//2792 2793//2793 2642//2642
f 2642//2642 2793//2793 2643//2643
f 2793//2793 2794//2794 2643//2643
f 2643//2643 2794//2794 2644//2644
f 2794//2794 2795//2795 2644//2644
f 2644//2644 2795//2795 2645//2645
f 2795//2795 2796//2796 2645//2645
f 2645//2645 2796//2796 2646//2646
f 2796//2796 2797//2797 2646//2646
f 2646//2646 2797//2797 2647//2647
f 2797//2797 2798//2798 2647//2647
f 2647//2647 2798//2798 2648//2648
f 2798//2798 2799//2799 2648//2648
f 2648//2648 2799//2799 2649//2649
f 2799//2799 2800//2800 2649//2649
f 2649//2649 2800//2800 2650//2650
f 2800//2800 2801//2801 2650//2650
f 2650//2650 2801//2801 2651//2651
f 2801//2801 2802//2802 2651//2651
f 2651//2651 2802//2802 2652//2652
f 2802//2802 2803//2803 2652//2652
f 2652//2652 2803//2803 2653//2653
f 2803//2803 2804//2804 2653//2653
f 2653//2653 2804//2804 2654//2654
f 2804//2804 2805//2805 2654//2654
f 2654//2654 2805//2805 2655//2655
f 2805//2805 2806//2806 2655//2655
f 2655//2655 2806//2806 2656//2656
f 2806//2806 2807//2807 2656//2656
f 2656//2656 2807//2807 2657//2657
f 2807//2807 2808//2808 2657//2657
f 2657//2657 2808//2808 2658//2658
f 2808//2808 2809//2809 2658//2658
f 2658//2658 2809//2809 2659//2659
f 2809//2809 2810//2810 2659//2659
f 2659//2659 2810//2810 2660//2660
f 2810//2810 2811//2811 2660//2660
f 2660//2660 2811//2811 2661//2661
f 2811//2811 2812//2812 2661//2661
f 2661//2661 2812//2812 2662//2662
f 2812//2812 2813//2813 2662//2662
f 2662//2662 2813//2813 2663//2663
f 2813//2813 2814//2814 2663//2663
f 2663//2663 2814//2814 2664//2664
f 2814//2814 2815//2815 2664//2664
f 2664//2664 2815//2815 2665//2665
f 2815//2815 2816//2816 2665//2665
f 2665//2665 2816//2816 2666//2666
f 2816//2816 2817//2817 2666//2666
f 2666//2666 2817//2817 2667//2667
f 2817//2817 2818//2818 2667//2667
f 2667//2667 2818//2818 2668//2668
f 2818//2818 2819//2819 2668//2668
f 2668//2668 2819//2819 2669//2669
f 2819//2819 2820//2820 2669//2669
f 2669//2669 2820//2820 2670//2670
f 2820//2820 2821//2821 2670//2670
f 2670//2670 2821//2821 2671//2671
f 2821//2821 2822//2822 2671//2671
f 2671//2671 2822//2822 2672//2672
f 2822//2822 2823//2823 2672//2672
f 2672//2672 2823//2823 2673//2673
f 2823//2823 2824//2824 2673//2673
f 2673//2673 2824//2824 2674//2674
f 2824//2824 2825//2825 2674//2674
f 2674//2674 2825//2825 2675//2675
f 2825//2825 2826//2826 2675//2675
f 2675//2675 2826//2826 2676//2676
f 2826//2826 2827//2827 2676//2676
f 2676//2676 2827//2827 2677//2677
f 2827//2827 2828//2828 2677//2677
f 2677//2677 2828//2828 2678//2678
f 2828//2828 2829//2829 2678//2678
f 2678//2678 2829//2829 2679//2679
f 2829//2829 2830//2830 2679//2679
f 2679//2679 2830//2830 2680//2680
f 2830//2830 2831//2831 2680//2680
f 2680//2680 2831//2831 2681//2681
f 2831//2831 2832//2832 2681//2681
f 2681//2681 2832//2832 2682//2682
f 2832//2832 2833//2833 2682//2682
f 2682//2682 2833//2833 2683//2683
f 2833//2833 2834//2834 2683//2683
f 2683//2683 2834//2834 2684//2684
f 2834//2834 2835//2835 2684//2684
f 2684//2684 2835//2835 2685//2685
f 2835//2835 2836//2836 2685//2685
f 2685//2685 2836//2836 2686//2686
f 2836//2836 2837//2837 2686//2686
f 2686//2686 2837//2837 2687//2687
f 2837//2837 2838//2838 2687//2687
f 2687//2687 2838//2838 2688//2688
f 2838//2838 2839//2839 2688//2688
f 2688//2688 2839//2839 2689//2689
f 2839//2839 2840//2840 2689//2689
f 2689//2689 2840//2840 2690//2690
f 2840//2840 2841//2841 2690//2690
f 2690//2690 2841//2841 2691//2691
f 2841//2841 2842//2842 2691//2691
f 2691//2691 2842//2842 2692//2692
f 2842//2842 2843//2843 2692//2692
f 2692//2692 2843//2843 2693//2693
f 2843//2843 2844//2844 2693//2693
f 2693//2693 2844//2844 2694//2694
f 2844//2844 2845//2845 2694//2694
f 2694//2694 2845//2845 2695//2695
f 2845//2845 2846//2846 2695//2695
f 2695//2695 2846//2846 2696//2696
f 2846//2846 2847//2847 2696//2696
f 2696//2696 2847//2847 2697//2697
f 2847//2847 2848//2848 2697//2697
f 2697//2697 2848//2848 2698//2698
f 2848//2848 2849//2849 2698//2698
f 2698//2698 2849//2849 2699//2699
f 2849//2849 2850//2850 2699//2699
f 2699//2699 2850//2850 2700//2700
f 2850//2850 2851//2851 2700//2700
f 2700//2700 2851//2851 2701//2701
f 2851//2851 2852//2852 2701//2701
f 2701//2701 2852//2852 2702//2702
f 2852//2852 2853//2853 2702//2702
f 2702//2702 2853//2853 2703//2703
f 2853//2853 2854//2854 2703//2703
f 2703//2703 2854//2854 2704//2704
f 2854//2854 2855//2855 2704//2704
f 2704//2704 2855//2855 2705//2705
f 2855//2855 2856//2856 2705//2705
f 2705//2705 2856//2856 2706//2706
f 2856//2856 2857//2857 2706//2706
f 2706//2706 2857//2857 2707//2707
f 2857//2857 2858//2858 2707//2707
f 2707//2707 2858//2858 2708//2708
f 2858//2858 2859//2859 2708//2708
f 2708//2708 2859//2859 2709//2709
f 2859//2859 2860//2860 2709//2709
f 2709//2709 2860//2860 2710//2710
f 2860//2860 2861//2861 2710//2710
f 2710//2710 2861//2861 2711//2711
f 2861//2861 2862//2862 2711//2711
f 2711//2711 2862//2862 2712//2712
f 2862//2862 2863//2863 2712//2712
f 2712//2712 2863//2863 2713//2713
f 2863//2863 2864//2864 2713//2713
f 2713//2713 2864//2864 2714//2714
f 2864//2864 2865//2865 2714//2714
f 2714//2714 2865//2865 2715//2715
f 2865//2865 2866//2866 2715//2715
f 2715//2715 2866//2866 2716//2716
f 2866//2866 2867//2867 2716//2716
f 2716//2716 2867//2867 2717//2717
f 2867//2867 2868//2868 2717//2717
f 2717//2717 2868//2868 2718//2718
f 2868//2868 2869//2869 2718//2718
f 2719//2719 2870//2870 2720//2720
f 2870//2870 2871//2871 2720//2720
f 2720//2720 2871//2871 2721//2721
f 2871//2871 2872//2872 2721//2721
f 2721//2721 2872//2872 2722//2722
f 2872//2872 2873//2873 2722//2722
f 2722//2722 2873//2873 2723//2723
f 2873//2873 2874//2874 2723//2723
f 2723//2723 2874//2874 2724//2724
f 2874//2874 2875//2875 2724//2724
f 2724//2724 2875//2875 2725//2725
f 2875//2875 2876//2876 2725//2725
f 2725//2725 2876//2876 2726//2726
f 2876//2876 2877//2877 2726//2726
f 2726//2726 2877//2877 2727//2727
f 2877//2877 2878//2878 2727//2727
f 2727//2727 2878//2878 2728//2728
f 2878//2878 2879//2879 2728//2728
f 2728//2728 2879//2879 2729//2729
f 2879//2879 2880//2880 2729//2729
f 2729//2729 2880//2880 2730//2730
f 2880//2880 2881//2881 2730//2730
f 2730//2730 2881//2881 2731//2731
f 2881//2881 2882//2882 2731//2731
f 2731//2731 2882//2882 2732//2732
f 2882//2882 2883//2883 2732//2732
f 2732//2732 2883//2883 2733//2733
f 2883//2883 2884//2884 2733//2733
f 2733//2733 2884//2884 2734//2734
f 2884//2884 2885//2885 2734//2734
f 2734//2734 2885//2885 2735//2735
f 2885//2885 2886//2886 2735//2735
f 2735//2735 2886//2886 2736//2736
f 2886//2886 2887//2887 2736//2736
f 2736//2736 2887//2887 2737//2737
f 2887//2887 2888//2888 2737//2737
f 2737//2737 2888//2888 2738//2738
f 2888//2888 2889//2889 2738//2738
f 2738//2738 2889//2889 2739//2739
f 2889//2889 2890//2890 2739//2739
f 2739//2739 2890//2890 2740//2740
f 2890//2890 2891//2891 2740//2740
f 2740//2740 2891//2891 2741//2741
f 2891//2891 2892//2892 2741//2741
f 2741//2741 2892//2892 2742//2742
f 2892//2892 2893//2893 2742//2742
f 2742//2742 2893//2893 2743//2743
f 2893//2893 2894//2894 2743//2743
f 2743//2743 2894//2894 2744//2744
f 2894//2894 2895//2895 2744//2744
f 2744//2744 2895//2895 2745//2745
f 2895//2895 2896//2896 2745//2745
f 2745//2745 2896//2896 2746//2746
f 2896//2896 2897//2897 2746//2746
f 2746//2746 2897//2897 2747//2747
f 2897//2897 2898//2898 2747//2747
f 2747//2747 2898//2898 2748//2748
f 2898//2898 2899//2899 2748//2748
f 2748//2748 2899//2899 2749//2749
f 2899//2899 2900//2900 2749//2749
f 2749//2749 2900//2900 2750//2750
f 2900//2900 2901//2901 2750//2750
f 2750//2750 2901//2901 2751//2751
f 2901//2901 2902//2902 2751//2751
f 2751//2751 2902//2902 2752//2752
f 2902//2902 2903//2903 2752//2752
f 2752//2752 2903//2903 2753//2753
f 2903//2903 2904//2904 2753//2753
f 2753//2753 2904//2904 2754//2754
f 2904//2904 2905//2905 2754//2754
f 2754//2754 2905//2905 2755//2755
f 2905//2905 2906//2906 2755//2755
f 2755//2755 2906//2906 2756//2756
f 2906//2906 2907//2907 2756//2756
f 2756//2756 2907//2907 2757//2757
f 2907//2907 2908//2908 2757//2757
f 2757//2757 2908//2908 2758//2758
f 2908//2908 2909//2909 2758//2758
f 2758//2758 2909//2909 2759//2759
f 2909//2909 2910//2910 2759//2759
f 2759//2759 2910//2910 2760//2760
f 2910//2910 2911//2911 2760//2760
f 2760//2760 2911//2911 2761//2761
f 2911//2911 2912//2912 2761//2761
f 2761//2761 2912//2912 2762//2762
f 2912//2912 2913//2913 2762//2762
f 2762//2762 2913//2913 2763//2763
f 2913//2913 2914//2914 2763//2763
f 2763//2763 2914//2914 2764//2764
f 2914//2914 2915//2915 2764//2764
f 2764//2764 2915//2915 2765//2765
f 2915//2915 2916//2916 2765//2765
f 2765//2765 2916//2916 2766//2766
f 2916//2916 2917//2917 2766//2766
f 2766//2766 2917//2917 2767//2767
f 2917//2917 2918//2918 2767//2767
f 2767//2767 2918//2918 2768//2768
f 2918//2918 2919//2919 2768//2768
f 2768//2768 2919//2919 2769//2769
f 2919//2919 2920//2920 2769//2769
f 2769//2769 2920//2920 2770//2770
f 2920//2920 2921//2921 2770//2770
f 2770//2770 2921//2921 2771//2771
f 2921//2921 2922//2922 2771//2771
f 2771//2771 2922//2922 2772//2772
f 2922//2922 2923//2923 2772//2772
f 2772//2772 2923//2923 2773//2773
f 2923//2923 2924//2924 2773//2773
f 2773//2773 2924//2924 2774//2774
f 2924//2924 2925//2925 2774//2774
f 2774//2774 2925//2925 2775//2775
f 2925//2925 2926//2926 2775//2775
f 2775//2775 2926//2926 2776//2776
f 2926//2926 2927//2927 2776//2776
f 2776//2776 2927//2927 2777//2777
f 2927//2927 2928//2928 2777//2777
f 2777//2777 2928//2928 2778//2778
f 2928//2928 2929//2929 2778//2778
f 2778//2778 2929//2929 2779//2779
f 2929//2929 2930//2930 2779//2779
f 2779//2779 2930//2930 2780//2780
f 2930//2930 2931//2931 2780//2780
f 2780//2780 2931//2931 2781//2781
f 2931//2931 2932//2932 2781//2781
f 2781//2781 2932//2932 2782//2782
f 2932//2932 2933//2933 2782//2782
f 2782//2782 2933//2933 2783//2783
f 2933//2933 2934//2934 2783//2783
f 2783//2783 2934//2934 2784//2784
f 2934//2934 2935//2935 2784//2784
f 2784//2784 2935//2935 2785//2785
f 2935//2935 2936//2936 2785//2785
f 2785//2785 2936//2936 2786//2786
f 2936//2936 2937//2937 2786//2786
f 2786//2786 2937//2937 2787//2787
f 2937//2937 2938//2938 2787//2787
f 2787//2787 2938//2938 2788//2788
f 2938//2938 2939//2939 2788//2788
f 2788//2788 2939//2939 2789//2789
f 2939//2939 2940//2940 2789//2789
f 2789//2789 2940//2940 2790//2790
f 2940//2940 2941//2941 2790//2790
f 2790//2790 2941//2941 2791//2791
f 2941//2941 2942//2942 2791//2791
f 2791//2791 2942//2942 2792//2792
f 2942//2942 2943//2943 2792//2792
f 2792//2792 2943//2943 2793//2793
f 2943//2943 2944//2944 2793//2793
f 2793//2793 2944//2944 2794//2794
f 2944//2944 2945//2945 2794//2794
f 2794//2794 2945//2945 2795//2795
f 2945//2945 2946//2946 2795//2795
f 2795//2795 2946//2946 2796//2796
f 2946//2946 2947//2947 2796//2796
f 2796//2796 2947//2947 2797//2797
f 2947//2947 2948//2948 2797//2797
f 2797//2797 2948//2948 2798//2798
f 2948//2948 2949//2949 2798//2798
f 2798//2798 2949//2949 2799//2799
f 2949//2949 2950//2950 2799//2799
f 2799//2799 2950//2950 2800//2800
f 2950//2950 2951//2951 2800//2800
f 2800//2800 2951//2951 2801//2801
f 2951//2951 2952//2952 2801//2801
f 2801//2801 2952//2952 2802//2802
f 2952//2952 2953//2953 2802//2802
f 2802//2802 2953//2953 2803//2803
f 2953//2953 2954//2954 2803//2803
f 2803//2803 2954//2954 2804//2804
f 2954//2954 2955//2955 2804//2804
f 2804//2804 2955//2955 2805//2805
f 2955//2955 2956//2956 2805//2805
f 2805//2805 2956//2956 2806//2806
f 2956//2956 2957//2957 2806//2806
f 2806//2806 2957//2957 2807//2807
f 2957//2957 2958//2958 2807//2807
f 2807//2807 2958//2958 2808//2808
f 2958//2958 2959//2959 2808//2808
f 2808//2808 2959//2959 2809//2809
f 2959//2959 2960//2960 2809//2809
f 2809//2809 2960//2960 2810//2810
f 2960//2960 2961//2961 2810//2810
f 2810//2810 2961//2961 2811//2811
f 2961//2961 2962//2962 2811//2811
f 2811//2811 2962//2962 2812//2812
f 2962//2962 2963//2963 2812//2812
f 2812//2812 2963//2963 2813//2813
f 2963//2963 2964//2964 2813//2813
f 2813//2813 2964//2964 2814//2814
f 2964//2964 2965//2965 2814//2814
f 2814//2814 2965//2965 2815//2815
f 2965//2965 2966//2966 2815//2815
f 2815//2815 2966//2966 2816//2816
f 2966//2966 2967//2967 2816//2816
f 2816//2816 2967//2967 2817//2817
f 2967//2967 2968//2968 2817//2817
f 2817//2817 2968//2968 2818//2818
f 2968//2968 2969//2969 2818//2818
f 2818//2818 2969//2969 2819//2819
f 2969//2969 2970//2970 2819//2819
f 2819//2819 2970//2970 2820//2820
f 2970//2970 2971//2971 2820//2820
f 2820//2820 2971//2971 2821//2821
f 2971//2971 2972//2972 2821//2821
f 2821//2821 2972//2972 2822//2822
f 2972//2972 2973//2973 2822//2822
f 2822//2822 2973//2973 2823//2823
f 2973//2973 2974//2974 2823//2823
f 2823//2823 2974//2974 2824//2824
f 2974//2974 2975//2975 2824//2824
f 2824//2824 2975//2975 2825//2825
f 2975//2975 2976//2976 2825//2825
f 2825//2825 2976//2976 2826//2826
f 2976//2976 2977//2977 2826//2826
f 2826//2826 2977//2977 2827//2827
f 2977//2977 2978//2978 2827//2827
f 2827//2827 2978//2978 2828//2828
f 2978//2978 2979//2979 2828//2828
f 2828//2828 2979//2979 2829//2829
f 2979//2979 2980//2980 2829//2829
f 2829//2829 2980//2980 2830//2830
f 2980//2980 2981//2981 2830//2830
f 2830//2830 2981//2981 2831//2831
f 2981//2981 2982//2982 2831//2831
f 2831//2831 2982//2982 2832//2832
f 2982//2982 2983//2983 2832//2832
f 2832//2832 2983//2983 2833//2833
f 2983//2983 2984//2984 2833//2833
f 2833//2833 2984//2984 2834//2834
f 2984//2984 2985//2985 2834//2834
f 2834//2834 2985//2985 2835//2835
f 2985//2985 2986//2986 2835//2835
f 2835//2835 2986//2986 2836//2836
f 2986//2986 2987//2987 2836//2836
f 2836//2836 2987//2987 2837//2837
f 2987//2987 2988//2988 2837//2837
f 2837//2837 2988//2988 2838//2838
f 2988//2988 2989//2989 2838//2838
f 2838//2838 2989//2989 2839//2839
f 2989//2989 2990//2990 2839//2839
f 2839//2839 2990//2990 2840//2840
f 2990//2990 2991//2991 2840//2840
f 2840//2840 2991//2991 2841//2841
f 2991//2991 2992//2992 2841//2841
f 2841//2841 2992//2992 2842//2842
f 2992//2992 2993//2993 2842//2842
f 2842//2842 2993//2993 2843//2843
f 2993//2993 2994//2994 2843//2843
f 2843//2843 2994//2994 2844//2844
f 2994//2994 2995//2995 2844//2844
f 2844//2844 2995//2995 2845//2845
f 2995//2995 2996//2996 2845//2845
f 2845//2845 2996//2996 2846//2846
f 2996//2996 2997//2997 2846//2846
f 2846//2846 2997//2997 2847//2847
f 2997//2997 2998//2998 2847//2847
f 2847//2847 2998//2998 2848//2848
f 2998//2998 2999//2999 2848//2848
f 2848//2848 2999//2999 2849//2849
f 2999//2999 3000//3000 2849//2849
f 2849//2849 3000//3000 2850//2850
f 3000//3000 3001//3001 2850//2850
f 2850//2850 3001//3001 2851//2851
f 3001//3001 3002//3002 2851//2851
f 2851//2851 3002//3002 2852//2852
f 3002//3002 3003//3003 2852//2852
f 2852//2852 3003//3003 2853//2853
f 3003//3003 3004//3004 2853//2853
f 2853//2853 3004//3004 2854//2854
f 3004//3004 3005//3005 2854//2854
f 2854//2854 3005//3005 2855//2855
f 3005//3005 3006//3006 2855//2855
f 2855//2855 3006//3006 2856//2856
f 3006//3006 3007//3007 2856//2856
f 2856//2856 3007//3007 2857//2857
f 3007//3007 3008//3008 2857//2857
f 2857//2857 3008//3008 2858//2858
f 3008//3008 3009//3009 2858//2858
f 2858//2858 3009//3009 2859//2859
f 3009//3009 3010//3010 2859//2859
f 2859//2859 3010//3010 2860//2860
f 3010//3010 3011//3011 2860//2860
f 2860//2860 3011//3011 2861//2861
f 3011//3011 3012//3012 2861//2861
f 2861//2861 3012//3012 2862//2862
f 3012//3012 3013//3013 2862//2862
f 2862//2862 3013//3013 2863//2863
f 3013//3013 3014//3014 2863//2863
f 2863//2863 3014//3014 2864//2864
f 3014//3014 3015//3015 2864//2864
f 2864//2864 3015//3015 2865//2865
f 3015//3015 3016//3016 2865//2865
f 2865//2865 3016//3016 2866//2866
f 3016//3016 3017//3017 2866//2866
f 2866//2866 3017//3017 2867//2867
f 3017//3017 3018//3018 2867//2867
f 2867//2867 3018//3018 2868//2868
f 3018//3018 3019//3019 2868//2868
f 2868//2868 3019//3019 2869//2869
f 3019//3019 3020//3020 2869//2869
f 2870//2870 3021//3021 2871//2871
f 3021//3021 3022//3022 2871//2871
f 2871//2871 3022//3022 2872//2872
f 3022//3022 3023//3023 2872//2872
f 2872//2872 3023//3023 2873//2873
f 3023//3023 3024//3024 2873//2873
f 2873//2873 3024//3024 2874//2874
f 3024//3024 3025//3025 2874//2874
f 2874//2874 3025//3025 2875//2875
f 3025//3025 3026//3026 2875//2875
f 2875//2875 3026//3026 2876//2876
f 3026//3026 3027//3027 2876//2876
f 2876//2876 3027//3027 2877//2877
f 3027//3027 3028//3028 2877//2877
f 2877//2877 3028//3028 2878//2878
f 3028//3028 3029//3029 2878//2878
f 2878//2878 3029//3029 2879//2879
f 3029//3029 3030//3030 2879//2879
f 2879//2879 3030//3030 2880//2880
f 3030//3030 3031//3031 2880//2880
f 2880//2880 3031//3031 2881//2881
f 3031//3031 3032//3032 2881//2881
f 2881//2881 3032//3032 2882//2882
f 3032//3032 3033//3033 2882//2882
f 2882//2882 3033//3033 2883//2883
f 3033//3033 3034//3034 2883//2883
f 2883//2883 3034//3034 2884//2884
f 3034//3034 3035//3035 2884//2884
f 2884//2884 3035//3035 2885//2885
f 3035//3035 3036//3036 2885//2885
f 2885//2885 3036//3036 2886//2886
f 3036//3036 3037//3037 2886//2886
f 2886//2886 3037//3037 2887//2887
f 3037//3037 3038//3038 2887//2887
f 2887//2887 3038//3038 2888//2888
f 3038//3038 3039//3039 2888//2888
f 2888//2888 3039//3039 2889//2889
f 3039//3039 3040//3040 2889//2889
f 2889//2889 3040//3040 2890//2890
f 3040//3040 3041//3041 2890//2890
f 2890//2890 3041//3041 2891//2891
f 3041//3041 3042//3042 2891//2891
f 2891//2891 3042//3042 2892//2892
f 3042//3042 3043//3043 2892//2892
f 2892//2892 3043//3043 2893//2893
f 3043//3043 3044//3044 2893//2893
f 2893//2893 3044//3044 2894//2894
f 3044//3044 3045//3045 2894//2894
f 2894//2894 3045//3045 2895//2895
f 3045//3045 3046//3046 2895//2895
f 2895//2895 3046//3046 2896//2896
f 3046//3046 3047//3047 2896//2896
f 2896//2896 3047//3047 2897//2897
f 3047//3047 3048//3048 2897//2897
f 2897//2897 3048//3048 2898//2898
f 3048//3048 3049//3049 2898//2898
f 2898//2898 3049//3049 2899//2899
f 3049//3049 3050//3050 2899//2899
f 2899//2899 3050//3050 2900//2900
f 3050//3050 3051//3051 2900//2900
f 2900//2900 3051//3051 2901//2901
f 3051//3051 3052//3052 2901//2901
f 2901//2901 3052//3052 2902//2902
f 3052//3052 3053//3053 2902//2902
f 2902//2902 3053//3053 2903//2903
f 3053//3053 3054//3054 2903//2903
f 2903//2903 3054//3054 2904//2904
f 3054//3054 3055//3055 2904//2904
f 2904//2904 3055//3055 2905//2905
f 3055//3055 3056//3056 2905//2905
f 2905//2905 3056//3056 2906//2906
f 3056//3056 3057//3057 2906//2906
f 2906//2906 3057//3057 2907//2907
f 3057//3057 3058//3058 2907//2907
f 2907//2907 3058//3058 2908//2908
f 3058//3058 3059//3059 2908//2908
f 2908//2908 3059//3059 2909//2909
f 3059//3059 3060//3060 2909//2909
f 2909//2909 3060//3060 2910//2910
f 3060//3060 3061//3061 2910//2910
f 2910//2910 3061//3061 2911//2911
f 3061//3061 3062//3062 2911//2911
f 2911//2911 3062//3062 2912//2912
f 3062//3062 3063//3063 2912//2912
f 2912//2912 3063//3063 2913//2913
f 3063//3063 3064//3064 2913//2913
f 2913//2913 3064//3064 2914//2914
f 3064//3064 3065//3065 2914//2914
f 2914//2914 3065//3065 2915//2915
f 3065//3065 3066//3066 2915//2915
f 2915//2915 3066//3066 2916//2916
f 3066//3066 3067//3067 2916//2916
f 2916//2916 3067//3067 2917//2917
f 3067//3067 3068//3068 2917//2917
f 2917//2917 3068//3068 2918//2918
f 3068//3068 3069//3069 2918//2918
f 2918//2918 3069//3069 2919//2919
f 3069//3069 3070//3070 2919//2919
f 2919//2919 3070//3070 2920//2920
f 3070//3070 3071//3071 2920//2920
f 2920//2920 3071//3071 2921//2921
f 3071//3071 3072//3072 2921//2921
f 2921//2921 3072//3072 2922//2922
f 3072//3072 3073//3073 2922//2922
f 2922//2922 3073//3073 2923//2923
f 3073//3073 3074//3074 2923//2923
f 2923//2923 3074//3074 2924//2924
f 3074//3074 3075//3075 2924//2924
f 2924//2924 3075//3075 2925//2925
f 3075//3075 3076//3076 2925//2925
f 2925//2925 3076//3076 2926//2926
f 3076//3076 3077//3077 2926//2926
f 2926//2926 3077//3077 2927//2927
f 3077//3077 3078//3078 2927//2927
f 2927//2927 3078//3078 2928//2928
f 3078//3078 3079//3079 2928//2928
f 2928//2928 3079//3079 2929//2929
f 3079//3079 3080//3080 2929//2929
f 2929//2929 3080//3080 2930//2930
f 3080//3080 3081//3081 2930//2930
f 2930//2930 3081//3081 2931//2931
f 3081//3081 3082//3082 2931//2931
f 2931//2931 3082//3082 2932//2932
f 3082//3082 3083//3083 2932//2932
f 2932//2932 3083//3083 2933//2933
f 3083//3083 3084//3084 2933//2933
f 2933//2933 3084//3084 2934//2934
f 3084//3084 3085//3085 2934//2934
f 2934//2934 3085//3085 2935//2935
f 3085//3085 3086//3086 2935//2935
f 2935//2935 3086//3086 2936//2936
f 3086//3086 3087//3087 2936//2936
f 2936//2936 3087//3087 2937//2937
f 3087//3087 3088//3088 2937//2937
f 2937//2937 3088//3088 2938//2938
f 3088//3088 3089//3089 2938//2938
f 2938//2938 3089//3089 2939//2939
f 3089//3089 3090//3090 2939//2939
f 2939//2939 3090//3090 2940//2940
f 3090//3090 3091//3091 2940//2940
f 2940//2940 3091//3091 2941//2941
f 3091//3091 3092//3092 2941//2941
f 2941//2941 3092//3092 2942//2942
f 3092//3092 3093//3093 2942//2942
f 2942//2942 3093//3093 2943//2943
f 3093//3093 3094//3094 2943//2943
f 2943//2943 3094//3094 2944//2944
f 3094//3094 3095//3095 2944//2944
f 2944//2944 3095//3095 2945//2945
f 3095//3095 3096//3096 2945//2945
f 2945//2945 3096//3096 2946//2946
f 3096//3096 3097//3097 2946//2946
f 2946//2946 3097//3097 2947//2947
f 3097//3097 3098//3098 2947//2947
f 2947//2947 3098//3098 2948//2948
f 3098//3098 3099//3099 2948//2948
f 2948//2948 3099//3099 2949//2949
f 3099//3099 3100//3100 2949//2949
f 2949//2949 3100//3100 2950//2950
f 3100//3100 3101//3101 2950//2950
f 2950//2950 3101//3101 2951//2951
f 3101//3101 3102//3102 2951//2951
f 2951//2951 3102//3102 2952//2952
f 3102//3102 3103//3103 2952//2952
f 2952//2952 3103//3103 2953//2953
f 3103//3103 3104//3104 2953//2953
f 2953//2953 3104//3104 2954//2954
f 3104//3104 3105//3105 2954//2954
f 2954//2954 3105//3105 2955//2955
f 3105//3105 3106//3106 2955//2955
f 2955//2955 3106//3106 2956//2956
f 3106//3106 3107//3107 2956//2956
f 2956//2956 3107//3107 2957//2957
f 3107//3107 3108//3108 2957//2957
f 2957//2957 3108//3108 2958//2958
f 3108//3108 3109//3109 2958//2958
f 2958//2958 3109//3109 2959//2959
f 3109//3109 3110//3110 2959//2959
f 2959//2959 3110//3110 2960//2960
f 3110//3110 3111//3111 2960//2960
f 2960//2960 3111//3111 2961//2961
f 3111//3111 3112//3112 2961//2961
f 2961//2961 3112//3112 2962//2962
f 3112//3112 3113//3113 2962//2962
f 2962//2962 3113//3113 2963//2963
f 3113//3113 3114//3114 2963//2963
f 2963//2963 3114//3114 2964//2964
f 3114//3114 3115//3115 2964//2964
f 2964//2964 3115//3115 2965//2965
f 3115//3115 3116//3116 2965//2965
f 2965//2965 3116//3116 2966//2966
f 3116//3116 3117//3117 2966//2966
f 2966//2966 3117//3117 2967//2967
f 3117//3117 3118//3118 2967//2967
f 2967//2967 3118//3118 2968//2968
f 3118//3118 3119//3119 2968//2968
f 2968//2968 3119//3119 2969//2969
f 3119//3119 3120//3120 2969//2969
f 2969//2969 3120//3120 2970//2970
f 3120//3120 3121//3121 2970//2970
f 2970//2970 3121//3121 2971//2971
f 3121//3121 3122//3122 2971//2971
f 2971//2971 3122//3122 2972//2972
f 3122//3122 3123//3123 2972//2972
f 2972//2972 3123//3123 2973//2973
f 3123//3123 3124//3124 2973//2973
f 2973//2973 3124//3124 2974//2974
f 3124//3124 3125//3125 2974//2974
f 2974//2974 3125//3125 2975//2975
f 3125//3125 3126//3126 2975//2975
f 2975//2975 3126//3126 2976//2976
f 3126//3126 3127//3127 2976//2976
f 2976//2976 3127//3127 2977//2977
f 3127//3127 3128//3128 2977//2977
f 2977//2977 3128//3128 2978//2978
f 3128//3128 3129//3129 2978//2978
f 2978//2978 3129//3129 2979//2979
f 3129//3129 3130//3130 2979//2979
f 2979//2979 3130//3130 2980//2980
f 3130//3130 3131//3131 2980//2980
f 2980//2980 3131//3131 2981//2981
f 3131//3131 3132//3132 2981//2981
f 2981//2981 3132//3132 2982//2982
f 3132//3132 3133//3133 2982//2982
f 2982//2982 3133//3133 2983//2983
f 3133//3133 3134//3134 2983//2983
f 2983//2983 3134//3134 2984//2984
f 3134//3134 3135//3135 2984//2984
f 2984//2984 3135//3135 2985//2985
f 3135//3135 3136//3136 2985//2985
f 2985//2985 3136//3136 2986//2986
f 3136//3136 3137//3137 2986//2986
f 2986//2986 3137//3137 2987//2987
f 3137//3137 3138//3138 2987//2987
f 2987//2987 3138//3138 2988//2988
f 3138//3138 3139//3139 2988//2988
f 2988//2988 3139//3139 2989//2989
f 3139//3139 3140//3140 2989//2989
f 2989//2989 3140//3140 2990//2990
f 3140//3140 3141//3141 2990//2990
f 2990//2990 3141//3141 2991//2991
f 3141//3141 3142//3142 2991//2991
f 2991//2991 3142//3142 2992//2992
f 3142//3142 3143//3143 2992//2992
f 2992//2992 3143//3143 2993//2993
f 3143//3143 3144//3144 2993//2993
f 2993//2993 3144//3144 2994//2994
f 3144//3144 3145//3145 2994//2994
f 2994//2994 3145//3145 2995//2995
f 3145//3145 3146//3146 2995//2995
f 2995//2995 3146//3146 2996//2996
f 3146//3146 3147//3147 2996//2996
f 2996//2996 3147//3147 2997//2997
f 3147//3147 3148//3148 2997//2997
f 2997//2997 3148//3148 2998//2998
f 3148//3148 3149//3149 2998//2998
f 2998//2998 3149//3149 2999//2999
f 3149//3149 3150//3150 2999//2999
f 2999//2999 3150//3150 3000//3000
f 3150//3150 3151//3151 3000//3000
f 3000//3000 3151//3151 3001//3001
f 3151//3151 3152//3152 3001//3001
f 3001//3001 3152//3152 3002//3002
f 3152//3152 3153//3153 3002//3002
f 3002//3002 3153//3153 3003//3003
f 3153//3153 3154//3154 3003//3003
f 3003//3003 3154//3154 3004//3004
f 3154//3154 3155//3155 3004//3004
f 3004//3004 3155//3155 3005//3005
f 3155//3155 3156//3156 3005//3005
f 3005//3005 3156//3156 3006//3006
f 3156//3156 3157//3157 3006//3006
f 3006//3006 3157//3157 3007//3007
f 3157//3157 3158//3158 3007//3007
f 3007//3007 3158//3158 3008//3008
f 3158//3158 3159//3159 3008//3008
f 3008//3008 3159//3159 3009//3009
f 3159//3159 3160//3160 3009//3009
f 3009//3009 3160//3160 3010//3010
f 3160//3160 3161//3161 3010//3010
f 3010//3010 3161//3161 3011//3011
f 3161//3161 3162//3162 3011//3011
f 3011//3011 3162//3162 3012//3012
f 3162//3162 3163//3163 3012//3012
f 3012//3012 3163//3163 3013//3013
f 3163//3163 3164//3164 3013//3013
f 3013//3013 3164//3164 3014//3014
f 3164//3164 3165//3165 3014//3014
f 3014//3014 3165//3165 3015//3015
f 3165//3165 3166//3166 3015//3015
f 3015//3015 3166//3166 3016//3016
f 3166//3166 3167//3167 3016//3016
f 3016//3016 3167//3167 3017//3017
f 3167//3167 3168//3168 3017//3017
f 3017//3017 3168//3168 3018//3018
f 3168//3168 3169//3169 3018//3018
f 3018//3018 3169//3169 3019//3019
f 3169//3169 3170//3170 3019//3019
f 3019//3019 3170//3170 3020//3020
f 3170//3170 3171//3171 3020//3020
f 3021//3021 3172//3172 3022//3022
f 3172//3172 3173//3173 3022//3022
f 3022//3022 3173//3173 3023//3023
f 3173//3173 3174//3174 3023//3023
f 3023//3023 3174//3174 3024//3024
f 3174//3174 3175//3175 3024//3024
f 3024//3024 3175//3175 3025//3025
f 3175//3175 3176//3176 3025//3025
f 3025//3025 3176//3176 3026//3026
f 3176//3176 3177//3177 3026//3026
f 3026//3026 3177//3177 3027//3027
f 3177//3177 3178//3178 3027//3027
f 3027//3027 3178//3178 3028//3028
f 3178//3178 3179//3179 3028//3028
f 3028//3028 3179//3179 3029//3029
f 3179//3179 3180//3180 3029//3029
f 3029//3029 3180//3180 3030//3030
f 3180//3180 3181//3181 3030//3030
f 3030//3030 3181//3181 3031//3031
f 3181//3181 3182//3182 3031//3031
f 3031//3031 3182//3182 3032//3032
f 3182//3182 3183//3183 3032//3032
f 3032//3032 3183//3183 3033//3033
f 3183//3183 3184//3184 3033//3033
f 3033//3033 3184//3184 3034//3034
f 3184//3184 3185//3185 3034//3034
f 3034//3034 3185//3185 3035//3035
f 3185//3185 3186//3186 3035//3035
f 3035//3035 3186//3186 3036//3036
f 3186//3186 3187//3187 3036//3036
f 3036//3036 3187//3187 3037//3037
f 3187//3187 3188//3188 3037//3037
f 3037//3037 3188//3188 3038//3038
f 3188//3188 3189//3189 3038//3038
f 3038//3038 3189//3189 3039//3039
f 3189//3189 3190//3190 3039//3039
f 3039//3039 3190//3190 3040//3040
f 3190//3190 3191//3191 3040//3040
f 3040//3040 3191//3191 3041//3041
f 3191//3191 3192//3192 3041//3041
f 3041//3041 3192//3192 3042//3042
f 3192//3192 3193//3193 3042//3042
f 3042//3042 3193//3193 3043//3043
f 3193//3193 3194//3194 3043//3043
f 3043//3043 3194//3194 3044//3044
f 3194//3194 3195//3195 3044//3044
f 3044//3044 3195//3195 3045//3045
f 3195//3195 3196//3196 3045//3045
f 3045//3045 3196//3196 3046//3046
f 3196//3196 3197//3197 3046//3046
f 3046//3046 3197//3197 3047//3047
f 3197//3197 3198//3198 3047//3047
f 3047//3047 3198//3198 3048//3048
f 3198//3198 3199//3199 3048//3048
f 3048//3048 3199//3199 3049//3049
f 3199//3199 3200//3200 3049//3049
f 3049//3049 3200//3200 3050//3050
f 3200//3200 3201//3201 3050//3050
f 3050//3050 3201//3201 3051//3051
f 3201//3201 3202//3202 3051//3051
f 3051//3051 3202//3202 3052//3052
f 3202//3202 3203//3203 3052//3052
f 3052//3052 3203//3203 3053//3053
f 3203//3203 3204//3204 3053//3053
f 3053//3053 3204//3204 3054//3054
f 3204//3204 3205//3205 3054//3054
f 3054//3054 3205//3205 3055//3055
f 3205//3205 3206//3206 3055//3055
f 3055//3055 3206//3206 3056//3056
f 3206//3206 3207//3207 3056//3056
f 3056//3056 3207//3207 3057//3057
f 3207//3207 3208//3208 3057//3057
f 3057//3057 3208//3208 3058//3058
f 3208//3208 3209//3209 3058//3058
f 3058//3058 3209//3209 3059//3059
f 3209//3209 3210//3210 3059//3059
f 3059//3059 3210//3210 3060//3060
f 3210//3210 3211//3211 3060//3060
f 3060//3060 3211//3211 3061//3061
f 3211//3211 3212//3212 3061//3061
f 3061//3061 3212//3212 3062//3062
f 3212//3212 3213//3213 3062//3062
f 3062//3062 3213//3213 3063//3063
f 3213//3213 3214//3214 3063//3063
f 3063//3063 3214//3214 3064//3064
f 3214//3214 3215//3215 3064//3064
f 3064//3064 3215//3215 3065//3065
f 3215//3215 3216//3216 3065//3065
f 3065//3065 3216//3216 3066//3066
f 3216//3216 3217//3217 3066//3066
f 3066//3066 3217//3217 3067//3067
f 3217//3217 3218//3218 3067//3067
f 3067//3067 3218//3218 3068//3068
f 3218//3218 3219//3219 3068//3068
f 3068//3068 3219//3219 3069//3069
f 3219//3219 3220//3220 3069//3069
f 3069//3069 3220//3220 3070//3070
f 3220//3220 3221//3221 3070//3070
f 3070//3070 3221//3221 3071//3071
f 3221//3221 3222//3222 3071//3071
f 3071//3071 3222//3222 3072//3072
f 3222//3222 3223//3223 3072//3072
f 3072//3072 3223//3223 3073//3073
f 3223//3223 3224//3224 3073//3073
f 3073//3073 3224//3224 3074//3074
f 3224//3224 3225//3225 3074//3074
f 3074//3074 3225//3225 3075//3075
f 3225//3225 3226//3226 3075//3075
f 3075//3075 3226//3226 3076//3076
f 3226//3226 3227//3227 3076//3076
f 3076//3076 3227//3227 3077//3077
f 3227//3227 3228//3228 3077//3077
f 3077//3077 3228//3228 3078//3078
f 3228//3228 3229//3229 3078//3078
f 3078//3078 3229//3229 3079//3079
f 3229//3229 3230//3230 3079//3079
f 3079//3079 3230//3230 3080//3080
f 3230//3230 3231//3231 3080//3080
f 3080//3080 3231//3231 3081//3081
f 3231//3231 3232//3232 3081//3081
f 3081//3081 3232//3232 3082//3082
f 3232//3232 3233//3233 3082//3082
f 3082//3082 3233//3233 3083//3083
f 3233//3233 3234//3234 3083//3083
f 3083//3083 3234//3234 3084//3084
f 3234//3234 3235//3235 3084//3084
f 3084//3084 3235//3235 3085//3085
f 3235//3235 3236//3236 3085//3085
f 3085//3085 3236//3236 3086//3086
f 3236//3236 3237//3237 3086//3086
f 3086//3086 3237//3237 3087//3087
f 3237//3237 3238//3238 3087//3087
f 3087//3087 3238//3238 3088//3088
f 3238//3238 3239//3239 3088//3088
f 3088//3088 3239//3239 3089//3089
f 3239//3239 3240//3240 3089//3089
f 3089//3089 3240//3240 3090//3090
f 3240//3240 3241//3241 3090//3090
f 3090//3090 3241//3241 3091//3091
f 3241//3241 3242//3242 3091//3091
f 3091//3091 3242//3242 3092//3092
f 3242//3242 3243//3243 3092//3092
f 3092//3092 3243//3243 3093//3093
f 3243//3243 3244//3244 3093//3093
f 3093//3093 3244//3244 3094//3094
f 3244//3244 3245//3245 3094//3094
f 3094//3094 3245//3245 3095//3095
f 3245//3245 3246//3246 3095//3095
f 3095//3095 3246//3246 3096//3096
f 3246//3246 3247//3247 3096//3096
f 3096//3096 3247//3247 3097//3097
f 3247//3247 3248//3248 3097//3097
f 3097//3097 3248//3248 3098//3098
f 3248//3248 3249//3249 3098//3098
f 3098//3098 3249//3249 3099//3099
f 3249//3249 3250//3250 3099//3099
f 3099//3099 3250//3250 3100//3100
f 3250//3250 3251//3251 3100//3100
f 3100//3100 3251//3251 3101//3101
f 3251//3251 3252//3252 3101//3101
f 3101//3101 3252//3252 3102//3102
f 3252//3252 3253//3253 3102//3102
f 3102//3102 3253//3253 3103//3103
f 3253//3253 3254//3254 3103//3103
f 3103//3103 3254//3254 3104//3104
f 3254//3254 3255//3255 3104//3104
f 3104//3104 3255//3255 3105//3105
f 3255//3255 3256//3256 3105//3105
f 3105//3105 3256//3256 3106//3106
f 3256//3256 3257//3257 3106//3106
f 3106//3106 3257//3257 3107//3107
f 3257//3257 3258//3258 3107//3107
f 3107//3107 3258//3258 3108//3108
f 3258//3258 3259//3259 3108//3108
f 3108//3108 3259//3259 3109//3109
f 3259//3259 3260//3260 3109//3109
f 3109//3109 3260//3260 3110//3110
f 3260//3260 3261//3261 3110//3110
f 3110//3110 3261//3261 3111//3111
f 3261//3261 3262//3262 3111//3111
f 3111//3111 3262//3262 3112//3112
f 3262//3262 3263//3263 3112//3112
f 3112//3112 3263//3263 3113//3113
f 3263//3263 3264//3264 3113//3113
f 3113//3113 3264//3264 3114//3114
f 3264//3264 3265//3265 3114//3114
f 3114//3114 3265//3265 3115//3115
f 3265//3265 3266//3266 3115//3115
f 3115//3115 3266//3266 3116//3116
f 3266//3266 3267//3267 3116//3116
f 3116//3116 3267//3267 3117//3117
f 3267//3267 3268//3268 3117//3117
f 3117//3117 3268//3268 3118//3118
f 3268//3268 3269//3269 3118//3118
f 3118//3118 3269//3269 3119//3119
f 3269//3269 3270//3270 3119//3119
f 3119//3119 3270//3270 3120//3120
f 3270//3270 3271//3271 3120//3120
f 3120//3120 3271//3271 3121//3121
f 3271//3271 3272//3272 3121//3121
f 3121//3121 3272//3272 3122//3122
f 3272//3272 3273//3273 3122//3122
f 3122//3122 3273//3273 3123//3123
f 3273//3273 3274//3274 3123//3123
f 3123//3123 3274//3274 3124//3124
f 3274//3274 3275//3275 3124//3124
f 3124//3124 3275//3275 3125//3125
f 3275//3275 3276//3276 3125//3125
f 3125//3125 3276//3276 3126//3126
f 3276//3276 3277//3277 3126//3126
f 3126//3126 3277//3277 3127//3127
f 3277//3277 3278//3278 3127//3127
f 3127//3127 3278//3278 3128//3128
f 3278//3278 3279//3279 3128//3128
f 3128//3128 3279//3279 3129//3129
f 3279//3279 3280//3280 3129//3129
f 3129//3129 3280//3280 3130//3130
f 3280//3280 3281//3281 3130//3130
f 3130//3130 3281//3281 3131//3131
f 3281//3281 3282//3282 3131//3131
f 3131//3131 3282//3282 3132//3132
f 3282//3282 3283//3283 3132//3132
f 3132//3132 3283//3283 3133//3133
f 3283//3283 3284//3284 3133//3133
f 3133//3133 3284//3284 3134//3134
f 3284//3284 3285//3285 3134//3134
f 3134//3134 3285//3285 3135//3135
f 3285//3285 3286//3286 3135//3135
f 3135//3135 3286//3286 3136//3136
f 3286//3286 3287//3287 3136//3136
f 3136//3136 3287//3287 3137//3137
f 3287//3287 3288//3288 3137//3137
f 3137//3137 3288//3288 3138//3138
f 3288//3288 3289//3289 3138//3138
f 3138//3138 3289//3289 3139//3139
f 3289//3289 3290//3290 3139//3139
f 3139//3139 3290//3290 3140//3140
f 3290//3290 3291//3291 3140//3140
f 3140//3140 3291//3291 3141//3141
f 3291//3291 3292//3292 3141//3141
f 3141//3141 3292//3292 3142//3142
f 3292//3292 3293//3293 3142//3142
f 3142//3142 3293//3293 3143//3143
f 3293//3293 3294//3294 3143//3143
f 3143//3143 3294//3294 3144//3144
f 3294//3294 3295//3295 3144//3144
f 3144//3144 3295//3295 3145//3145
f 3295//3295 3296//3296 3145//3145
f 3145//3145 3296//3296 3146//3146
f 3296//3296 3297//3297 3146//3146
f 3146//3146 3297//3297 3147//3147
f 3297//3297 3298//3298 3147//3147
f 3147//3147 3298//3298 3148//3148
f 3298//3298 3299//3299 3148//3148
f 3148//3148 3299//3299 3149//3149
f 3299//3299 3300//3300 3149//3149
f 3149//3149 3300//3300 3150//3150
f 3300//3300 3301//3301 3150//3150
f 3150//3150 3301//3301 3151//3151
f 3301//3301 3302//3302 3151//3151
f 3151//3151 3302//3302 3152//3152
f 3302//3302 3303//3303 3152//3152
f 3152//3152 3303//3303 3153//3153
f 3303//3303 3304//3304 3153//3153
f 3153//3153 3304//3304 3154//3154
f 3304//3304 3305//3305 3154//3154
f 3154//3154 3305//3305 3155//3155
f 3305//3305 3306//3306 3155//3155
f 3155//3155 3306//3306 3156//3156
f 3306//3306 3307//3307 3156//3156
f 3156//3156 3307//3307 3157//3157
f 3307//3307 3308//3308 3157//3157
f 3157//3157 3308//3308 3158//3158
f 3308//3308 3309//3309 3158//3158
f 3158//3158 3309//3309 3159//3159
f 3309//3309 3310//3310 3159//3159
f 3159//3159 3310//3310 3160//3160
f 3310//3310 3311//3311 3160//3160
f 3160//3160 3311//3311 3161//3161
f 3311//3311 3312//3312 3161//3161
f 3161//3161 3312//3312 3162//3162
f 3312//3312 3313//3313 3162//3162
f 3162//3162 3313//3313 3163//3163
f 3313//3313 3314//3314 3163//3163
f 3163//3163 3314//3314 3164//3164
f 3314//3314 3315//3315 3164//3164
f 3164//3164 3315//3315 3165//3165
f 3315//3315 3316//3316 3165//3165
f 3165//3165 3316//3316 3166//3166
f 3316//3316 3317//3317 3166//3166
f 3166//3166 3317//3317 3167//3167
f 3317//3317 3318//3318 3167//3167
f 3167//3167 3318//3318 3168//3168
f 3318//3318 3319//3319 3168//3168
f 3168//3168 3319//3319 3169//3169
f 3319//3319 3320//3320 3169//3169
f 3169//3169 3320//3320 3170//3170
f 3320//3320 3321//3321 3170//3170
f 3170//3170 3321//3321 3171//3171
f 3321//3321 3322//3322 3171//3171
f 3172//3172 3323//3323 3173//3173
f 3323//3323 3324//3324 3173//3173
f 3173//3173 3324//3324 3174//3174
f 3324//3324 3325//3325 3174//3174
f 3174//3174 3325//3325 3175//3175
f 3325//3325 3326//3326 3175//3175
f 3175//3175 3326//3326 3176//3176
f 3326//3326 3327//3327 3176//3176
f 3176//3176 3327//3327 3177//3177
f 3327//3327 3328//3328 3177//3177
f 3177//3177 3328//3328 3178//3178
f 3328//3328 3329//3329 3178//3178
f 3178//3178 3329//3329 3179//3179
f 3329//3329 3330//3330 3179//3179
f 3179//3179 3330//3330 3180//3180
f 3330//3330 3331//3331 3180//3180
f 3180//3180 3331//3331 3181//3181
f 3331//3331 3332//3332 3181//3181
f 3181//3181 3332//3332 3182//3182
f 3332//3332 3333//3333 3182//3182
f 3182//3182 3333//3333 3183//3183
f 3333//3333 3334//3334 3183//3183
f 3183//3183 3334//3334 3184//3184
f 3334//3334 3335//3335 3184//3184
f 3184//3184 3335//3335 3185//3185
f 3335//3335 3336//3336 3185//3185
f 3185//3185 3336//3336 3186//3186
f 3336//3336 3337//3337 3186//3186
f 3186//3186 3337//3337 3187//3187
f 3337//3337 3338//3338 3187//3187
f 3187//3187 3338//3338 3188//3188
f 3338//3338 3339//3339 3188//3188
f 3188//3188 3339//3339 3189//3189
f 3339//3339 3340//3340 3189//3189
f 3189//3189 3340//3340 3190//3190
f 3340//3340 3341//3341 3190//3190
f 3190//3190 3341//3341 3191//3191
f 3341//3341 3342//3342 3191//3191
f 3191//3191 3342//3342 3192//3192
f 3342//3342 3343//3343 3192//3192
f 3192//3192 3343//3343 3193//3193
f 3343//3343 3344//3344 3193//3193
f 3193//3193 3344//3344 3194//3194
f 3344//3344 3345//3345 3194//3194
f 3194//3194 3345//3345 3195//3195
f 3345//3345 3346//3346 3195//3195
f 3195//3195 3346//3346 3196//3196
f 3346//3346 3347//3347 3196//3196
f 3196//3196 3347//3347 3197//3197
f 3347//3347 3348//3348 3197//3197
f 3197//3197 3348//3348 3198//3198
f 3348//3348 3349//3349 3198//3198
f 3198//3198 3349//3349 3199//3199
f 3349//3349 3350//3350 3199//3199
f 3199//3199 3350//3350 3200//3200
f 3350//3350 3351//3351 3200//3200
f 3200//3200 3351//3351 3201//3201
f 3351//3351 3352//3352 3201//3201
f 3201//3201 3352//3352 3202//3202
f 3352//3352 3353//3353 3202//3202
f 3202//3202 3353//3353 3203//3203
f 3353//3353 3354//3354 3203//3203
f 3203//3203 3354//3354 3204//3204
f 3354//3354 3355//3355 3204//3204
f 3204//3204 3355//3355 3205//3205
f 3355//3355 3356//3356 3205//3205
f 3205//3205 3356//3356 3206//3206
f 3356//3356 3357//3357 3206//3206
f 3206//3206 3357//3357 3207//3207
f 3357//3357 3358//3358 3207//3207
f 3207//3207 3358//3358 3208//3208
f 3358//3358 3359//3359 3208//3208
f 3208//3208 3359//3359 3209//3209
f 3359//3359 3360//3360 3209//3209
f 3209//3209 3360//3360 3210//3210
f 3360//3360 3361//3361 3210//3210
f 3210//3210 3361//3361 3211//3211
f 3361//3361 3362//3362 3211//3211
f 3211//3211 3362//3362 3212//3212
f 3362//3362 3363//3363 3212//3212
f 3212//3212 3363//3363 3213//3213
f 3363//3363 3364//3364 3213//3213
f 3213//3213 3364//3364 3214//3214
f 3364//3364 3365//3365 3214//3214
f 3214//3214 3365//3365 3215//3215
f 3365//3365 3366//3366 3215//3215
f 3215//3215 3366//3366 3216//3216
f 3366//3366 3367//3367 3216//3216
f 3216//3216 3367//3367 3217//3217
f 3367//3367 3368//3368 3217//3217
f 3217//3217 3368//3368 3218//3218
f 3368//3368 3369//3369 3218//3218
f 3218//3218 3369//3369 3219//3219
f 3369//3369 3370//3370 3219//3219
f 3219//3219 3370//3370 3220//3220
f 3370//3370 3371//3371 3220//3220
f 3220//3220 3371//3371 3221//3221
f 3371//3371 3372//3372 3221//3221
f 3221//3221 3372//3372 3222//3222
f 3372//3372 3373//3373 3222//3222
f 3222//3222 3373//3373 3223//3223
f 3373//3373 3374//3374 3223//3223
f 3223//3223 3374//3374 3224//3224
f 3374//3374 3375//3375 3224//3224
f 3224//3224 3375//3375 3225//3225
f 3375//3375 3376//3376 3225//3225
f 3225//3225 3376//3376 3226//3226
f 3376//3376 3377//3377 3226//3226
f 3226//3226 3377//3377 3227//3227
f 3377//3377 3378//3378 3227//3227
f 3227//3227 3378//3378 3228//3228
f 3378//3378 3379//3379 3228//3228
f 3228//3228 3379//3379 3229//3229
f 3379//3379 3380//3380 3229//3229
f 3229//3229 3380//3380 3230//3230
f 3380//3380 3381//3381 3230//3230
f 3230//3230 3381//3381 3231//3231
f 3381//3381 3382//3382 3231//3231
f 3231//3231 3382//3382 3232//3232
f 3382//3382 3383//3383 3232//3232
f 3232//3232 3383//3383 3233//3233
f 3383//3383 3384//3384 3233//3233
f 3233//3233 3384//3384 3234//3234
f 3384//3384 3385//3385 3234//3234
f 3234//3234 3385//3385 3235//3235
f 3385//3385 3386//3386 3235//3235
f 3235//3235 3386//3386 3236//3236
f 3386//3386 3387//3387 3236//3236
f 3236//3236 3387//3387 3237//3237
f 3387//3387 3388//3388 3237//3237
f 3237//3237 3388//3388 3238//3238
f 3388//3388 3389//3389 3238//3238
f 3238//3238 3389//3389 3239//3239
f 3389//3389 3390//3390 3239//3239
f 3239//3239 3390//3390 3240//3240
f 3390//3390 3391//3391 3240//3240
f 3240//3240 3391//3391 3241//3241
f 3391//3391 3392//3392 3241//3241
f 3241//3241 3392//3392 3242//3242
f 3392//3392 3393//3393 3242//3242
f 3242//3242 3393//3393 3243//3243
f 3393//3393 3394//3394 3243//3243
f 3243//3243 3394//3394 3244//3244
f 3394//3394 3395//3395 3244//3244
f 3244//3244 3395//3395 3245//3245
f 3395//3395 3396//3396 3245//3245
f 3245//3245 3396//3396 3246//3246
f 3396//3396 3397//3397 3246//3246
f 3246//3246 3397//3397 3247//3247
f 3397//3397 3398//3398 3247//3247
f 3247//3247 3398//3398 3248//3248
f 3398//3398 3399//3399 3248//3248
f 3248//3248 3399//3399 3249//3249
f 3399//3399 3400//3400 3249//3249
f 3249//3249 3400//3400 3250//3250
f 3400//3400 3401//3401 3250//3250
f 3250//3250 3401//3401 3251//3251
f 3401//3401 3402//3402 3251//3251
f 3251//3251 3402//3402 3252//3252
f 3402//3402 3403//3403 3252//3252
f 3252//3252 3403//3403 3253//3253
f 3403//3403 3404//3404 3253//3253
f 3253//3253 3404//3404 3254//3254
f 3404//3404 3405//3405 3254//3254
f 3254//3254 3405//3405 3255//3255
f 3405//3405 3406//3406 3255//3255
f 3255//3255 3406//3406 3256//3256
f 3406//3406 3407//3407 3256//3256
f 3256//3256 3407//3407 3257//3257
f 3407//3407 3408//3408 3257//3257
f 3257//3257 3408//3408 3258//3258
f 3408//3408 3409//3409 3258//3258
f 3258//3258 3409//3409 3259//3259
f 3409//3409 3410//3410 3259//3259
f 3259//3259 3410//3410 3260//3260
f 3410//3410 3411//3411 3260//3260
f 3260//3260 3411//3411 3261//3261
f 3411//3411 3412//3412 3261//3261
f 3261//3261 3412//3412 3262//3262
f 3412//3412 3413//3413 3262//3262
f 3262//3262 3413//3413 3263//3263
f 3413//3413 3414//3414 3263//3263
f 3263//3263 3414//3414 3264//3264
f 3414//3414 3415//3415 3264//3264
f 3264//3264 3415//3415 3265//3265
f 3415//3415 3416//3416 3265//3265
f 3265//3265 3416//3416 3266//3266
f 3416//3416 3417//3417 3266//3266
f 3266//3266 3417//3417 3267//3267
f 3417//3417 3418//3418 3267//3267
f 3267//3267 3418//3418 3268//3268
f 3418//3418 3419//3419 3268//3268
f 3268//3268 3419//3419 3269//3269
f 3419//3419 3420//3420 3269//3269
f 3269//3269 3420//3420 3270//3270
f 3420//3420 3421//3421 3270//3270
f 3270//3270 3421//3421 3271//3271
f 3421//3421 3422//3422 3271//3271
f 3271//3271 3422//3422 3272//3272
f 3422//3422 3423//3423 3272//3272
f 3272//3272 3423//3423 3273//3273
f 3423//3423 3424//3424 3273//3273
f 3273//3273 3424//3424 3274//3274
f 3424//3424 3425//3425 3274//3274
f 3274//3274 3425//3425 3275//3275
f 3425//3425 3426//3426 3275//3275
f 3275//3275 3426//3426 3276//3276
f 3426//3426 3427//3427 3276//3276
f 3276//3276 3427//3427 3277//3277
f 3427//3427 3428//3428 3277//3277
f 3277//3277 3428//3428 3278//3278
f 3428//3428 3429//3429 3278//3278
f 3278//3278 3429//3429 3279//3279
f 3429//3429 3430//3430 3279//3279
f 3279//3279 3430//3430 3280//3280
f 3430//3430 3431//3431 3280//3280
f 3280//3280 3431//3431 3281//3281
f 3431//3431 3432//3432 3281//3281
f 3281//3281 3432//3432 3282//3282
f 3432//3432 3433//3433 3282//3282
f 3282//3282 3433//3433 3283//3283
f 3433//3433 3434//3434 3283//3283
f 3283//3283 3434//3434 3284//3284
f 3434//3434 3435//3435 3284//3284
f 3284//3284 3435//3435 3285//3285
f 3435//3435 3436//3436 3285//3285
f 3285//3285 3436//3436 3286//3286
f 3436//3436 3437//3437 3286//3286
f 3286//3286 3437//3437 3287//3287
f 3437//3437 3438//3438 3287//3287
f 3287//3287 3438//3438 3288//3288
f 3438//3438 3439//3439 3288//3288
f 3288//3288 3439//3439 3289//3289
f 3439//3439 3440//3440 3289//3289
f 3289//3289 3440//3440 3290//3290
f 3440//3440 3441//3441 3290//3290
f 3290//3290 3441//3441 3291//3291
f 3441//3441 3442//3442 3291//3291
f 3291//3291 3442//3442 3292//3292
f 3442//3442 3443//3443 3292//3292
f 3292//3292 3443//3443 3293//3293
f 3443//3443 3444//3444 3293//3293
f 3293//3293 3444//3444 3294//3294
f 3444//3444 3445//3445 3294//3294
f 3294//3294 3445//3445 3295//3295
f 3445//3445 3446//3446 3295//3295
f 3295//3295 3446//3446 3296//3296
f 3446//3446 3447//3447 3296//3296
f 3296//3296 3447//3447 3297//3297
f 3447//3447 3448//3448 3297//3297
f 3297//3297 3448//3448 3298//3298
f 3448//3448 3449//3449 3298//3298
f 3298//3298 3449//3449 3299//3299
f 3449//3449 3450//3450 3299//3299
f 3299//3299 3450//3450 3300//3300
f 3450//3450 3451//3451 3300//3300
f 3300//3300 3451//3451 3301//3301
f 3451//3451 3452//3452 3301//3301
f 3301//3301 3452//3452 3302//3302
f 3452//3452 3453//3453 3302//3302
f 3302//3302 3453//3453 3303//3303
f 3453//3453 3454//3454 3303//3303
f 3303//3303 3454//3454 3304//3304
f 3454//3454 3455//3455 3304//3304
f 3304//3304 3455//3455 3305//3305
f 3455//3455 3456//3456 3305//3305
f 3305//3305 3456//3456 3306//3306
f 3456//3456 3457//3457 3306//3306
f 3306//3306 3457//3457 3307//3307
f 3457//3457 3458//3458 3307//3307
f 3307//3307 3458//3458 3308//3308
f 3458//3458 3459//3459 3308//3308
f 3308//3308 3459//3459 3309//3309
f 3459//3459 3460//3460 3309//3309
f 3309//3309 3460//3460 3310//3310
f 3460//3460 3461//3461 3310//3310
f 3310//3310 3461//3461 3311//3311
f 3461//3461 3462//3462 3311//3311
f 3311//3311 3462//3462 3312//3312
f 3462//3462 3463//3463 3312//3312
f 3312//3312 3463//3463 3313//3313
f 3463//3463 3464//3464 3313//3313
f 3313//3313 3464//3464 3314//3314
f 3464//3464 3465//3465 3314//3314
f 3314//3314 3465//3465 3315//3315
f 3465//3465 3466//3466 3315//3315
f 3315//3315 3466//3466 3316//3316
f 3466//3466 3467//3467 3316//3316
f 3316//3316 3467//3467 3317//3317
f 3467//3467 3468//3468 3317//3317
f 3317//3317 3468//3468 3318//3318
f 3468//3468 3469//3469 3318//3318
f 3318//3318 3469//3469 3319//3319
f 3469//3469 3470//3470 3319//3319
f 3319//3319 3470//3470 3320//3320
f 3470//3470 3471//3471 3320//3320
f 3320//3320 3471//3471 3321//3321
f 3471//3471 3472//3472 3321//3321
f 3321//3321 3472//3472 3322//3322
f 3472//3472 3473//3473 3322//3322
f 3323//3323 3474//3474 3324//3324
f 3474//3474 3475//3475 3324//3324
f 3324//3324 3475//3475 3325//3325
f 3475//3475 3476//3476 3325//3325
f 3325//3325 3476//3476 3326//3326
f 3476//3476 3477//3477 3326//3326
f 3326//3326 3477//3477 3327//3327
f 3477//3477 3478//3478 3327//3327
f 3327//3327 3478//3478 3328//3328
f 3478//3478 3479//3479 3328//3328
f 3328//3328 3479//3479 3329//3329
f 3479//3479 3480//3480 3329//3329
f 3329//3329 3480//3480 3330//3330
f 3480//3480 3481//3481 3330//3330
f 3330//3330 3481//3481 3331//3331
f 3481//3481 3482//3482 3331//3331
f 3331//3331 3482//3482 3332//3332
f 3482//3482 3483//3483 3332//3332
f 3332//3332 3483//3483 3333//3333
f 3483//3483 3484//3484 3333//3333
f 3333//3333 3484//3484 3334//3334
f 3484//3484 3485//3485 3334//3334
f 3334//3334 3485//3485 3335//3335
f 3485//3485 3486//3486 3335//3335
f 3335//3335 3486//3486 3336//3336
f 3486//3486 3487//3487 3336//3336
f 3336//3336 3487//3487 3337//3337
f 3487//3487 3488//3488 3337//3337
f 3337//3337 3488//3488 3338//3338
f 3488//3488 3489//3489 3338//3338
f 3338//3338 3489//3489 3339//3339
f 3489//3489 3490//3490 3339//3339
f 3339//3339 3490//3490 3340//3340
f 3490//3490 3491//3491 3340//3340
f 3340//3340 3491//3491 3341//3341
f 3491//3491 3492//3492 3341//3341
f 3341//3341 3492//3492 3342//3342
f 3492//3492 3493//3493 3342//3342
f 3342//3342 3493//3493 3343//3343
f 3493//3493 3494//3494 3343//3343
f 3343//3343 3494//3494 3344//3344
f 3494//3494 3495//3495 3344//3344
f 3344//3344 3495//3495 3345//3345
f 3495//3495 3496//3496 3345//3345
f 3345//3345 3496//3496 3346//3346
f 3496//3496 3497//3497 3346//3346
f 3346//3346 3497//3497 3347//3347
f 3497//3497 3498//3498 3347//3347
f 3347//3347 3498//3498 3348//3348
f 3498//3498 3499//3499 3348//3348
f 3348//3348 3499//3499 3349//3349
f 3499//3499 3500//3500 3349//3349
f 3349//3349 3500//3500 3350//3350
f 3500//3500 3501//3501 3350//3350
f 3350//3350 3501//3501 3351//3351
f 3501//3501 3502//3502 3351//3351
f 3351//3351 3502//3502 3352//3352
f 3502//3502 3503//3503 3352//3352
f 3352//3352 3503//3503 3353//3353
f 3503//3503 3504//3504 3353//3353
f 3353//3353 3504//3504 3354//3354
f 3504//3504 3505//3505 3354//3354
f 3354//3354 3505//3505 3355//3355
f 3505//3505 3506//3506 3355//3355
f 3355//3355 3506//3506 3356//3356
f 3506//3506 3507//3507 3356//3356
f 3356//3356 3507//3507 3357//3357
f 3507//3507 3508//3508 3357//3357
f 3357//3357 3508//3508 3358//3358
f 3508//3508 3509//3509 3358//3358
f 3358//3358 3509//3509 3359//3359
f 3509//3509 3510//3510 3359//3359
f 3359//3359 3510//3510 3360//3360
f 3510//3510 3511//3511 3360//3360
f 3360//3360 3511//3511 3361//3361
f 3511//3511 3512//3512 3361//3361
f 3361//3361 3512//3512 3362//3362
f 3512//3512 3513//3513 3362//3362
f 3362//3362 3513//3513 3363//3363
f 3513//3513 3514//3514 3363//3363
f 3363//3363 3514//3514 3364//3364
f 3514//3514 3515//3515 3364//3364
f 3364//3364 3515//3515 3365//3365
f 3515//3515 3516//3516 3365//3365
f 3365//3365 3516//3516 3366//3366
f 3516//3516 3517//3517 3366//3366
f 3366//3366 3517//3517 3367//3367
f 3517//3517 3518//3518 3367//3367
f 3367//3367 3518//3518 3368//3368
f 3518//3518 3519//3519 3368//3368
f 3368//3368 3519//3519 3369//3369
f 3519//3519 3520//3520 3369//3369
f 3369//3369 3520//3520 3370//3370
f 3520//3520 3521//3521 3370//3370
f 3370//3370 3521//3521 3371//3371
f 3521//3521 3522//3522 3371//3371
f 3371//3371 3522//3522 3372//3372
f 3522//3522 3523//3523 3372//3372
f 3372//3372 3523//3523 3373//3373
f 3523//3523 3524//3524 3373//3373
f 3373//3373 3524//3524 3374//3374
f 3524//3524 3525//3525 3374//3374
f 3374//3374 3525//3525 3375//3375
f 3525//3525 3526//3526 3375//3375
f 3375//3375 3526//3526 3376//3376
f 3526//3526 3527//3527 3376//3376
f 3376//3376 3527//3527 3377//3377
f 3527//3527 3528//3528 3377//3377
f 3377//3377 3528//3528 3378//3378
f 3528//3528 3529//3529 3378//3378
f 3378//3378 3529//3529 3379//3379
f 3529//3529 3530//3530 3379//3379
f 3379//3379 3530//3530 3380//3380
f 3530//3530 3531//3531 3380//3380
f 3380//3380 3531//3531 3381//3381
f 3531//3531 3532//3532 3381//3381
f 3381//3381 3532//3532 3382//3382
f 3532//3532 3533//3533 3382//3382
f 3382//3382 3533//3533 3383//3383
f 3533//3533 3534//3534 3383//3383
f 3383//3383 3534//3534 3384//3384
f 3534//3534 3535//3535 3384//3384
f 3384//3384 3535//3535 3385//3385
f 3535//3535 3536//3536 3385//3385
f 3385//3385 3536//3536 3386//3386
f 3536//3536 3537//3537 3386//3386
f 3386//3386 3537//3537 3387//3387
f 3537//3537 3538//3538 3387//3387
f 3387//3387 3538//3538 3388//3388
f 3538//3538 3539//3539 3388//3388
f 3388//3388 3539//3539 3389//3389
f 3539//3539 3540//3540 3389//3389
f 3389//3389 3540//3540 3390//3390
f 3540//3540 3541//3541 3390//3390
f 3390//3390 3541//3541 3391//3391
f 3541//3541 3542//3542 3391//3391
f 3391//3391 3542//3542 3392//3392
f 3542//3542 3543//3543 3392//3392
f 3392//3392 3543//3543 3393//3393
f 3543//3543 3544//3544 3393//3393
f 3393//3393 3544//3544 3394//3394
f 3544//3544 3545//3545 3394//3394
f 3394//3394 3545//3545 3395//3395
f 3545//3545 3546//3546 3395//3395
f 3395//3395 3546//3546 3396//3396
f 3546//3546 3547//3547 3396//3396
f 3396//3396 3547//3547 3397//3397
f 3547//3547 3548//3548 3397//3397
f 3397//3397 3548//3548 3398//3398
f 3548//3548 3549//3549 3398//3398
f 3398//3398 3549//3549 3399//3399
f 3549//3549 3550//3550 3399//3399
f 3399//3399 3550//3550 3400//3400
f 3550//3550 3551//3551 3400//3400
f 3400//3400 3551//3551 3401//3401
f 3551//3551 3552//3552 3401//3401
f 3401//3401 3552//3552 3402//3402
f 3552//3552 3553//3553 3402//3402
f 3402//3402 3553//3553 3403//3403
f 3553//3553 3554//3554 3403//3403
f 3403//3403 3554//3554 3404//3404
f 3554//3554 3555//3555 3404//3404
f 3404//3404 3555//3555 3405//3405
f 3555//3555 3556//3556 3405//3405
f 3405//3405 3556//3556 3406//3406
f 3556//3556 3557//3557 3406//3406
f 3406//3406 3557//3557 3407//3407
f 3557//3557 3558//3558 3407//3407
f 3407//3407 3558//3558 3408//3408
f 3558//3558 3559//3559 3408//3408
f 3408//3408 3559//3559 3409//3409
f 3559//3559 3560//3560 3409//3409
f 3409//3409 3560//3560 3410//3410
f 3560//3560 3561//3561 3410//3410
f 3410//3410 3561//3561 3411//3411
f 3561//3561 3562//3562 3411//3411
f 3411//3411 3562//3562 3412//3412
f 3562//3562 3563//3563 3412//3412
f 3412//3412 3563//3563 3413//3413
f 3563//3563 3564//3564 3413//3413
f 3413//3413 3564//3564 3414//3414
f 3564//3564 3565//3565 3414//3414
f 3414//3414 3565//3565 3415//3415
f 3565//3565 3566//3566 3415//3415
f 3415//3415 3566//3566 3416//3416
f 3566//3566 3567//3567 3416//3416
f 3416//3416 3567//3567 3417//3417
f 3567//3567 3568//3568 3417//3417
f 3417//3417 3568//3568 3418//3418
f 3568//3568 3569//3569 3418//3418
f 3418//3418 3569//3569 3419//3419
f 3569//3569 3570//3570 3419//3419
f 3419//3419 3570//3570 3420//3420
f 3570//3570 3571//3571 3420//3420
f 3420//3420 3571//3571 3421//3421
f 3571//3571 3572//3572 3421//3421
f 3421//3421 3572//3572 3422//3422
f 3572//3572 3573//3573 3422//3422
f 3422//3422 3573//3573 3423//3423
f 3573//3573 3574//3574 3423//3423
f 3423//3423 3574//3574 3424//3424
f 3574//3574 3575//3575 3424//3424
f 3424//3424 3575//3575 3425//3425
f 3575//3575 3576//3576 3425//3425
f 3425//3425 3576//3576 3426//3426
f 3576//3576 3577//3577 3426//3426
f 3426//3426 3577//3577 3427//3427
f 3577//3577 3578//3578 3427//3427
f 3427//3427 3578//3578 3428//3428
f 3578//3578 3579//3579 3428//3428
f 3428//3428 3579//3579 3429//3429
f 3579//3579 3580//3580 3429//3429
f 3429//3429 3580//3580 3430//3430
f 3580//3580 3581//3581 3430//3430
f 3430//3430 3581//3581 3431//3431
f 3581//3581 3582//3582 3431//3431
f 3431//3431 3582//3582 3432//3432
f 3582//3582 3583//3583 3432//3432
f 3432//3432 3583//3583 3433//3433
f 3583//3583 3584//3584 3433//3433
f 3433//3433 3584//3584 3434//3434
f 3584//3584 3585//3585 3434//3434
f 3434//3434 3585//3585 3435//3435
f 3585//3585 3586//3586 3435//3435
f 3435//3435 3586//3586 3436//3436
f 3586//3586 3587//3587 3436//3436
f 3436//3436 3587//3587 3437//3437
f 3587//3587 3588//3588 3437//3437
f 3437//3437 3588//3588 3438//3438
f 3588//3588 3589//3589 3438//3438
f 3438//3438 3589//3589 3439//3439
f 3589//3589 3590//3590 3439//3439
f 3439//3439 3590//3590 3440//3440
f 3590//3590 3591//3591 3440//3440
f 3440//3440 3591//3591 3441//3441
f 3591//3591 3592//3592 3441//3441
f 3441//3441 3592//3592 3442//3442
f 3592//3592 3593//3593 3442//3442
f 3442//3442 3593//3593 3443//3443
f 3593//3593 3594//3594 3443//3443
f 3443//3443 3594//3594 3444//3444
f 3594//3594 3595//3595 3444//3444
f 3444//3444 3595//3595 3445//3445
f 3595//3595 3596//3596 3445//3445
f 3445//3445 3596//3596 3446//3446
f 3596//3596 3597//3597 3446//3446
f 3446//3446 3597//3597 3447//3447
f 3597//3597 3598//3598 3447//3447
f 3447//3447 3598//3598 3448//3448
f 3598//3598 3599//3599 3448//3448
f 3448//3448 3599//3599 3449//3449
f 3599//3599 3600//3600 3449//3449
f 3449//3449 3600//3600 3450//3450
f 3600//3600 3601//3601 3450//3450
f 3450//3450 3601//3601 3451//3451
f 3601//3601 3602//3602 3451//3451
f 3451//3451 3602//3602 3452//3452
f 3602//3602 3603//3603 3452//3452
f 3452//3452 3603//3603 3453//3453
f 3603//3603 3604//3604 3453//3453
f 3453//3453 3604//3604 3454//3454
f 3604//3604 3605//3605 3454//3454
f 3454//3454 3605//3605 3455//3455
f 3605//3605 3606//3606 3455//3455
f 3455//3455 3606//3606 3456//3456
f 3606//3606 3607//3607 3456//3456
f 3456//3456 3607//3607 3457//3457
f 3607//3607 3608//3608 3457//3457
f 3457//3457 3608//3608 3458//3458
f 3608//3608 3609//3609 3458//3458
f 3458//3458 3609//3609 3459//3459
f 3609//3609 3610//3610 3459//3459
f 3459//3459 3610//3610 3460//3460
f 3610//3610 3611//3611 3460//3460
f 3460//3460 3611//3611 3461//3461
f 3611//3611 3612//3612 3461//3461
f 3461//3461 3612//3612 3462//3462
f 3612//3612 3613//3613 3462//3462
f 3462//3462 3613//3613 3463//3463
f 3613//3613 3614//3614 3463//3463
f 3463//3463 3614//3614 3464//3464
f 3614//3614 3615//3615 3464//3464
f 3464//3464 3615//3615 3465//3465
f 3615//3615 3616//3616 3465//3465
f 3465//3465 3616//3616 3466//3466
f 3616//3616 3617//3617 3466//3466
f 3466//3466 3617//3617 3467//3467
f 3617//3617 3618//3618 3467//3467
f 3467//3467 3618//3618 3468//3468
f 3618//3618 3619//3619 3468//3468
f 3468//3468 3619//3619 3469//3469
f 3619//3619 3620//3620 3469//3469
f 3469//3469 3620//3620 3470//3470
f 3620//3620 3621//3621 3470//3470
f 3470//3470 3621//3621 3471//3471
f 3621//3621 3622//3622 3471//3471
f 3471//3471 3622//3622 3472//3472
f 3622//3622 3623//3623 3472//3472
f 3472//3472 3623//3623 3473//3473
f 3623//3623 3624//3624 3473//3473
f 3474//3474 3625//3625 3475//3475
f 3625//3625 3626//3626 3475//3475
f 3475//3475 3626//3626 3476//3476
f 3626//3626 3627//3627 3476//3476
f 3476//3476 3627//3627 3477//3477
f 3627//3627 3628//3628 3477//3477
f 3477//3477 3628//3628 3478//3478
f 3628//3628 3629//3629 3478//3478
f 3478//3478 3629//3629 3479//3479
f 3629//3629 3630//3630 3479//3479
f 3479//3479 3630//3630 3480//3480
f 3630//3630 3631//3631 3480//3480
f 3480//3480 3631//3631 3481//3481
f 3631//3631 3632//3632 3481//3481
f 3481//3481 3632//3632 3482//3482
f 3632//3632 3633//3633 3482//3482
f 3482//3482 3633//3633 3483//3483
f 3633//3633 3634//3634 3483//3483
f 3483//3483 3634//3634 3484//3484
f 3634//3634 3635//3635 3484//3484
f 3484//3484 3635//3635 3485//3485
f 3635//3635 3636//3636 3485//3485
f 3485//3485 3636//3636 3486//3486
f 3636//3636 3637//3637 3486//3486
f 3486//3486 3637//3637 3487//3487
f 3637//3637 3638//3638 3487//3487
f 3487//3487 3638//3638 3488//3488
f 3638//3638 3639//3639 3488//3488
f 3488//3488 3639//3639 3489//3489
f 3639//3639 3640//3640 3489//3489
f 3489//3489 3640//3640 3490//3490
f 3640//3640 3641//3641 3490//3490
f 3490//3490 3641//3641 3491//3491
f 3641//3641 3642//3642 3491//3491
f 3491//3491 3642//3642 3492//3492
f 3642//3642 3643//3643 3492//3492
f 3492//3492 3643//3643 3493//3493
f 3643//3643 3644//3644 3493//3493
f 3493//3493 3644//3644 3494//3494
f 3644//3644 3645//3645 3494//3494
f 3494//3494 3645//3645 3495//3495
f 3645//3645 3646//3646 3495//3495
f 3495//3495 3646//3646 3496//3496
f 3646//3646 3647//3647 3496//3496
f 3496//3496 3647//3647 3497//3497
f 3647//3647 3648//3648 3497//3497
f 3497//3497 3648//3648 3498//3498
f 3648//3648 3649//3649 3498//3498
f 3498//3498 3649//3649 3499//3499
f 3649//3649 3650//3650 3499//3499
f 3499//3499 3650//3650 3500//3500
f 3650//3650 3651//3651 3500//3500
f 3500//3500 3651//3651 3501//3501
f 3651//3651 3652//3652 3501//3501
f 3501//3501 3652//3652 3502//3502
f 3652//3652 3653//3653 3502//3502
f 3502//3502 3653//3653 3503//3503
f 3653//3653 3654//3654 3503//3503
f 3503//3503 3654//3654 3504//3504
f 3654//3654 3655//3655 3504//3504
f 3504//3504 3655//3655 3505//3505
f 3655//3655 3656//3656 3505//3505
f 3505//3505 3656//3656 3506//3506
f 3656//3656 3657//3657 3506//3506
f 3506//3506 3657//3657 3507//3507
f 3657//3657 3658//3658 3507//3507
f 3507//3507 3658//3658 3508//3508
f 3658//3658 3659//3659 3508//3508
f 3508//3508 3659//3659 3509//3509
f 3659//3659 3660//3660 3509//3509
f 3509//3509 3660//3660 3510//3510
f 3660//3660 3661//3661 3510//3510
f 3510//3510 3661//3661 3511//3511
f 3661//3661 3662//3662 3511//3511
f 3511//3511 3662//3662 3512//3512
f 3662//3662 3663//3663 3512//3512
f 3512//3512 3663//3663 3513//3513
f 3663//3663 3664//3664 3513//3513
f 3513//3513 3664//3664 3514//3514
f 3664//3664 3665//3665 3514//3514
f 3514//3514 3665//3665 3515//3515
f 3665//3665 3666//3666 3515//3515
f 3515//3515 3666//3666 3516//3516
f 3666//3666 3667//3667 3516//3516
f 3516//3516 3667//3667 3517//3517
f 3667//3667 3668//3668 3517//3517
f 3517//3517 3668//3668 3518//3518
f 3668//3668 3669//3669 3518//3518
f 3518//3518 3669//3669 3519//3519
f 3669//3669 3670//3670 3519//3519
f 3519//3519 3670//3670 3520//3520
f 3670//3670 3671//3671 3520//3520
f 3520//3520 3671//3671 3521//3521
f 3671//3671 3672//3672 3521//3521
f 3521//3521 3672//3672 3522//3522
f 3672//3672 3673//3673 3522//3522
f 3522//3522 3673//3673 3523//3523
f 3673//3673 3674//3674 3523//3523
f 3523//3523 3674//3674 3524//3524
f 3674//3674 3675//3675 3524//3524
f 3524//3524 3675//3675 3525//3525
f 3675//3675 3676//3676 3525//3525
f 3525//3525 3676//3676 3526//3526
f 3676//3676 3677//3677 3526//3526
f 3526//3526 3677//3677 3527//3527
f 3677//3677 3678//3678 3527//3527
f 3527//3527 3678//3678 3528//3528
f 3678//3678 3679//3679 3528//3528
f 3528//3528 3679//3679 3529//3529
f 3679//3679 3680//3680 3529//3529
f 3529//3529 3680//3680 3530//3530
f 3680//3680 3681//3681 3530//3530
f 3530//3530 3681//3681 3531//3531
f 3681//3681 3682//3682 3531//3531
f 3531//3531 3682//3682 3532//3532
f 3682//3682 3683//3683 3532//3532
f 3532//3532 3683//3683 3533//3533
f 3683//3683 3684//3684 3533//3533
f 3533//3533 3684//3684 3534//3534
f 3684//3684 3685//3685 3534//3534
f 3534//3534 3685//3685 3535//3535
f 3685//3685 3686//3686 3535//3535
f 3535//3535 3686//3686 3536//3536
f 3686//3686 3687//3687 3536//3536
f 3536//3536 3687//3687 3537//3537
f 3687//3687 3688//3688 3537//3537
f 3537//3537 3688//3688 3538//3538
f 3688//3688 3689//3689 3538//3538
f 3538//3538 3689//3689 3539//3539
f 3689//3689 3690//3690 3539//3539
f 3539//3539 3690//3690 3540//3540
f 3690//3690 3691//3691 3540//3540
f 3540//3540 3691//3691 3541//3541
f 3691//3691 3692//3692 3541//3541
f 3541//3541 3692//3692 3542//3542
f 3692//3692 3693//3693 3542//3542
f 3542//3542 3693//3693 3543//3543
f 3693//3693 3694//3694 3543//3543
f 3543//3543 3694//3694 3544//3544
f 3694//3694 3695//3695 3544//3544
f 3544//3544 3695//3695 3545//3545
f 3695//3695 3696//3696 3545//3545
f 3545//3545 3696//3696 3546//3546
f 3696//3696 3697//3697 3546//3546
f 3546//3546 3697//3697 3547//3547
f 3697//3697 3698//3698 3547//3547
f 3547//3547 3698//3698 3548//3548
f 3698//3698 3699//3699 3548//3548
f 3548//3548 3699//3699 3549//3549
f 3699//3699 3700//3700 3549//3549
f 3549//3549 3700//3700 3550//3550
f 3700//3700 3701//3701 3550//3550
f 3550//3550 3701//3701 3551//3551
f 3701//3701 3702//3702 3551//3551
f 3551//3551 3702//3702 3552//3552
f 3702//3702 3703//3703 3552//3552
f 3552//3552 3703//3703 3553//3553
f 3703//3703 3704//3704 3553//3553
f 3553//3553 3704//3704 3554//3554
f 3704//3704 3705//3705 3554//3554
f 3554//3554 3705//3705 3555//3555
f 3705//3705 3706//3706 3555//3555
f 3555//3555 3706//3706 3556//3556
f 3706//3706 3707//3707 3556//3556
f 3556//3556 3707//3707 3557//3557
f 3707//3707 3708//3708 3557//3557
f 3557//3557 3708//3708 3558//3558
f 3708//3708 3709//3709 3558//3558
f 3558//3558 3709//3709 3559//3559
f 3709//3709 3710//3710 3559//3559
f 3559//3559 3710//3710 3560//3560
f 3710//3710 3711//3711 3560//3560
f 3560//3560 3711//3711 3561//3561
f 3711//3711 3712//3712 3561//3561
f 3561//3561 3712//3712 3562//3562
f 3712//3712 3713//3713 3562//3562
f 3562//3562 3713//3713 3563//3563
f 3713//3713 3714//3714 3563//3563
f 3563//3563 3714//3714 3564//3564
f 3714//3714 3715//3715 3564//3564
f 3564//3564 3715//3715 3565//3565
f 3715//3715 3716//3716 3565//3565
f 3565//3565 3716//3716 3566//3566
f 3716//3716 3717//3717 3566//3566
f 3566//3566 3717//3717 3567//3567
f 3717//3717 3718//3718 3567//3567
f 3567//3567 3718//3718 3568//3568
f 3718//3718 3719//3719 3568//3568
f 3568//3568 3719//3719 3569//3569
f 3719//3719 3720//3720 3569//3569
f 3569//3569 3720//3720 3570//3570
f 3720//3720 3721//3721 3570//3570
f 3570//3570 3721//3721 3571//3571
f 3721//3721 3722//3722 3571//3571
f 3571//3571 3722//3722 3572//3572
f 3722//3722 3723//3723 3572//3572
f 3572//3572 3723//3723 3573//3573
f 3723//3723 3724//3724 3573//3573
f 3573//3573 3724//3724 3574//3574
f 3724//3724 3725//3725 3574//3574
f 3574//3574 3725//3725 3575//3575
f 3725//3725 3726//3726 3575//3575
f 3575//3575 3726//3726 3576//3576
f 3726//3726 3727//3727 3576//3576
f 3576//3576 3727//3727 3577//3577
f 3727//3727 3728//3728 3577//3577
f 3577//3577 3728//3728 3578//3578
f 3728//3728 3729//3729 3578//3578
f 3578//3578 3729//3729 3579//3579
f 3729//3729 3730//3730 3579//3579
f 3579//3579 3730//3730 3580//3580
f 3730//3730 3731//3731 3580//3580
f 3580//3580 3731//3731 3581//3581
f 3731//3731 3732//3732 3581//3581
f 3581//3581 3732//3732 3582//3582
f 3732//3732 3733//3733 3582//3582
f 3582//3582 3733//3733 3583//3583
f 3733//3733 3734//3734 3583//3583
f 3583//3583 3734//3734 3584//3584
f 3734//3734 3735//3735 3584//3584
f 3584//3584 3735//3735 3585//3585
f 3735//3735 3736//3736 3585//3585
f 3585//3585 3736//3736 3586//3586
f 3736//3736 3737//3737 3586//3586
f 3586//3586 3737//3737 3587//3587
f 3737//3737 3738//3738 3587//3587
f 3587//3587 3738//3738 3588//3588
f 3738//3738 3739//3739 3588//3588
f 3588//3588 3739//3739 3589//3589
f 3739//3739 3740//3740 3589//3589
f 3589//3589 3740//3740 3590//3590
f 3740//3740 3741//3741 3590//3590
f 3590//3590 3741//3741 3591//3591
f 3741//3741 3742//3742 3591//3591
f 3591//3591 3742//3742 3592//3592
f 3742//3742 3743//3743 3592//3592
f 3592//3592 3743//3743 3593//3593
f 3743//3743 3744//3744 3593//3593
f 3593//3593 3744//3744 3594//3594
f 3744//3744 3745//3745 3594//3594
f 3594//3594 3745//3745 3595//3595
f 3745//3745 3746//3746 3595//3595
f 3595//3595 3746//3746 3596//3596
f 3746//3746 3747//3747 3596//3596
f 3596//3596 3747//3747 3597//3597
f 3747//3747 3748//3748 3597//3597
f 3597//3597 3748//3748 3598//3598
f 3748//3748 3749//3749 3598//3598
f 3598//3598 3749//3749 3599//3599
f 3749//3749 3750//3750 3599//3599
f 3599//3599 3750//3750 3600//3600
f 3750//3750 3751//3751 3600//3600
f 3600//3600 3751//3751 3601//3601
f 3751//3751 3752//3752 3601//3601
f 3601//3601 3752//3752 3602//3602
f 3752//3752 3753//3753 3602//3602
f 3602//3602 3753//3753 3603//3603
f 3753//3753 3754//3754 3603//3603
f 3603//3603 3754//3754 3604//3604
f 3754//3754 3755//3755 3604//3604
f 3604//3604 3755//3755 3605//3605
f 3755//3755 3756//3756 3605//3605
f 3605//3605 3756//3756 3606//3606
f 3756//3756 3757//3757 3606//3606
f 3606//3606 3757//3757 3607//3607
f 3757//3757 3758//3758 3607//3607
f 3607//3607 3758//3758 3608//3608
f 3758//3758 3759//3759 3608//3608
f 3608//3608 3759//3759 3609//3609
f 3759//3759 3760//3760 3609//3609
f 3609//3609 3760//3760 3610//3610
f 3760//3760 3761//3761 3610//3610
f 3610//3610 3761//3761 3611//3611
f 3761//3761 3762//3762 3611//3611
f 3611//3611 3762//3762 3612//3612
f 3762//3762 3763//3763 3612//3612
f 3612//3612 3763//3763 3613//3613
f 3763//3763 3764//3764 3613//3613
f 3613//3613 3764//3764 3614//3614
f 3764//3764 3765//3765 3614//3614
f 3614//3614 3765//3765 3615//3615
f 3765//3765 3766//3766 3615//3615
f 3615//3615 3766//3766 3616//3616
f 3766//3766 3767//3767 3616//3616
f 3616//3616 3767//3767 3617//3617
f 3767//3767 3768//3768 3617//3617
f 3617//3617 3768//3768 3618//3618
f 3768//3768 3769//3769 3618//3618
f 3618//3618 3769//3769 3619//3619
f 3769//3769 3770//3770 3619//3619
f 3619//3619 3770//3770 3620//3620
f 3770//3770 3771//3771 3620//3620
f 3620//3620 3771//3771 3621//3621
f 3771//3771 3772//3772 3621//3621
f 3621//3621 3772//3772 3622//3622
f 3772//3772 3773//3773 3622//3622
f 3622//3622 3773//3773 3623//3623
f 3773//3773 3774//3774 3623//3623
f 3623//3623 3774//3774 3624//3624
f 3774//3774 3775//3775 3624//3624
f 3625//3625 3776//3776 3626//3626
f 3776//3776 3777//3777 3626//3626
f 3626//3626 3777//3777 3627//3627
f 3777//3777 3778//3778 3627//3627
f 3627//3627 3778//3778 3628//3628
f 3778//3778 3779//3779 3628//3628
f 3628//3628 3779//3779 3629//3629
f 3779//3779 3780//3780 3629//3629
f 3629//3629 3780//3780 3630//3630
f 3780//3780 3781//3781 3630//3630
f 3630//3630 3781//3781 3631//3631
f 3781//3781 3782//3782 3631//3631
f 3631//3631 3782//3782 3632//3632
f 3782//3782 3783//3783 3632//3632
f 3632//3632 3783//3783 3633//3633
f 3783//3783 3784//3784 3633//3633
f 3633//3633 3784//3784 3634//3634
f 3784//3784 3785//3785 3634//3634
f 3634//3634 3785//3785 3635//3635
f 3785//3785 3786//3786 3635//3635
f 3635//3635 3786//3786 3636//3636
f 3786//3786 3787//3787 3636//3636
f 3636//3636 3787//3787 3637//3637
f 3787//3787 3788//3788 3637//3637
f 3637//3637 3788//3788 3638//3638
f 3788//3788 3789//3789 3638//3638
f 3638//3638 3789//3789 3639//3639
f 3789//3789 3790//3790 3639//3639
f 3639//3639 3790//3790 3640//3640
f 3790//3790 3791//3791 3640//3640
f 3640//3640 3791//3791 3641//3641
f 3791//3791 3792//3792 3641//3641
f 3641//3641 3792//3792 3642//3642
f 3792//3792 3793//3793 3642//3642
f 3642//3642 3793//3793 3643//3643
f 3793//3793 3794//3794 3643//3643
f 3643//3643 3794//3794 3644//3644
f 3794//3794 3795//3795 3644//3644
f 3644//3644 3795//3795 3645//3645
f 3795//3795 3796//3796 3645//3645
f 3645//3645 3796//3796 3646//3646
f 3796//3796 3797//3797 3646//3646
f 3646//3646 3797//3797 3647//3647
f 3797//3797 3798//3798 3647//3647
f 3647//3647 3798//3798 3648//3648
f 3798//3798 3799//3799 3648//3648
f 3648//3648 3799//3799 3649//3649
f 3799//3799 3800//3800 3649//3649
f 3649//3649 3800//3800 3650//3650
f 3800//3800 3801//3801 3650//3650
f 3650//3650 3801//3801 3651//3651
f 3801//3801 3802//3802 3651//3651
f 3651//3651 3802//3802 3652//3652
f 3802//3802 3803//3803 3652//3652
f 3652//3652 3803//3803 3653//3653
f 3803//3803 3804//3804 3653//3653
f 3653//3653 3804//3804 3654//3654
f 3804//3804 3805//3805 3654//3654
f 3654//3654 3805//3805 3655//3655
f 3805//3805 3806//3806 3655//3655
f 3655//3655 3806//3806 3656//3656
f 3806//3806 3807//3807 3656//3656
f 3656//3656 3807//3807 3657//3657
f 3807//3807 3808//3808 3657//3657
f 3657//3657 3808//3808 3658//3658
f 3808//3808 3809//3809 3658//3658
f 3658//3658 3809//3809 3659//3659
f 3809//3809 3810//3810 3659//3659
f 3659//3659 3810//3810 3660//3660
f 3810//3810 3811//3811 3660//3660
f 3660//3660 3811//3811 3661//3661
f 3811//3811 3812//3812 3661//3661
f 3661//3661 3812//3812 3662//3662
f 3812//3812 3813//3813 3662//3662
f 3662//3662 3813//3813 3663//3663
f 3813//3813 3814//3814 3663//3663
f 3663//3663 3814//3814 3664//3664
f 3814//3814 3815//3815 3664//3664
f 3664//3664 3815//3815 3665//3665
f 3815//3815 3816//3816 3665//3665
f 3665//3665 3816//3816 3666//3666
f 3816//3816 3817//3817 3666//3666
f 3666//3666 3817//3817 3667//3667
f 3817//3817 3818//3818 3667//3667
f 3667//3667 3818//3818 3668//3668
f 3818//3818 3819//3819 3668//3668
f 3668//3668 3819//3819 3669//3669
f 3819//3819 3820//3820 3669//3669
f 3669//3669 3820//3820 3670//3670
f 3820//3820 3821//3821 3670//3670
f 3670//3670 3821//3821 3671//3671
f 3821//3821 3822//3822 3671//3671
f 3671//3671 3822//3822 3672//3672
f 3822//3822 3823//3823 3672//3672
f 3672//3672 3823//3823 3673//3673
f 3823//3823 3824//3824 3673//3673
f 3673//3673 3824//3824 3674//3674
f 3824//3824 3825//3825 3674//3674
f 3674//3674 3825//3825 3675//3675
f 3825//3825 3826//3826 3675//3675
f 3675//3675 3826//3826 3676//3676
f 3826//3826 3827//3827 3676//3676
f 3676//3676 3827//3827 3677//3677
f 3827//3827 3828//3828 3677//3677
f 3677//3677 3828//3828 3678//3678
f 3828//3828 3829//3829 3678//3678
f 3678//3678 3829//3829 3679//3679
f 3829//3829 3830//3830 3679//3679
f 3679//3679 3830//3830 3680//3680
f 3830//3830 3831//3831 3680//3680
f 3680//3680 3831//3831 3681//3681
f 3831//3831 3832//3832 3681//3681
f 3681//3681 3832//3832 3682//3682
f 3832//3832 3833//3833 3682//3682
f 3682//3682 3833//3833 3683//3683
f 3833//3833 3834//3834 3683//3683
f 3683//3683 3834//3834 3684//3684
f 3834//3834 3835//3835 3684//3684
f 3684//3684 3835//3835 3685//3685
f 3835//3835 3836//3836 3685//3685
f 3685//3685 3836//3836 3686//3686
f 3836//3836 3837//3837 3686//3686
f 3686//3686 3837//3837 3687//3687
f 3837//3837 3838//3838 3687//3687
f 3687//3687 3838//3838 3688//3688
f 3838//3838 3839//3839 3688//3688
f 3688//3688 3839//3839 3689//3689
f 3839//3839 3840//3840 3689//3689
f 3689//3689 3840//3840 3690//3690
f 3840//3840 3841//3841 3690//3690
f 3690//3690 3841//3841 3691//3691
f 3841//3841 3842//3842 3691//3691
f 3691//3691 3842//3842 3692//3692
f 3842//3842 3843//3843 3692//3692
f 3692//3692 3843//3843 3693//3693
f 3843//3843 3844//3844 3693//3693
f 3693//3693 3844//3844 3694//3694
f 3844//3844 3845//3845 3694//3694
f 3694//3694 3845//3845 3695//3695
f 3845//3845 3846//3846 3695//3695
f 3695//3695 3846//3846 3696//3696
f 3846//3846 3847//3847 3696//3696
f 3696//3696 3847//3847 3697//3697
f 3847//3847 3848//3848 3697//3697
f 3697//3697 3848//3848 3698//3698
f 3848//3848 3849//3849 3698//3698
f 3698//3698 3849//3849 3699//3699
f 3849//3849 3850//3850 3699//3699
f 3699//3699 3850//3850 3700//3700
f 3850//3850 3851//3851 3700//3700
f 3700//3700 3851//3851 3701//3701
f 3851//3851 3852//3852 3701//3701
f 3701//3701 3852//3852 3702//3702
f 3852//3852 3853//3853 3702//3702
f 3702//3702 3853//3853 3703//3703
f 3853//3853 3854//3854 3703//3703
f 3703//3703 3854//3854 3704//3704
f 3854//3854 3855//3855 3704//3704
f 3704//3704 3855//3855 3705//3705
f 3855//3855 3856//3856 3705//3705
f 3705//3705 3856//3856 3706//3706
f 3856//3856 3857//3857 3706//3706
f 3706//3706 3857//3857 3707//3707
f 3857//3857 3858//3858 3707//3707
f 3707//3707 3858//3858 3708//3708
f 3858//3858 3859//3859 3708//3708
f 3708//3708 3859//3859 3709//3709
f 3859//3859 3860//3860 3709//3709
f 3709//3709 3860//3860 3710//3710
f 3860//3860 3861//3861 3710//3710
f 3710//3710 3861//3861 3711//3711
f 3861//3861 3862//3862 3711//3711
f 3711//3711 3862//3862 3712//3712
f 3862//3862 3863//3863 3712//3712
f 3712//3712 3863//3863 3713//3713
f 3863//3863 3864//3864 3713//3713
f 3713//3713 3864//3864 3714//3714
f 3864//3864 3865//3865 3714//3714
f 3714//3714 3865//3865 3715//3715
f 3865//3865 3866//3866 3715//3715
f 3715//3715 3866//3866 3716//3716
f 3866//3866 3867//3867 3716//3716
f 3716//3716 3867//3867 3717//3717
f 3867//3867 3868//3868 3717//3717
f 3717//3717 3868//3868 3718//3718
f 3868//3868 3869//3869 3718//3718
f 3718//3718 3869//3869 3719//3719
f 3869//3869 3870//3870 3719//3719
f 3719//3719 3870//3870 3720//3720
f 3870//3870 3871//3871 3720//3720
f 3720//3720 3871//3871 3721//3721
f 3871//3871 3872//3872 3721//3721
f 3721//3721 3872//3872 3722//3722
f 3872//3872 3873//3873 3722//3722
f 3722//3722 3873//3873 3723//3723
f 3873//3873 3874//3874 3723//3723
f 3723//3723 3874//3874 3724//3724
f 3874//3874 3875//3875 3724//3724
f 3724//3724 3875//3875 3725//3725
f 3875//3875 3876//3876 3725//3725
f 3725//3725 3876//3876 3726//3726
f 3876//3876 3877//3877 3726//3726
f 3726//3726 3877//3877 3727//3727
f 3877//3877 3878//3878 3727//3727
f 3727//3727 3878//3878 3728//3728
f 3878//3878 3879//3879 3728//3728
f 3728//3728 3879//3879 3729//3729
f 3879//3879 3880//3880 3729//3729
f 3729//3729 3880//3880 3730//3730
f 3880//3880 3881//3881 3730//3730
f 3730//3730 3881//3881 3731//3731
f 3881//3881 3882//3882 3731//3731
f 3731//3731 3882//3882 3732//3732
f 3882//3882 3883//3883 3732//3732
f 3732//3732 3883//3883 3733//3733
f 3883//3883 3884//3884 3733//3733
f 3733//3733 3884//3884 3734//3734
f 3884//3884 3885//3885 3734//3734
f 3734//3734 3885//3885 3735//3735
f 3885//3885 3886//3886 3735//3735
f 3735//3735 3886//3886 3736//3736
f 3886//3886 3887//3887 3736//3736
f 3736//3736 3887//3887 3737//3737
f 3887//3887 3888//3888 3737//3737
f 3737//3737 3888//3888 3738//3738
f 3888//3888 3889//3889 3738//3738
f 3738//3738 3889//3889 3739//3739
f 3889//3889 3890//3890 3739//3739
f 3739//3739 3890//3890 3740//3740
f 3890//3890 3891//3891 3740//3740
f 3740//3740 3891//3891 3741//3741
f 3891//3891 3892//3892 3741//3741
f 3741//3741 3892//3892 3742//3742
f 3892//3892 3893//3893 3742//3742
f 3742//3742 3893//3893 3743//3743
f 3893//3893 3894//3894 3743//3743
f 3743//3743 3894//3894 3744//3744
f 3894//3894 3895//3895 3744//3744
f 3744//3744 3895//3895 3745//3745
f 3895//3895 3896//3896 3745//3745
f 3745//3745 3896//3896 3746//3746
f 3896//3896 3897//3897 3746//3746
f 3746//3746 3897//3897 3747//3747
f 3897//3897 3898//3898 3747//3747
f 3747//3747 3898//3898 3748//3748
f 3898//3898 3899//3899 3748//3748
f 3748//3748 3899//3899 3749//3749
f 3899//3899 3900//3900 3749//3749
f 3749//3749 3900//3900 3750//3750
f 3900//3900 3901//3901 3750//3750
f 3750//3750 3901//3901 3751//3751
f 3901//3901 3902//3902 3751//3751
f 3751//3751 3902//3902 3752//3752
f 3902//3902 3903//3903 3752//3752
f 3752//3752 3903//3903 3753//3753
f 3903//3903 3904//3904 3753//3753
f 3753//3753 3904//3904 3754//3754
f 3904//3904 3905//3905 3754//3754
f 3754//3754 3905//3905 3755//3755
f 3905//3905 3906//3906 3755//3755
f 3755//3755 3906//3906 3756//3756
f 3906//3906 3907//3907 3756//3756
f 3756//3756 3907//3907 3757//3757
f 3907//3907 3908//3908 3757//3757
f 3757//3757 3908//3908 3758//3758
f 3908//3908 3909//3909 3758//3758
f 3758//3758 3909//3909 3759//3759
f 3909//3909 3910//3910 3759//3759
f 3759//3759 3910//3910 3760//3760
f 3910//3910 3911//3911 3760//3760
f 3760//3760 3911//3911 3761//3761
f 3911//3911 3912//3912 3761//3761
f 3761//3761 3912//3912 3762//3762
f 3912//3912 3913//3913 3762//3762
f 3762//3762 3913//3913 3763//3763
f 3913//3913 3914//3914 3763//3763
f 3763//3763 3914//3914 3764//3764
f 3914//3914 3915//3915 3764//3764
f 3764//3764 3915//3915 3765//3765
f 3915//3915 3916//3916 3765//3765
f 3765//3765 3916//3916 3766//3766
f 3916//3916 3917//3917 3766//3766
f 3766//3766 3917//3917 3767//3767
f 3917//3917 3918//3918 3767//3767
f 3767//3767 3918//3918 3768//3768
f 3918//3918 3919//3919 3768//3768
f 3768//3768 3919//3919 3769//3769
f 3919//3919 3920//3920 3769//3769
f 3769//3769 3920//3920 3770//3770
f 3920//3920 3921//3921 3770//3770
f 3770//3770 3921//3921 3771//3771
f 3921//3921 3922//3922 3771//3771
f 3771//3771 3922//3922 3772//3772
f 3922//3922 3923//3923 3772//3772
f 3772//3772 3923//3923 3773//3773
f 3923//3923 3924//3924 3773//3773
f 3773//3773 3924//3924 3774//3774
f 3924//3924 3925//3925 3774//3774
f 3774//3774 3925//3925 3775//3775
f 3925//3925 3926//3926 3775//3775
f 3776//3776 3927//3927 3777//3777
f 3927//3927 3928//3928 3777//3777
f 3777//3777 3928//3928 3778//3778
f 3928//3928 3929//3929 3778//3778
f 3778//3778 3929//3929 3779//3779
f 3929//3929 3930//3930 3779//3779
f 3779//3779 3930//3930 3780//3780
f 3930//3930 3931//3931 3780//3780
f 3780//3780 3931//3931 3781//3781
f 3931//3931 3932//3932 3781//3781
f 3781//3781 3932//3932 3782//3782
f 3932//3932 3933//3933 3782//3782
f 3782//3782 3933//3933 3783//3783
f 3933//3933 3934//3934 3783//3783
f 3783//3783 3934//3934 3784//3784
f 3934//3934 3935//3935 3784//3784
f 3784//3784 3935//3935 3785//3785
f 3935//3935 3936//3936 3785//3785
f 3785//3785 3936//3936 3786//3786
f 3936//3936 3937//3937 3786//3786
f 3786//3786 3937//3937 3787//3787
f 3937//3937 3938//3938 3787//3787
f 3787//3787 3938//3938 3788//3788
f 3938//3938 3939//3939 3788//3788
f 3788//3788 3939//3939 3789//3789
f 3939//3939 3940//3940 3789//3789
f 3789//3789 3940//3940 3790//3790
f 3940//3940 3941//3941 3790//3790
f 3790//3790 3941//3941 3791//3791
f 3941//3941 3942//3942 3791//3791
f 3791//3791 3942//3942 3792//3792
f 3942//3942 3943//3943 3792//3792
f 3792//3792 3943//3943 3793//3793
f 3943//3943 3944//3944 3793//3793
f 3793//3793 3944//3944 3794//3794
f 3944//3944 3945//3945 3794//3794
f 3794//3794 3945//3945 3795//3795
f 3945//3945 3946//3946 3795//3795
f 3795//3795 3946//3946 3796//3796
f 3946//3946 3947//3947 3796//3796
f 3796//3796 3947//3947 3797//3797
f 3947//3947 3948//3948 3797//3797
f 3797//3797 3948//3948 3798//3798
f 3948//3948 3949//3949 3798//3798
f 3798//3798 3949//3949 3799//3799
f 3949//3949 3950//3950 3799//3799
f 3799//3799 3950//3950 3800//3800
f 3950//3950 3951//3951 3800//3800
f 3800//3800 3951//3951 3801//3801
f 3951//3951 3952//3952 3801//3801
f 3801//3801 3952//3952 3802//3802
f 3952//3952 3953//3953 3802//3802
f 3802//3802 3953//3953 3803//3803
f 3953//3953 3954//3954 3803//3803
f 3803//3803 3954//3954 3804//3804
f 3954//3954 3955//3955 3804//3804
f 3804//3804 3955//3955 3805//3805
f 3955//3955 3956//3956 3805//3805
f 3805//3805 3956//3956 3806//3806
f 3956//3956 3957//3957 3806//3806
f 3806//3806 3957//3957 3807//3807
f 3957//3957 3958//3958 3807//3807
f 3807//3807 3958//3958 3808//3808
f 3958//3958 3959//3959 3808//3808
f 3808//3808 3959//3959 3809//3809
f 3959//3959 3960//3960 3809//3809
f 3809//3809 3960//3960 3810//3810
f 3960//3960 3961//3961 3810//3810
f 3810//3810 3961//3961 3811//3811
f 3961//3961 3962//3962 3811//3811
f 3811//3811 3962//3962 3812//3812
f 3962//3962 3963//3963 3812//3812
f 3812//3812 3963//3963 3813//3813
f 3963//3963 3964//3964 3813//3813
f 3813//3813 3964//3964 3814//3814
f 3964//3964 3965//3965 3814//3814
f 3814//3814 3965//3965 3815//3815
f 3965//3965 3966//3966 3815//3815
f 3815//3815 3966//3966 3816//3816
f 3966//3966 3967//3967 3816//3816
f 3816//3816 3967//3967 3817//3817
f 3967//3967 3968//3968 3817//3817
f 3817//3817 3968//3968 3818//3818
f 3968//3968 3969//3969 3818//3818
f 3818//3818 3969//3969 3819//3819
f 3969//3969 3970//3970 3819//3819
f 3819//3819 3970//3970 3820//3820
f 3970//3970 3971//3971 3820//3820
f 3820//3820 3971//3971 3821//3821
f 3971//3971 3972//3972 3821//3821
f 3821//3821 3972//3972 3822//3822
f 3972//3972 3973//3973 3822//3822
f 3822//3822 3973//3973 3823//3823
f 3973//3973 3974//3974 3823//3823
f 3823//3823 3974//3974 3824//3824
f 3974//3974 3975//3975 3824//3824
f 3824//3824 3975//3975 3825//3825
f 3975//3975 3976//3976 3825//3825
f 3825//3825 3976//3976 3826//3826
f 3976//3976 3977//3977 3826//3826
f 3826//3826 3977//3977 3827//3827
f 3977//3977 3978//3978 3827//3827
f 3827//3827 3978//3978 3828//3828
f 3978//3978 3979//3979 3828//3828
f 3828//3828 3979//3979 3829//3829
f 3979//3979 3980//3980 3829//3829
f 3829//3829 3980//3980 3830//3830
f 3980//3980 3981//3981 3830//3830
f 3830//3830 3981//3981 3831//3831
f 3981//3981 3982//3982 3831//3831
f 3831//3831 3982//3982 3832//3832
f 3982//3982 3983//3983 3832//3832
f 3832//3832 3983//3983 3833//3833
f 3983//3983 3984//3984 3833//3833
f 3833//3833 3984//3984 3834//3834
f 3984//3984 3985//3985 3834//3834
f 3834//3834 3985//3985 3835//3835
f 3985//3985 3986//3986 3835//3835
f 3835//3835 3986//3986 3836//3836
f 3986//3986 3987//3987 3836//3836
f 3836//3836 3987//3987 3837//3837
f 3987//3987 3988//3988 3837//3837
f 3837//3837 3988//3988 3838//3838
f 3988//3988 3989//3989 3838//3838
f 3838//3838 3989//3989 3839//3839
f 3989//3989 3990//3990 3839//3839
f 3839//3839 3990//3990 3840//3840
f 3990//3990 3991//3991 3840//3840
f 3840//3840 3991//3991 3841//3841
f 3991//3991 3992//3992 3841//3841
f 3841//3841 3992//3992 3842//3842
f 3992//3992 3993//3993 3842//3842
f 3842//3842 3993//3993 3843//3843
f 3993//3993 3994//3994 3843//3843
f 3843//3843 3994//3994 3844//3844
f 3994//3994 3995//3995 3844//3844
f 3844//3844 3995//3995 3845//3845
f 3995//3995 3996//3996 3845//3845
f 3845//3845 3996//3996 3846//3846
f 3996//3996 3997//3997 3846//3846
f 3846//3846 3997//3997 3847//3847
f 3997//3997 3998//3998 3847//3847
f 3847//3847 3998//3998 3848//3848
f 3998//3998 3999//3999 3848//3848
f 3848//3848 3999//3999 3849//3849
f 3999//3999 4000//4000 3849//3849
f 3849//3849 4000//4000 3850//3850
f 4000//4000 4001//4001 3850//3850
f 3850//3850 4001//4001 3851//3851
f 4001//4001 4002//4002 3851//3851
f 3851//3851 4002//4002 3852//3852
f 4002//4002 4003//4003 3852//3852
f 3852//3852 4003//4003 3853//3853
f 4003//4003 4004//4004 3853//3853
f 3853//3853 4004//4004 3854//3854
f 4004//4004 4005//4005 3854//3854
f 3854//3854 4005//4005 3855//3855
f 4005//4005 4006//4006 3855//3855
f 3855//3855 4006//4006 3856//3856
f 4006//4006 4007//4007 3856//3856
f 3856//3856 4007//4007 3857//3857
f 4007//4007 4008//4008 3857//3857
f 3857//3857 4008//4008 3858//3858
f 4008//4008 4009//4009 3858//3858
f 3858//3858 4009//4009 3859//3859
f 4009//4009 4010//4010 3859//3859
f 3859//3859 4010//4010 3860//3860
f 4010//4010 4011//4011 3860//3860
f 3860//3860 4011//4011 3861//3861
f 4011//4011 4012//4012 3861//3861
f 3861//3861 4012//4012 3862//3862
f 4012//4012 4013//4013 3862//3862
f 3862//3862 4013//4013 3863//3863
f 4013//4013 4014//4014 3863//3863
f 3863//3863 4014//4014 3864//3864
f 4014//4014 4015//4015 3864//3864
f 3864//3864 4015//4015 3865//3865
f 4015//4015 4016//4016 3865//3865
f 3865//3865 4016//4016 3866//3866
f 4016//4016 4017//4017 3866//3866
f 3866//3866 4017//4017 3867//3867
f 4017//4017 4018//4018 3867//3867
f 3867//3867 4018//4018 3868//3868
f 4018//4018 4019//4019 3868//3868
f 3868//3868 4019//4019 3869//3869
f 4019//4019 4020//4020 3869//3869
f 3869//3869 4020//4020 3870//3870
f 4020//4020 4021//4021 3870//3870
f 3870//3870 4021//4021 3871//3871
f 4021//4021 4022//4022 3871//3871
f 3871//3871 4022//4022 3872//3872
f 4022//4022 4023//4023 3872//3872
f 3872//3872 4023//4023 3873//3873
f 4023//4023 4024//4024 3873//3873
f 3873//3873 4024//4024 3874//3874
f 4024//4024 4025//4025 3874//3874
f 3874//3874 4025//4025 3875//3875
f 4025//4025 4026//4026 3875//3875
f 3875//3875 4026//4026 3876//3876
f 4026//4026 4027//4027 3876//3876
f 3876//3876 4027//4027 3877//3877
f 4027//4027 4028//4028 3877//3877
f 3877//3877 4028//4028 3878//3878
f 4028//4028 4029//4029 3878//3878
f 3878//3878 4029//4029 3879//3879
f 4029//4029 4030//4030 3879//3879
f 3879//3879 4030//4030 3880//3880
f 4030//4030 4031//4031 3880//3880
f 3880//3880 4031//4031 3881//3881
f 4031//4031 4032//4032 3881//3881
f 3881//3881 4032//4032 3882//3882
f 4032//4032 4033//4033 3882//3882
f 3882//3882 4033//4033 3883//3883
f 4033//4033 4034//4034 3883//3883
f 3883//3883 4034//4034 3884//3884
f 4034//4034 4035//4035 3884//3884
f 3884//3884 4035//4035 3885//3885
f 4035//4035 4036//4036 3885//3885
f 3885//3885 4036//4036 3886//3886
f 4036//4036 4037//4037 3886//3886
f 3886//3886 4037//4037 3887//3887
f 4037//4037 4038//4038 3887//3887
f 3887//3887 4038//4038 3888//3888
f 4038//4038 4039//4039 3888//3888
f 3888//3888 4039//4039 3889//3889
f 4039//4039 4040//4040 3889//3889
f 3889//3889 4040//4040 3890//3890
f 4040//4040 4041//4041 3890//3890
f 3890//3890 4041//4041 3891//3891
f 4041//4041 4042//4042 3891//3891
f 3891//3891 4042//4042 3892//3892
f 4042//4042 4043//4043 3892//3892
f 3892//3892 4043//4043 3893//3893
f 4043//4043 4044//4044 3893//3893
f 3893//3893 4044//4044 3894//3894
f 4044//4044 4045//4045 3894//3894
f 3894//3894 4045//4045 3895//3895
f 4045//4045 4046//4046 3895//3895
f 3895//3895 4046//4046 3896//3896
f 4046//4046 4047//4047 3896//3896
f 3896//3896 4047//4047 3897//3897
f 4047//4047 4048//4048 3897//3897
f 3897//3897 4048//4048 3898//3898
f 4048//4048 4049//4049 3898//3898
f 3898//3898 4049//4049 3899//3899
f 4049//4049 4050//4050 3899//3899
f 3899//3899 4050//4050 3900//3900
f 4050//4050 4051//4051 3900//3900
f 3900//3900 4051//4051 3901//3901
f 4051//4051 4052//4052 3901//3901
f 3901//3901 4052//4052 3902//3902
f 4052//4052 4053//4053 3902//3902
f 3902//3902 4053//4053 3903//3903
f 4053//4053 4054//4054 3903//3903
f 3903//3903 4054//4054 3904//3904
f 4054//4054 4055//4055 3904//3904
f 3904//3904 4055//4055 3905//3905
f 4055//4055 4056//4056 3905//3905
f 3905//3905 4056//4056 3906//3906
f 4056//4056 4057//4057 3906//3906
f 3906//3906 4057//4057 3907//3907
f 4057//4057 4058//4058 3907//3907
f 3907//3907 4058//4058 3908//3908
f 4058//4058 4059//4059 3908//3908
f 3908//3908 4059//4059 3909//3909
f 4059//4059 4060//4060 3909//3909
f 3909//3909 4060//4060 3910//3910
f 4060//4060 4061//4061 3910//3910
f 3910//3910 4061//4061 3911//3911
f 4061//4061 4062//4062 3911//3911
f 3911//3911 4062//4062 3912//3912
f 4062//4062 4063//4063 3912//3912
f 3912//3912 4063//4063 3913//3913
f 4063//4063 4064//4064 3913//3913
f 3913//3913 4064//4064 3914//3914
f 4064//4064 4065//4065 3914//3914
f 3914//3914 4065//4065 3915//3915
f 4065//4065 4066//4066 3915//3915
f 3915//3915 4066//4066 3916//3916
f 4066//4066 4067//4067 3916//3916
f 3916//3916 4067//4067 3917//3917
f 4067//4067 4068//4068 3917//3917
f 3917//3917 4068//4068 3918//3918
f 4068//4068 4069//4069 3918//3918
f 3918//3918 4069//4069 3919//3919
f 4069//4069 4070//4070 3919//3919
f 3919//3919 4070//4070 3920//3920
f 4070//4070 4071//4071 3920//3920
f 3920//3920 4071//4071 3921//3921
f 4071//4071 4072//4072 3921//3921
f 3921//3921 4072//4072 3922//3922
f 4072//4072 4073//4073 3922//3922
f 3922//3922 4073//4073 3923//3923
f 4073//4073 4074//4074 3923//3923
f 3923//3923 4074//4074 3924//3924
f 4074//4074 4075//4075 3924//3924
f 3924//3924 4075//4075 3925//3925
f 4075//4075 4076//4076 3925//3925
f 3925//3925 4076//4076 3926//3926
f 4076//4076 4077//4077 3926//3926
f 3927//3927 4078//4078 3928//3928
f 4078//4078 4079//4079 3928//3928
f 3928//3928 4079//4079 3929//3929
f 4079//4079 4080//4080 3929//3929
f 3929//3929 4080//4080 3930//3930
f 4080//4080 4081//4081 3930//3930
f 3930//3930 4081//4081 3931//3931
f 4081//4081 4082//4082 3931//3931
f 3931//3931 4082//4082 3932//3932
f 4082//4082 4083//4083 3932//3932
f 3932//3932 4083//4083 3933//3933
f 4083//4083 4084//4084 3933//3933
f 3933//3933 4084//4084 3934//3934
f 4084//4084 4085//4085 3934//3934
f 3934//3934 4085//4085 3935//3935
f 4085//4085 4086//4086 3935//3935
f 3935//3935 4086//4086 3936//3936
f 4086//4086 4087//4087 3936//3936
f 3936//3936 4087//4087 3937//3937
f 4087//4087 4088//4088 3937//3937
f 3937//3937 4088//4088 3938//3938
f 4088//4088 4089//4089 3938//3938
f 3938//3938 4089//4089 3939//3939
f 4089//4089 4090//4090 3939//3939
f 3939//3939 4090//4090 3940//3940
f 4090//4090 4091//4091 3940//3940
f 3940//3940 4091//4091 3941//3941
f 4091//4091 4092//4092 3941//3941
f 3941//3941 4092//4092 3942//3942
f 4092//4092 4093//4093 3942//3942
f 3942//3942 4093//4093 3943//3943
f 4093//4093 4094//4094 3943//3943
f 3943//3943 4094//4094 3944//3944
f 4094//4094 4095//4095 3944//3944
f 3944//3944 4095//4095 3945//3945
f 4095//4095 4096//4096 3945//3945
f 3945//3945 4096//4096 3946//3946
f 4096//4096 4097//4097 3946//3946
f 3946//3946 4097//4097 3947//3947
f 4097//4097 4098//4098 3947//3947
f 3947//3947 4098//4098 3948//3948
f 4098//4098 4099//4099 3948//3948
f 3948//3948 4099//4099 3949//3949
f 4099//4099 4100//4100 3949//3949
f 3949//3949 4100//4100 3950//3950
f 4100//4100 4101//4101 3950//3950
f 3950//3950 4101//4101 3951//3951
f 4101//4101 4102//4102 3951//3951
f 3951//3951 4102//4102 3952//3952
f 4102//4102 4103//4103 3952//3952
f 3952//3952 4103//4103 3953//3953
f 4103//4103 4104//4104 3953//3953
f 3953//3953 4104//4104 3954//3954
f 4104//4104 4105//4105 3954//3954
f 3954//3954 4105//4105 3955//3955
f 4105//4105 4106//4106 3955//3955
f 3955//3955 4106//4106 3956//3956
f 4106//4106 4107//4107 3956//3956
f 3956//3956 4107//4107 3957//3957
f 4107//4107 4108//4108 3957//3957
f 3957//3957 4108//4108 3958//3958
f 4108//4108 4109//4109 3958//3958
f 3958//3958 4109//4109 3959//3959
f 4109//4109 4110//4110 3959//3959
f 3959//3959 4110//4110 3960//3960
f 4110//4110 4111//4111 3960//3960
f 3960//3960 4111//4111 3961//3961
f 4111//4111 4112//4112 3961//3961
f 3961//3961 4112//4112 3962//3962
f 4112//4112 4113//4113 3962//3962
f 3962//3962 4113//4113 3963//3963
f 4113//4113 4114//4114 3963//3963
f 3963//3963 4114//4114 3964//3964
f 4114//4114 4115//4115 3964//3964
f 3964//3964 4115//4115 3965//3965
f 4115//4115 4116//4116 3965//3965
f 3965//3965 4116//4116 3966//3966
f 4116//4116 4117//4117 3966//3966
f 3966//3966 4117//4117 3967//3967
f 4117//4117 4118//4118 3967//3967
f 3967//3967 4118//4118 3968//3968
f 4118//4118 4119//4119 3968//3968
f 3968//3968 4119//4119 3969//3969
f 4119//4119 4120//4120 3969//3969
f 3969//3969 4120//4120 3970//3970
f 4120//4120 4121//4121 3970//3970
f 3970//3970 4121//4121 3971//3971
f 4121//4121 4122//4122 3971//3971
f 3971//3971 4122//4122 3972//3972
f 4122//4122 4123//4123 3972//3972
f 3972//3972 4123//4123 3973//3973
f 4123//4123 4124//4124 3973//3973
f 3973//3973 4124//4124 3974//3974
f 4124//4124 4125//4125 3974//3974
f 3974//3974 4125//4125 3975//3975
f 4125//4125 4126//4126 3975//3975
f 3975//3975 4126//4126 3976//3976
f 4126//4126 4127//4127 3976//3976
f 3976//3976 4127//4127 3977//3977
f 4127//4127 4128//4128 3977//3977
f 3977//3977 4128//4128 3978//3978
f 4128//4128 4129//4129 3978//3978
f 3978//3978 4129//4129 3979//3979
f 4129//4129 4130//4130 3979//3979
f 3979//3979 4130//4130 3980//3980
f 4130//4130 4131//4131 3980//3980
f 3980//3980 4131//4131 3981//3981
f 4131//4131 4132//4132 3981//3981
f 3981//3981 4132//4132 3982//3982
f 4132//4132 4133//4133 3982//3982
f 3982//3982 4133//4133 3983//3983
f 4133//4133 4134//4134 3983//3983
f 3983//3983 4134//4134 3984//3984
f 4134//4134 4135//4135 3984//3984
f 3984//3984 4135//4135 3985//3985
f 4135//4135 4136//4136 3985//3985
f 3985//3985 4136//4136 3986//3986
f 4136//4136 4137//4137 3986//3986
f 3986//3986 4137//4137 3987//3987
f 4137//4137 4138//4138 3987//3987
f 3987//3987 4138//4138 3988//3988
f 4138//4138 4139//4139 3988//3988
f 3988//3988 4139//4139 3989//3989
f 4139//4139 4140//4140 3989//3989
f 3989//3989 4140//4140 3990//3990
f 4140//4140 4141//4141 3990//3990
f 3990//3990 4141//4141 3991//3991
f 4141//4141 4142//4142 3991//3991
f 3991//3991 4142//4142 3992//3992
f 4142//4142 4143//4143 3992//3992
f 3992//3992 4143//4143 3993//3993
f 4143//4143 4144//4144 3993//3993
f 3993//3993 4144//4144 3994//3994
f 4144//4144 4145//4145 3994//3994
f 3994//3994 4145//4145 3995//3995
f 4145//4145 4146//4146 3995//3995
f 3995//3995 4146//4146 3996//3996
f 4146//4146 4147//4147 3996//3996
f 3996//3996 4147//4147 3997//3997
f 4147//4147 4148//4148 3997//3997
f 3997//3997 4148//4148 3998//3998
f 4148//4148 4149//4149 3998//3998
f 3998//3998 4149//4149 3999//3999
f 4149//4149 4150//4150 3999//3999
f 3999//3999 4150//4150 4000//4000
f 4150//4150 4151//4151 4000//4000
f 4000//4000 4151//4151 4001//4001
f 4151//4151 4152//4152 4001//4001
f 4001//4001 4152//4152 4002//4002
f 4152//4152 4153//4153 4002//4002
f 4002//4002 4153//4153 4003//4003
f 4153//4153 4154//4154 4003//4003
f 4003//4003 4154//4154 4004//4004
f 4154//4154 4155//4155 4004//4004
f 4004//4004 4155//4155 4005//4005
f 4155//4155 4156//4156 4005//4005
f 4005//4005 4156//4156 4006//4006
f 4156//4156 4157//4157 4006//4006
f 4006//4006 4157//4157 4007//4007
f 4157//4157 4158//4158 4007//4007
f 4007//4007 4158//4158 4008//4008
f 4158//4158 4159//4159 4008//4008
f 4008//4008 4159//4159 4009//4009
f 4159//4159 4160//4160 4009//4009
f 4009//4009 4160//4160 4010//4010
f 4160//4160 4161//4161 4010//4010
f 4010//4010 4161//4161 4011//4011
f 4161//4161 4162//4162 4011//4011
f 4011//4011 4162//4162 4012//4012
f 4162//4162 4163//4163 4012//4012
f 4012//4012 4163//4163 4013//4013
f 4163//4163 4164//4164 4013//4013
f 4013//4013 4164//4164 4014//4014
f 4164//4164 4165//4165 4014//4014
f 4014//4014 4165//4165 4015//4015
f 4165//4165 4166//4166 4015//4015
f 4015//4015 4166//4166 4016//4016
f 4166//4166 4167//4167 4016//4016
f 4016//4016 4167//4167 4017//4017
f 4167//4167 4168//4168 4017//4017
f 4017//4017 4168//4168 4018//4018
f 4168//4168 4169//4169 4018//4018
f 4018//4018 4169//4169 4019//4019
f 4169//4169 4170//4170 4019//4019
f 4019//4019 4170//4170 4020//4020
f 4170//4170 4171//4171 4020//4020
f 4020//4020 4171//4171 4021//4021
f 4171//4171 4172//4172 4021//4021
f 4021//4021 4172//4172 4022//4022
f 4172//4172 4173//4173 4022//4022
f 4022//4022 4173//4173 4023//4023
f 4173//4173 4174//4174 4023//4023
f 4023//4023 4174//4174 4024//4024
f 4174//4174 4175//4175 4024//4024
f 4024//4024 4175//4175 4025//4025
f 4175//4175 4176//4176 4025//4025
f 4025//4025 4176//4176 4026//4026
f 4176//4176 4177//4177 4026//4026
f 4026//4026 4177//4177 4027//4027
f 4177//4177 4178//4178 4027//4027
f 4027//4027 4178//4178 4028//4028
f 4178//4178 4179//4179 4028//4028
f 4028//4028 4179//4179 4029//4029
f 4179//4179 4180//4180 4029//4029
f 4029//4029 4180//4180 4030//4030
f 4180//4180 4181//4181 4030//4030
f 4030//4030 4181//4181 4031//4031
f 4181//4181 4182//4182 4031//4031
f 4031//4031 4182//4182 4032//4032
f 4182//4182 4183//4183 4032//4032
f 4032//4032 4183//4183 4033//4033
f 4183//4183 4184//4184 4033//4033
f 4033//4033 4184//4184 4034//4034
f 4184//4184 4185//4185 4034//4034
f 4034//4034 4185//4185 4035//4035
f 4185//4185 4186//4186 4035//4035
f 4035//4035 4186//4186 4036//4036
f 4186//4186 4187//4187 4036//4036
f 4036//4036 4187//4187 4037//4037
f 4187//4187 4188//4188 4037//4037
f 4037//4037 4188//4188 4038//4038
f 4188//4188 4189//4189 4038//4038
f 4038//4038 4189//4189 4039//4039
f 4189//4189 4190//4190 4039//4039
f 4039//4039 4190//4190 4040//4040
f 4190//4190 4191//4191 4040//4040
f 4040//4040 4191//4191 4041//4041
f 4191//4191 4192//4192 4041//4041
f 4041//4041 4192//4192 4042//4042
f 4192//4192 4193//4193 4042//4042
f 4042//4042 4193//4193 4043//4043
f 4193//4193 4194//4194 4043//4043
f 4043//4043 4194//4194 4044//4044
f 4194//4194 4195//4195 4044//4044
f 4044//4044 4195//4195 4045//4045
f 4195//4195 4196//4196 4045//4045
f 4045//4045 4196//4196 4046//4046
f 4196//4196 4197//4197 4046//4046
f 4046//4046 4197//4197 4047//4047
f 4197//4197 4198//4198 4047//4047
f 4047//4047 4198//4198 4048//4048
f 4198//4198 4199//4199 4048//4048
f 4048//4048 4199//4199 4049//4049
f 4199//4199 4200//4200 4049//4049
f 4049//4049 4200//4200 4050//4050
f 4200//4200 4201//4201 4050//4050
f 4050//4050 4201//4201 4051//4051
f 4201//4201 4202//4202 4051//4051
f 4051//4051 4202//4202 4052//4052
f 4202//4202 4203//4203 4052//4052
f 4052//4052 4203//4203 4053//4053
f 4203//4203 4204//4204 4053//4053
f 4053//4053 4204//4204 4054//4054
f 4204//4204 4205//4205 4054//4054
f 4054//4054 4205//4205 4055//4055
f 4205//4205 4206//4206 4055//4055
f 4055//4055 4206//4206 4056//4056
f 4206//4206 4207//4207 4056//4056
f 4056//4056 4207//4207 4057//4057
f 4207//4207 4208//4208 4057//4057
f 4057//4057 4208//4208 4058//4058
f 4208//4208 4209//4209 4058//4058
f 4058//4058 4209//4209 4059//4059
f 4209//4209 4210//4210 4059//4059
f 4059//4059 4210//4210 4060//4060
f 4210//4210 4211//4211 4060//4060
f 4060//4060 4211//4211 4061//4061
f 4211//4211 4212//4212 4061//4061
f 4061//4061 4212//4212 4062//4062
f 4212//4212 4213//4213 4062//4062
f 4062//4062 4213//4213 4063//4063
f 4213//4213 4214//4214 4063//4063
f 4063//4063 4214//4214 4064//4064
f 4214//4214 4215//4215 4064//4064
f 4064//4064 4215//4215 4065//4065
f 4215//4215 4216//4216 4065//4065
f 4065//4065 4216//4216 4066//4066
f 4216//4216 4217//4217 4066//4066
f 4066//4066 4217//4217 4067//4067
f 4217//4217 4218//4218 4067//4067
f 4067//4067 4218//4218 4068//4068
f 4218//4218 4219//4219 4068//4068
f 4068//4068 4219//4219 4069//4069
f 4219//4219 4220//4220 4069//4069
f 4069//4069 4220//4220 4070//4070
f 4220//4220 4221//4221 4070//4070
f 4070//4070 4221//4221 4071//4071
f 4221//4221 4222//4222 4071//4071
f 4071//4071 4222//4222 4072//4072
f 4222//4222 4223//4223 4072//4072
f 4072//4072 4223//4223 4073//4073
f 4223//4223 4224//4224 4073//4073
f 4073//4073 4224//4224 4074//4074
f 4224//4224 4225//4225 4074//4074
f 4074//4074 4225//4225 4075//4075
f 4225//4225 4226//4226 4075//4075
f 4075//4075 4226//4226 4076//4076
f 4226//4226 4227//4227 4076//4076
f 4076//4076 4227//4227 4077//4077
f 4227//4227 4228//4228 4077//4077
