# THREE.GLTFExporter r170.
# Mesh: Annulus Torus_wireframe_gltf (38)
# Geometry: unnamed (13)
v 1.7727481126785278 -0.0001505675754742697 -0.2751219868659973
v 1.7564427852630615 0.06190136447548866 -0.27263572812080383
v 1.7277657985687256 -0.00029901909874752164 -0.48285946249961853
v 1.7118741273880005 0.06175427883863449 -0.4784626066684723
v 1.65852952003479 -0.0004432730784174055 -0.6838186383247375
v 1.6432745456695557 0.0616113506257534 -0.677573561668396
v 1.5660110712051392 -0.0005813044845126569 -0.8751785159111023
v 1.5516070127487183 0.06147458776831627 -0.8671734929084778
v 1.4515092372894287 -0.0007111756131052971 -1.0542527437210083
v 1.4381581544876099 0.061345912516117096 -1.0446008443832397
v 1.3166313171386719 -0.0008310633711516857 -1.2185275554656982
v 1.304520845413208 0.06122712790966034 -1.2073649168014526
v 1.1632709503173828 -0.0009392848005518317 -1.3656970262527466
v 1.1525708436965942 0.06111990287899971 -1.3531807661056519
v 0.99358069896698 -0.0010343207977712154 -1.4936950206756592
v 0.9844412803649902 0.06102573871612549 -1.4800015687942505
v 0.8099427819252014 -0.0011148372432217002 -1.6007248163223267
v 0.8024922013282776 0.060945961624383926 -1.5860470533370972
v 0.614935040473938 -0.0011797037441283464 -1.6852840185165405
v 0.6092779636383057 0.06088169291615486 -1.6698285341262817
v 0.41129493713378906 -0.0012280098162591457 -1.7461854219436646
v 0.4075107276439667 0.06083383038640022 -1.7301698923110962
v 0.20188118517398834 -0.0012590773403644562 -1.7825742959976196
v 0.20002292096614838 0.06080304831266403 -1.7662241458892822
v -0.010366548784077168 -0.0012724701082333922 -1.7939397096633911
v -0.010272768326103687 0.06078977882862091 -1.7774850130081177
v -0.222468763589859 -0.0012680002255365252 -1.78012216091156
v -0.22042429447174072 0.06079420819878578 -1.7637944221496582
v -0.4314480125904083 -0.00124573044013232 -1.7413156032562256
v -0.4274815618991852 0.06081627309322357 -1.7253446578979492
v -0.6343706250190735 -0.0012059732107445598 -1.6780647039413452
v -0.6285379528999329 0.06085566431283951 -1.6626756191253662
v -0.8283881545066833 -0.0011492868652567267 -1.5912574529647827
v -0.8207710385322571 0.06091183051466942 -1.5766667127609253
v -1.0107768774032593 -0.0010764669859781861 -1.4821125268936157
v -1.001482367515564 0.06098398193717003 -1.4685256481170654
v -1.1789765357971191 -0.000988535932265222 -1.3521620035171509
v -1.1681350469589233 0.06107110157608986 -1.3397701978683472
v -1.3306258916854858 -0.0008867280557751656 -1.2032300233840942
v -1.3183897733688354 0.06117197498679161 -1.192207932472229
v -1.463596224784851 -0.0007724722963757813 -1.0374072790145874
v -1.4501371383666992 0.06128517910838127 -1.0279103517532349
v -1.5760208368301392 -0.0006473727989941835 -0.8570217490196228
v -1.5615278482437134 0.061409126967191696 -0.8491837978363037
v -1.6663216352462769 -0.0005131856305524707 -0.664605438709259
v -1.6509981155395508 0.0615420825779438 -0.6585370898246765
v -1.7332308292388916 -0.0003717944782692939 -0.46285954117774963
v -1.717292070388794 0.06168217211961746 -0.45864662528038025
v -1.7758092880249023 -0.00022518409241456538 -0.2546160817146301
v -1.7594789266586304 0.061827436089515686 -0.252318412065506
v -1.793459415435791 -0.00007541263767052442 -0.04279838502407074
v -1.7769665718078613 0.06197582930326462 -0.042448777705430984
v -1.7859331369400024 0.0000754174470785074 0.1696200966835022
v -1.7695095539093018 0.062125273048877716 0.16801612079143524
v -1.7533363103866577 0.00022518883633892983 0.379657506942749
v -1.7372125387191772 0.06227366626262665 0.3761218190193176
v -1.6961265802383423 0.00037179907667450607 0.5843653678894043
v -1.680528998374939 0.06241892650723457 0.5789469480514526
v -1.6151068210601807 0.0005131900543347001 0.7808699607849121
v -1.6002544164657593 0.06255901604890823 0.7736443281173706
v -1.511414647102356 0.0006473769899457693 0.9664129018783569
v -1.4975157976150513 0.06269197165966034 0.9574808478355408
v -1.3865054845809937 0.0007724760798737407 1.1383894681930542
v -1.3737553358078003 0.06281591951847076 1.127875804901123
v -1.2421326637268066 0.0008867314900271595 1.2943856716156006
v -1.2307103872299194 0.06292912364006042 1.2824372053146362
v -1.0803232192993164 0.0009885389590635896 1.4322113990783691
v -1.0703890323638916 0.06302999705076218 1.4189953804016113
v -0.9033482670783997 0.0010764695471152663 1.5499320030212402
v -0.8950417637825012 0.063117116689682 1.5356333255767822
v -0.7136923670768738 0.0011492888443171978 1.645895004272461
v -0.7071300745010376 0.06318926811218262 1.6307138204574585
v -0.5140177607536316 0.0012059747241437435 1.7187533378601074
v -0.50929194688797 0.06324543058872223 1.7029019594192505
v -0.3071274757385254 0.0012457313714548945 1.7674840688705444
v -0.30430442094802856 0.06328482180833817 1.7511845827102661
v -0.09592578560113907 0.0012680006911978126 1.7914032936096191
v -0.09504513442516327 0.06330688297748566 1.77488374710083
v 0.11662247776985168 0.0012724698754027486 1.790174961090088
v 0.11554834991693497 0.06331131607294083 1.7736668586730957
v 0.32753363251686096 0.0012590765254572034 1.7638165950775146
v 0.32451972365379333 0.0632980465888977 1.7475508451461792
v 0.533846914768219 0.0012280085356906056 1.7126981019973755
v 0.5289356112480164 0.06326726078987122 1.6969025135040283
v 0.7326661944389343 0.001179701997898519 1.6375371217727661
v 0.7259263396263123 0.06321939826011658 1.6224327087402344
v 0.9212003946304321 0.0011148349149152637 1.5393885374069214
v 0.9127265810966492 0.06315512955188751 1.5251868963241577
v 1.0968029499053955 0.0010343180038034916 1.419630527496338
v 1.086714267730713 0.06307535618543625 1.4065301418304443
v 1.2570087909698486 0.0009392815409228206 1.279943823814392
v 1.2454466819763184 0.06298118829727173 1.2681282758712769
v 1.399569034576416 0.0008310597040690482 1.1222896575927734
v 1.3866957426071167 0.0628739669919014 1.1119240522384644
v 1.5224823951721191 0.0007111715967766941 0.9488810896873474
v 1.5084786415100098 0.06275517493486404 0.9401102066040039
v 1.6240234375 0.0005813001771457493 0.7621521353721619
v 1.6090857982635498 0.06262650340795517 0.7550986409187317
v 1.7027667760849 0.0004432685673236847 0.5647242665290833
v 1.6871049404144287 0.062489740550518036 0.5594865679740906
v 1.757606863975525 0.00029901444213464856 0.3593689501285553
v 1.7414406538009644 0.06234681233763695 0.35601985454559326
v 1.7877742052078247 0.00015056278789415956 0.1489688605070114
v 1.7713305950164795 0.062199726700782776 0.14755479991436005
v 1.7763547897338867 0.06205054372549057 -0.0629822164773941
v 1.7928450107574463 -2.408480526128187e-9 -0.06352242082357407
v 1.7564427852630615 0.06190136447548866 -0.27263572812080383
v 1.7763547897338867 0.06205054372549057 -0.0629822164773941
v 1.7564427852630615 0.06190136447548866 -0.27263572812080383
v 1.7091176509857178 0.11325755715370178 -0.26532769203186035
v 1.7118741273880005 0.06175427883863449 -0.4784626066684723
v 1.7564427852630615 0.06190136447548866 -0.27263572812080383
v 1.7118741273880005 0.06175427883863449 -0.4784626066684723
v 1.6657497882843018 0.11311443150043488 -0.46560901403427124
v 1.6432745456695557 0.0616113506257534 -0.677573561668396
v 1.7118741273880005 0.06175427883863449 -0.4784626066684723
v 1.6432745456695557 0.0616113506257534 -0.677573561668396
v 1.5989985466003418 0.1129753589630127 -0.6593552827835083
v 1.5516070127487183 0.06147458776831627 -0.8671734929084778
v 1.6432745456695557 0.0616113506257534 -0.677573561668396
v 1.5516070127487183 0.06147458776831627 -0.8671734929084778
v 1.509800672531128 0.11284227669239044 -0.84384685754776
v 1.4381581544876099 0.061345912516117096 -1.0446008443832397
v 1.5516070127487183 0.06147458776831627 -0.8671734929084778
v 1.4381581544876099 0.061345912516117096 -1.0446008443832397
v 1.3994085788726807 0.11271706968545914 -1.016493797302246
v 1.304520845413208 0.06122712790966034 -1.2073649168014526
v 1.4381581544876099 0.061345912516117096 -1.0446008443832397
v 1.304520845413208 0.06122712790966034 -1.2073649168014526
v 1.2693718671798706 0.11260148137807846 -1.1748723983764648
v 1.1525708436965942 0.06111990287899971 -1.3531807661056519
v 1.304520845413208 0.06122712790966034 -1.2073649168014526
v 1.1525708436965942 0.06111990287899971 -1.3531807661056519
v 1.1215158700942993 0.11249714344739914 -1.316759705543518
v 0.9844412803649902 0.06102573871612549 -1.4800015687942505
v 1.1525708436965942 0.06111990287899971 -1.3531807661056519
v 0.9844412803649902 0.06102573871612549 -1.4800015687942505
v 0.9579160809516907 0.11240552365779877 -1.440163493156433
v 0.8024922013282776 0.060945961624383926 -1.5860470533370972
v 0.9844412803649902 0.06102573871612549 -1.4800015687942505
v 0.8024922013282776 0.060945961624383926 -1.5860470533370972
v 0.7808693647384644 0.11232789605855942 -1.5433518886566162
v 0.6092779636383057 0.06088169291615486 -1.6698285341262817
v 0.8024922013282776 0.060945961624383926 -1.5860470533370972
v 0.6092779636383057 0.06088169291615486 -1.6698285341262817
v 0.5928608775138855 0.11226535588502884 -1.6248760223388672
v 0.4075107276439667 0.06083383038640022 -1.7301698923110962
v 0.6092779636383057 0.06088169291615486 -1.6698285341262817
v 0.4075107276439667 0.06083383038640022 -1.7301698923110962
v 0.3965298533439636 0.11221878230571747 -1.6835914850234985
v 0.20002292096614838 0.06080304831266403 -1.7662241458892822
v 0.4075107276439667 0.06083383038640022 -1.7301698923110962
v 0.20002292096614838 0.06080304831266403 -1.7662241458892822
v 0.1946323812007904 0.11218883097171783 -1.7186743021011353
v -0.010272768326103687 0.06078977882862091 -1.7774850130081177
v 0.20002292096614838 0.06080304831266403 -1.7662241458892822
v -0.010272768326103687 0.06078977882862091 -1.7774850130081177
v -0.009997320361435413 0.11217591911554337 -1.729631781578064
v -0.22042429447174072 0.06079420819878578 -1.7637944221496582
v -0.010272768326103687 0.06078977882862091 -1.7774850130081177
v -0.22042429447174072 0.06079420819878578 -1.7637944221496582
v -0.2144867330789566 0.11218023300170898 -1.7163102626800537
v -0.4274815618991852 0.06081627309322357 -1.7253446578979492
v -0.22042429447174072 0.06079420819878578 -1.7637944221496582
v -0.4274815618991852 0.06081627309322357 -1.7253446578979492
v -0.4159652888774872 0.11220169812440872 -1.678896427154541
v -0.6285379528999329 0.06085566431283951 -1.6626756191253662
v -0.4274815618991852 0.06081627309322357 -1.7253446578979492
v -0.6285379528999329 0.06085566431283951 -1.6626756191253662
v -0.611604630947113 0.1122400313615799 -1.6179158687591553
v -0.8207710385322571 0.06091183051466942 -1.5766667127609253
v -0.6285379528999329 0.06085566431283951 -1.6626756191253662
v -0.8207710385322571 0.06091183051466942 -1.5766667127609253
v -0.7986583709716797 0.11229468137025833 -1.534224271774292
v -1.001482367515564 0.06098398193717003 -1.4685256481170654
v -0.8207710385322571 0.06091183051466942 -1.5766667127609253
v -1.001482367515564 0.06098398193717003 -1.4685256481170654
v -0.9745007753372192 0.11236488819122314 -1.4289968013763428
v -1.1681350469589233 0.06107110157608986 -1.3397701978683472
v -1.001482367515564 0.06098398193717003 -1.4685256481170654
v -1.1681350469589233 0.06107110157608986 -1.3397701978683472
v -1.1366634368896484 0.11244966089725494 -1.3037104606628418
v -1.3183897733688354 0.06117197498679161 -1.192207932472229
v -1.1681350469589233 0.06107110157608986 -1.3397701978683472
v -1.3183897733688354 0.06117197498679161 -1.192207932472229
v -1.2828696966171265 0.11254781484603882 -1.1601239442825317
v -1.4501371383666992 0.06128517910838127 -1.0279103517532349
v -1.3183897733688354 0.06117197498679161 -1.192207932472229
v -1.4501371383666992 0.06128517910838127 -1.0279103517532349
v -1.4110674858093262 0.11265797168016434 -1.0002529621124268
v -1.5615278482437134 0.061409126967191696 -0.8491837978363037
v -1.4501371383666992 0.06128517910838127 -1.0279103517532349
v -1.5615278482437134 0.061409126967191696 -0.8491837978363037
v -1.5194569826126099 0.11277858167886734 -0.8263418078422546
v -1.6509981155395508 0.0615420825779438 -0.6585370898246765
v -1.5615278482437134 0.061409126967191696 -0.8491837978363037
v -1.6509981155395508 0.0615420825779438 -0.6585370898246765
v -1.606516718864441 0.11290795356035233 -0.640831708908081
v -1.717292070388794 0.06168217211961746 -0.45864662528038025
v -1.6509981155395508 0.0615420825779438 -0.6585370898246765
v -1.717292070388794 0.06168217211961746 -0.45864662528038025
v -1.6710243225097656 0.11304426938295364 -0.4463269114494324
v -1.7594789266586304 0.061827436089515686 -0.252318412065506
v -1.717292070388794 0.06168217211961746 -0.45864662528038025
v -1.7594789266586304 0.061827436089515686 -0.252318412065506
v -1.712074637413025 0.11318561434745789 -0.2455577850341797
v -1.7769665718078613 0.06197582930326462 -0.042448777705430984
v -1.7594789266586304 0.061827436089515686 -0.252318412065506
v -1.7769665718078613 0.06197582930326462 -0.042448777705430984
v -1.7290911674499512 0.11333001405000687 -0.041342683136463165
v -1.7695095539093018 0.062125273048877716 0.16801612079143524
v -1.7769665718078613 0.06197582930326462 -0.042448777705430984
v -1.7695095539093018 0.062125273048877716 0.16801612079143524
v -1.7218350172042847 0.11347542703151703 0.1634516566991806
v -1.7372125387191772 0.06227366626262665 0.3761218190193176
v -1.7695095539093018 0.062125273048877716 0.16801612079143524
v -1.7372125387191772 0.06227366626262665 0.3761218190193176
v -1.6904082298278809 0.11361982673406601 0.3659503757953644
v -1.680528998374939 0.06241892650723457 0.5789469480514526
v -1.7372125387191772 0.06227366626262665 0.3761218190193176
v -1.680528998374939 0.06241892650723457 0.5789469480514526
v -1.635251760482788 0.11376117169857025 0.5633108019828796
v -1.6002544164657593 0.06255901604890823 0.7736443281173706
v -1.680528998374939 0.06241892650723457 0.5789469480514526
v -1.6002544164657593 0.06255901604890823 0.7736443281173706
v -1.5571401119232178 0.11389748752117157 0.7527624368667603
v -1.4975157976150513 0.06269197165966034 0.9574808478355408
v -1.6002544164657593 0.06255901604890823 0.7736443281173706
v -1.4975157976150513 0.06269197165966034 0.9574808478355408
v -1.457169532775879 0.11402685940265656 0.9316458702087402
v -1.3737553358078003 0.06281591951847076 1.127875804901123
v -1.4975157976150513 0.06269197165966034 0.9574808478355408
v -1.3737553358078003 0.06281591951847076 1.127875804901123
v -1.3367435932159424 0.11414746940135956 1.0974498987197876
v -1.2307103872299194 0.06292912364006042 1.2824372053146362
v -1.3737553358078003 0.06281591951847076 1.127875804901123
v -1.2307103872299194 0.06292912364006042 1.2824372053146362
v -1.1975526809692383 0.11425762623548508 1.2478469610214233
v -1.0703890323638916 0.06302999705076218 1.4189953804016113
v -1.2307103872299194 0.06292912364006042 1.2824372053146362
v -1.0703890323638916 0.06302999705076218 1.4189953804016113
v -1.0415509939193726 0.11435578018426895 1.3807258605957031
v -0.8950417637825012 0.063117116689682 1.5356333255767822
v -1.0703890323638916 0.06302999705076218 1.4189953804016113
v -0.8950417637825012 0.063117116689682 1.5356333255767822
v -0.8709280490875244 0.11444055289030075 1.4942212104797363
v -0.7071300745010376 0.06318926811218262 1.6307138204574585
v -0.8950417637825012 0.063117116689682 1.5356333255767822
v -0.7071300745010376 0.06318926811218262 1.6307138204574585
v -0.6880792379379272 0.11451075971126556 1.5867398977279663
v -0.50929194688797 0.06324543058872223 1.7029019594192505
v -0.7071300745010376 0.06318926811218262 1.6307138204574585
v -0.50929194688797 0.06324543058872223 1.7029019594192505
v -0.49557143449783325 0.114565409719944 1.6569832563400269
v -0.30430442094802856 0.06328482180833817 1.7511845827102661
v -0.50929194688797 0.06324543058872223 1.7029019594192505
v -0.30430442094802856 0.06328482180833817 1.7511845827102661
v -0.29610687494277954 0.11460373550653458 1.7039649486541748
v -0.09504513442516327 0.06330688297748566 1.77488374710083
v -0.30430442094802856 0.06328482180833817 1.7511845827102661
v -0.09504513442516327 0.06330688297748566 1.77488374710083
v -0.09248565137386322 0.11462520807981491 1.7270255088806152
v 0.11554834991693497 0.06331131607294083 1.7736668586730957
v -0.09504513442516327 0.06330688297748566 1.77488374710083
v 0.11554834991693497 0.06331131607294083 1.7736668586730957
v 0.11243379861116409 0.11462951451539993 1.7258414030075073
v 0.32451972365379333 0.0632980465888977 1.7475508451461792
v 0.11554834991693497 0.06331131607294083 1.7736668586730957
v 0.32451972365379333 0.0632980465888977 1.7475508451461792
v 0.3157748878002167 0.11461660265922546 1.7004289627075195
v 0.5289356112480164 0.06326726078987122 1.6969025135040283
v 0.32451972365379333 0.0632980465888977 1.7475508451461792
v 0.5289356112480164 0.06326726078987122 1.6969025135040283
v 0.5146831274032593 0.11458665132522583 1.6511452198028564
v 0.7259263396263123 0.06321939826011658 1.6224327087402344
v 0.5289356112480164 0.06326726078987122 1.6969025135040283
v 0.7259263396263123 0.06321939826011658 1.6224327087402344
v 0.7063663601875305 0.11454007774591446 1.5786819458007812
v 0.9127265810966492 0.06315512955188751 1.5251868963241577
v 0.7259263396263123 0.06321939826011658 1.6224327087402344
v 0.9127265810966492 0.06315512955188751 1.5251868963241577
v 0.8881336450576782 0.11447753757238388 1.4840562343597412
v 1.086714267730713 0.06307535618543625 1.4065301418304443
v 0.9127265810966492 0.06315512955188751 1.5251868963241577
v 1.086714267730713 0.06307535618543625 1.4065301418304443
v 1.0574334859848022 0.11439990997314453 1.3685965538024902
v 1.2454466819763184 0.06298118829727173 1.2681282758712769
v 1.086714267730713 0.06307535618543625 1.4065301418304443
v 1.2454466819763184 0.06298118829727173 1.2681282758712769
v 1.2118892669677734 0.11430829018354416 1.2339235544204712
v 1.3866957426071167 0.0628739669919014 1.1119240522384644
v 1.2454466819763184 0.06298118829727173 1.2681282758712769
v 1.3866957426071167 0.0628739669919014 1.1119240522384644
v 1.3493326902389526 0.11420395225286484 1.0819278955459595
v 1.5084786415100098 0.06275517493486404 0.9401102066040039
v 1.3866957426071167 0.0628739669919014 1.1119240522384644
v 1.5084786415100098 0.06275517493486404 0.9401102066040039
v 1.4678343534469604 0.11408836394548416 0.9147432446479797
v 1.6090857982635498 0.06262650340795517 0.7550986409187317
v 1.5084786415100098 0.06275517493486404 0.9401102066040039
v 1.6090857982635498 0.06262650340795517 0.7550986409187317
v 1.5657309293746948 0.11396315693855286 0.7347164154052734
v 1.6871049404144287 0.062489740550518036 0.5594865679740906
v 1.6090857982635498 0.06262650340795517 0.7550986409187317
v 1.6871049404144287 0.062489740550518036 0.5594865679740906
v 1.6416480541229248 0.1138300746679306 0.5443747043609619
v 1.7414406538009644 0.06234681233763695 0.35601985454559326
v 1.6871049404144287 0.062489740550518036 0.5594865679740906
v 1.7414406538009644 0.06234681233763695 0.35601985454559326
v 1.6945197582244873 0.11369100213050842 0.3463900089263916
v 1.7713305950164795 0.062199726700782776 0.14755479991436005
v 1.7414406538009644 0.06234681233763695 0.35601985454559326
v 1.7713305950164795 0.062199726700782776 0.14755479991436005
v 1.7236043214797974 0.11354787647724152 0.143541619181633
v 1.7763547897338867 0.06205054372549057 -0.0629822164773941
v 1.7713305950164795 0.062199726700782776 0.14755479991436005
v 1.7284932136535645 0.11340271681547165 -0.0613228902220726
v 1.7763547897338867 0.06205054372549057 -0.0629822164773941
v 1.7091176509857178 0.11325755715370178 -0.26532769203186035
v 1.7284932136535645 0.11340271681547165 -0.0613228902220726
v 1.7091176509857178 0.11325755715370178 -0.26532769203186035
v 1.6354055404663086 0.14413730800151825 -0.2539099454879761
v 1.6657497882843018 0.11311443150043488 -0.46560901403427124
v 1.7091176509857178 0.11325755715370178 -0.26532769203186035
v 1.6657497882843018 0.11311443150043488 -0.46560901403427124
v 1.5939079523086548 0.1440003514289856 -0.4455534517765045
v 1.5989985466003418 0.1129753589630127 -0.6593552827835083
v 1.6657497882843018 0.11311443150043488 -0.46560901403427124
v 1.5989985466003418 0.1129753589630127 -0.6593552827835083
v 1.5300356149673462 0.14386726915836334 -0.6309438347816467
v 1.509800672531128 0.11284227669239044 -0.84384685754776
v 1.5989985466003418 0.1129753589630127 -0.6593552827835083
v 1.509800672531128 0.11284227669239044 -0.84384685754776
v 1.4446847438812256 0.14373993873596191 -0.8074786067008972
v 1.3994085788726807 0.11271706968545914 -1.016493797302246
v 1.509800672531128 0.11284227669239044 -0.84384685754776
v 1.3994085788726807 0.11271706968545914 -1.016493797302246
v 1.3390536308288574 0.14362013339996338 -0.9726794958114624
v 1.2693718671798706 0.11260148137807846 -1.1748723983764648
v 1.3994085788726807 0.11271706968545914 -1.016493797302246
v 1.2693718671798706 0.11260148137807846 -1.1748723983764648
v 1.2146251201629639 0.14350952208042145 -1.124227523803711
v 1.1215158700942993 0.11249714344739914 -1.316759705543518
v 1.2693718671798706 0.11260148137807846 -1.1748723983764648
v 1.1215158700942993 0.11249714344739914 -1.316759705543518
v 1.073145866394043 0.14340968430042267 -1.259995460510254
v 0.9579160809516907 0.11240552365779877 -1.440163493156433
v 1.1215158700942993 0.11249714344739914 -1.316759705543518
v 0.9579160809516907 0.11240552365779877 -1.440163493156433
v 0.9166019558906555 0.14332202076911926 -1.3780771493911743
v 0.7808693647384644 0.11232789605855942 -1.5433518886566162
v 0.9579160809516907 0.11240552365779877 -1.440163493156433
v 0.7808693647384644 0.11232789605855942 -1.5433518886566162
v 0.7471908926963806 0.14324773848056793 -1.476815104484558
v 0.5928608775138855 0.11226535588502884 -1.6248760223388672
v 0.7808693647384644 0.11232789605855942 -1.5433518886566162
v 0.5928608775138855 0.11226535588502884 -1.6248760223388672
v 0.5672909021377563 0.14318789541721344 -1.5548231601715088
v 0.3965298533439636 0.11221878230571747 -1.6835914850234985
v 0.5928608775138855 0.11226535588502884 -1.6248760223388672
v 0.3965298533439636 0.11221878230571747 -1.6835914850234985
v 0.37942731380462646 0.14314332604408264 -1.6110066175460815
v 0.1946323812007904 0.11218883097171783 -1.7186743021011353
v 0.3965298533439636 0.11221878230571747 -1.6835914850234985
v 0.1946323812007904 0.11218883097171783 -1.7186743021011353
v 0.18623733520507812 0.14311467111110687 -1.6445763111114502
v -0.009997320361435413 0.11217591911554337 -1.729631781578064
v 0.1946323812007904 0.11218883097171783 -1.7186743021011353
v -0.009997320361435413 0.11217591911554337 -1.729631781578064
v -0.009567050263285637 0.14310231804847717 -1.65506112575531
v -0.2144867330789566 0.11218023300170898 -1.7163102626800537
v -0.009997320361435413 0.11217591911554337 -1.729631781578064
v -0.2144867330789566 0.11218023300170898 -1.7163102626800537
v -0.20523717999458313 0.14310644567012787 -1.642314076423645
v -0.4159652888774872 0.11220169812440872 -1.678896427154541
v -0.2144867330789566 0.11218023300170898 -1.7163102626800537
v -0.4159652888774872 0.11220169812440872 -1.678896427154541
v -0.39802631735801697 0.143126979470253 -1.6065138578414917
v -0.611604630947113 0.1122400313615799 -1.6179158687591553
v -0.4159652888774872 0.11220169812440872 -1.678896427154541
v -0.611604630947113 0.1122400313615799 -1.6179158687591553
v -0.5852280259132385 0.14316366612911224 -1.5481631755828857
v -0.7986583709716797 0.11229468137025833 -1.534224271774292
v -0.611604630947113 0.1122400313615799 -1.6179158687591553
v -0.7986583709716797 0.11229468137025833 -1.534224271774292
v -0.7642145156860352 0.14321595430374146 -1.4680812358856201
v -0.9745007753372192 0.11236488819122314 -1.4289968013763428
v -0.7986583709716797 0.11229468137025833 -1.534224271774292
v -0.9745007753372192 0.11236488819122314 -1.4289968013763428
v -0.9324731826782227 0.14328312873840332 -1.3673919439315796
v -1.1366634368896484 0.11244966089725494 -1.3037104606628418
v -0.9745007753372192 0.11236488819122314 -1.4289968013763428
v -1.1366634368896484 0.11244966089725494 -1.3037104606628418
v -1.087641954421997 0.14336425065994263 -1.2475090026855469
v -1.2828696966171265 0.11254781484603882 -1.1601239442825317
v -1.1366634368896484 0.11244966089725494 -1.3037104606628418
v -1.2828696966171265 0.11254781484603882 -1.1601239442825317
v -1.227542757987976 0.14345817267894745 -1.1101150512695312
v -1.4110674858093262 0.11265797168016434 -1.0002529621124268
v -1.2828696966171265 0.11254781484603882 -1.1601239442825317
v -1.4110674858093262 0.11265797168016434 -1.0002529621124268
v -1.350211501121521 0.14356358349323273 -0.9571391940116882
v -1.5194569826126099 0.11277858167886734 -0.8263418078422546
v -1.4110674858093262 0.11265797168016434 -1.0002529621124268
v -1.5194569826126099 0.11277858167886734 -0.8263418078422546
v -1.4539263248443604 0.14367899298667908 -0.7907285094261169
v -1.606516718864441 0.11290795356035233 -0.640831708908081
v -1.5194569826126099 0.11277858167886734 -0.8263418078422546
v -1.606516718864441 0.11290795356035233 -0.640831708908081
v -1.537231206893921 0.14380277693271637 -0.613219141960144
v -1.6710243225097656 0.11304426938295364 -0.4463269114494324
v -1.606516718864441 0.11290795356035233 -0.640831708908081
v -1.6710243225097656 0.11304426938295364 -0.4463269114494324
v -1.5989569425582886 0.1439332216978073 -0.4271029829978943
v -1.712074637413025 0.11318561434745789 -0.2455577850341797
v -1.6710243225097656 0.11304426938295364 -0.4463269114494324
v -1.712074637413025 0.11318561434745789 -0.2455577850341797
v -1.6382367610931396 0.14406846463680267 -0.23499266803264618
v -1.7290911674499512 0.11333001405000687 -0.041342683136463165
v -1.712074637413025 0.11318561434745789 -0.2455577850341797
v -1.7290911674499512 0.11333001405000687 -0.041342683136463165
v -1.6545193195343018 0.14420662820339203 -0.03958500921726227
v -1.7218350172042847 0.11347542703151703 0.1634516566991806
v -1.7290911674499512 0.11333001405000687 -0.041342683136463165
v -1.7218350172042847 0.11347542703151703 0.1634516566991806
v -1.6475762128829956 0.14434577524662018 0.156376913189888
v -1.6904082298278809 0.11361982673406601 0.3659503757953644
v -1.7218350172042847 0.11347542703151703 0.1634516566991806
v -1.6904082298278809 0.11361982673406601 0.3659503757953644
v -1.6175048351287842 0.14448395371437073 0.3501422107219696
v -1.635251760482788 0.11376117169857025 0.5633108019828796
v -1.6904082298278809 0.11361982673406601 0.3659503757953644
v -1.635251760482788 0.11376117169857025 0.5633108019828796
v -1.5647271871566772 0.1446191966533661 0.5389907956123352
v -1.5571401119232178 0.11389748752117157 0.7527624368667603
v -1.635251760482788 0.11376117169857025 0.5633108019828796
v -1.5571401119232178 0.11389748752117157 0.7527624368667603
v -1.4899842739105225 0.14474964141845703 0.7202717661857605
v -1.457169532775879 0.11402685940265656 0.9316458702087402
v -1.5571401119232178 0.11389748752117157 0.7527624368667603
v -1.457169532775879 0.11402685940265656 0.9316458702087402
v -1.3943252563476562 0.14487342536449432 0.891440212726593
v -1.3367435932159424 0.11414746940135956 1.0974498987197876
v -1.457169532775879 0.11402685940265656 0.9316458702087402
v -1.3367435932159424 0.11414746940135956 1.0974498987197876
v -1.2790930271148682 0.14498883485794067 1.050093412399292
v -1.1975526809692383 0.11425762623548508 1.2478469610214233
v -1.3367435932159424 0.11414746940135956 1.0974498987197876
v -1.1975526809692383 0.11425762623548508 1.2478469610214233
v -1.1459053754806519 0.14509424567222595 1.1940040588378906
v -1.0415509939193726 0.11435578018426895 1.3807258605957031
v -1.1975526809692383 0.11425762623548508 1.2478469610214233
v -1.0415509939193726 0.11435578018426895 1.3807258605957031
v -0.9966315627098083 0.14518815279006958 1.3211520910263062
v -0.8709280490875244 0.11444055289030075 1.4942212104797363
v -1.0415509939193726 0.11435578018426895 1.3807258605957031
v -0.8709280490875244 0.11444055289030075 1.4942212104797363
v -0.8333673477172852 0.1452692747116089 1.4297527074813843
v -0.6880792379379272 0.11451075971126556 1.5867398977279663
v -0.8709280490875244 0.11444055289030075 1.4942212104797363
v -0.6880792379379272 0.11451075971126556 1.5867398977279663
v -0.658404529094696 0.14533644914627075 1.5182812213897705
v -0.49557143449783325 0.114565409719944 1.6569832563400269
v -0.6880792379379272 0.11451075971126556 1.5867398977279663
v -0.49557143449783325 0.114565409719944 1.6569832563400269
v -0.4741991460323334 0.14538875222206116 1.5854949951171875
v -0.29610687494277954 0.11460373550653458 1.7039649486541748
v -0.49557143449783325 0.114565409719944 1.6569832563400269
v -0.29610687494277954 0.11460373550653458 1.7039649486541748
v -0.28333720564842224 0.14542542397975922 1.6304503679275513
v -0.09248565137386322 0.11462520807981491 1.7270255088806152
v -0.29610687494277954 0.11460373550653458 1.7039649486541748
v -0.09248565137386322 0.11462520807981491 1.7270255088806152
v -0.08849780261516571 0.14544597268104553 1.652516484260559
v 0.11243379861116409 0.11462951451539993 1.7258414030075073
v -0.09248565137386322 0.11462520807981491 1.7270255088806152
v 0.11243379861116409 0.11462951451539993 1.7258414030075073
v 0.10758382081985474 0.14545010030269623 1.651383399963379
v 0.3157748878002167 0.11461660265922546 1.7004289627075195
v 0.11243379861116409 0.11462951451539993 1.7258414030075073
v 0.3157748878002167 0.11461660265922546 1.7004289627075195
v 0.30215516686439514 0.14543773233890533 1.6270670890808105
v 0.5146831274032593 0.11458665132522583 1.6511452198028564
v 0.3157748878002167 0.11461660265922546 1.7004289627075195
v 0.5146831274032593 0.11458665132522583 1.6511452198028564
v 0.4924848675727844 0.14540907740592957 1.579908847808838
v 0.7063663601875305 0.11454007774591446 1.5786819458007812
v 0.5146831274032593 0.11458665132522583 1.6511452198028564
v 0.7063663601875305 0.11454007774591446 1.5786819458007812
v 0.6759011149406433 0.14536450803279877 1.5105706453323364
v 0.8881336450576782 0.11447753757238388 1.4840562343597412
v 0.7063663601875305 0.11454007774591446 1.5786819458007812
v 0.8881336450576782 0.11447753757238388 1.4840562343597412
v 0.8498290777206421 0.14530466496944427 1.4200260639190674
v 1.0574334859848022 0.11439990997314453 1.3685965538024902
v 0.8881336450576782 0.11447753757238388 1.4840562343597412
v 1.0574334859848022 0.11439990997314453 1.3685965538024902
v 1.0118273496627808 0.14523039758205414 1.3095459938049316
v 1.2118892669677734 0.11430829018354416 1.2339235544204712
v 1.0574334859848022 0.11439990997314453 1.3685965538024902
v 1.2118892669677734 0.11430829018354416 1.2339235544204712
v 1.1596217155456543 0.14514271914958954 1.1806812286376953
v 1.3493326902389526 0.11420395225286484 1.0819278955459595
v 1.2118892669677734 0.11430829018354416 1.2339235544204712
v 1.3493326902389526 0.11420395225286484 1.0819278955459595
v 1.2911373376846313 0.14504288136959076 1.0352407693862915
v 1.4678343534469604 0.11408836394548416 0.9147432446479797
v 1.3493326902389526 0.11420395225286484 1.0819278955459595
v 1.4678343534469604 0.11408836394548416 0.9147432446479797
v 1.4045283794403076 0.14493228495121002 0.8752665519714355
v 1.5657309293746948 0.11396315693855286 0.7347164154052734
v 1.4678343534469604 0.11408836394548416 0.9147432446479797
v 1.5657309293746948 0.11396315693855286 0.7347164154052734
v 1.4982028007507324 0.1448124647140503 0.7030040621757507
v 1.6416480541229248 0.1138300746679306 0.5443747043609619
v 1.5657309293746948 0.11396315693855286 0.7347164154052734
v 1.6416480541229248 0.1138300746679306 0.5443747043609619
v 1.570845603942871 0.14468513429164886 0.5208714008331299
v 1.6945197582244873 0.11369100213050842 0.3463900089263916
v 1.6416480541229248 0.1138300746679306 0.5443747043609619
v 1.6945197582244873 0.11369100213050842 0.3463900089263916
v 1.6214371919631958 0.1445520520210266 0.33142542839050293
v 1.7236043214797974 0.11354787647724152 0.143541619181633
v 1.6945197582244873 0.11369100213050842 0.3463900089263916
v 1.7236043214797974 0.11354787647724152 0.143541619181633
v 1.6492674350738525 0.14441511034965515 0.13732556998729706
v 1.7284932136535645 0.11340271681547165 -0.0613228902220726
v 1.7236043214797974 0.11354787647724152 0.143541619181633
v 1.6539453268051147 0.1442762017250061 -0.058703500777482986
v 1.7284932136535645 0.11340271681547165 -0.0613228902220726
v 1.6354055404663086 0.14413730800151825 -0.2539099454879761
v 1.6539453268051147 0.1442762017250061 -0.058703500777482986
v 1.5939079523086548 0.1440003514289856 -0.4455534517765045
v 1.6354055404663086 0.14413730800151825 -0.2539099454879761
v 1.5300356149673462 0.14386726915836334 -0.6309438347816467
v 1.5939079523086548 0.1440003514289856 -0.4455534517765045
v 1.4446847438812256 0.14373993873596191 -0.8074786067008972
v 1.5300356149673462 0.14386726915836334 -0.6309438347816467
v 1.3390536308288574 0.14362013339996338 -0.9726794958114624
v 1.4446847438812256 0.14373993873596191 -0.8074786067008972
v 1.2146251201629639 0.14350952208042145 -1.124227523803711
v 1.3390536308288574 0.14362013339996338 -0.9726794958114624
v 1.073145866394043 0.14340968430042267 -1.259995460510254
v 1.2146251201629639 0.14350952208042145 -1.124227523803711
v 0.9166019558906555 0.14332202076911926 -1.3780771493911743
v 1.073145866394043 0.14340968430042267 -1.259995460510254
v 0.7471908926963806 0.14324773848056793 -1.476815104484558
v 0.9166019558906555 0.14332202076911926 -1.3780771493911743
v 0.5672909021377563 0.14318789541721344 -1.5548231601715088
v 0.7471908926963806 0.14324773848056793 -1.476815104484558
v 0.37942731380462646 0.14314332604408264 -1.6110066175460815
v 0.5672909021377563 0.14318789541721344 -1.5548231601715088
v 0.18623733520507812 0.14311467111110687 -1.6445763111114502
v 0.37942731380462646 0.14314332604408264 -1.6110066175460815
v -0.009567050263285637 0.14310231804847717 -1.65506112575531
v 0.18623733520507812 0.14311467111110687 -1.6445763111114502
v -0.20523717999458313 0.14310644567012787 -1.642314076423645
v -0.009567050263285637 0.14310231804847717 -1.65506112575531
v -0.39802631735801697 0.143126979470253 -1.6065138578414917
v -0.20523717999458313 0.14310644567012787 -1.642314076423645
v -0.5852280259132385 0.14316366612911224 -1.5481631755828857
v -0.39802631735801697 0.143126979470253 -1.6065138578414917
v -0.7642145156860352 0.14321595430374146 -1.4680812358856201
v -0.5852280259132385 0.14316366612911224 -1.5481631755828857
v -0.9324731826782227 0.14328312873840332 -1.3673919439315796
v -0.7642145156860352 0.14321595430374146 -1.4680812358856201
v -1.087641954421997 0.14336425065994263 -1.2475090026855469
v -0.9324731826782227 0.14328312873840332 -1.3673919439315796
v -1.227542757987976 0.14345817267894745 -1.1101150512695312
v -1.087641954421997 0.14336425065994263 -1.2475090026855469
v -1.350211501121521 0.14356358349323273 -0.9571391940116882
v -1.227542757987976 0.14345817267894745 -1.1101150512695312
v -1.4539263248443604 0.14367899298667908 -0.7907285094261169
v -1.350211501121521 0.14356358349323273 -0.9571391940116882
v -1.537231206893921 0.14380277693271637 -0.613219141960144
v -1.4539263248443604 0.14367899298667908 -0.7907285094261169
v -1.5989569425582886 0.1439332216978073 -0.4271029829978943
v -1.537231206893921 0.14380277693271637 -0.613219141960144
v -1.6382367610931396 0.14406846463680267 -0.23499266803264618
v -1.5989569425582886 0.1439332216978073 -0.4271029829978943
v -1.6545193195343018 0.14420662820339203 -0.03958500921726227
v -1.6382367610931396 0.14406846463680267 -0.23499266803264618
v -1.6475762128829956 0.14434577524662018 0.156376913189888
v -1.6545193195343018 0.14420662820339203 -0.03958500921726227
v -1.6175048351287842 0.14448395371437073 0.3501422107219696
v -1.6475762128829956 0.14434577524662018 0.156376913189888
v -1.5647271871566772 0.1446191966533661 0.5389907956123352
v -1.6175048351287842 0.14448395371437073 0.3501422107219696
v -1.4899842739105225 0.14474964141845703 0.7202717661857605
v -1.5647271871566772 0.1446191966533661 0.5389907956123352
v -1.3943252563476562 0.14487342536449432 0.891440212726593
v -1.4899842739105225 0.14474964141845703 0.7202717661857605
v -1.2790930271148682 0.14498883485794067 1.050093412399292
v -1.3943252563476562 0.14487342536449432 0.891440212726593
v -1.1459053754806519 0.14509424567222595 1.1940040588378906
v -1.2790930271148682 0.14498883485794067 1.050093412399292
v -0.9966315627098083 0.14518815279006958 1.3211520910263062
v -1.1459053754806519 0.14509424567222595 1.1940040588378906
v -0.8333673477172852 0.1452692747116089 1.4297527074813843
v -0.9966315627098083 0.14518815279006958 1.3211520910263062
v -0.658404529094696 0.14533644914627075 1.5182812213897705
v -0.8333673477172852 0.1452692747116089 1.4297527074813843
v -0.4741991460323334 0.14538875222206116 1.5854949951171875
v -0.658404529094696 0.14533644914627075 1.5182812213897705
v -0.28333720564842224 0.14542542397975922 1.6304503679275513
v -0.4741991460323334 0.14538875222206116 1.5854949951171875
v -0.08849780261516571 0.14544597268104553 1.652516484260559
v -0.28333720564842224 0.14542542397975922 1.6304503679275513
v 0.10758382081985474 0.14545010030269623 1.651383399963379
v -0.08849780261516571 0.14544597268104553 1.652516484260559
v 0.30215516686439514 0.14543773233890533 1.6270670890808105
v 0.10758382081985474 0.14545010030269623 1.651383399963379
v 0.4924848675727844 0.14540907740592957 1.579908847808838
v 0.30215516686439514 0.14543773233890533 1.6270670890808105
v 0.6759011149406433 0.14536450803279877 1.5105706453323364
v 0.4924848675727844 0.14540907740592957 1.579908847808838
v 0.8498290777206421 0.14530466496944427 1.4200260639190674
v 0.6759011149406433 0.14536450803279877 1.5105706453323364
v 1.0118273496627808 0.14523039758205414 1.3095459938049316
v 0.8498290777206421 0.14530466496944427 1.4200260639190674
v 1.1596217155456543 0.14514271914958954 1.1806812286376953
v 1.0118273496627808 0.14523039758205414 1.3095459938049316
v 1.2911373376846313 0.14504288136959076 1.0352407693862915
v 1.1596217155456543 0.14514271914958954 1.1806812286376953
v 1.4045283794403076 0.14493228495121002 0.8752665519714355
v 1.2911373376846313 0.14504288136959076 1.0352407693862915
v 1.4982028007507324 0.1448124647140503 0.7030040621757507
v 1.4045283794403076 0.14493228495121002 0.8752665519714355
v 1.570845603942871 0.14468513429164886 0.5208714008331299
v 1.4982028007507324 0.1448124647140503 0.7030040621757507
v 1.6214371919631958 0.1445520520210266 0.33142542839050293
v 1.570845603942871 0.14468513429164886 0.5208714008331299
v 1.6492674350738525 0.14441511034965515 0.13732556998729706
v 1.6214371919631958 0.1445520520210266 0.33142542839050293
v 1.6539453268051147 0.1442762017250061 -0.058703500777482986
v 1.6492674350738525 0.14441511034965515 0.13732556998729706
v 1.5426008701324463 0.14652103185653687 -0.23950879275798798
v 1.5600886344909668 0.14665204286575317 -0.05537974834442139
v 1.5426008701324463 0.14652103185653687 -0.23950879275798798
v 1.440057396888733 0.11484987288713455 -0.22357197105884552
v 1.5034582614898682 0.1463918536901474 -0.4202771484851837
v 1.5426008701324463 0.14652103185653687 -0.23950879275798798
v 1.5034582614898682 0.1463918536901474 -0.4202771484851837
v 1.4035168886184692 0.11472927778959274 -0.3923237919807434
v 1.443210482597351 0.14626632630825043 -0.5951471328735352
v 1.5034582614898682 0.1463918536901474 -0.4202771484851837
v 1.443210482597351 0.14626632630825043 -0.5951471328735352
v 1.3472740650177002 0.11461209505796432 -0.5555694103240967
v 1.3627029657363892 0.14614620804786682 -0.761664092540741
v 1.443210482597351 0.14626632630825043 -0.5951471328735352
v 1.3627029657363892 0.14614620804786682 -0.761664092540741
v 1.272118330001831 0.11449997127056122 -0.7110171318054199
v 1.263066053390503 0.14603319764137268 -0.9174903631210327
v 1.3627029657363892 0.14614620804786682 -0.761664092540741
v 1.263066053390503 0.14603319764137268 -0.9174903631210327
v 1.1791048049926758 0.11439447104930878 -0.8564848899841309
v 1.1456985473632812 0.14592887461185455 -1.060438632965088
v 1.263066053390503 0.14603319764137268 -0.9174903631210327
v 1.1456985473632812 0.14592887461185455 -1.060438632965088
v 1.069539189338684 0.11429708451032639 -0.9899306893348694
v 1.0122478008270264 0.14583469927310944 -1.1885019540786743
v 1.1456985473632812 0.14592887461185455 -1.060438632965088
v 1.0122478008270264 0.14583469927310944 -1.1885019540786743
v 0.9449595212936401 0.11420917510986328 -1.1094810962677002
v 0.8645873069763184 0.14575199782848358 -1.2998828887939453
v 1.0122478008270264 0.14583469927310944 -1.1885019540786743
v 0.8645873069763184 0.14575199782848358 -1.2998828887939453
v 0.8071146607398987 0.11413197219371796 -1.2134580612182617
v 0.7047898173332214 0.1456819474697113 -1.3930177688598633
v 0.8645873069763184 0.14575199782848358 -1.2998828887939453
v 0.7047898173332214 0.1456819474697113 -1.3930177688598633
v 0.6579396724700928 0.11406656354665756 -1.3004016876220703
v 0.5350986123085022 0.145625501871109 -1.4665991067886353
v 0.7047898173332214 0.1456819474697113 -1.3930177688598633
v 0.5350986123085022 0.145625501871109 -1.4665991067886353
v 0.4995286464691162 0.11401387304067612 -1.3690919876098633
v 0.3578956723213196 0.14558346569538116 -1.5195941925048828
v 0.5350986123085022 0.145625501871109 -1.4665991067886353
v 0.3578956723213196 0.14558346569538116 -1.5195941925048828
v 0.3341052234172821 0.11397463083267212 -1.4185640811920166
v 0.17566867172718048 0.14555642008781433 -1.5512590408325195
v 0.3578956723213196 0.14558346569538116 -1.5195941925048828
v 0.17566867172718048 0.14555642008781433 -1.5512590408325195
v 0.16399170458316803 0.11394939571619034 -1.4481239318847656
v -0.009024417959153652 0.14554476737976074 -1.5611488819122314
v 0.17566867172718048 0.14555642008781433 -1.5512590408325195
v -0.009024417959153652 0.14554476737976074 -1.5611488819122314
v -0.008423970080912113 0.11393851786851883 -1.4573564529418945
v -0.19359084963798523 0.14554865658283234 -1.549125075340271
v -0.009024417959153652 0.14554476737976074 -1.5611488819122314
v -0.19359084963798523 0.14554865658283234 -1.549125075340271
v -0.18072141706943512 0.11394214630126953 -1.446131944656372
v -0.37543976306915283 0.14556804299354553 -1.5153565406799316
v -0.19359084963798523 0.14554865658283234 -1.549125075340271
v -0.37543976306915283 0.14556804299354553 -1.5153565406799316
v -0.35048195719718933 0.11396023631095886 -1.4146082401275635
v -0.5520183444023132 0.14560264348983765 -1.4603171348571777
v -0.37543976306915283 0.14556804299354553 -1.5153565406799316
v -0.5520183444023132 0.14560264348983765 -1.4603171348571777
v -0.5153225660324097 0.11399253457784653 -1.3632274866104126
v -0.7208479046821594 0.14565196633338928 -1.384779453277588
v -0.5520183444023132 0.14560264348983765 -1.4603171348571777
v -0.7208479046821594 0.14565196633338928 -1.384779453277588
v -0.6729291677474976 0.11403857916593552 -1.2927112579345703
v -0.8795583248138428 0.14571532607078552 -1.2898041009902954
v -0.7208479046821594 0.14565196633338928 -1.384779453277588
v -0.8795583248138428 0.14571532607078552 -1.2898041009902954
v -0.8210894465446472 0.11409773677587509 -1.2040492296218872
v -1.0259218215942383 0.14579184353351593 -1.1767241954803467
v -0.8795583248138428 0.14571532607078552 -1.2898041009902954
v -1.0259218215942383 0.14579184353351593 -1.1767241954803467
v -0.9577234387397766 0.1141691654920578 -1.0984861850738525
v -1.157883644104004 0.14588043093681335 -1.0471268892288208
v -1.0259218215942383 0.14579184353351593 -1.1767241954803467
v -1.157883644104004 0.14588043093681335 -1.0471268892288208
v -1.0809130668640137 0.11425186693668365 -0.9775038957595825
v -1.27359139919281 0.1459798514842987 -0.9028318524360657
v -1.157883644104004 0.14588043093681335 -1.0471268892288208
v -1.27359139919281 0.1459798514842987 -0.9028318524360657
v -1.1889290809631348 0.11434467881917953 -0.8428008556365967
v -1.3714206218719482 0.14608871936798096 -0.7458645105361938
v -1.27359139919281 0.1459798514842987 -0.9028318524360657
v -1.3714206218719482 0.14608871936798096 -0.7458645105361938
v -1.2802553176879883 0.11444630473852158 -0.69626784324646
v -1.4499982595443726 0.14620548486709595 -0.578428328037262
v -1.3714206218719482 0.14608871936798096 -0.7458645105361938
v -1.4499982595443726 0.14620548486709595 -0.578428328037262
v -1.353609561920166 0.11455530673265457 -0.5399619340896606
v -1.50822114944458 0.14632852375507355 -0.4028736352920532
v -1.4499982595443726 0.14620548486709595 -0.578428328037262
v -1.50822114944458 0.14632852375507355 -0.4028736352920532
v -1.4079620838165283 0.11467016488313675 -0.37607720494270325
v -1.5452719926834106 0.14645609259605408 -0.22166500985622406
v -1.50822114944458 0.14632852375507355 -0.4028736352920532
v -1.5452719926834106 0.14645609259605408 -0.22166500985622406
v -1.4425499439239502 0.11478926241397858 -0.20691435039043427
v -1.5606305599212646 0.14658641815185547 -0.037346165627241135
v -1.5452719926834106 0.14645609259605408 -0.22166500985622406
v -1.5606305599212646 0.14658641815185547 -0.037346165627241135
v -1.4568876028060913 0.11491092294454575 -0.03484804183244705
v -1.5540814399719238 0.14671766757965088 0.14749549329280853
v -1.5606305599212646 0.14658641815185547 -0.037346165627241135
v -1.5540814399719238 0.14671766757965088 0.14749549329280853
v -1.4507737159729004 0.11503344774246216 0.13770632445812225
v -1.5257165431976318 0.14684799313545227 0.3302651643753052
v -1.5540814399719238 0.14671766757965088 0.14749549329280853
v -1.5257165431976318 0.14684799313545227 0.3302651643753052
v -1.4242944717407227 0.11515510827302933 0.30832645297050476
v -1.4759337902069092 0.146975576877594 0.5083972215652466
v -1.5257165431976318 0.14684799313545227 0.3302651643753052
v -1.4759337902069092 0.146975576877594 0.5083972215652466
v -1.3778210878372192 0.11527420580387115 0.47461721301078796
v -1.4054323434829712 0.1470986157655716 0.6793910264968872
v -1.4759337902069092 0.146975576877594 0.5083972215652466
v -1.4054323434829712 0.1470986157655716 0.6793910264968872
v -1.3120061159133911 0.11538906395435333 0.6342442631721497
v -1.315201759338379 0.14721538126468658 0.8408461213111877
v -1.4054323434829712 0.1470986157655716 0.6793910264968872
v -1.315201759338379 0.14721538126468658 0.8408461213111877
v -1.2277735471725464 0.11549806594848633 0.7849667072296143
v -1.206508755683899 0.14732423424720764 0.9904962182044983
v -1.315201759338379 0.14721538126468658 0.8408461213111877
v -1.206508755683899 0.14732423424720764 0.9904962182044983
v -1.1263056993484497 0.11559969186782837 0.9246688485145569
v -1.0808788537979126 0.147423654794693 1.1262403726577759
v -1.206508755683899 0.14732423424720764 0.9904962182044983
v -1.0808788537979126 0.147423654794693 1.1262403726577759
v -1.0090272426605225 0.11569250375032425 1.051389455795288
v -0.9400759339332581 0.1475122570991516 1.2461732625961304
v -1.0808788537979126 0.147423654794693 1.1262403726577759
v -0.9400759339332581 0.1475122570991516 1.2461732625961304
v -0.8775841593742371 0.1157752051949501 1.1633497476577759
v -0.7860764265060425 0.14758875966072083 1.3486109972000122
v -0.9400759339332581 0.1475122570991516 1.2461732625961304
v -0.7860764265060425 0.14758875966072083 1.3486109972000122
v -0.7338217496871948 0.11584663391113281 1.2589781284332275
v -0.6210422515869141 0.14765213429927826 1.4321157932281494
v -0.7860764265060425 0.14758875966072083 1.3486109972000122
v -0.6210422515869141 0.14765213429927826 1.4321157932281494
v -0.5797581076622009 0.11590578407049179 1.3369319438934326
v -0.4472900629043579 0.1477014571428299 1.4955154657363892
v -0.6210422515869141 0.14765213429927826 1.4321157932281494
v -0.4472900629043579 0.1477014571428299 1.4955154657363892
v -0.4175560474395752 0.11595183610916138 1.396117091178894
v -0.2672589123249054 0.147736057639122 1.5379197597503662
v -0.4472900629043579 0.1477014571428299 1.4955154657363892
v -0.2672589123249054 0.147736057639122 1.5379197597503662
v -0.24949240684509277 0.11598413437604904 1.4357026815414429
v -0.08347608894109726 0.147755429148674 1.558733582496643
v -0.2672589123249054 0.147736057639122 1.5379197597503662
v -0.08347608894109726 0.147755429148674 1.558733582496643
v -0.07792649418115616 0.11600222438573837 1.4551328420639038
v 0.10147850215435028 0.1477593183517456 1.5576648712158203
v -0.08347608894109726 0.147755429148674 1.558733582496643
v 0.10147850215435028 0.1477593183517456 1.5576648712158203
v 0.09473329782485962 0.11600585281848907 1.4541351795196533
v 0.2850085198879242 0.14774766564369202 1.5347285270690918
v 0.10147850215435028 0.1477593183517456 1.5576648712158203
v 0.2850085198879242 0.14774766564369202 1.5347285270690918
v 0.26606321334838867 0.11599497497081757 1.4327234029769897
v 0.4645375609397888 0.14772063493728638 1.490246295928955
v 0.2850085198879242 0.14774766564369202 1.5347285270690918
v 0.4645375609397888 0.14772063493728638 1.490246295928955
v 0.4336581230163574 0.11596973240375519 1.3911981582641602
v 0.6375454664230347 0.14767859876155853 1.4248428344726562
v 0.4645375609397888 0.14772063493728638 1.490246295928955
v 0.6375454664230347 0.14767859876155853 1.4248428344726562
v 0.5951654314994812 0.11593049019575119 1.3301424980163574
v 0.8016036152839661 0.14762215316295624 1.339436411857605
v 0.6375454664230347 0.14767859876155853 1.4248428344726562
v 0.8016036152839661 0.14762215316295624 1.339436411857605
v 0.7483177781105042 0.11587779968976974 1.2504132986068726
v 0.9544089436531067 0.14755208790302277 1.2352256774902344
v 0.8016036152839661 0.14762215316295624 1.339436411857605
v 0.9544089436531067 0.14755208790302277 1.2352256774902344
v 0.8909654021263123 0.11581239104270935 1.1531299352645874
v 1.0938162803649902 0.1474693864583969 1.1136735677719116
v 0.9544089436531067 0.14755208790302277 1.2352256774902344
v 1.0938162803649902 0.1474693864583969 1.1136735677719116
v 1.0211058855056763 0.11573519557714462 1.0396580696105957
v 1.2178689241409302 0.1473752111196518 0.9764866232872009
v 1.0938162803649902 0.1474693864583969 1.1136735677719116
v 1.2178689241409302 0.1473752111196518 0.9764866232872009
v 1.1369121074676514 0.11564727872610092 0.9115905165672302
v 1.3248252868652344 0.14727088809013367 0.8255903720855713
v 1.2178689241409302 0.1473752111196518 0.9764866232872009
v 1.3248252868652344 0.14727088809013367 0.8255903720855713
v 1.2367585897445679 0.11554989218711853 0.7707250118255615
v 1.4131840467453003 0.14715787768363953 0.6631031632423401
v 1.3248252868652344 0.14727088809013367 0.8255903720855713
v 1.4131840467453003 0.14715787768363953 0.6631031632423401
v 1.3192435503005981 0.11544439196586609 0.6190391182899475
v 1.481704592704773 0.14703777432441711 0.49130600690841675
v 1.4131840467453003 0.14715787768363953 0.6631031632423401
v 1.481704592704773 0.14703777432441711 0.49130600690841675
v 1.3832093477249146 0.11533226817846298 0.45866215229034424
v 1.5294252634048462 0.14691224694252014 0.31261056661605835
v 1.481704592704773 0.14703777432441711 0.49130600690841675
v 1.5294252634048462 0.14691224694252014 0.31261056661605835
v 1.427757740020752 0.11521508544683456 0.2918454110622406
v 1.5556761026382446 0.14678306877613068 0.12952524423599243
v 1.5294252634048462 0.14691224694252014 0.31261056661605835
v 1.5556761026382446 0.14678306877613068 0.12952524423599243
v 1.452263593673706 0.11509449034929276 0.12093066424131393
v 1.5600886344909668 0.14665204286575317 -0.05537974834442139
v 1.5556761026382446 0.14678306877613068 0.12952524423599243
v 1.4563827514648438 0.11497218161821365 -0.051682841032743454
v 1.5600886344909668 0.14665204286575317 -0.05537974834442139
v 1.440057396888733 0.11484987288713455 -0.22357197105884552
v 1.4563827514648438 0.11497218161821365 -0.051682841032743454
v 1.440057396888733 0.11484987288713455 -0.22357197105884552
v 1.3384137153625488 0.04652470350265503 -0.2077486217021942
v 1.4035168886184692 0.11472927778959274 -0.3923237919807434
v 1.440057396888733 0.11484987288713455 -0.22357197105884552
v 1.4035168886184692 0.11472927778959274 -0.3923237919807434
v 1.3044524192810059 0.046412620693445206 -0.36458921432495117
v 1.3472740650177002 0.11461209505796432 -0.5555694103240967
v 1.4035168886184692 0.11472927778959274 -0.3923237919807434
v 1.3472740650177002 0.11461209505796432 -0.5555694103240967
v 1.2521792650222778 0.04630371183156967 -0.5163122415542603
v 1.272118330001831 0.11449997127056122 -0.7110171318054199
v 1.3472740650177002 0.11461209505796432 -0.5555694103240967
v 1.272118330001831 0.11449997127056122 -0.7110171318054199
v 1.1823283433914185 0.0461994968354702 -0.6607878804206848
v 1.1791048049926758 0.11439447104930878 -0.8564848899841309
v 1.272118330001831 0.11449997127056122 -0.7110171318054199
v 1.1791048049926758 0.11439447104930878 -0.8564848899841309
v 1.095880150794983 0.04610144719481468 -0.7959879636764526
v 1.069539189338684 0.11429708451032639 -0.9899306893348694
v 1.1791048049926758 0.11439447104930878 -0.8564848899841309
v 1.069539189338684 0.11429708451032639 -0.9899306893348694
v 0.9940481185913086 0.046010930091142654 -0.9200145602226257
v 0.9449595212936401 0.11420917510986328 -1.1094810962677002
v 1.069539189338684 0.11429708451032639 -0.9899306893348694
v 0.9449595212936401 0.11420917510986328 -1.1094810962677002
v 0.8782618641853333 0.04592922329902649 -1.031126618385315
v 0.8071146607398987 0.11413197219371796 -1.2134580612182617
v 0.9449595212936401 0.11420917510986328 -1.1094810962677002
v 0.8071146607398987 0.11413197219371796 -1.2134580612182617
v 0.7501466274261475 0.04585747420787811 -1.127764344215393
v 0.6579396724700928 0.11406656354665756 -1.3004016876220703
v 0.8071146607398987 0.11413197219371796 -1.2134580612182617
v 0.6579396724700928 0.11406656354665756 -1.3004016876220703
v 0.6115010380744934 0.04579668492078781 -1.2085713148117065
v 0.4995286464691162 0.11401387304067612 -1.3690919876098633
v 0.6579396724700928 0.11406656354665756 -1.3004016876220703
v 0.4995286464691162 0.11401387304067612 -1.3690919876098633
v 0.46427130699157715 0.04574770852923393 -1.2724130153656006
v 0.3341052234172821 0.11397463083267212 -1.4185640811920166
v 0.4995286464691162 0.11401387304067612 -1.3690919876098633
v 0.3341052234172821 0.11397463083267212 -1.4185640811920166
v 0.31052419543266296 0.04571123793721199 -1.3183932304382324
v 0.16399170458316803 0.11394939571619034 -1.4481239318847656
v 0.3341052234172821 0.11397463083267212 -1.4185640811920166
v 0.16399170458316803 0.11394939571619034 -1.4481239318847656
v 0.15241797268390656 0.045687783509492874 -1.3458665609359741
v -0.008423970080912113 0.11393851786851883 -1.4573564529418945
v 0.16399170458316803 0.11394939571619034 -1.4481239318847656
v -0.008423970080912113 0.11393851786851883 -1.4573564529418945
v -0.007827856577932835 0.04567767307162285 -1.354447364807129
v -0.18072141706943512 0.11394214630126953 -1.446131944656372
v -0.008423970080912113 0.11393851786851883 -1.4573564529418945
v -0.18072141706943512 0.11394214630126953 -1.446131944656372
v -0.16796383261680603 0.045681048184633255 -1.3440152406692505
v -0.35048195719718933 0.11396023631095886 -1.4146082401275635
v -0.18072141706943512 0.11394214630126953 -1.446131944656372
v -0.35048195719718933 0.11396023631095886 -1.4146082401275635
v -0.3257419764995575 0.045697860419750214 -1.3147164583206177
v -0.5153225660324097 0.11399253457784653 -1.3632274866104126
v -0.35048195719718933 0.11396023631095886 -1.4146082401275635
v -0.5153225660324097 0.11399253457784653 -1.3632274866104126
v -0.4789474308490753 0.04572787508368492 -1.2669624090194702
v -0.6729291677474976 0.11403857916593552 -1.2927112579345703
v -0.5153225660324097 0.11399253457784653 -1.3632274866104126
v -0.6729291677474976 0.11403857916593552 -1.2927112579345703
v -0.6254295110702515 0.04577067494392395 -1.2014235258102417
v -0.8210894465446472 0.11409773677587509 -1.2040492296218872
v -0.6729291677474976 0.11403857916593552 -1.2927112579345703
v -0.8210894465446472 0.11409773677587509 -1.2040492296218872
v -0.7631320357322693 0.04582565277814865 -1.119019627571106
v -0.9577234387397766 0.1141691654920578 -1.0984861850738525
v -0.8210894465446472 0.11409773677587509 -1.2040492296218872
v -0.9577234387397766 0.1141691654920578 -1.0984861850738525
v -0.8901217579841614 0.04589204117655754 -1.0209077596664429
v -1.0809130668640137 0.11425186693668365 -0.9775038957595825
v -0.9577234387397766 0.1141691654920578 -1.0984861850738525
v -1.0809130668640137 0.11425186693668365 -0.9775038957595825
v -1.004616141319275 0.045968905091285706 -0.9084649682044983
v -1.1889290809631348 0.11434467881917953 -0.8428008556365967
v -1.0809130668640137 0.11425186693668365 -0.9775038957595825
v -1.1889290809631348 0.11434467881917953 -0.8428008556365967
v -1.1050080060958862 0.04605516791343689 -0.7832697629928589
v -1.2802553176879883 0.11444630473852158 -0.69626784324646
v -1.1889290809631348 0.11434467881917953 -0.8428008556365967
v -1.2802553176879883 0.11444630473852158 -0.69626784324646
v -1.1898880004882812 0.046149615198373795 -0.6470796465873718
v -1.353609561920166 0.11455530673265457 -0.5399619340896606
v -1.2802553176879883 0.11444630473852158 -0.69626784324646
v -1.353609561920166 0.11455530673265457 -0.5399619340896606
v -1.2580646276474 0.046250928193330765 -0.5018064379692078
v -1.4079620838165283 0.11467016488313675 -0.37607720494270325
v -1.353609561920166 0.11455530673265457 -0.5399619340896606
v -1.4079620838165283 0.11467016488313675 -0.37607720494270325
v -1.308580756187439 0.04635767638683319 -0.3494894206523895
v -1.4425499439239502 0.11478926241397858 -0.20691435039043427
v -1.4079620838165283 0.11467016488313675 -0.37607720494270325
v -1.4425499439239502 0.11478926241397858 -0.20691435039043427
v -1.3407272100448608 0.04646836593747139 -0.1922667771577835
v -1.4568876028060913 0.11491092294454575 -0.03484804183244705
v -1.4425499439239502 0.11478926241397858 -0.20691435039043427
v -1.4568876028060913 0.11491092294454575 -0.03484804183244705
v -1.3540527820587158 0.0465814433991909 -0.03234561160206795
v -1.4507737159729004 0.11503344774246216 0.13770632445812225
v -1.4568876028060913 0.11491092294454575 -0.03484804183244705
v -1.4507737159729004 0.11503344774246216 0.13770632445812225
v -1.3483705520629883 0.046695318073034286 0.12802913784980774
v -1.4242944717407227 0.11515510827302933 0.30832645297050476
v -1.4507737159729004 0.11503344774246216 0.13770632445812225
v -1.4242944717407227 0.11515510827302933 0.30832645297050476
v -1.3237601518630981 0.0468083955347538 0.28660619258880615
v -1.3778210878372192 0.11527420580387115 0.47461721301078796
v -1.4242944717407227 0.11515510827302933 0.30832645297050476
v -1.3778210878372192 0.11527420580387115 0.47461721301078796
v -1.2805671691894531 0.046919085085392 0.4411594569683075
v -1.3120061159133911 0.11538906395435333 0.6342442631721497
v -1.3778210878372192 0.11527420580387115 0.47461721301078796
v -1.3120061159133911 0.11538906395435333 0.6342442631721497
v -1.219397783279419 0.04702583700418472 0.5895193219184875
v -1.2277735471725464 0.11549806594848633 0.7849667072296143
v -1.3120061159133911 0.11538906395435333 0.6342442631721497
v -1.2277735471725464 0.11549806594848633 0.7849667072296143
v -1.1411106586456299 0.047127146273851395 0.7296031713485718
v -1.1263056993484497 0.11559969186782837 0.9246688485145569
v -1.2277735471725464 0.11549806594848633 0.7849667072296143
v -1.1263056993484497 0.11559969186782837 0.9246688485145569
v -1.0468049049377441 0.0472215935587883 0.8594445586204529
v -1.0090272426605225 0.11569250375032425 1.051389455795288
v -1.1263056993484497 0.11559969186782837 0.9246688485145569
v -1.0090272426605225 0.11569250375032425 1.051389455795288
v -0.9378043413162231 0.047307856380939484 0.9772207736968994
v -0.8775841593742371 0.1157752051949501 1.1633497476577759
v -1.0090272426605225 0.11569250375032425 1.051389455795288
v -0.8775841593742371 0.1157752051949501 1.1633497476577759
v -0.815639078617096 0.04738472029566765 1.0812784433364868
v -0.7338217496871948 0.11584663391113281 1.2589781284332275
v -0.8775841593742371 0.1157752051949501 1.1633497476577759
v -0.7338217496871948 0.11584663391113281 1.2589781284332275
v -0.6820240616798401 0.04745110869407654 1.1701568365097046
v -0.5797581076622009 0.11590578407049179 1.3369319438934326
v -0.7338217496871948 0.11584663391113281 1.2589781284332275
v -0.5797581076622009 0.11590578407049179 1.3369319438934326
v -0.538834810256958 0.04750608652830124 1.2426084280014038
v -0.4175560474395752 0.11595183610916138 1.396117091178894
v -0.5797581076622009 0.11590578407049179 1.3369319438934326
v -0.4175560474395752 0.11595183610916138 1.396117091178894
v -0.3880816698074341 0.04754888266324997 1.2976160049438477
v -0.24949240684509277 0.11598413437604904 1.4357026815414429
v -0.4175560474395752 0.11595183610916138 1.396117091178894
v -0.24949240684509277 0.11598413437604904 1.4357026815414429
v -0.23188067972660065 0.047578901052474976 1.3344074487686157
v -0.07792649418115616 0.11600222438573837 1.4551328420639038
v -0.24949240684509277 0.11598413437604904 1.4357026815414429
v -0.07792649418115616 0.11600222438573837 1.4551328420639038
v -0.07242459803819656 0.047595713287591934 1.3524662256240845
v 0.09473329782485962 0.11600585281848907 1.4541351795196533
v -0.07792649418115616 0.11600222438573837 1.4551328420639038
v 0.09473329782485962 0.11600585281848907 1.4541351795196533
v 0.08804813772439957 0.04759908840060234 1.351538896560669
v 0.26606321334838867 0.11599497497081757 1.4327234029769897
v 0.09473329782485962 0.11600585281848907 1.4541351795196533
v 0.26606321334838867 0.11599497497081757 1.4327234029769897
v 0.24728485941886902 0.04758897423744202 1.3316384553909302
v 0.4336581230163574 0.11596973240375519 1.3911981582641602
v 0.26606321334838867 0.11599497497081757 1.4327234029769897
v 0.4336581230163574 0.11596973240375519 1.3911981582641602
v 0.4030502438545227 0.0475655198097229 1.2930443286895752
v 0.5951654314994812 0.11593049019575119 1.3301424980163574
v 0.4336581230163574 0.11596973240375519 1.3911981582641602
v 0.5951654314994812 0.11593049019575119 1.3301424980163574
v 0.55315762758255 0.04752904921770096 1.2362982034683228
v 0.7483177781105042 0.11587779968976974 1.2504132986068726
v 0.5951654314994812 0.11593049019575119 1.3301424980163574
v 0.7483177781105042 0.11587779968976974 1.2504132986068726
v 0.6954998970031738 0.04748007282614708 1.1621966361999512
v 0.8909654021263123 0.11581239104270935 1.1531299352645874
v 0.7483177781105042 0.11587779968976974 1.2504132986068726
v 0.8909654021263123 0.11581239104270935 1.1531299352645874
v 0.8280788660049438 0.04741928353905678 1.0717799663543701
v 1.0211058855056763 0.11573519557714462 1.0396580696105957
v 0.8909654021263123 0.11581239104270935 1.1531299352645874
v 1.0211058855056763 0.11573519557714462 1.0396580696105957
v 0.9490334391593933 0.0473475307226181 0.966317355632782
v 1.1369121074676514 0.11564727872610092 0.9115905165672302
v 1.0211058855056763 0.11573519557714462 1.0396580696105957
v 1.1369121074676514 0.11564727872610092 0.9115905165672302
v 1.0566656589508057 0.04726582393050194 0.8472893238067627
v 1.2367585897445679 0.11554989218711853 0.7707250118255615
v 1.1369121074676514 0.11564727872610092 0.9115905165672302
v 1.2367585897445679 0.11554989218711853 0.7707250118255615
v 1.14946448802948 0.04717531055212021 0.7163667678833008
v 1.3192435503005981 0.11544439196586609 0.6190391182899475
v 1.2367585897445679 0.11554989218711853 0.7707250118255615
v 1.3192435503005981 0.11544439196586609 0.6190391182899475
v 1.2261273860931396 0.04707725718617439 0.5753874778747559
v 1.3832093477249146 0.11533226817846298 0.45866215229034424
v 1.3192435503005981 0.11544439196586609 0.6190391182899475
v 1.3832093477249146 0.11533226817846298 0.45866215229034424
v 1.2855781316757202 0.04697304591536522 0.42633056640625
v 1.427757740020752 0.11521508544683456 0.2918454110622406
v 1.3832093477249146 0.11533226817846298 0.45866215229034424
v 1.427757740020752 0.11521508544683456 0.2918454110622406
v 1.3269821405410767 0.04686413332819939 0.2712884247303009
v 1.452263593673706 0.11509449034929276 0.12093066424131393
v 1.427757740020752 0.11521508544683456 0.2918454110622406
v 1.452263593673706 0.11509449034929276 0.12093066424131393
v 1.349758267402649 0.04675205424427986 0.11243756860494614
v 1.4563827514648438 0.11497218161821365 -0.051682841032743454
v 1.452263593673706 0.11509449034929276 0.12093066424131393
v 1.3535866737365723 0.046638377010822296 -0.04799214377999306
v 1.4563827514648438 0.11497218161821365 -0.051682841032743454
v 1.3384137153625488 0.04652470350265503 -0.2077486217021942
v 1.3535866737365723 0.046638377010822296 -0.04799214377999306
v 1.3384137153625488 0.04652470350265503 -0.2077486217021942
v 1.2487095594406128 -0.05783657357096672 -0.19375254213809967
v 1.3044524192810059 0.046412620693445206 -0.36458921432495117
v 1.3384137153625488 0.04652470350265503 -0.2077486217021942
v 1.3044524192810059 0.046412620693445206 -0.36458921432495117
v 1.2170244455337524 -0.057941142469644547 -0.34008097648620605
v 1.2521792650222778 0.04630371183156967 -0.5163122415542603
v 1.3044524192810059 0.046412620693445206 -0.36458921432495117
v 1.2521792650222778 0.04630371183156967 -0.5163122415542603
v 1.1682549715042114 -0.058042753487825394 -0.48163485527038574
v 1.1823283433914185 0.0461994968354702 -0.6607878804206848
v 1.2521792650222778 0.04630371183156967 -0.5163122415542603
v 1.1823283433914185 0.0461994968354702 -0.6607878804206848
v 1.1030858755111694 -0.05813997983932495 -0.6164270639419556
v 1.095880150794983 0.04610144719481468 -0.7959879636764526
v 1.1823283433914185 0.0461994968354702 -0.6607878804206848
v 1.095880150794983 0.04610144719481468 -0.7959879636764526
v 1.0224316120147705 -0.05823146179318428 -0.742565393447876
v 0.9940481185913086 0.046010930091142654 -0.9200145602226257
v 1.095880150794983 0.04610144719481468 -0.7959879636764526
v 0.9940481185913086 0.046010930091142654 -0.9200145602226257
v 0.927424967288971 -0.058315910398960114 -0.8582791090011597
v 0.8782618641853333 0.04592922329902649 -1.031126618385315
v 0.9940481185913086 0.046010930091142654 -0.9200145602226257
v 0.8782618641853333 0.04592922329902649 -1.031126618385315
v 0.8193991780281067 -0.05839214101433754 -0.9619439244270325
v 0.7501466274261475 0.04585747420787811 -1.127764344215393
v 0.8782618641853333 0.04592922329902649 -1.031126618385315
v 0.7501466274261475 0.04585747420787811 -1.127764344215393
v 0.6998709440231323 -0.0584590807557106 -1.0521047115325928
v 0.6115010380744934 0.04579668492078781 -1.2085713148117065
v 0.7501466274261475 0.04585747420787811 -1.127764344215393
v 0.6115010380744934 0.04579668492078781 -1.2085713148117065
v 0.5705179572105408 -0.058515798300504684 -1.1274954080581665
v 0.46427130699157715 0.04574770852923393 -1.2724130153656006
v 0.6115010380744934 0.04579668492078781 -1.2085713148117065
v 0.46427130699157715 0.04574770852923393 -1.2724130153656006
v 0.43315625190734863 -0.05856148898601532 -1.1870582103729248
v 0.31052419543266296 0.04571123793721199 -1.3183932304382324
v 0.46427130699157715 0.04574770852923393 -1.2724130153656006
v 0.31052419543266296 0.04571123793721199 -1.3183932304382324
v 0.289713978767395 -0.05859551578760147 -1.2299566268920898
v 0.15241797268390656 0.045687783509492874 -1.3458665609359741
v 0.31052419543266296 0.04571123793721199 -1.3183932304382324
v 0.15241797268390656 0.045687783509492874 -1.3458665609359741
v 0.14220476150512695 -0.058617398142814636 -1.2555886507034302
v -0.007827856577932835 0.04567767307162285 -1.354447364807129
v 0.15241797268390656 0.045687783509492874 -1.3458665609359741
v -0.007827856577932835 0.04567767307162285 -1.354447364807129
v -0.007300653029233217 -0.05862683057785034 -1.2635942697525024
v -0.16796383261680603 0.045681048184633255 -1.3440152406692505
v -0.007827856577932835 0.04567767307162285 -1.354447364807129
v -0.16796383261680603 0.045681048184633255 -1.3440152406692505
v -0.15670357644557953 -0.05862368270754814 -1.2538613080978394
v -0.3257419764995575 0.045697860419750214 -1.3147164583206177
v -0.16796383261680603 0.045681048184633255 -1.3440152406692505
v -0.3257419764995575 0.045697860419750214 -1.3147164583206177
v -0.30390670895576477 -0.05860799551010132 -1.2265263795852661
v -0.4789474308490753 0.04572787508368492 -1.2669624090194702
v -0.3257419764995575 0.045697860419750214 -1.3147164583206177
v -0.4789474308490753 0.04572787508368492 -1.2669624090194702
v -0.44684362411499023 -0.05857999250292778 -1.1819729804992676
v -0.6254295110702515 0.04577067494392395 -1.2014235258102417
v -0.4789474308490753 0.04572787508368492 -1.2669624090194702
v -0.6254295110702515 0.04577067494392395 -1.2014235258102417
v -0.583507776260376 -0.05854006111621857 -1.1208268404006958
v -0.7631320357322693 0.04582565277814865 -1.119019627571106
v -0.6254295110702515 0.04577067494392395 -1.2014235258102417
v -0.7631320357322693 0.04582565277814865 -1.119019627571106
v -0.7119808197021484 -0.058488767594099045 -1.0439460277557373
v -0.8901217579841614 0.04589204117655754 -1.0209077596664429
v -0.7631320357322693 0.04582565277814865 -1.119019627571106
v -0.8901217579841614 0.04589204117655754 -1.0209077596664429
v -0.8304591774940491 -0.05842683091759682 -0.9524099230766296
v -1.004616141319275 0.045968905091285706 -0.9084649682044983
v -0.8901217579841614 0.04589204117655754 -1.0209077596664429
v -1.004616141319275 0.045968905091285706 -0.9084649682044983
v -0.9372795820236206 -0.058355119079351425 -0.8475036025047302
v -1.1050080060958862 0.04605516791343689 -0.7832697629928589
v -1.004616141319275 0.045968905091285706 -0.9084649682044983
v -1.1050080060958862 0.04605516791343689 -0.7832697629928589
v -1.0309427976608276 -0.058274637907743454 -0.7306995987892151
v -1.1898880004882812 0.046149615198373795 -0.6470796465873718
v -1.1050080060958862 0.04605516791343689 -0.7832697629928589
v -1.1898880004882812 0.046149615198373795 -0.6470796465873718
v -1.1101336479187012 -0.058186519891023636 -0.6036375761032104
v -1.2580646276474 0.046250928193330765 -0.5018064379692078
v -1.1898880004882812 0.046149615198373795 -0.6470796465873718
v -1.2580646276474 0.046250928193330765 -0.5018064379692078
v -1.1737407445907593 -0.05809199810028076 -0.4681012034416199
v -1.308580756187439 0.04635767638683319 -0.3494894206523895
v -1.2580646276474 0.046250928193330765 -0.5018064379692078
v -1.308580756187439 0.04635767638683319 -0.3494894206523895
v -1.2208709716796875 -0.05799240246415138 -0.3259931802749634
v -1.3407272100448608 0.04646836593747139 -0.1922667771577835
v -1.308580756187439 0.04635767638683319 -0.3494894206523895
v -1.3407272100448608 0.04646836593747139 -0.1922667771577835
v -1.250862956047058 -0.05788913369178772 -0.17930836975574493
v -1.3540527820587158 0.0465814433991909 -0.03234561160206795
v -1.3407272100448608 0.04646836593747139 -0.1922667771577835
v -1.3540527820587158 0.0465814433991909 -0.03234561160206795
v -1.2632955312728882 -0.05778363719582558 -0.03010585717856884
v -1.3483705520629883 0.046695318073034286 0.12802913784980774
v -1.3540527820587158 0.0465814433991909 -0.03234561160206795
v -1.3483705520629883 0.046695318073034286 0.12802913784980774
v -1.2579940557479858 -0.05767739191651344 0.11951983720064163
v -1.3237601518630981 0.0468083955347538 0.28660619258880615
v -1.3483705520629883 0.046695318073034286 0.12802913784980774
v -1.3237601518630981 0.0468083955347538 0.28660619258880615
v -1.2350331544876099 -0.0575718954205513 0.26746833324432373
v -1.2805671691894531 0.046919085085392 0.4411594569683075
v -1.3237601518630981 0.0468083955347538 0.28660619258880615
v -1.2805671691894531 0.046919085085392 0.4411594569683075
v -1.194735050201416 -0.05746862292289734 0.4116626977920532
v -1.219397783279419 0.04702583700418472 0.5895193219184875
v -1.2805671691894531 0.046919085085392 0.4411594569683075
v -1.219397783279419 0.04702583700418472 0.5895193219184875
v -1.1376655101776123 -0.05736902728676796 0.550078809261322
v -1.1411106586456299 0.047127146273851395 0.7296031713485718
v -1.219397783279419 0.04702583700418472 0.5895193219184875
v -1.1411106586456299 0.047127146273851395 0.7296031713485718
v -1.0646255016326904 -0.057274509221315384 0.6807736158370972
v -1.0468049049377441 0.0472215935587883 0.8594445586204529
v -1.1411106586456299 0.047127146273851395 0.7296031713485718
v -1.0468049049377441 0.0472215935587883 0.8594445586204529
v -0.9766406416893005 -0.057186391204595566 0.8019124269485474
v -0.9378043413162231 0.047307856380939484 0.9772207736968994
v -1.0468049049377441 0.0472215935587883 0.8594445586204529
v -0.9378043413162231 0.047307856380939484 0.9772207736968994
v -0.8749457597732544 -0.057105910032987595 0.9117946624755859
v -0.815639078617096 0.04738472029566765 1.0812784433364868
v -0.9378043413162231 0.047307856380939484 0.9772207736968994
v -0.815639078617096 0.04738472029566765 1.0812784433364868
v -0.7609686255455017 -0.0570341981947422 1.0088778734207153
v -0.6820240616798401 0.04745110869407654 1.1701568365097046
v -0.815639078617096 0.04738472029566765 1.0812784433364868
v -0.6820240616798401 0.04745110869407654 1.1701568365097046
v -0.6363090872764587 -0.056972261518239975 1.0917993783950806
v -0.538834810256958 0.04750608652830124 1.2426084280014038
v -0.6820240616798401 0.04745110869407654 1.1701568365097046
v -0.538834810256958 0.04750608652830124 1.2426084280014038
v -0.5027170777320862 -0.05692096799612045 1.1593948602676392
v -0.3880816698074341 0.04754888266324997 1.2976160049438477
v -0.538834810256958 0.04750608652830124 1.2426084280014038
v -0.3880816698074341 0.04754888266324997 1.2976160049438477
v -0.3620680868625641 -0.05688103660941124 1.2107155323028564
v -0.23188067972660065 0.047578901052474976 1.3344074487686157
v -0.3880816698074341 0.04754888266324997 1.2976160049438477
v -0.23188067972660065 0.047578901052474976 1.3344074487686157
v -0.2163364291191101 -0.0568530336022377 1.2450411319732666
v -0.07242459803819656 0.047595713287591934 1.3524662256240845
v -0.23188067972660065 0.047578901052474976 1.3344074487686157
v -0.07242459803819656 0.047595713287591934 1.3524662256240845
v -0.06756782531738281 -0.05683734640479088 1.2618894577026367
v 0.08804813772439957 0.04759908840060234 1.351538896560669
v -0.07242459803819656 0.047595713287591934 1.3524662256240845
v 0.08804813772439957 0.04759908840060234 1.351538896560669
v 0.08214928954839706 -0.05683419853448868 1.2610242366790771
v 0.24728485941886902 0.04758897423744202 1.3316384553909302
v 0.08804813772439957 0.04759908840060234 1.351538896560669
v 0.24728485941886902 0.04758897423744202 1.3316384553909302
v 0.23071323335170746 -0.05684363469481468 1.2424577474594116
v 0.4030502438545227 0.0475655198097229 1.2930443286895752
v 0.24728485941886902 0.04758897423744202 1.3316384553909302
v 0.4030502438545227 0.0475655198097229 1.2930443286895752
v 0.37603849172592163 -0.05686551705002785 1.2064502239227295
v 0.55315762758255 0.04752904921770096 1.2362982034683228
v 0.4030502438545227 0.0475655198097229 1.2930443286895752
v 0.55315762758255 0.04752904921770096 1.2362982034683228
v 0.5160850286483765 -0.056899543851614 1.1535074710845947
v 0.6954998970031738 0.04748007282614708 1.1621966361999512
v 0.55315762758255 0.04752904921770096 1.2362982034683228
v 0.6954998970031738 0.04748007282614708 1.1621966361999512
v 0.6488867998123169 -0.056945234537124634 1.084372639656067
v 0.8280788660049438 0.04741928353905678 1.0717799663543701
v 0.6954998970031738 0.04748007282614708 1.1621966361999512
v 0.8280788660049438 0.04741928353905678 1.0717799663543701
v 0.7725797891616821 -0.057001952081918716 1.0000160932540894
v 0.9490334391593933 0.0473475307226181 0.966317355632782
v 0.8280788660049438 0.04741928353905678 1.0717799663543701
v 0.9490334391593933 0.0473475307226181 0.966317355632782
v 0.8854273557662964 -0.05706889554858208 0.9016220569610596
v 1.0566656589508057 0.04726582393050194 0.8472893238067627
v 0.9490334391593933 0.0473475307226181 0.966317355632782
v 1.0566656589508057 0.04726582393050194 0.8472893238067627
v 0.9858455061912537 -0.0571451261639595 0.7905718684196472
v 1.14946448802948 0.04717531055212021 0.7163667678833008
v 1.0566656589508057 0.04726582393050194 0.8472893238067627
v 1.14946448802948 0.04717531055212021 0.7163667678833008
v 1.0724245309829712 -0.05722957104444504 0.6684243679046631
v 1.2261273860931396 0.04707725718617439 0.5753874778747559
v 1.14946448802948 0.04717531055212021 0.7163667678833008
v 1.2261273860931396 0.04707725718617439 0.5753874778747559
v 1.143949270248413 -0.05732105299830437 0.5368941426277161
v 1.2855781316757202 0.04697304591536522 0.42633056640625
v 1.2261273860931396 0.04707725718617439 0.5753874778747559
v 1.2855781316757202 0.04697304591536522 0.42633056640625
v 1.1994152069091797 -0.057418279349803925 0.39782774448394775
v 1.3269821405410767 0.04686413332819939 0.2712884247303009
v 1.2855781316757202 0.04697304591536522 0.42633056640625
v 1.3269821405410767 0.04686413332819939 0.2712884247303009
v 1.238044261932373 -0.05751989409327507 0.2531772553920746
v 1.349758267402649 0.04675205424427986 0.11243756860494614
v 1.3269821405410767 0.04686413332819939 0.2712884247303009
v 1.349758267402649 0.04675205424427986 0.11243756860494614
v 1.259293794631958 -0.0576244592666626 0.10497327893972397
v 1.3535866737365723 0.046638377010822296 -0.04799214377999306
v 1.349758267402649 0.04675205424427986 0.11243756860494614
v 1.262865662574768 -0.05773051828145981 -0.04470369219779968
v 1.3535866737365723 0.046638377010822296 -0.04799214377999306
v 1.2487095594406128 -0.05783657357096672 -0.19375254213809967
v 1.262865662574768 -0.05773051828145981 -0.04470369219779968
v 1.2487095594406128 -0.05783657357096672 -0.19375254213809967
v 1.1814669370651245 -0.19440454244613647 -0.18321943283081055
v 1.2170244455337524 -0.057941142469644547 -0.34008097648620605
v 1.2487095594406128 -0.05783657357096672 -0.19375254213809967
v 1.2170244455337524 -0.057941142469644547 -0.34008097648620605
v 1.151488184928894 -0.19450347125530243 -0.32166773080825806
v 1.1682549715042114 -0.058042753487825394 -0.48163485527038574
v 1.2170244455337524 -0.057941142469644547 -0.34008097648620605
v 1.1682549715042114 -0.058042753487825394 -0.48163485527038574
v 1.1053451299667358 -0.19459961354732513 -0.45559853315353394
v 1.1030858755111694 -0.05813997983932495 -0.6164270639419556
v 1.1682549715042114 -0.058042753487825394 -0.48163485527038574
v 1.1030858755111694 -0.05813997983932495 -0.6164270639419556
v 1.0436854362487793 -0.19469161331653595 -0.5831318497657776
v 1.0224316120147705 -0.05823146179318428 -0.742565393447876
v 1.1030858755111694 -0.05813997983932495 -0.6164270639419556
v 1.0224316120147705 -0.05823146179318428 -0.742565393447876
v 0.9673747420310974 -0.19477815926074982 -0.7024773359298706
v 0.927424967288971 -0.058315910398960114 -0.8582791090011597
v 1.0224316120147705 -0.05823146179318428 -0.742565393447876
v 0.927424967288971 -0.058315910398960114 -0.8582791090011597
v 0.8774843215942383 -0.19485805928707123 -0.8119596242904663
v 0.8193991780281067 -0.05839214101433754 -0.9619439244270325
v 0.927424967288971 -0.058315910398960114 -0.8582791090011597
v 0.8193991780281067 -0.05839214101433754 -0.9619439244270325
v 0.7752760648727417 -0.19493018090724945 -0.9100418090820312
v 0.6998709440231323 -0.0584590807557106 -1.0521047115325928
v 0.8193991780281067 -0.05839214101433754 -0.9619439244270325
v 0.6998709440231323 -0.0584590807557106 -1.0521047115325928
v 0.6621846556663513 -0.1949935257434845 -0.9953471422195435
v 0.5705179572105408 -0.058515798300504684 -1.1274954080581665
v 0.6998709440231323 -0.0584590807557106 -1.0521047115325928
v 0.5705179572105408 -0.058515798300504684 -1.1274954080581665
v 0.5397976636886597 -0.19504718482494354 -1.0666780471801758
v 0.43315625190734863 -0.05856148898601532 -1.1870582103729248
v 0.5705179572105408 -0.058515798300504684 -1.1274954080581665
v 0.43315625190734863 -0.05856148898601532 -1.1870582103729248
v 0.40983322262763977 -0.1950904130935669 -1.123033046722412
v 0.289713978767395 -0.05859551578760147 -1.2299566268920898
v 0.43315625190734863 -0.05856148898601532 -1.1870582103729248
v 0.289713978767395 -0.05859551578760147 -1.2299566268920898
v 0.274115651845932 -0.1951226145029068 -1.163621425628662
v 0.14220476150512695 -0.058617398142814636 -1.2555886507034302
v 0.289713978767395 -0.05859551578760147 -1.2299566268920898
v 0.14220476150512695 -0.058617398142814636 -1.2555886507034302
v 0.13455019891262054 -0.19514331221580505 -1.1878730058670044
v -0.007300653029233217 -0.05862683057785034 -1.2635942697525024
v 0.14220476150512695 -0.058617398142814636 -1.2555886507034302
v -0.007300653029233217 -0.05862683057785034 -1.2635942697525024
v -0.006903987843543291 -0.19515223801136017 -1.195447564125061
v -0.15670357644557953 -0.05862368270754814 -1.2538613080978394
v -0.007300653029233217 -0.05862683057785034 -1.2635942697525024
v -0.15670357644557953 -0.05862368270754814 -1.2538613080978394
v -0.1482611894607544 -0.1951492577791214 -1.1862386465072632
v -0.30390670895576477 -0.05860799551010132 -1.2265263795852661
v -0.15670357644557953 -0.05862368270754814 -1.2538613080978394
v -0.30390670895576477 -0.05860799551010132 -1.2265263795852661
v -0.2875370681285858 -0.19513441622257233 -1.160375714302063
v -0.44684362411499023 -0.05857999250292778 -1.1819729804992676
v -0.30390670895576477 -0.05860799551010132 -1.2265263795852661
v -0.44684362411499023 -0.05857999250292778 -1.1819729804992676
v -0.4227764904499054 -0.19510792195796967 -1.1182217597961426
v -0.583507776260376 -0.05854006111621857 -1.1208268404006958
v -0.44684362411499023 -0.05857999250292778 -1.1819729804992676
v -0.583507776260376 -0.05854006111621857 -1.1208268404006958
v -0.5520809888839722 -0.19507014751434326 -1.060368299484253
v -0.7119808197021484 -0.058488767594099045 -1.0439460277557373
v -0.583507776260376 -0.05854006111621857 -1.1208268404006958
v -0.7119808197021484 -0.058488767594099045 -1.0439460277557373
v -0.6736353635787964 -0.1950216144323349 -0.9876279234886169
v -0.8304591774940491 -0.05842683091759682 -0.9524099230766296
v -0.7119808197021484 -0.058488767594099045 -1.0439460277557373
v -0.8304591774940491 -0.05842683091759682 -0.9524099230766296
v -0.7857334017753601 -0.1949630081653595 -0.9010213017463684
v -0.9372795820236206 -0.058355119079351425 -0.8475036025047302
v -0.8304591774940491 -0.05842683091759682 -0.9524099230766296
v -0.9372795820236206 -0.058355119079351425 -0.8475036025047302
v -0.8868013024330139 -0.1948951631784439 -0.8017643690109253
v -1.0309427976608276 -0.058274637907743454 -0.7306995987892151
v -0.9372795820236206 -0.058355119079351425 -0.8475036025047302
v -1.0309427976608276 -0.058274637907743454 -0.7306995987892151
v -0.9754204750061035 -0.19481901824474335 -0.6912505626678467
v -1.1101336479187012 -0.058186519891023636 -0.6036375761032104
v -1.0309427976608276 -0.058274637907743454 -0.7306995987892151
v -1.1101336479187012 -0.058186519891023636 -0.6036375761032104
v -1.0503467321395874 -0.19473564624786377 -0.5710310935974121
v -1.1737407445907593 -0.05809199810028076 -0.4681012034416199
v -1.1101336479187012 -0.058186519891023636 -0.6036375761032104
v -1.1737407445907593 -0.05809199810028076 -0.4681012034416199
v -1.1105283498764038 -0.1946462094783783 -0.44279375672340393
v -1.2208709716796875 -0.05799240246415138 -0.3259931802749634
v -1.1737407445907593 -0.05809199810028076 -0.4681012034416199
v -1.2208709716796875 -0.05799240246415138 -0.3259931802749634
v -1.1551204919815063 -0.1945519745349884 -0.30833861231803894
v -1.250862956047058 -0.05788913369178772 -0.17930836975574493
v -1.2208709716796875 -0.05799240246415138 -0.3259931802749634
v -1.250862956047058 -0.05788913369178772 -0.17930836975574493
v -1.1834973096847534 -0.19445426762104034 -0.16955310106277466
v -1.2632955312728882 -0.05778363719582558 -0.03010585717856884
v -1.250862956047058 -0.05788913369178772 -0.17930836975574493
v -1.2632955312728882 -0.05778363719582558 -0.03010585717856884
v -1.1952604055404663 -0.19435445964336395 -0.028385527431964874
v -1.2579940557479858 -0.05767739191651344 0.11951983720064163
v -1.2632955312728882 -0.05778363719582558 -0.03010585717856884
v -1.2579940557479858 -0.05767739191651344 0.11951983720064163
v -1.190244436264038 -0.19425393640995026 0.11318246275186539
v -1.2350331544876099 -0.0575718954205513 0.26746833324432373
v -1.2579940557479858 -0.05767739191651344 0.11951983720064163
v -1.2350331544876099 -0.0575718954205513 0.26746833324432373
v -1.1685199737548828 -0.19415411353111267 0.25316354632377625
v -1.194735050201416 -0.05746862292289734 0.4116626977920532
v -1.2350331544876099 -0.0575718954205513 0.26746833324432373
v -1.194735050201416 -0.05746862292289734 0.4116626977920532
v -1.130392074584961 -0.1940564066171646 0.389592707157135
v -1.1376655101776123 -0.05736902728676796 0.550078809261322
v -1.194735050201416 -0.05746862292289734 0.4116626977920532
v -1.1376655101776123 -0.05736902728676796 0.550078809261322
v -1.076395869255066 -0.19396217167377472 0.520554780960083
v -1.0646255016326904 -0.057274509221315384 0.6807736158370972
v -1.1376655101776123 -0.05736902728676796 0.550078809261322
v -1.0646255016326904 -0.057274509221315384 0.6807736158370972
v -1.0072894096374512 -0.19387274980545044 0.6442112922668457
v -0.9766406416893005 -0.057186391204595566 0.8019124269485474
v -1.0646255016326904 -0.057274509221315384 0.6807736158370972
v -0.9766406416893005 -0.057186391204595566 0.8019124269485474
v -0.9240427017211914 -0.19378936290740967 0.758826494216919
v -0.8749457597732544 -0.057105910032987595 0.9117946624755859
v -0.9766406416893005 -0.057186391204595566 0.8019124269485474
v -0.8749457597732544 -0.057105910032987595 0.9117946624755859
v -0.8278243541717529 -0.1937132179737091 0.8627913594245911
v -0.7609686255455017 -0.0570341981947422 1.0088778734207153
v -0.8749457597732544 -0.057105910032987595 0.9117946624755859
v -0.7609686255455017 -0.0570341981947422 1.0088778734207153
v -0.7199851274490356 -0.19364537298679352 0.9546464681625366
v -0.6363090872764587 -0.056972261518239975 1.0917993783950806
v -0.7609686255455017 -0.0570341981947422 1.0088778734207153
v -0.6363090872764587 -0.056972261518239975 1.0917993783950806
v -0.6020387411117554 -0.19358676671981812 1.0331023931503296
v -0.5027170777320862 -0.05692096799612045 1.1593948602676392
v -0.6363090872764587 -0.056972261518239975 1.0917993783950806
v -0.5027170777320862 -0.05692096799612045 1.1593948602676392
v -0.47564107179641724 -0.19353823363780975 1.097057580947876
v -0.3620680868625641 -0.05688103660941124 1.2107155323028564
v -0.5027170777320862 -0.05692096799612045 1.1593948602676392
v -0.3620680868625641 -0.05688103660941124 1.2107155323028564
v -0.3425663411617279 -0.19350045919418335 1.1456146240234375
v -0.2163364291191101 -0.0568530336022377 1.2450411319732666
v -0.3620680868625641 -0.05688103660941124 1.2107155323028564
v -0.2163364291191101 -0.0568530336022377 1.2450411319732666
v -0.20468266308307648 -0.1934739649295807 1.1780915260314941
v -0.06756782531738281 -0.05683734640479088 1.2618894577026367
v -0.2163364291191101 -0.0568530336022377 1.2450411319732666
v -0.06756782531738281 -0.05683734640479088 1.2618894577026367
v -0.06392562389373779 -0.19345912337303162 1.1940326690673828
v 0.08214928954839706 -0.05683419853448868 1.2610242366790771
v -0.06756782531738281 -0.05683734640479088 1.2618894577026367
v 0.08214928954839706 -0.05683419853448868 1.2610242366790771
v 0.07772886008024216 -0.19345614314079285 1.1932141780853271
v 0.23071323335170746 -0.05684363469481468 1.2424577474594116
v 0.08214928954839706 -0.05683419853448868 1.2610242366790771
v 0.23071323335170746 -0.05684363469481468 1.2424577474594116
v 0.2182922661304474 -0.19346506893634796 1.1756473779678345
v 0.37603849172592163 -0.05686551705002785 1.2064502239227295
v 0.23071323335170746 -0.05684363469481468 1.2424577474594116
v 0.37603849172592163 -0.05686551705002785 1.2064502239227295
v 0.3557913899421692 -0.1934857815504074 1.141579031944275
v 0.5160850286483765 -0.056899543851614 1.1535074710845947
v 0.37603849172592163 -0.05686551705002785 1.2064502239227295
v 0.5160850286483765 -0.056899543851614 1.1535074710845947
v 0.4882960617542267 -0.19351796805858612 1.0914872884750366
v 0.6488867998123169 -0.056945234537124634 1.084372639656067
v 0.5160850286483765 -0.056899543851614 1.1535074710845947
v 0.6488867998123169 -0.056945234537124634 1.084372639656067
v 0.6139461994171143 -0.19356119632720947 1.0260756015777588
v 0.7725797891616821 -0.057001952081918716 1.0000160932540894
v 0.6488867998123169 -0.056945234537124634 1.084372639656067
v 0.7725797891616821 -0.057001952081918716 1.0000160932540894
v 0.7309779524803162 -0.1936148703098297 0.9462618231773376
v 0.8854273557662964 -0.05706889554858208 0.9016220569610596
v 0.7725797891616821 -0.057001952081918716 1.0000160932540894
v 0.8854273557662964 -0.05706889554858208 0.9016220569610596
v 0.8377484083175659 -0.19367820024490356 0.8531665802001953
v 0.9858455061912537 -0.0571451261639595 0.7905718684196472
v 0.8854273557662964 -0.05706889554858208 0.9016220569610596
v 0.9858455061912537 -0.0571451261639595 0.7905718684196472
v 0.9327588081359863 -0.1937503218650818 0.7480967044830322
v 1.0724245309829712 -0.05722957104444504 0.6684243679046631
v 0.9858455061912537 -0.0571451261639595 0.7905718684196472
v 1.0724245309829712 -0.05722957104444504 0.6684243679046631
v 1.0146753787994385 -0.1938302218914032 0.6325271129608154
v 1.143949270248413 -0.05732105299830437 0.5368941426277161
v 1.0724245309829712 -0.05722957104444504 0.6684243679046631
v 1.143949270248413 -0.05732105299830437 0.5368941426277161
v 1.0823482275009155 -0.19391678273677826 0.5080801248550415
v 1.1994152069091797 -0.057418279349803925 0.39782774448394775
v 1.143949270248413 -0.05732105299830437 0.5368941426277161
v 1.1994152069091797 -0.057418279349803925 0.39782774448394775
v 1.1348273754119873 -0.19400876760482788 0.37650278210639954
v 1.238044261932373 -0.05751989409327507 0.2531772553920746
v 1.1994152069091797 -0.057418279349803925 0.39782774448394775
v 1.238044261932373 -0.05751989409327507 0.2531772553920746
v 1.1713759899139404 -0.19410490989685059 0.23964209854602814
v 1.259293794631958 -0.0576244592666626 0.10497327893972397
v 1.238044261932373 -0.05751989409327507 0.2531772553920746
v 1.259293794631958 -0.0576244592666626 0.10497327893972397
v 1.191481113433838 -0.19420385360717773 0.09941927343606949
v 1.262865662574768 -0.05773051828145981 -0.04470369219779968
v 1.259293794631958 -0.0576244592666626 0.10497327893972397
v 1.194860577583313 -0.1943041980266571 -0.042197227478027344
v 1.262865662574768 -0.05773051828145981 -0.04470369219779968
v 1.1814669370651245 -0.19440454244613647 -0.18321943283081055
v 1.194860577583313 -0.1943041980266571 -0.042197227478027344
v 1.1814669370651245 -0.19440454244613647 -0.18321943283081055
v 1.1458079814910889 -0.3564065992832184 -0.17756980657577515
v 1.151488184928894 -0.19450347125530243 -0.32166773080825806
v 1.1814669370651245 -0.19440454244613647 -0.18321943283081055
v 1.151488184928894 -0.19450347125530243 -0.32166773080825806
v 1.1167340278625488 -0.35650256276130676 -0.31183892488479614
v 1.1053451299667358 -0.19459961354732513 -0.45559853315353394
v 1.151488184928894 -0.19450347125530243 -0.32166773080825806
v 1.1053451299667358 -0.19459961354732513 -0.45559853315353394
v 1.0719836950302124 -0.3565957844257355 -0.4417269825935364
v 1.0436854362487793 -0.19469161331653595 -0.5831318497657776
v 1.1053451299667358 -0.19459961354732513 -0.45559853315353394
v 1.0436854362487793 -0.19469161331653595 -0.5831318497657776
v 1.0121853351593018 -0.35668501257896423 -0.5654106140136719
v 0.9673747420310974 -0.19477815926074982 -0.7024773359298706
v 1.0436854362487793 -0.19469161331653595 -0.5831318497657776
v 0.9673747420310974 -0.19477815926074982 -0.7024773359298706
v 0.9381781816482544 -0.35676896572113037 -0.6811535358428955
v 0.8774843215942383 -0.19485805928707123 -0.8119596242904663
v 0.9673747420310974 -0.19477815926074982 -0.7024773359298706
v 0.8774843215942383 -0.19485805928707123 -0.8119596242904663
v 0.8510011434555054 -0.3568464517593384 -0.7873310446739197
v 0.7752760648727417 -0.19493018090724945 -0.9100418090820312
v 0.8774843215942383 -0.19485805928707123 -0.8119596242904663
v 0.7752760648727417 -0.19493018090724945 -0.9100418090820312
v 0.7518780827522278 -0.3569163978099823 -0.8824526071548462
v 0.6621846556663513 -0.1949935257434845 -0.9953471422195435
v 0.7752760648727417 -0.19493018090724945 -0.9100418090820312
v 0.6621846556663513 -0.1949935257434845 -0.9953471422195435
v 0.6422004103660583 -0.35697782039642334 -0.965182900428772
v 0.5397976636886597 -0.19504718482494354 -1.0666780471801758
v 0.6621846556663513 -0.1949935257434845 -0.9953471422195435
v 0.5397976636886597 -0.19504718482494354 -1.0666780471801758
v 0.5235077738761902 -0.35702985525131226 -1.034360647201538
v 0.40983322262763977 -0.1950904130935669 -1.123033046722412
v 0.5397976636886597 -0.19504718482494354 -1.0666780471801758
v 0.40983322262763977 -0.1950904130935669 -1.123033046722412
v 0.39746639132499695 -0.35707178711891174 -1.0890146493911743
v 0.274115651845932 -0.1951226145029068 -1.163621425628662
v 0.40983322262763977 -0.1950904130935669 -1.123033046722412
v 0.274115651845932 -0.1951226145029068 -1.163621425628662
v 0.26584553718566895 -0.35710299015045166 -1.1283776760101318
v 0.13455019891262054 -0.19514331221580505 -1.1878730058670044
v 0.274115651845932 -0.1951226145029068 -1.163621425628662
v 0.13455019891262054 -0.19514331221580505 -1.1878730058670044
v 0.1304929405450821 -0.35712307691574097 -1.1518973112106323
v -0.006903987843543291 -0.19515223801136017 -1.195447564125061
v 0.13455019891262054 -0.19514331221580505 -1.1878730058670044
v -0.006903987843543291 -0.19515223801136017 -1.195447564125061
v -0.0066913701593875885 -0.3571317493915558 -1.1592432260513306
v -0.1482611894607544 -0.1951492577791214 -1.1862386465072632
v -0.006903987843543291 -0.19515223801136017 -1.195447564125061
v -0.1482611894607544 -0.1951492577791214 -1.1862386465072632
v -0.1437816172838211 -0.3571288585662842 -1.1503124237060547
v -0.2875370681285858 -0.19513441622257233 -1.160375714302063
v -0.1482611894607544 -0.1951492577791214 -1.1862386465072632
v -0.2875370681285858 -0.19513441622257233 -1.160375714302063
v -0.2788533568382263 -0.3571144640445709 -1.125230073928833
v -0.4227764904499054 -0.19510792195796967 -1.1182217597961426
v -0.2875370681285858 -0.19513441622257233 -1.160375714302063
v -0.4227764904499054 -0.19510792195796967 -1.1182217597961426
v -0.41001051664352417 -0.35708877444267273 -1.0843485593795776
v -0.5520809888839722 -0.19507014751434326 -1.060368299484253
v -0.4227764904499054 -0.19510792195796967 -1.1182217597961426
v -0.5520809888839722 -0.19507014751434326 -1.060368299484253
v -0.5354118347167969 -0.35705211758613586 -1.0282413959503174
v -0.6736353635787964 -0.1950216144323349 -0.9876279234886169
v -0.5520809888839722 -0.19507014751434326 -1.060368299484253
v -0.6736353635787964 -0.1950216144323349 -0.9876279234886169
v -0.6532970666885376 -0.3570050597190857 -0.9576966762542725
v -0.7857334017753601 -0.1949630081653595 -0.9010213017463684
v -0.6736353635787964 -0.1950216144323349 -0.9876279234886169
v -0.7857334017753601 -0.1949630081653595 -0.9010213017463684
v -0.7620112895965576 -0.35694822669029236 -0.8737043142318726
v -0.8868013024330139 -0.1948951631784439 -0.8017643690109253
v -0.7857334017753601 -0.1949630081653595 -0.9010213017463684
v -0.8868013024330139 -0.1948951631784439 -0.8017643690109253
v -0.8600284457206726 -0.3568824231624603 -0.7774436473846436
v -0.9754204750061035 -0.19481901824474335 -0.6912505626678467
v -0.8868013024330139 -0.1948951631784439 -0.8017643690109253
v -0.9754204750061035 -0.19481901824474335 -0.6912505626678467
v -0.9459725618362427 -0.3568085730075836 -0.6702656745910645
v -1.0503467321395874 -0.19473564624786377 -0.5710310935974121
v -0.9754204750061035 -0.19481901824474335 -0.6912505626678467
v -1.0503467321395874 -0.19473564624786377 -0.5710310935974121
v -1.0186371803283691 -0.3567277193069458 -0.5536751747131348
v -1.1105283498764038 -0.1946462094783783 -0.44279375672340393
v -1.0503467321395874 -0.19473564624786377 -0.5710310935974121
v -1.1105283498764038 -0.1946462094783783 -0.44279375672340393
v -1.0770021677017212 -0.3566409945487976 -0.4293087124824524
v -1.1551204919815063 -0.1945519745349884 -0.30833861231803894
v -1.1105283498764038 -0.1946462094783783 -0.44279375672340393
v -1.1551204919815063 -0.1945519745349884 -0.30833861231803894
v -1.1202483177185059 -0.35654959082603455 -0.2989121675491333
v -1.1834973096847534 -0.19445426762104034 -0.16955310106277466
v -1.1551204919815063 -0.1945519745349884 -0.30833861231803894
v -1.1834973096847534 -0.19445426762104034 -0.16955310106277466
v -1.1477686166763306 -0.35645484924316406 -0.16431599855422974
v -1.1952604055404663 -0.19435445964336395 -0.028385527431964874
v -1.1834973096847534 -0.19445426762104034 -0.16955310106277466
v -1.1952604055404663 -0.19435445964336395 -0.028385527431964874
v -1.1591764688491821 -0.35635802149772644 -0.027409646660089493
v -1.190244436264038 -0.19425393640995026 0.11318246275186539
v -1.1952604055404663 -0.19435445964336395 -0.028385527431964874
v -1.190244436264038 -0.19425393640995026 0.11318246275186539
v -1.154312014579773 -0.3562605381011963 0.10988502949476242
v -1.1685199737548828 -0.19415411353111267 0.25316354632377625
v -1.190244436264038 -0.19425393640995026 0.11318246275186539
v -1.1685199737548828 -0.19415411353111267 0.25316354632377625
v -1.1332433223724365 -0.35616374015808105 0.24564069509506226
v -1.130392074584961 -0.1940564066171646 0.389592707157135
v -1.1685199737548828 -0.19415411353111267 0.25316354632377625
v -1.130392074584961 -0.1940564066171646 0.389592707157135
v -1.096266269683838 -0.3560689687728882 0.37795165181159973
v -1.076395869255066 -0.19396217167377472 0.520554780960083
v -1.130392074584961 -0.1940564066171646 0.389592707157135
v -1.076395869255066 -0.19396217167377472 0.520554780960083
v -1.0439000129699707 -0.3559775948524475 0.5049605369567871
v -1.0072894096374512 -0.19387274980545044 0.6442112922668457
v -1.076395869255066 -0.19396217167377472 0.520554780960083
v -1.0072894096374512 -0.19387274980545044 0.6442112922668457
v -0.9768794775009155 -0.3558908700942993 0.6248844265937805
v -0.9240427017211914 -0.19378936290740967 0.758826494216919
v -1.0072894096374512 -0.19387274980545044 0.6442112922668457
v -0.9240427017211914 -0.19378936290740967 0.758826494216919
v -0.8961456418037415 -0.3558100163936615 0.736039936542511
v -0.8278243541717529 -0.1937132179737091 0.8627913594245911
v -0.9240427017211914 -0.19378936290740967 0.758826494216919
v -0.8278243541717529 -0.1937132179737091 0.8627913594245911
v -0.8028317093849182 -0.3557361662387848 0.836866557598114
v -0.7199851274490356 -0.19364537298679352 0.9546464681625366
v -0.8278243541717529 -0.1937132179737091 0.8627913594245911
v -0.7199851274490356 -0.19364537298679352 0.9546464681625366
v -0.6982476711273193 -0.35567036271095276 0.9259488582611084
v -0.6020387411117554 -0.19358676671981812 1.0331023931503296
v -0.7199851274490356 -0.19364537298679352 0.9546464681625366
v -0.6020387411117554 -0.19358676671981812 1.0331023931503296
v -0.5838616490364075 -0.3556135296821594 1.0020365715026855
v -0.47564107179641724 -0.19353823363780975 1.097057580947876
v -0.6020387411117554 -0.19358676671981812 1.0331023931503296
v -0.47564107179641724 -0.19353823363780975 1.097057580947876
v -0.4612793028354645 -0.35556647181510925 1.0640612840652466
v -0.3425663411617279 -0.19350045919418335 1.1456146240234375
v -0.47564107179641724 -0.19353823363780975 1.097057580947876
v -0.3425663411617279 -0.19350045919418335 1.1456146240234375
v -0.33222153782844543 -0.3555298149585724 1.1111525297164917
v -0.20468266308307648 -0.1934739649295807 1.1780915260314941
v -0.3425663411617279 -0.19350045919418335 1.1456146240234375
v -0.20468266308307648 -0.1934739649295807 1.1780915260314941
v -0.19849997758865356 -0.3555041253566742 1.1426492929458618
v -0.06392562389373779 -0.19345912337303162 1.1940326690673828
v -0.20468266308307648 -0.1934739649295807 1.1780915260314941
v -0.06392562389373779 -0.19345912337303162 1.1940326690673828
v -0.061991769820451736 -0.35548973083496094 1.158109188079834
v 0.07772886008024216 -0.19345614314079285 1.1932141780853271
v -0.06392562389373779 -0.19345912337303162 1.1940326690673828
v 0.07772886008024216 -0.19345614314079285 1.1932141780853271
v 0.07538677752017975 -0.35548684000968933 1.1573152542114258
v 0.2182922661304474 -0.19346506893634796 1.1756473779678345
v 0.07772886008024216 -0.19345614314079285 1.1932141780853271
v 0.2182922661304474 -0.19346506893634796 1.1756473779678345
v 0.2117071896791458 -0.35549551248550415 1.1402788162231445
v 0.3557913899421692 -0.1934857815504074 1.141579031944275
v 0.2182922661304474 -0.19346506893634796 1.1756473779678345
v 0.3557913899421692 -0.1934857815504074 1.141579031944275
v 0.34505581855773926 -0.35551556944847107 1.10723876953125
v 0.4882960617542267 -0.19351796805858612 1.0914872884750366
v 0.3557913899421692 -0.1934857815504074 1.141579031944275
v 0.4882960617542267 -0.19351796805858612 1.0914872884750366
v 0.47356078028678894 -0.3555468022823334 1.0586591958999634
v 0.6139461994171143 -0.19356119632720947 1.0260756015777588
v 0.4882960617542267 -0.19351796805858612 1.0914872884750366
v 0.6139461994171143 -0.19356119632720947 1.0260756015777588
v 0.5954180955886841 -0.35558873414993286 0.9952218532562256
v 0.7309779524803162 -0.1936148703098297 0.9462618231773376
v 0.6139461994171143 -0.19356119632720947 1.0260756015777588
v 0.7309779524803162 -0.1936148703098297 0.9462618231773376
v 0.7089171409606934 -0.3556407690048218 0.9178173542022705
v 0.8377484083175659 -0.19367820024490356 0.8531665802001953
v 0.7309779524803162 -0.1936148703098297 0.9462618231773376
v 0.8377484083175659 -0.19367820024490356 0.8531665802001953
v 0.8124646544456482 -0.3557021915912628 0.8275322318077087
v 0.9327588081359863 -0.1937503218650818 0.7480967044830322
v 0.8377484083175659 -0.19367820024490356 0.8531665802001953
v 0.9327588081359863 -0.1937503218650818 0.7480967044830322
v 0.9046071171760559 -0.35577213764190674 0.725633978843689
v 1.0146753787994385 -0.1938302218914032 0.6325271129608154
v 0.9327588081359863 -0.1937503218650818 0.7480967044830322
v 1.0146753787994385 -0.1938302218914032 0.6325271129608154
v 0.984050989151001 -0.35584962368011475 0.6135529279708862
v 1.0823482275009155 -0.19391678273677826 0.5080801248550415
v 1.0146753787994385 -0.1938302218914032 0.6325271129608154
v 1.0823482275009155 -0.19391678273677826 0.5080801248550415
v 1.0496810674667358 -0.3559335768222809 0.4928624629974365
v 1.1348273754119873 -0.19400876760482788 0.37650278210639954
v 1.0823482275009155 -0.19391678273677826 0.5080801248550415
v 1.1348273754119873 -0.19400876760482788 0.37650278210639954
v 1.1005760431289673 -0.35602277517318726 0.3652568459510803
v 1.1713759899139404 -0.19410490989685059 0.23964209854602814
v 1.1348273754119873 -0.19400876760482788 0.37650278210639954
v 1.1713759899139404 -0.19410490989685059 0.23964209854602814
v 1.1360214948654175 -0.35611602663993835 0.23252739012241364
v 1.191481113433838 -0.19420385360717773 0.09941927343606949
v 1.1713759899139404 -0.19410490989685059 0.23964209854602814
v 1.191481113433838 -0.19420385360717773 0.09941927343606949
v 1.1555198431015015 -0.35621199011802673 0.09653729200363159
v 1.194860577583313 -0.1943041980266571 -0.042197227478027344
v 1.191481113433838 -0.19420385360717773 0.09941927343606949
v 1.158797264099121 -0.35630929470062256 -0.0408044308423996
v 1.194860577583313 -0.1943041980266571 -0.042197227478027344
v 1.1458079814910889 -0.3564065992832184 -0.17756980657577515
v 1.158797264099121 -0.35630929470062256 -0.0408044308423996
v 1.1458079814910889 -0.3564065992832184 -0.17756980657577515
v 1.148681879043579 -0.5346368551254272 -0.17788873612880707
v 1.1167340278625488 -0.35650256276130676 -0.31183892488479614
v 1.1458079814910889 -0.3564065992832184 -0.17756980657577515
v 1.1167340278625488 -0.35650256276130676 -0.31183892488479614
v 1.119535207748413 -0.5347330570220947 -0.3124941289424896
v 1.0719836950302124 -0.3565957844257355 -0.4417269825935364
v 1.1167340278625488 -0.35650256276130676 -0.31183892488479614
v 1.0719836950302124 -0.3565957844257355 -0.4417269825935364
v 1.074672818183899 -0.5348265171051025 -0.44270747900009155
v 1.0121853351593018 -0.35668501257896423 -0.5654106140136719
v 1.0719836950302124 -0.3565957844257355 -0.4417269825935364
v 1.0121853351593018 -0.35668501257896423 -0.5654106140136719
v 1.0147247314453125 -0.5349159836769104 -0.5667008757591248
v 0.9381781816482544 -0.35676896572113037 -0.6811535358428955
v 1.0121853351593018 -0.35668501257896423 -0.5654106140136719
v 0.9381781816482544 -0.35676896572113037 -0.6811535358428955
v 0.9405321478843689 -0.5350001454353333 -0.6827336549758911
v 0.8510011434555054 -0.3568464517593384 -0.7873310446739197
v 0.9381781816482544 -0.35676896572113037 -0.6811535358428955
v 0.8510011434555054 -0.3568464517593384 -0.7873310446739197
v 0.8531368374824524 -0.5350778102874756 -0.7891770601272583
v 0.7518780827522278 -0.3569163978099823 -0.8824526071548462
v 0.8510011434555054 -0.3568464517593384 -0.7873310446739197
v 0.7518780827522278 -0.3569163978099823 -0.8824526071548462
v 0.7537655234336853 -0.5351479053497314 -0.884536862373352
v 0.6422004103660583 -0.35697782039642334 -0.965182900428772
v 0.7518780827522278 -0.3569163978099823 -0.8824526071548462
v 0.6422004103660583 -0.35697782039642334 -0.965182900428772
v 0.6438131928443909 -0.5352094769477844 -0.9674743413925171
v 0.5235077738761902 -0.35702985525131226 -1.034360647201538
v 0.6422004103660583 -0.35697782039642334 -0.965182900428772
v 0.5235077738761902 -0.35702985525131226 -1.034360647201538
v 0.5248233079910278 -0.5352616906166077 -1.0368252992630005
v 0.39746639132499695 -0.35707178711891174 -1.0890146493911743
v 0.5235077738761902 -0.35702985525131226 -1.034360647201538
v 0.39746639132499695 -0.35707178711891174 -1.0890146493911743
v 0.39846622943878174 -0.5353037118911743 -1.0916162729263306
v 0.26584553718566895 -0.35710299015045166 -1.1283776760101318
v 0.39746639132499695 -0.35707178711891174 -1.0890146493911743
v 0.26584553718566895 -0.35710299015045166 -1.1283776760101318
v 0.2665157616138458 -0.5353350043296814 -1.1310778856277466
v 0.1304929405450821 -0.35712307691574097 -1.1518973112106323
v 0.26584553718566895 -0.35710299015045166 -1.1283776760101318
v 0.1304929405450821 -0.35712307691574097 -1.1518973112106323
v 0.13082420825958252 -0.5353551506996155 -1.1546562910079956
v -0.0066913701593875885 -0.3571317493915558 -1.1592432260513306
v 0.1304929405450821 -0.35712307691574097 -1.1518973112106323
v -0.0066913701593875885 -0.3571317493915558 -1.1592432260513306
v -0.006703674327582121 -0.5353637933731079 -1.1620206832885742
v -0.1437816172838211 -0.3571288585662842 -1.1503124237060547
v -0.0066913701593875885 -0.3571317493915558 -1.1592432260513306
v -0.1437816172838211 -0.3571288585662842 -1.1503124237060547
v -0.14413724839687347 -0.5353609323501587 -1.1530674695968628
v -0.2788533568382263 -0.3571144640445709 -1.125230073928833
v -0.1437816172838211 -0.3571288585662842 -1.1503124237060547
v -0.2788533568382263 -0.3571144640445709 -1.125230073928833
v -0.2795472741127014 -0.535346508026123 -1.1279222965240479
v -0.41001051664352417 -0.35708877444267273 -1.0843485593795776
v -0.2788533568382263 -0.3571144640445709 -1.125230073928833
v -0.41001051664352417 -0.35708877444267273 -1.0843485593795776
v -0.41103285551071167 -0.5353206992149353 -1.0869383811950684
v -0.5354118347167969 -0.35705211758613586 -1.0282413959503174
v -0.41001051664352417 -0.35708877444267273 -1.0843485593795776
v -0.5354118347167969 -0.35705211758613586 -1.0282413959503174
v -0.5367482900619507 -0.5352839827537537 -1.0306907892227173
v -0.6532970666885376 -0.3570050597190857 -0.9576966762542725
v -0.5354118347167969 -0.35705211758613586 -1.0282413959503174
v -0.6532970666885376 -0.3570050597190857 -0.9576966762542725
v -0.6549287438392639 -0.5352368354797363 -0.9599693417549133
v -0.7620112895965576 -0.35694822669029236 -0.8737043142318726
v -0.6532970666885376 -0.3570050597190857 -0.9576966762542725
v -0.7620112895965576 -0.35694822669029236 -0.8737043142318726
v -0.7639152407646179 -0.535179853439331 -0.8757666945457458
v -0.8600284457206726 -0.3568824231624603 -0.7774436473846436
v -0.7620112895965576 -0.35694822669029236 -0.8737043142318726
v -0.8600284457206726 -0.3568824231624603 -0.7774436473846436
v -0.8621777892112732 -0.5351138710975647 -0.7792648673057556
v -0.9459725618362427 -0.3568085730075836 -0.6702656745910645
v -0.8600284457206726 -0.3568824231624603 -0.7774436473846436
v -0.9459725618362427 -0.3568085730075836 -0.6702656745910645
v -0.948337197303772 -0.5350398421287537 -0.6718185544013977
v -1.0186371803283691 -0.3567277193069458 -0.5536751747131348
v -0.9459725618362427 -0.3568085730075836 -0.6702656745910645
v -1.0186371803283691 -0.3567277193069458 -0.5536751747131348
v -1.021183729171753 -0.5349587798118591 -0.5549359917640686
v -1.0770021677017212 -0.3566409945487976 -0.4293087124824524
v -1.0186371803283691 -0.3567277193069458 -0.5536751747131348
v -1.0770021677017212 -0.3566409945487976 -0.4293087124824524
v -1.0796949863433838 -0.5348718166351318 -0.4302580952644348
v -1.1202483177185059 -0.35654959082603455 -0.2989121675491333
v -1.0770021677017212 -0.3566409945487976 -0.4293087124824524
v -1.1202483177185059 -0.35654959082603455 -0.2989121675491333
v -1.1230494976043701 -0.5347802042961121 -0.29953500628471375
v -1.1477686166763306 -0.35645484924316406 -0.16431599855422974
v -1.1202483177185059 -0.35654959082603455 -0.2989121675491333
v -1.1477686166763306 -0.35645484924316406 -0.16431599855422974
v -1.1506385803222656 -0.5346851944923401 -0.16460174322128296
v -1.1591764688491821 -0.35635802149772644 -0.027409646660089493
v -1.1477686166763306 -0.35645484924316406 -0.16431599855422974
v -1.1591764688491821 -0.35635802149772644 -0.027409646660089493
v -1.1620750427246094 -0.5345881581306458 -0.027352526783943176
v -1.154312014579773 -0.3562605381011963 0.10988502949476242
v -1.1591764688491821 -0.35635802149772644 -0.027409646660089493
v -1.154312014579773 -0.3562605381011963 0.10988502949476242
v -1.157198429107666 -0.5344904661178589 0.11028598994016647
v -1.1332433223724365 -0.35616374015808105 0.24564069509506226
v -1.154312014579773 -0.3562605381011963 0.10988502949476242
v -1.1332433223724365 -0.35616374015808105 0.24564069509506226
v -1.1360769271850586 -0.5343933701515198 0.24638164043426514
v -1.096266269683838 -0.3560689687728882 0.37795165181159973
v -1.1332433223724365 -0.35616374015808105 0.24564069509506226
v -1.096266269683838 -0.3560689687728882 0.37795165181159973
v -1.0990073680877686 -0.5342984199523926 0.3790239691734314
v -1.0439000129699707 -0.3559775948524475 0.5049605369567871
v -1.096266269683838 -0.3560689687728882 0.37795165181159973
v -1.0439000129699707 -0.3559775948524475 0.5049605369567871
v -1.046509861946106 -0.5342068076133728 0.5063509345054626
v -0.9768794775009155 -0.3558908700942993 0.6248844265937805
v -1.0439000129699707 -0.3559775948524475 0.5049605369567871
v -0.9768794775009155 -0.3558908700942993 0.6248844265937805
v -0.9793215394020081 -0.5341198444366455 0.6265751719474792
v -0.8961456418037415 -0.3558100163936615 0.736039936542511
v -0.9768794775009155 -0.3558908700942993 0.6248844265937805
v -0.8961456418037415 -0.3558100163936615 0.736039936542511
v -0.8983855247497559 -0.534038782119751 0.7380090355873108
v -0.8028317093849182 -0.3557361662387848 0.836866557598114
v -0.8961456418037415 -0.3558100163936615 0.736039936542511
v -0.8028317093849182 -0.3557361662387848 0.836866557598114
v -0.8048378229141235 -0.5339647531509399 0.8390881419181824
v -0.6982476711273193 -0.35567036271095276 0.9259488582611084
v -0.8028317093849182 -0.3557361662387848 0.836866557598114
v -0.6982476711273193 -0.35567036271095276 0.9259488582611084
v -0.6999918818473816 -0.5338987708091736 0.9283936023712158
v -0.5838616490364075 -0.3556135296821594 1.0020365715026855
v -0.6982476711273193 -0.35567036271095276 0.9259488582611084
v -0.5838616490364075 -0.3556135296821594 1.0020365715026855
v -0.5853193998336792 -0.5338417887687683 1.0046718120574951
v -0.4612793028354645 -0.35556647181510925 1.0640612840652466
v -0.5838616490364075 -0.3556135296821594 1.0020365715026855
v -0.4612793028354645 -0.35556647181510925 1.0640612840652466
v -0.46243008971214294 -0.533794641494751 1.0668518543243408
v -0.33222153782844543 -0.3555298149585724 1.1111525297164917
v -0.4612793028354645 -0.35556647181510925 1.0640612840652466
v -0.33222153782844543 -0.3555298149585724 1.1111525297164917
v -0.33304908871650696 -0.5337578654289246 1.1140611171722412
v -0.19849997758865356 -0.3555041253566742 1.1426492929458618
v -0.33222153782844543 -0.3555298149585724 1.1111525297164917
v -0.19849997758865356 -0.3555041253566742 1.1426492929458618
v -0.19899263978004456 -0.5337321162223816 1.1456366777420044
v -0.061991769820451736 -0.35548973083496094 1.158109188079834
v -0.19849997758865356 -0.3555041253566742 1.1426492929458618
v -0.061991769820451736 -0.35548973083496094 1.158109188079834
v -0.062142565846443176 -0.533717691898346 1.161135196685791
v 0.07538677752017975 -0.35548684000968933 1.1573152542114258
v -0.061991769820451736 -0.35548973083496094 1.158109188079834
v 0.07538677752017975 -0.35548684000968933 1.1573152542114258
v 0.07558003067970276 -0.533714771270752 1.16033935546875
v 0.2117071896791458 -0.35549551248550415 1.1402788162231445
v 0.07538677752017975 -0.35548684000968933 1.1573152542114258
v 0.2117071896791458 -0.35549551248550415 1.1402788162231445
v 0.21224184334278107 -0.5337234735488892 1.1432602405548096
v 0.34505581855773926 -0.35551556944847107 1.10723876953125
v 0.2117071896791458 -0.35549551248550415 1.1402788162231445
v 0.34505581855773926 -0.35551556944847107 1.10723876953125
v 0.345924437046051 -0.5337436199188232 1.1101375818252563
v 0.47356078028678894 -0.3555468022823334 1.0586591958999634
v 0.34505581855773926 -0.35551556944847107 1.10723876953125
v 0.47356078028678894 -0.3555468022823334 1.0586591958999634
v 0.47475117444992065 -0.5337749123573303 1.0614362955093384
v 0.5954180955886841 -0.35558873414993286 0.9952218532562256
v 0.47356078028678894 -0.3555468022823334 1.0586591958999634
v 0.5954180955886841 -0.35558873414993286 0.9952218532562256
v 0.5969136953353882 -0.533816933631897 0.9978401064872742
v 0.7089171409606934 -0.3556407690048218 0.9178173542022705
v 0.5954180955886841 -0.35558873414993286 0.9952218532562256
v 0.7089171409606934 -0.3556407690048218 0.9178173542022705
v 0.7106969952583313 -0.5338690876960754 0.9202417135238647
v 0.8124646544456482 -0.3557021915912628 0.8275322318077087
v 0.7089171409606934 -0.3556407690048218 0.9178173542022705
v 0.8124646544456482 -0.3557021915912628 0.8275322318077087
v 0.8145038485527039 -0.5339307188987732 0.8297305107116699
v 0.9046071171760559 -0.35577213764190674 0.725633978843689
v 0.8124646544456482 -0.3557021915912628 0.8275322318077087
v 0.9046071171760559 -0.35577213764190674 0.725633978843689
v 0.9068771004676819 -0.534000813961029 0.7275769710540771
v 0.984050989151001 -0.35584962368011475 0.6135529279708862
v 0.9046071171760559 -0.35577213764190674 0.725633978843689
v 0.984050989151001 -0.35584962368011475 0.6135529279708862
v 0.9865198731422424 -0.5340784788131714 0.6152152419090271
v 1.0496810674667358 -0.3559335768222809 0.4928624629974365
v 0.984050989151001 -0.35584962368011475 0.6135529279708862
v 1.0496810674667358 -0.3559335768222809 0.4928624629974365
v 1.0523144006729126 -0.5341626405715942 0.49422258138656616
v 1.1005760431289673 -0.35602277517318726 0.3652568459510803
v 1.0496810674667358 -0.3559335768222809 0.4928624629974365
v 1.1005760431289673 -0.35602277517318726 0.3652568459510803
v 1.1033368110656738 -0.5342521071434021 0.3662973642349243
v 1.1360214948654175 -0.35611602663993835 0.23252739012241364
v 1.1005760431289673 -0.35602277517318726 0.3652568459510803
v 1.1360214948654175 -0.35611602663993835 0.23252739012241364
v 1.1388709545135498 -0.5343455672264099 0.23323550820350647
v 1.1555198431015015 -0.35621199011802673 0.09653729200363159
v 1.1360214948654175 -0.35611602663993835 0.23252739012241364
v 1.1555198431015015 -0.35621199011802673 0.09653729200363159
v 1.15841805934906 -0.5344417691230774 0.09690481424331665
v 1.158797264099121 -0.35630929470062256 -0.0408044308423996
v 1.1555198431015015 -0.35621199011802673 0.09653729200363159
v 1.1617038249969482 -0.5345392823219299 -0.04078085720539093
v 1.158797264099121 -0.35630929470062256 -0.0408044308423996
v 1.148681879043579 -0.5346368551254272 -0.17788873612880707
v 1.1617038249969482 -0.5345392823219299 -0.04078085720539093
v 1.148681879043579 -0.5346368551254272 -0.17788873612880707
v 1.1942665576934814 -0.7181662917137146 -0.1848323941230774
v 1.119535207748413 -0.5347330570220947 -0.3124941289424896
v 1.148681879043579 -0.5346368551254272 -0.17788873612880707
v 1.119535207748413 -0.5347330570220947 -0.3124941289424896
v 1.1639631986618042 -0.7182662487030029 -0.32477903366088867
v 1.074672818183899 -0.5348265171051025 -0.44270747900009155
v 1.119535207748413 -0.5347330570220947 -0.3124941289424896
v 1.074672818183899 -0.5348265171051025 -0.44270747900009155
v 1.1173207759857178 -0.7183634638786316 -0.4601593315601349
v 1.0147247314453125 -0.5349159836769104 -0.5667008757591248
v 1.074672818183899 -0.5348265171051025 -0.44270747900009155
v 1.0147247314453125 -0.5349159836769104 -0.5667008757591248
v 1.0549938678741455 -0.7184564471244812 -0.5890728831291199
v 0.9405321478843689 -0.5350001454353333 -0.6827336549758911
v 1.0147247314453125 -0.5349159836769104 -0.5667008757591248
v 0.9405321478843689 -0.5350001454353333 -0.6827336549758911
v 0.977857232093811 -0.7185439467430115 -0.7097099423408508
v 0.8531368374824524 -0.5350778102874756 -0.7891770601272583
v 0.9405321478843689 -0.5350001454353333 -0.6827336549758911
v 0.8531368374824524 -0.5350778102874756 -0.7891770601272583
v 0.8869940042495728 -0.7186247110366821 -0.8203771114349365
v 0.7537655234336853 -0.5351479053497314 -0.884536862373352
v 0.8531368374824524 -0.5350778102874756 -0.7891770601272583
v 0.7537655234336853 -0.5351479053497314 -0.884536862373352
v 0.7836795449256897 -0.7186976075172424 -0.9195208549499512
v 0.6438131928443909 -0.5352094769477844 -0.9674743413925171
v 0.7537655234336853 -0.5351479053497314 -0.884536862373352
v 0.6438131928443909 -0.5352094769477844 -0.9674743413925171
v 0.6693642735481262 -0.7187616229057312 -1.0057493448257446
v 0.5248233079910278 -0.5352616906166077 -1.0368252992630005
v 0.6438131928443909 -0.5352094769477844 -0.9674743413925171
v 0.5248233079910278 -0.5352616906166077 -1.0368252992630005
v 0.5456528067588806 -0.7188158631324768 -1.0778522491455078
v 0.39846622943878174 -0.5353037118911743 -1.0916162729263306
v 0.5248233079910278 -0.5352616906166077 -1.0368252992630005
v 0.39846622943878174 -0.5353037118911743 -1.0916162729263306
v 0.4142817556858063 -0.7188595533370972 -1.1348172426223755
v 0.2665157616138458 -0.5353350043296814 -1.1310778856277466
v 0.39846622943878174 -0.5353037118911743 -1.0916162729263306
v 0.2665157616138458 -0.5353350043296814 -1.1310778856277466
v 0.27709540724754333 -0.7188920974731445 -1.175844669342041
v 0.13082420825958252 -0.5353551506996155 -1.1546562910079956
v 0.2665157616138458 -0.5353350043296814 -1.1310778856277466
v 0.13082420825958252 -0.5353551506996155 -1.1546562910079956
v 0.13601946830749512 -0.7189130187034607 -1.2003588676452637
v -0.006703674327582121 -0.5353637933731079 -1.1620206832885742
v 0.13082420825958252 -0.5353551506996155 -1.1546562910079956
v -0.006703674327582121 -0.5353637933731079 -1.1620206832885742
v -0.006965602282434702 -0.7189220786094666 -1.2080153226852417
v -0.14413724839687347 -0.5353609323501587 -1.1530674695968628
v -0.006703674327582121 -0.5353637933731079 -1.1620206832885742
v -0.14413724839687347 -0.5353609323501587 -1.1530674695968628
v -0.14985264837741852 -0.718919038772583 -1.198706865310669
v -0.2795472741127014 -0.535346508026123 -1.1279222965240479
v -0.14413724839687347 -0.5353609323501587 -1.1530674695968628
v -0.2795472741127014 -0.535346508026123 -1.1279222965240479
v -0.2906358242034912 -0.7189040184020996 -1.1725640296936035
v -0.41103285551071167 -0.5353206992149353 -1.0869383811950684
v -0.2795472741127014 -0.535346508026123 -1.1279222965240479
v -0.41103285551071167 -0.5353206992149353 -1.0869383811950684
v -0.4273388683795929 -0.7188772559165955 -1.1299537420272827
v -0.5367482900619507 -0.5352839827537537 -1.0306907892227173
v -0.41103285551071167 -0.5353206992149353 -1.0869383811950684
v -0.5367482900619507 -0.5352839827537537 -1.0306907892227173
v -0.5580427646636963 -0.7188390493392944 -1.071474313735962
v -0.6549287438392639 -0.5352368354797363 -0.9599693417549133
v -0.5367482900619507 -0.5352839827537537 -1.0306907892227173
v -0.6549287438392639 -0.5352368354797363 -0.9599693417549133
v -0.6809127330780029 -0.7187899947166443 -0.997946560382843
v -0.7639152407646179 -0.535179853439331 -0.8757666945457458
v -0.6549287438392639 -0.5352368354797363 -0.9599693417549133
v -0.7639152407646179 -0.535179853439331 -0.8757666945457458
v -0.7942238450050354 -0.7187308073043823 -0.9104026556015015
v -0.8621777892112732 -0.5351138710975647 -0.7792648673057556
v -0.7639152407646179 -0.535179853439331 -0.8757666945457458
v -0.8621777892112732 -0.5351138710975647 -0.7792648673057556
v -0.8963856101036072 -0.7186622023582458 -0.8100715279579163
v -0.948337197303772 -0.5350398421287537 -0.6718185544013977
v -0.8621777892112732 -0.5351138710975647 -0.7792648673057556
v -0.948337197303772 -0.5350398421287537 -0.6718185544013977
v -0.9859638214111328 -0.7185852527618408 -0.6983616948127747
v -1.021183729171753 -0.5349587798118591 -0.5549359917640686
v -0.948337197303772 -0.5350398421287537 -0.6718185544013977
v -1.021183729171753 -0.5349587798118591 -0.5549359917640686
v -1.0617010593414307 -0.7185009717941284 -0.5768411755561829
v -1.0796949863433838 -0.5348718166351318 -0.4302580952644348
v -1.021183729171753 -0.5349587798118591 -0.5549359917640686
v -1.0796949863433838 -0.5348718166351318 -0.4302580952644348
v -1.1225340366363525 -0.7184105515480042 -0.4472159743309021
v -1.1230494976043701 -0.5347802042961121 -0.29953500628471375
v -1.0796949863433838 -0.5348718166351318 -0.4302580952644348
v -1.1230494976043701 -0.5347802042961121 -0.29953500628471375
v -1.1676087379455566 -0.7183153033256531 -0.3113056421279907
v -1.1506385803222656 -0.5346851944923401 -0.16460174322128296
v -1.1230494976043701 -0.5347802042961121 -0.29953500628471375
v -1.1506385803222656 -0.5346851944923401 -0.16460174322128296
v -1.196292757987976 -0.7182165384292603 -0.17101815342903137
v -1.1620750427246094 -0.5345881581306458 -0.027352526783943176
v -1.1506385803222656 -0.5346851944923401 -0.16460174322128296
v -1.1620750427246094 -0.5345881581306458 -0.027352526783943176
v -1.20818293094635 -0.7181156277656555 -0.02832278423011303
v -1.157198429107666 -0.5344904661178589 0.11028598994016647
v -1.1620750427246094 -0.5345881581306458 -0.027352526783943176
v -1.157198429107666 -0.5344904661178589 0.11028598994016647
v -1.2031127214431763 -0.7180140018463135 0.11477731913328171
v -1.1360769271850586 -0.5343933701515198 0.24638164043426514
v -1.157198429107666 -0.5344904661178589 0.11028598994016647
v -1.1360769271850586 -0.5343933701515198 0.24638164043426514
v -1.1811532974243164 -0.7179131507873535 0.2562733590602875
v -1.0990073680877686 -0.5342984199523926 0.3790239691734314
v -1.1360769271850586 -0.5343933701515198 0.24638164043426514
v -1.0990073680877686 -0.5342984199523926 0.3790239691734314
v -1.1426126956939697 -0.7178143858909607 0.39417901635169983
v -1.046509861946106 -0.5342068076133728 0.5063509345054626
v -1.0990073680877686 -0.5342984199523926 0.3790239691734314
v -1.046509861946106 -0.5342068076133728 0.5063509345054626
v -1.0880321264266968 -0.7177191376686096 0.5265584588050842
v -0.9793215394020081 -0.5341198444366455 0.6265751719474792
v -1.046509861946106 -0.5342068076133728 0.5063509345054626
v -0.9793215394020081 -0.5341198444366455 0.6265751719474792
v -1.0181776285171509 -0.7176287174224854 0.651553213596344
v -0.8983855247497559 -0.534038782119751 0.7380090355873108
v -0.9793215394020081 -0.5341198444366455 0.6265751719474792
v -0.8983855247497559 -0.534038782119751 0.7380090355873108
v -0.9340299963951111 -0.717544436454773 0.7674088478088379
v -0.8048378229141235 -0.5339647531509399 0.8390881419181824
v -0.8983855247497559 -0.534038782119751 0.7380090355873108
v -0.8048378229141235 -0.5339647531509399 0.8390881419181824
v -0.8367703557014465 -0.7174674868583679 0.8724988698959351
v -0.6999918818473816 -0.5338987708091736 0.9283936023712158
v -0.8048378229141235 -0.5339647531509399 0.8390881419181824
v -0.6999918818473816 -0.5338987708091736 0.9283936023712158
v -0.7277640104293823 -0.7173988819122314 0.9653480648994446
v -0.5853193998336792 -0.5338417887687683 1.0046718120574951
v -0.6999918818473816 -0.5338987708091736 0.9283936023712158
v -0.5853193998336792 -0.5338417887687683 1.0046718120574951
v -0.6085412502288818 -0.7173396348953247 1.044653058052063
v -0.46243008971214294 -0.533794641494751 1.0668518543243408
v -0.5853193998336792 -0.5338417887687683 1.0046718120574951
v -0.46243008971214294 -0.533794641494751 1.0668518543243408
v -0.4807755947113037 -0.7172905802726746 1.1093004941940308
v -0.33304908871650696 -0.5337578654289246 1.1140611171722412
v -0.46243008971214294 -0.533794641494751 1.0668518543243408
v -0.33304908871650696 -0.5337578654289246 1.1140611171722412
v -0.3462606370449066 -0.7172524333000183 1.1583828926086426
v -0.19899263978004456 -0.5337321162223816 1.1456366777420044
v -0.33304908871650696 -0.5337578654289246 1.1140611171722412
v -0.19899263978004456 -0.5337321162223816 1.1456366777420044
v -0.2068847417831421 -0.7172256112098694 1.191211462020874
v -0.062142565846443176 -0.533717691898346 1.161135196685791
v -0.19899263978004456 -0.5337321162223816 1.1456366777420044
v -0.062142565846443176 -0.533717691898346 1.161135196685791
v -0.06460434943437576 -0.717210590839386 1.2073251008987427
v 0.07558003067970276 -0.533714771270752 1.16033935546875
v -0.062142565846443176 -0.533717691898346 1.161135196685791
v 0.07558003067970276 -0.533714771270752 1.16033935546875
v 0.07858318090438843 -0.7172076106071472 1.2064976692199707
v 0.21224184334278107 -0.5337234735488892 1.1432602405548096
v 0.07558003067970276 -0.533714771270752 1.16033935546875
v 0.21224184334278107 -0.5337234735488892 1.1432602405548096
v 0.22066783905029297 -0.7172166109085083 1.188740849494934
v 0.345924437046051 -0.5337436199188232 1.1101375818252563
v 0.21224184334278107 -0.5337234735488892 1.1432602405548096
v 0.345924437046051 -0.5337436199188232 1.1101375818252563
v 0.3596550524234772 -0.7172375917434692 1.1543036699295044
v 0.47475117444992065 -0.5337749123573303 1.0614362955093384
v 0.345924437046051 -0.5337436199188232 1.1101375818252563
v 0.47475117444992065 -0.5337749123573303 1.0614362955093384
v 0.4935937821865082 -0.7172700762748718 1.1036700010299683
v 0.5969136953353882 -0.533816933631897 0.9978401064872742
v 0.47475117444992065 -0.5337749123573303 1.0614362955093384
v 0.5969136953353882 -0.533816933631897 0.9978401064872742
v 0.6206037402153015 -0.717313826084137 1.0375502109527588
v 0.7106969952583313 -0.5338690876960754 0.9202417135238647
v 0.5969136953353882 -0.533816933631897 0.9978401064872742
v 0.7106969952583313 -0.5338690876960754 0.9202417135238647
v 0.7389020323753357 -0.7173680663108826 0.9568727016448975
v 0.8145038485527039 -0.5339307188987732 0.8297305107116699
v 0.7106969952583313 -0.5338690876960754 0.9202417135238647
v 0.8145038485527039 -0.5339307188987732 0.8297305107116699
v 0.846828043460846 -0.7174320816993713 0.8627699613571167
v 0.9068771004676819 -0.534000813961029 0.7275769710540771
v 0.8145038485527039 -0.5339307188987732 0.8297305107116699
v 0.9068771004676819 -0.534000813961029 0.7275769710540771
v 0.9428666830062866 -0.7175049781799316 0.7565629482269287
v 0.9865198731422424 -0.5340784788131714 0.6152152419090271
v 0.9068771004676819 -0.534000813961029 0.7275769710540771
v 0.9865198731422424 -0.5340784788131714 0.6152152419090271
v 1.025669813156128 -0.7175857424736023 0.6397425532341003
v 1.0523144006729126 -0.5341626405715942 0.49422258138656616
v 0.9865198731422424 -0.5340784788131714 0.6152152419090271
v 1.0523144006729126 -0.5341626405715942 0.49422258138656616
v 1.094075083732605 -0.7176732420921326 0.5139487981796265
v 1.1033368110656738 -0.5342521071434021 0.3662973642349243
v 1.0523144006729126 -0.5341626405715942 0.49422258138656616
v 1.1033368110656738 -0.5342521071434021 0.3662973642349243
v 1.1471220254898071 -0.7177662253379822 0.38094741106033325
v 1.1388709545135498 -0.5343455672264099 0.23323550820350647
v 1.1033368110656738 -0.5342521071434021 0.3662973642349243
v 1.1388709545135498 -0.5343455672264099 0.23323550820350647
v 1.1840662956237793 -0.7178633809089661 0.2426055669784546
v 1.15841805934906 -0.5344417691230774 0.09690481424331665
v 1.1388709545135498 -0.5343455672264099 0.23323550820350647
v 1.15841805934906 -0.5344417691230774 0.09690481424331665
v 1.204389214515686 -0.7179633975028992 0.1008651852607727
v 1.1617038249969482 -0.5345392823219299 -0.04078085720539093
v 1.15841805934906 -0.5344417691230774 0.09690481424331665
v 1.2078051567077637 -0.7180648446083069 -0.04228396341204643
v 1.1617038249969482 -0.5345392823219299 -0.04078085720539093
v 1.1942665576934814 -0.7181662917137146 -0.1848323941230774
v 1.2078051567077637 -0.7180648446083069 -0.04228396341204643
v 1.1942665576934814 -0.7181662917137146 -0.1848323941230774
v 1.2835888862609863 -0.8951964974403381 -0.19856856763362885
v 1.1639631986618042 -0.7182662487030029 -0.32477903366088867
v 1.1942665576934814 -0.7181662917137146 -0.1848323941230774
v 1.1639631986618042 -0.7182662487030029 -0.32477903366088867
v 1.2510192394256592 -0.8953040242195129 -0.3489818274974823
v 1.1173207759857178 -0.7183634638786316 -0.4601593315601349
v 1.1639631986618042 -0.7182662487030029 -0.32477903366088867
v 1.1173207759857178 -0.7183634638786316 -0.4601593315601349
v 1.2008883953094482 -0.8954084515571594 -0.4944872260093689
v 1.0549938678741455 -0.7184564471244812 -0.5890728831291199
v 1.1173207759857178 -0.7183634638786316 -0.4601593315601349
v 1.0549938678741455 -0.7184564471244812 -0.5890728831291199
v 1.1338999271392822 -0.8955084085464478 -0.6330422163009644
v 0.977857232093811 -0.7185439467430115 -0.7097099423408508
v 1.0549938678741455 -0.7184564471244812 -0.5890728831291199
v 0.977857232093811 -0.7185439467430115 -0.7097099423408508
v 1.0509942770004272 -0.8956024050712585 -0.762701690196991
v 0.8869940042495728 -0.7186247110366821 -0.8203771114349365
v 0.977857232093811 -0.7185439467430115 -0.7097099423408508
v 0.8869940042495728 -0.7186247110366821 -0.8203771114349365
v 0.9533354043960571 -0.8956892490386963 -0.881645679473877
v 0.7836795449256897 -0.7186976075172424 -0.9195208549499512
v 0.8869940042495728 -0.7186247110366821 -0.8203771114349365
v 0.7836795449256897 -0.7186976075172424 -0.9195208549499512
v 0.8422941565513611 -0.8957675695419312 -0.9882043600082397
v 0.6693642735481262 -0.7187616229057312 -1.0057493448257446
v 0.7836795449256897 -0.7186976075172424 -0.9195208549499512
v 0.6693642735481262 -0.7187616229057312 -1.0057493448257446
v 0.7194291353225708 -0.8958364129066467 -1.080881953239441
v 0.5456528067588806 -0.7188158631324768 -1.0778522491455078
v 0.6693642735481262 -0.7187616229057312 -1.0057493448257446
v 0.5456528067588806 -0.7188158631324768 -1.0778522491455078
v 0.5864652395248413 -0.8958947062492371 -1.1583774089813232
v 0.4142817556858063 -0.7188595533370972 -1.1348172426223755
v 0.5456528067588806 -0.7188158631324768 -1.0778522491455078
v 0.4142817556858063 -0.7188595533370972 -1.1348172426223755
v 0.44526901841163635 -0.8959416747093201 -1.2196028232574463
v 0.27709540724754333 -0.7188920974731445 -1.175844669342041
v 0.4142817556858063 -0.7188595533370972 -1.1348172426223755
v 0.27709540724754333 -0.7188920974731445 -1.175844669342041
v 0.2978224754333496 -0.8959766626358032 -1.2636988162994385
v 0.13601946830749512 -0.7189130187034607 -1.2003588676452637
v 0.27709540724754333 -0.7188920974731445 -1.175844669342041
v 0.13601946830749512 -0.7189130187034607 -1.2003588676452637
v 0.14619548618793488 -0.8959991335868835 -1.2900463342666626
v -0.006965602282434702 -0.7189220786094666 -1.2080153226852417
v 0.13601946830749512 -0.7189130187034607 -1.2003588676452637
v -0.006965602282434702 -0.7189220786094666 -1.2080153226852417
v -0.007483459543436766 -0.8960088491439819 -1.298275351524353
v -0.14985264837741852 -0.718919038772583 -1.198706865310669
v -0.006965602282434702 -0.7189220786094666 -1.2080153226852417
v -0.14985264837741852 -0.718919038772583 -1.198706865310669
v -0.16105704009532928 -0.8960055708885193 -1.2882708311080933
v -0.2906358242034912 -0.7189040184020996 -1.1725640296936035
v -0.14985264837741852 -0.718919038772583 -1.198706865310669
v -0.2906358242034912 -0.7189040184020996 -1.1725640296936035
v -0.3123694062232971 -0.8959894776344299 -1.2601726055145264
v -0.4273388683795929 -0.7188772559165955 -1.1299537420272827
v -0.2906358242034912 -0.7189040184020996 -1.1725640296936035
v -0.4273388683795929 -0.7188772559165955 -1.1299537420272827
v -0.45929646492004395 -0.8959606885910034 -1.214375615119934
v -0.5580427646636963 -0.7188390493392944 -1.071474313735962
v -0.4273388683795929 -0.7188772559165955 -1.1299537420272827
v -0.5580427646636963 -0.7188390493392944 -1.071474313735962
v -0.5997757315635681 -0.8959196209907532 -1.1515223979949951
v -0.6809127330780029 -0.7187899947166443 -0.997946560382843
v -0.5580427646636963 -0.7188390493392944 -1.071474313735962
v -0.6809127330780029 -0.7187899947166443 -0.997946560382843
v -0.7318350672721863 -0.8958669304847717 -1.0724955797195435
v -0.7942238450050354 -0.7187308073043823 -0.9104026556015015
v -0.6809127330780029 -0.7187899947166443 -0.997946560382843
v -0.7942238450050354 -0.7187308073043823 -0.9104026556015015
v -0.8536208271980286 -0.8958032727241516 -0.9784042835235596
v -0.8963856101036072 -0.7186622023582458 -0.8100715279579163
v -0.7942238450050354 -0.7187308073043823 -0.9104026556015015
v -0.8963856101036072 -0.7186622023582458 -0.8100715279579163
v -0.9634232521057129 -0.8957295417785645 -0.8705694079399109
v -0.9859638214111328 -0.7185852527618408 -0.6983616948127747
v -0.8963856101036072 -0.7186622023582458 -0.8100715279579163
v -0.9859638214111328 -0.7185852527618408 -0.6983616948127747
v -1.0597010850906372 -0.8956468105316162 -0.750504732131958
v -1.0617010593414307 -0.7185009717941284 -0.5768411755561829
v -0.9859638214111328 -0.7185852527618408 -0.6983616948127747
v -1.0617010593414307 -0.7185009717941284 -0.5768411755561829
v -1.14110267162323 -0.8955562114715576 -0.6198957562446594
v -1.1225340366363525 -0.7184105515480042 -0.4472159743309021
v -1.0617010593414307 -0.7185009717941284 -0.5768411755561829
v -1.1225340366363525 -0.7184105515480042 -0.4472159743309021
v -1.2064852714538574 -0.8954590559005737 -0.4805757999420166
v -1.1676087379455566 -0.7183153033256531 -0.3113056421279907
v -1.1225340366363525 -0.7184105515480042 -0.4472159743309021
v -1.1676087379455566 -0.7183153033256531 -0.3113056421279907
v -1.2549312114715576 -0.8953567147254944 -0.3345007598400116
v -1.196292757987976 -0.7182165384292603 -0.17101815342903137
v -1.1676087379455566 -0.7183153033256531 -0.3113056421279907
v -1.196292757987976 -0.7182165384292603 -0.17101815342903137
v -1.2857602834701538 -0.8952505588531494 -0.1837211698293686
v -1.20818293094635 -0.7181156277656555 -0.02832278423011303
v -1.196292757987976 -0.7182165384292603 -0.17101815342903137
v -1.20818293094635 -0.7181156277656555 -0.02832278423011303
v -1.2985399961471558 -0.8951420783996582 -0.030353598296642303
v -1.2031127214431763 -0.7180140018463135 0.11477731913328171
v -1.20818293094635 -0.7181156277656555 -0.02832278423011303
v -1.2031127214431763 -0.7180140018463135 0.11477731913328171
v -1.293090581893921 -0.8950328826904297 0.12344898283481598
v -1.1811532974243164 -0.7179131507873535 0.2562733590602875
v -1.2031127214431763 -0.7180140018463135 0.11477731913328171
v -1.1811532974243164 -0.7179131507873535 0.2562733590602875
v -1.2694886922836304 -0.8949244618415833 0.2755275070667267
v -1.1426126956939697 -0.7178143858909607 0.39417901635169983
v -1.1811532974243164 -0.7179131507873535 0.2562733590602875
v -1.1426126956939697 -0.7178143858909607 0.39417901635169983
v -1.2280657291412354 -0.8948183059692383 0.42374715209007263
v -1.0880321264266968 -0.7177191376686096 0.5265584588050842
v -1.1426126956939697 -0.7178143858909607 0.39417901635169983
v -1.0880321264266968 -0.7177191376686096 0.5265584588050842
v -1.169403076171875 -0.8947159051895142 0.5660272240638733
v -1.0181776285171509 -0.7176287174224854 0.651553213596344
v -1.0880321264266968 -0.7177191376686096 0.5265584588050842
v -1.0181776285171509 -0.7176287174224854 0.651553213596344
v -1.0943242311477661 -0.8946187496185303 0.7003704309463501
v -0.9340299963951111 -0.717544436454773 0.7674088478088379
v -1.0181776285171509 -0.7176287174224854 0.651553213596344
v -0.9340299963951111 -0.717544436454773 0.7674088478088379
v -1.0038831233978271 -0.8945282101631165 0.8248908519744873
v -0.8367703557014465 -0.7174674868583679 0.8724988698959351
v -0.9340299963951111 -0.717544436454773 0.7674088478088379
v -0.8367703557014465 -0.7174674868583679 0.8724988698959351
v -0.8993493318557739 -0.8944454789161682 0.9378405809402466
v -0.7277640104293823 -0.7173988819122314 0.9653480648994446
v -0.8367703557014465 -0.7174674868583679 0.8724988698959351
v -0.7277640104293823 -0.7173988819122314 0.9653480648994446
v -0.7821903824806213 -0.894371747970581 1.037634015083313
v -0.6085412502288818 -0.7173396348953247 1.044653058052063
v -0.7277640104293823 -0.7173988819122314 0.9653480648994446
v -0.6085412502288818 -0.7173396348953247 1.044653058052063
v -0.6540509462356567 -0.8943080902099609 1.1228702068328857
v -0.4807755947113037 -0.7172905802726746 1.1093004941940308
v -0.6085412502288818 -0.7173396348953247 1.044653058052063
v -0.4807755947113037 -0.7172905802726746 1.1093004941940308
v -0.5167297124862671 -0.8942553400993347 1.192352533340454
v -0.3462606370449066 -0.7172524333000183 1.1583828926086426
v -0.4807755947113037 -0.7172905802726746 1.1093004941940308
v -0.3462606370449066 -0.7172524333000183 1.1583828926086426
v -0.3721544146537781 -0.8942143321037292 1.2451058626174927
v -0.2068847417831421 -0.7172256112098694 1.191211462020874
v -0.3462606370449066 -0.7172524333000183 1.1583828926086426
v -0.2068847417831421 -0.7172256112098694 1.191211462020874
v -0.22235456109046936 -0.8941855430603027 1.280389666557312
v -0.06460434943437576 -0.717210590839386 1.2073251008987427
v -0.2068847417831421 -0.7172256112098694 1.191211462020874
v -0.06460434943437576 -0.717210590839386 1.2073251008987427
v -0.06943301856517792 -0.8941693902015686 1.2977083921432495
v 0.07858318090438843 -0.7172076106071472 1.2064976692199707
v -0.06460434943437576 -0.717210590839386 1.2073251008987427
v 0.07858318090438843 -0.7172076106071472 1.2064976692199707
v 0.08446352183818817 -0.8941661715507507 1.2968190908432007
v 0.22066783905029297 -0.7172166109085083 1.188740849494934
v 0.07858318090438843 -0.7172076106071472 1.2064976692199707
v 0.22066783905029297 -0.7172166109085083 1.188740849494934
v 0.23717470467090607 -0.8941758871078491 1.2777341604232788
v 0.3596550524234772 -0.7172375917434692 1.1543036699295044
v 0.22066783905029297 -0.7172166109085083 1.188740849494934
v 0.3596550524234772 -0.7172375917434692 1.1543036699295044
v 0.3865567743778229 -0.8941983580589294 1.2407217025756836
v 0.4935937821865082 -0.7172700762748718 1.1036700010299683
v 0.3596550524234772 -0.7172375917434692 1.1543036699295044
v 0.4935937821865082 -0.7172700762748718 1.1036700010299683
v 0.5305127501487732 -0.8942333459854126 1.1863009929656982
v 0.6206037402153015 -0.717313826084137 1.0375502109527588
v 0.4935937821865082 -0.7172700762748718 1.1036700010299683
v 0.6206037402153015 -0.717313826084137 1.0375502109527588
v 0.6670218110084534 -0.8942803144454956 1.1152361631393433
v 0.7389020323753357 -0.7173680663108826 0.9568727016448975
v 0.6206037402153015 -0.717313826084137 1.0375502109527588
v 0.7389020323753357 -0.7173680663108826 0.9568727016448975
v 0.794167697429657 -0.8943386077880859 1.0285247564315796
v 0.846828043460846 -0.7174320816993713 0.8627699613571167
v 0.7389020323753357 -0.7173680663108826 0.9568727016448975
v 0.846828043460846 -0.7174320816993713 0.8627699613571167
v 0.9101654887199402 -0.8944073915481567 0.9273839592933655
v 0.9428666830062866 -0.7175049781799316 0.7565629482269287
v 0.846828043460846 -0.7174320816993713 0.8627699613571167
v 0.9428666830062866 -0.7175049781799316 0.7565629482269287
v 1.013386845588684 -0.8944857716560364 0.8132337331771851
v 1.025669813156128 -0.7175857424736023 0.6397425532341003
v 0.9428666830062866 -0.7175049781799316 0.7565629482269287
v 1.025669813156128 -0.7175857424736023 0.6397425532341003
v 1.102382779121399 -0.8945725560188293 0.6876763701438904
v 1.094075083732605 -0.7176732420921326 0.5139487981796265
v 1.025669813156128 -0.7175857424736023 0.6397425532341003
v 1.094075083732605 -0.7176732420921326 0.5139487981796265
v 1.1759041547775269 -0.8946666121482849 0.5524744987487793
v 1.1471220254898071 -0.7177662253379822 0.38094741106033325
v 1.094075083732605 -0.7176732420921326 0.5139487981796265
v 1.1471220254898071 -0.7177662253379822 0.38094741106033325
v 1.2329185009002686 -0.8947665691375732 0.40952596068382263
v 1.1840662956237793 -0.7178633809089661 0.2426055669784546
v 1.1471220254898071 -0.7177662253379822 0.38094741106033325
v 1.1840662956237793 -0.7178633809089661 0.2426055669784546
v 1.2726258039474487 -0.8948709964752197 0.26083749532699585
v 1.204389214515686 -0.7179633975028992 0.1008651852607727
v 1.1840662956237793 -0.7178633809089661 0.2426055669784546
v 1.204389214515686 -0.7179633975028992 0.1008651852607727
v 1.2944685220718384 -0.8949784636497498 0.10849635303020477
v 1.2078051567077637 -0.7180648446083069 -0.04228396341204643
v 1.204389214515686 -0.7179633975028992 0.1008651852607727
v 1.2981401681900024 -0.895087480545044 -0.04535892978310585
v 1.2078051567077637 -0.7180648446083069 -0.04228396341204643
v 1.2835888862609863 -0.8951964974403381 -0.19856856763362885
v 1.2981401681900024 -0.895087480545044 -0.04535892978310585
v 1.2835888862609863 -0.8951964974403381 -0.19856856763362885
v 1.4143997430801392 -1.053987741470337 -0.2187565416097641
v 1.2510192394256592 -0.8953040242195129 -0.3489818274974823
v 1.2835888862609863 -0.8951964974403381 -0.19856856763362885
v 1.2510192394256592 -0.8953040242195129 -0.3489818274974823
v 1.37851083278656 -1.0541062355041504 -0.3844982385635376
v 1.2008883953094482 -0.8954084515571594 -0.4944872260093689
v 1.2510192394256592 -0.8953040242195129 -0.3489818274974823
v 1.2008883953094482 -0.8954084515571594 -0.4944872260093689
v 1.3232712745666504 -1.054221272468567 -0.5448319315910339
v 1.1338999271392822 -0.8955084085464478 -0.6330422163009644
v 1.2008883953094482 -0.8954084515571594 -0.4944872260093689
v 1.1338999271392822 -0.8955084085464478 -0.6330422163009644
v 1.2494560480117798 -1.0543314218521118 -0.6975069046020508
v 1.0509942770004272 -0.8956024050712585 -0.762701690196991
v 1.1338999271392822 -0.8955084085464478 -0.6330422163009644
v 1.0509942770004272 -0.8956024050712585 -0.762701690196991
v 1.1581016778945923 -1.0544350147247314 -0.8403798341751099
v 0.9533354043960571 -0.8956892490386963 -0.881645679473877
v 1.0509942770004272 -0.8956024050712585 -0.762701690196991
v 0.9533354043960571 -0.8956892490386963 -0.881645679473877
v 1.0504904985427856 -1.0545307397842407 -0.9714452624320984
v 0.8422941565513611 -0.8957675695419312 -0.9882043600082397
v 0.9533354043960571 -0.8956892490386963 -0.881645679473877
v 0.8422941565513611 -0.8957675695419312 -0.9882043600082397
v 0.9281330108642578 -1.0546170473098755 -1.0888632535934448
v 0.7194291353225708 -0.8958364129066467 -1.080881953239441
v 0.8422941565513611 -0.8957675695419312 -0.9882043600082397
v 0.7194291353225708 -0.8958364129066467 -1.080881953239441
v 0.7927470207214355 -1.0546928644180298 -1.1909854412078857
v 0.5864652395248413 -0.8958947062492371 -1.1583774089813232
v 0.7194291353225708 -0.8958364129066467 -1.080881953239441
v 0.5864652395248413 -0.8958947062492371 -1.1583774089813232
v 0.6462329626083374 -1.0547571182250977 -1.2763782739639282
v 0.44526901841163635 -0.8959416747093201 -1.2196028232574463
v 0.5864652395248413 -0.8958947062492371 -1.1583774089813232
v 0.44526901841163635 -0.8959416747093201 -1.2196028232574463
v 0.4906475245952606 -1.0548088550567627 -1.3438432216644287
v 0.2978224754333496 -0.8959766626358032 -1.2636988162994385
v 0.44526901841163635 -0.8959416747093201 -1.2196028232574463
v 0.2978224754333496 -0.8959766626358032 -1.2636988162994385
v 0.3281749188899994 -1.0548473596572876 -1.3924329280853271
v 0.14619548618793488 -0.8959991335868835 -1.2900463342666626
v 0.2978224754333496 -0.8959766626358032 -1.2636988162994385
v 0.14619548618793488 -0.8959991335868835 -1.2900463342666626
v 0.16109579801559448 -1.0548721551895142 -1.4214653968811035
v -0.007483459543436766 -0.8960088491439819 -1.298275351524353
v 0.14619548618793488 -0.8959991335868835 -1.2900463342666626
v -0.007483459543436766 -0.8960088491439819 -1.298275351524353
v -0.008244391530752182 -1.0548828840255737 -1.4305332899093628
v -0.16105704009532928 -0.8960055708885193 -1.2882708311080933
v -0.007483459543436766 -0.8960088491439819 -1.298275351524353
v -0.16105704009532928 -0.8960055708885193 -1.2882708311080933
v -0.17746847867965698 -1.0548793077468872 -1.4195090532302856
v -0.3123694062232971 -0.8959894776344299 -1.2601726055145264
v -0.16105704009532928 -0.8960055708885193 -1.2882708311080933
v -0.3123694062232971 -0.8959894776344299 -1.2601726055145264
v -0.34420090913772583 -1.0548615455627441 -1.388547420501709
v -0.45929646492004395 -0.8959606885910034 -1.214375615119934
v -0.3123694062232971 -0.8959894776344299 -1.2601726055145264
v -0.45929646492004395 -0.8959606885910034 -1.214375615119934
v -0.5061011910438538 -1.0548298358917236 -1.3380833864212036
v -0.5997757315635681 -0.8959196209907532 -1.1515223979949951
v -0.45929646492004395 -0.8959606885910034 -1.214375615119934
v -0.5997757315635681 -0.8959196209907532 -1.1515223979949951
v -0.6608964800834656 -1.0547845363616943 -1.268824815750122
v -0.7318350672721863 -0.8958669304847717 -1.0724955797195435
v -0.5997757315635681 -0.8959196209907532 -1.1515223979949951
v -0.7318350672721863 -0.8958669304847717 -1.0724955797195435
v -0.8064138889312744 -1.054726481437683 -1.1817444562911987
v -0.8536208271980286 -0.8958032727241516 -0.9784042835235596
v -0.7318350672721863 -0.8958669304847717 -1.0724955797195435
v -0.8536208271980286 -0.8958032727241516 -0.9784042835235596
v -0.9406106472015381 -1.0546562671661377 -1.0780643224716187
v -0.9634232521057129 -0.8957295417785645 -0.8705694079399109
v -0.8536208271980286 -0.8958032727241516 -0.9784042835235596
v -0.9634232521057129 -0.8957295417785645 -0.8705694079399109
v -1.0616028308868408 -1.0545750856399536 -0.959240198135376
v -1.0597010850906372 -0.8956468105316162 -0.750504732131958
v -0.9634232521057129 -0.8957295417785645 -0.8705694079399109
v -1.0597010850906372 -0.8956468105316162 -0.750504732131958
v -1.1676921844482422 -1.0544838905334473 -0.8269398808479309
v -1.14110267162323 -0.8955562114715576 -0.6198957562446594
v -1.0597010850906372 -0.8956468105316162 -0.750504732131958
v -1.14110267162323 -0.8955562114715576 -0.6198957562446594
v -1.2573894262313843 -1.0543841123580933 -0.6830207109451294
v -1.2064852714538574 -0.8954590559005737 -0.4805757999420166
v -1.14110267162323 -0.8955562114715576 -0.6198957562446594
v -1.2064852714538574 -0.8954590559005737 -0.4805757999420166
v -1.329435110092163 -1.0542770624160767 -0.529502809047699
v -1.2549312114715576 -0.8953567147254944 -0.3345007598400116
v -1.2064852714538574 -0.8954590559005737 -0.4805757999420166
v -1.2549312114715576 -0.8953567147254944 -0.3345007598400116
v -1.3828181028366089 -1.0541642904281616 -0.3685414493083954
v -1.2857602834701538 -0.8952505588531494 -0.1837211698293686
v -1.2549312114715576 -0.8953567147254944 -0.3345007598400116
v -1.2857602834701538 -0.8952505588531494 -0.1837211698293686
v -1.4167890548706055 -1.0540473461151123 -0.20239605009555817
v -1.2985399961471558 -0.8951420783996582 -0.030353598296642303
v -1.2857602834701538 -0.8952505588531494 -0.1837211698293686
v -1.2985399961471558 -0.8951420783996582 -0.030353598296642303
v -1.4308708906173706 -1.0539277791976929 -0.033398985862731934
v -1.293090581893921 -0.8950328826904297 0.12344898283481598
v -1.2985399961471558 -0.8951420783996582 -0.030353598296642303
v -1.293090581893921 -0.8950328826904297 0.12344898283481598
v -1.4248661994934082 -1.0538074970245361 0.13607743382453918
v -1.2694886922836304 -0.8949244618415833 0.2755275070667267
v -1.293090581893921 -0.8950328826904297 0.12344898283481598
v -1.2694886922836304 -0.8949244618415833 0.2755275070667267
v -1.3988591432571411 -1.0536879301071167 0.30365410447120667
v -1.2280657291412354 -0.8948183059692383 0.42374715209007263
v -1.2694886922836304 -0.8949244618415833 0.2755275070667267
v -1.2280657291412354 -0.8948183059692383 0.42374715209007263
v -1.3532147407531738 -1.0535709857940674 0.46697866916656494
v -1.169403076171875 -0.8947159051895142 0.5660272240638733
v -1.2280657291412354 -0.8948183059692383 0.42374715209007263
v -1.169403076171875 -0.8947159051895142 0.5660272240638733
v -1.2885738611221313 -1.0534582138061523 0.6237583160400391
v -1.0943242311477661 -0.8946187496185303 0.7003704309463501
v -1.169403076171875 -0.8947159051895142 0.5660272240638733
v -1.0943242311477661 -0.8946187496185303 0.7003704309463501
v -1.2058438062667847 -1.0533511638641357 0.7717922925949097
v -1.0038831233978271 -0.8945282101631165 0.8248908519744873
v -1.0943242311477661 -0.8946187496185303 0.7003704309463501
v -1.0038831233978271 -0.8945282101631165 0.8248908519744873
v -1.1061859130859375 -1.0532512664794922 0.909002423286438
v -0.8993493318557739 -0.8944454789161682 0.9378405809402466
v -1.0038831233978271 -0.8945282101631165 0.8248908519744873
v -0.8993493318557739 -0.8944454789161682 0.9378405809402466
v -0.9909992814064026 -1.0531601905822754 1.0334627628326416
v -0.7821903824806213 -0.894371747970581 1.037634015083313
v -0.8993493318557739 -0.8944454789161682 0.9378405809402466
v -0.7821903824806213 -0.894371747970581 1.037634015083313
v -0.8619008660316467 -1.0530788898468018 1.1434259414672852
v -0.6540509462356567 -0.8943080902099609 1.1228702068328857
v -0.7821903824806213 -0.894371747970581 1.037634015083313
v -0.6540509462356567 -0.8943080902099609 1.1228702068328857
v -0.7207028269767761 -1.053008794784546 1.2373484373092651
v -0.5167297124862671 -0.8942553400993347 1.192352533340454
v -0.6540509462356567 -0.8943080902099609 1.1228702068328857
v -0.5167297124862671 -0.8942553400993347 1.192352533340454
v -0.5693873167037964 -1.0529506206512451 1.31391179561615
v -0.3721544146537781 -0.8942143321037292 1.2451058626174927
v -0.5167297124862671 -0.8942553400993347 1.192352533340454
v -0.3721544146537781 -0.8942143321037292 1.2451058626174927
v -0.4100785553455353 -1.0529054403305054 1.3720412254333496
v -0.22235456109046936 -0.8941855430603027 1.280389666557312
v -0.3721544146537781 -0.8942143321037292 1.2451058626174927
v -0.22235456109046936 -0.8941855430603027 1.280389666557312
v -0.24501276016235352 -1.0528737306594849 1.4109206199645996
v -0.06943301856517792 -0.8941693902015686 1.2977083921432495
v -0.22235456109046936 -0.8941855430603027 1.280389666557312
v -0.06943301856517792 -0.8941693902015686 1.2977083921432495
v -0.07650716602802277 -1.0528559684753418 1.4300042390823364
v 0.08446352183818817 -0.8941661715507507 1.2968190908432007
v -0.06943301856517792 -0.8941693902015686 1.2977083921432495
v 0.08446352183818817 -0.8941661715507507 1.2968190908432007
v 0.0930728018283844 -1.0528523921966553 1.429024338722229
v 0.23717470467090607 -0.8941758871078491 1.2777341604232788
v 0.08446352183818817 -0.8941661715507507 1.2968190908432007
v 0.23717470467090607 -0.8941758871078491 1.2777341604232788
v 0.26134657859802246 -1.0528631210327148 1.4079945087432861
v 0.3865567743778229 -0.8941983580589294 1.2407217025756836
v 0.23717470467090607 -0.8941758871078491 1.2777341604232788
v 0.3865567743778229 -0.8941983580589294 1.2407217025756836
v 0.4259520471096039 -1.0528879165649414 1.367210030555725
v 0.5305127501487732 -0.8942333459854126 1.1863009929656982
v 0.3865567743778229 -0.8941983580589294 1.2407217025756836
v 0.5305127501487732 -0.8942333459854126 1.1863009929656982
v 0.5845783948898315 -1.0529264211654663 1.3072434663772583
v 0.6670218110084534 -0.8942803144454956 1.1152361631393433
v 0.5305127501487732 -0.8942333459854126 1.1863009929656982
v 0.6670218110084534 -0.8942803144454956 1.1152361631393433
v 0.7349989414215088 -1.0529781579971313 1.2289364337921143
v 0.794167697429657 -0.8943386077880859 1.0285247564315796
v 0.6670218110084534 -0.8942803144454956 1.1152361631393433
v 0.794167697429657 -0.8943386077880859 1.0285247564315796
v 0.8751021027565002 -1.0530424118041992 1.1333884000778198
v 0.9101654887199402 -0.8944073915481567 0.9273839592933655
v 0.794167697429657 -0.8943386077880859 1.0285247564315796
v 0.9101654887199402 -0.8944073915481567 0.9273839592933655
v 1.0029211044311523 -1.0531182289123535 1.0219405889511108
v 1.013386845588684 -0.8944857716560364 0.8132337331771851
v 0.9101654887199402 -0.8944073915481567 0.9273839592933655
v 1.013386845588684 -0.8944857716560364 0.8132337331771851
v 1.116661548614502 -1.0532045364379883 0.8961573839187622
v 1.102382779121399 -0.8945725560188293 0.6876763701438904
v 1.013386845588684 -0.8944857716560364 0.8132337331771851
v 1.102382779121399 -0.8945725560188293 0.6876763701438904
v 1.2147270441055298 -1.0533002614974976 0.7578046321868896
v 1.1759041547775269 -0.8946666121482849 0.5524744987487793
v 1.102382779121399 -0.8945725560188293 0.6876763701438904
v 1.1759041547775269 -0.8946666121482849 0.5524744987487793
v 1.2957408428192139 -1.0534038543701172 0.6088244915008545
v 1.2329185009002686 -0.8947665691375732 0.40952596068382263
v 1.1759041547775269 -0.8946666121482849 0.5524744987487793
v 1.2329185009002686 -0.8947665691375732 0.40952596068382263
v 1.3585655689239502 -1.053514003753662 0.4513081908226013
v 1.2726258039474487 -0.8948709964752197 0.26083749532699585
v 1.2329185009002686 -0.8947665691375732 0.40952596068382263
v 1.2726258039474487 -0.8948709964752197 0.26083749532699585
v 1.402319312095642 -1.0536290407180786 0.2874670624732971
v 1.2944685220718384 -0.8949784636497498 0.10849635303020477
v 1.2726258039474487 -0.8948709964752197 0.26083749532699585
v 1.2944685220718384 -0.8949784636497498 0.10849635303020477
v 1.4263880252838135 -1.053747534751892 0.11960099637508392
v 1.2981401681900024 -0.895087480545044 -0.04535892978310585
v 1.2944685220718384 -0.8949784636497498 0.10849635303020477
v 1.430433750152588 -1.0538675785064697 -0.04993349313735962
v 1.2981401681900024 -0.895087480545044 -0.04535892978310585
v 1.4143997430801392 -1.053987741470337 -0.2187565416097641
v 1.430433750152588 -1.0538675785064697 -0.04993349313735962
v 1.4143997430801392 -1.053987741470337 -0.2187565416097641
v 1.5813101530075073 -1.1837865114212036 -0.24456770718097687
v 1.37851083278656 -1.0541062355041504 -0.3844982385635376
v 1.4143997430801392 -1.053987741470337 -0.2187565416097641
v 1.37851083278656 -1.0541062355041504 -0.3844982385635376
v 1.5411862134933472 -1.1839189529418945 -0.429868221282959
v 1.3232712745666504 -1.054221272468567 -0.5448319315910339
v 1.37851083278656 -1.0541062355041504 -0.3844982385635376
v 1.3232712745666504 -1.054221272468567 -0.5448319315910339
v 1.4794278144836426 -1.1840475797653198 -0.6091225743293762
v 1.2494560480117798 -1.0543314218521118 -0.6975069046020508
v 1.3232712745666504 -1.054221272468567 -0.5448319315910339
v 1.2494560480117798 -1.0543314218521118 -0.6975069046020508
v 1.3969018459320068 -1.1841707229614258 -0.7798143029212952
v 1.1581016778945923 -1.0544350147247314 -0.8403798341751099
v 1.2494560480117798 -1.0543314218521118 -0.6975069046020508
v 1.1581016778945923 -1.0544350147247314 -0.8403798341751099
v 1.2947670221328735 -1.1842865943908691 -0.9395474791526794
v 1.0504904985427856 -1.0545307397842407 -0.9714452624320984
v 1.1581016778945923 -1.0544350147247314 -0.8403798341751099
v 1.0504904985427856 -1.0545307397842407 -0.9714452624320984
v 1.1744568347930908 -1.1843935251235962 -1.086079716682434
v 0.9281330108642578 -1.0546170473098755 -1.0888632535934448
v 1.0504904985427856 -1.0545307397842407 -0.9714452624320984
v 0.9281330108642578 -1.0546170473098755 -1.0888632535934448
v 1.0376602411270142 -1.1844900846481323 -1.2173538208007812
v 0.7927470207214355 -1.0546928644180298 -1.1909854412078857
v 0.9281330108642578 -1.0546170473098755 -1.0888632535934448
v 0.7927470207214355 -1.0546928644180298 -1.1909854412078857
v 0.8862975835800171 -1.184574842453003 -1.3315272331237793
v 0.6462329626083374 -1.0547571182250977 -1.2763782739639282
v 0.7927470207214355 -1.0546928644180298 -1.1909854412078857
v 0.6462329626083374 -1.0547571182250977 -1.2763782739639282
v 0.7224936485290527 -1.1846466064453125 -1.426997184753418
v 0.4906475245952606 -1.0548088550567627 -1.3438432216644287
v 0.6462329626083374 -1.0547571182250977 -1.2763782739639282
v 0.4906475245952606 -1.0548088550567627 -1.3438432216644287
v 0.5485479831695557 -1.1847044229507446 -1.5024235248565674
v 0.3281749188899994 -1.0548473596572876 -1.3924329280853271
v 0.4906475245952606 -1.0548088550567627 -1.3438432216644287
v 0.3281749188899994 -1.0548473596572876 -1.3924329280853271
v 0.36690229177474976 -1.184747576713562 -1.5567471981048584
v 0.16109579801559448 -1.0548721551895142 -1.4214653968811035
v 0.3281749188899994 -1.0548473596572876 -1.3924329280853271
v 0.16109579801559448 -1.0548721551895142 -1.4214653968811035
v 0.1801065057516098 -1.1847752332687378 -1.5892058610916138
v -0.008244391530752182 -1.0548828840255737 -1.4305332899093628
v 0.16109579801559448 -1.0548721551895142 -1.4214653968811035
v -0.008244391530752182 -1.0548828840255737 -1.4305332899093628
v -0.009217159822583199 -1.1847872734069824 -1.5993436574935913
v -0.17746847867965698 -1.0548793077468872 -1.4195090532302856
v -0.008244391530752182 -1.0548828840255737 -1.4305332899093628
v -0.17746847867965698 -1.0548793077468872 -1.4195090532302856
v -0.1984110176563263 -1.1847832202911377 -1.5870184898376465
v -0.34420090913772583 -1.0548615455627441 -1.388547420501709
v -0.17746847867965698 -1.0548793077468872 -1.4195090532302856
v -0.34420090913772583 -1.0548615455627441 -1.388547420501709
v -0.3848192095756531 -1.1847634315490723 -1.5524033308029175
v -0.5061011910438538 -1.0548298358917236 -1.3380833864212036
v -0.34420090913772583 -1.0548615455627441 -1.388547420501709
v -0.5061011910438538 -1.0548298358917236 -1.3380833864212036
v -0.5658249258995056 -1.1847279071807861 -1.4959839582443237
v -0.6608964800834656 -1.0547845363616943 -1.268824815750122
v -0.5061011910438538 -1.0548298358917236 -1.3380833864212036
v -0.6608964800834656 -1.0547845363616943 -1.268824815750122
v -0.738887369632721 -1.1846773624420166 -1.4185525178909302
v -0.8064138889312744 -1.054726481437683 -1.1817444562911987
v -0.6608964800834656 -1.0547845363616943 -1.268824815750122
v -0.8064138889312744 -1.054726481437683 -1.1817444562911987
v -0.9015769362449646 -1.1846123933792114 -1.3211958408355713
v -0.9406106472015381 -1.0546562671661377 -1.0780643224716187
v -0.8064138889312744 -1.054726481437683 -1.1817444562911987
v -0.9406106472015381 -1.0546562671661377 -1.0780643224716187
v -1.051609992980957 -1.184533953666687 -1.2052807807922363
v -1.0616028308868408 -1.0545750856399536 -0.959240198135376
v -0.9406106472015381 -1.0546562671661377 -1.0780643224716187
v -1.0616028308868408 -1.0545750856399536 -0.959240198135376
v -1.186880350112915 -1.1844431161880493 -1.0724343061447144
v -1.1676921844482422 -1.0544838905334473 -0.8269398808479309
v -1.0616028308868408 -1.0545750856399536 -0.959240198135376
v -1.1676921844482422 -1.0544838905334473 -0.8269398808479309
v -1.3054890632629395 -1.1843411922454834 -0.9245214462280273
v -1.2573894262313843 -1.0543841123580933 -0.6830207109451294
v -1.1676921844482422 -1.0544838905334473 -0.8269398808479309
v -1.2573894262313843 -1.0543841123580933 -0.6830207109451294
v -1.405771017074585 -1.1842296123504639 -0.7636186480522156
v -1.329435110092163 -1.0542770624160767 -0.529502809047699
v -1.2573894262313843 -1.0543841123580933 -0.6830207109451294
v -1.329435110092163 -1.0542770624160767 -0.529502809047699
v -1.486318826675415 -1.1841099262237549 -0.5919845104217529
v -1.3828181028366089 -1.0541642904281616 -0.3685414493083954
v -1.329435110092163 -1.0542770624160767 -0.529502809047699
v -1.3828181028366089 -1.0541642904281616 -0.3685414493083954
v -1.5460014343261719 -1.1839838027954102 -0.412028431892395
v -1.4167890548706055 -1.0540473461151123 -0.20239605009555817
v -1.3828181028366089 -1.0541642904281616 -0.3685414493083954
v -1.4167890548706055 -1.0540473461151123 -0.20239605009555817
v -1.5839811563491821 -1.183853030204773 -0.22627653181552887
v -1.4308708906173706 -1.0539277791976929 -0.033398985862731934
v -1.4167890548706055 -1.0540473461151123 -0.20239605009555817
v -1.4308708906173706 -1.0539277791976929 -0.033398985862731934
v -1.5997248888015747 -1.183719515800476 -0.03733648359775543
v -1.4248661994934082 -1.0538074970245361 0.13607743382453918
v -1.4308708906173706 -1.0539277791976929 -0.033398985862731934
v -1.4248661994934082 -1.0538074970245361 0.13607743382453918
v -1.5930116176605225 -1.1835849285125732 0.15213949978351593
v -1.3988591432571411 -1.0536879301071167 0.30365410447120667
v -1.4248661994934082 -1.0538074970245361 0.13607743382453918
v -1.3988591432571411 -1.0536879301071167 0.30365410447120667
v -1.563935399055481 -1.1834512948989868 0.3394915461540222
v -1.3532147407531738 -1.0535709857940674 0.46697866916656494
v -1.3988591432571411 -1.0536879301071167 0.30365410447120667
v -1.3532147407531738 -1.0535709857940674 0.46697866916656494
v -1.5129046440124512 -1.1833205223083496 0.5220896601676941
v -1.2885738611221313 -1.0534582138061523 0.6237583160400391
v -1.3532147407531738 -1.0535709857940674 0.46697866916656494
v -1.2885738611221313 -1.0534582138061523 0.6237583160400391
v -1.4406356811523438 -1.1831943988800049 0.6973705887794495
v -1.2058438062667847 -1.0533511638641357 0.7717922925949097
v -1.2885738611221313 -1.0534582138061523 0.6237583160400391
v -1.2058438062667847 -1.0533511638641357 0.7717922925949097
v -1.3481426239013672 -1.183074712753296 0.8628737330436707
v -1.1061859130859375 -1.0532512664794922 0.909002423286438
v -1.2058438062667847 -1.0533511638641357 0.7717922925949097
v -1.1061859130859375 -1.0532512664794922 0.909002423286438
v -1.2367244958877563 -1.1829631328582764 1.0162757635116577
v -0.9909992814064026 -1.0531601905822754 1.0334627628326416
v -1.1061859130859375 -1.0532512664794922 0.909002423286438
v -0.9909992814064026 -1.0531601905822754 1.0334627628326416
v -1.1079449653625488 -1.1828612089157104 1.1554232835769653
v -0.8619008660316467 -1.0530788898468018 1.1434259414672852
v -0.9909992814064026 -1.0531601905822754 1.0334627628326416
v -0.8619008660316467 -1.0530788898468018 1.1434259414672852
v -0.9636117815971375 -1.1827703714370728 1.2783631086349487
v -0.7207028269767761 -1.053008794784546 1.2373484373092651
v -0.8619008660316467 -1.0530788898468018 1.1434259414672852
v -0.7207028269767761 -1.053008794784546 1.2373484373092651
v -0.8057513236999512 -1.1826919317245483 1.3833692073822021
v -0.5693873167037964 -1.0529506206512451 1.31391179561615
v -0.7207028269767761 -1.053008794784546 1.2373484373092651
v -0.5693873167037964 -1.0529506206512451 1.31391179561615
v -0.6365793943405151 -1.1826270818710327 1.4689676761627197
v -0.4100785553455353 -1.0529054403305054 1.3720412254333496
v -0.5693873167037964 -1.0529506206512451 1.31391179561615
v -0.4100785553455353 -1.0529054403305054 1.3720412254333496
v -0.45847088098526 -1.1825764179229736 1.53395676612854
v -0.24501276016235352 -1.0528737306594849 1.4109206199645996
v -0.4100785553455353 -1.0529054403305054 1.3720412254333496
v -0.24501276016235352 -1.0528737306594849 1.4109206199645996
v -0.2739260494709015 -1.182541012763977 1.5774242877960205
v -0.07650716602802277 -1.0528559684753418 1.4300042390823364
v -0.24501276016235352 -1.0528737306594849 1.4109206199645996
v -0.07650716602802277 -1.0528559684753418 1.4300042390823364
v -0.08553548157215118 -1.182521104812622 1.5987598896026611
v 0.0930728018283844 -1.0528523921966553 1.429024338722229
v -0.07650716602802277 -1.0528559684753418 1.4300042390823364
v 0.0930728018283844 -1.0528523921966553 1.429024338722229
v 0.10405626147985458 -1.182517170906067 1.5976643562316895
v 0.26134657859802246 -1.0528631210327148 1.4079945087432861
v 0.0930728018283844 -1.0528523921966553 1.429024338722229
v 0.26134657859802246 -1.0528631210327148 1.4079945087432861
v 0.2921876907348633 -1.182529091835022 1.5741528272628784
v 0.4259520471096039 -1.0528879165649414 1.367210030555725
v 0.26134657859802246 -1.0528631210327148 1.4079945087432861
v 0.4259520471096039 -1.0528879165649414 1.367210030555725
v 0.4762178957462311 -1.1825568675994873 1.5285555124282837
v 0.5845783948898315 -1.0529264211654663 1.3072434663772583
v 0.4259520471096039 -1.0528879165649414 1.367210030555725
v 0.5845783948898315 -1.0529264211654663 1.3072434663772583
v 0.6535634398460388 -1.1825999021530151 1.4615123271942139
v 0.7349989414215088 -1.0529781579971313 1.2289364337921143
v 0.5845783948898315 -1.0529264211654663 1.3072434663772583
v 0.7349989414215088 -1.0529781579971313 1.2289364337921143
v 0.8217347264289856 -1.1826577186584473 1.373964548110962
v 0.8751021027565002 -1.0530424118041992 1.1333884000778198
v 0.7349989414215088 -1.0529781579971313 1.2289364337921143
v 0.8751021027565002 -1.0530424118041992 1.1333884000778198
v 0.9783711433410645 -1.1827296018600464 1.2671409845352173
v 1.0029211044311523 -1.0531182289123535 1.0219405889511108
v 0.8751021027565002 -1.0530424118041992 1.1333884000778198
v 1.0029211044311523 -1.0531182289123535 1.0219405889511108
v 1.1212737560272217 -1.182814359664917 1.1425414085388184
v 1.116661548614502 -1.0532045364379883 0.8961573839187622
v 1.0029211044311523 -1.0531182289123535 1.0219405889511108
v 1.116661548614502 -1.0532045364379883 0.8961573839187622
v 1.248436689376831 -1.1829109191894531 1.0019148588180542
v 1.2147270441055298 -1.0533002614974976 0.7578046321868896
v 1.116661548614502 -1.0532045364379883 0.8961573839187622
v 1.2147270441055298 -1.0533002614974976 0.7578046321868896
v 1.35807466506958 -1.1830178499221802 0.847235381603241
v 1.2957408428192139 -1.0534038543701172 0.6088244915008545
v 1.2147270441055298 -1.0533002614974976 0.7578046321868896
v 1.2957408428192139 -1.0534038543701172 0.6088244915008545
v 1.4486485719680786 -1.1831337213516235 0.6806743741035461
v 1.3585655689239502 -1.053514003753662 0.4513081908226013
v 1.2957408428192139 -1.0534038543701172 0.6088244915008545
v 1.3585655689239502 -1.053514003753662 0.4513081908226013
v 1.5188871622085571 -1.18325674533844 0.504569947719574
v 1.402319312095642 -1.0536290407180786 0.2874670624732971
v 1.3585655689239502 -1.053514003753662 0.4513081908226013
v 1.402319312095642 -1.0536290407180786 0.2874670624732971
v 1.567804217338562 -1.1833854913711548 0.32139429450035095
v 1.4263880252838135 -1.053747534751892 0.11960099637508392
v 1.402319312095642 -1.0536290407180786 0.2874670624732971
v 1.4263880252838135 -1.053747534751892 0.11960099637508392
v 1.5947132110595703 -1.1835179328918457 0.13371871411800385
v 1.430433750152588 -1.0538675785064697 -0.04993349313735962
v 1.4263880252838135 -1.053747534751892 0.11960099637508392
v 1.5992363691329956 -1.1836521625518799 -0.05582219362258911
v 1.430433750152588 -1.0538675785064697 -0.04993349313735962
v 1.5813101530075073 -1.1837865114212036 -0.24456770718097687
v 1.5992363691329956 -1.1836521625518799 -0.05582219362258911
v 1.5813101530075073 -1.1837865114212036 -0.24456770718097687
v 1.7761815786361694 -1.2756770849227905 -0.27474531531333923
v 1.5411862134933472 -1.1839189529418945 -0.429868221282959
v 1.5813101530075073 -1.1837865114212036 -0.24456770718097687
v 1.5411862134933472 -1.1839189529418945 -0.429868221282959
v 1.7311129570007324 -1.2758257389068604 -0.4828813672065735
v 1.4794278144836426 -1.1840475797653198 -0.6091225743293762
v 1.5411862134933472 -1.1839189529418945 -0.429868221282959
v 1.4794278144836426 -1.1840475797653198 -0.6091225743293762
v 1.6617438793182373 -1.2759703397750854 -0.6842260956764221
v 1.3969018459320068 -1.1841707229614258 -0.7798143029212952
v 1.4794278144836426 -1.1840475797653198 -0.6091225743293762
v 1.3969018459320068 -1.1841707229614258 -0.7798143029212952
v 1.5690478086471558 -1.2761086225509644 -0.8759531378746033
v 1.2947670221328735 -1.1842865943908691 -0.9395474791526794
v 1.3969018459320068 -1.1841707229614258 -0.7798143029212952
v 1.2947670221328735 -1.1842865943908691 -0.9395474791526794
v 1.4543262720108032 -1.2762386798858643 -1.0553709268569946
v 1.1744568347930908 -1.1843935251235962 -1.086079716682434
v 1.2947670221328735 -1.1842865943908691 -0.9395474791526794
v 1.1744568347930908 -1.1843935251235962 -1.086079716682434
v 1.3191896677017212 -1.2763588428497314 -1.2199610471725464
v 1.0376602411270142 -1.1844900846481323 -1.2173538208007812
v 1.1744568347930908 -1.1843935251235962 -1.086079716682434
v 1.0376602411270142 -1.1844900846481323 -1.2173538208007812
v 1.1655349731445312 -1.276467204093933 -1.367412805557251
v 0.8862975835800171 -1.184574842453003 -1.3315272331237793
v 1.0376602411270142 -1.1844900846481323 -1.2173538208007812
v 0.8862975835800171 -1.184574842453003 -1.3315272331237793
v 0.99551922082901 -1.2765624523162842 -1.4956564903259277
v 0.7224936485290527 -1.1846466064453125 -1.426997184753418
v 0.8862975835800171 -1.184574842453003 -1.3315272331237793
v 0.7224936485290527 -1.1846466064453125 -1.426997184753418
v 0.8115289211273193 -1.27664315700531 -1.6028916835784912
v 0.5485479831695557 -1.1847044229507446 -1.5024235248565674
v 0.7224936485290527 -1.1846466064453125 -1.426997184753418
v 0.5485479831695557 -1.1847044229507446 -1.5024235248565674
v 0.616146981716156 -1.2767081260681152 -1.6876130104064941
v 0.36690229177474976 -1.184747576713562 -1.5567471981048584
v 0.5485479831695557 -1.1847044229507446 -1.5024235248565674
v 0.36690229177474976 -1.184747576713562 -1.5567471981048584
v 0.412116140127182 -1.2767565250396729 -1.7486313581466675
v 0.1801065057516098 -1.1847752332687378 -1.5892058610916138
v 0.36690229177474976 -1.184747576713562 -1.5567471981048584
v 0.1801065057516098 -1.1847752332687378 -1.5892058610916138
v 0.20230057835578918 -1.2767876386642456 -1.7850899696350098
v -0.009217159822583199 -1.1847872734069824 -1.5993436574935913
v 0.1801065057516098 -1.1847752332687378 -1.5892058610916138
v -0.009217159822583199 -1.1847872734069824 -1.5993436574935913
v -0.010354395024478436 -1.2768011093139648 -1.796477198600769
v -0.1984110176563263 -1.1847832202911377 -1.5870184898376465
v -0.009217159822583199 -1.1847872734069824 -1.5993436574935913
v -0.1984110176563263 -1.1847832202911377 -1.5870184898376465
v -0.22286356985569 -1.276796579360962 -1.7826330661773682
v -0.3848192095756531 -1.1847634315490723 -1.5524033308029175
v -0.1984110176563263 -1.1847832202911377 -1.5870184898376465
v -0.3848192095756531 -1.1847634315490723 -1.5524033308029175
v -0.43224379420280457 -1.276774287223816 -1.7437520027160645
v -0.5658249258995056 -1.1847279071807861 -1.4959839582443237
v -0.3848192095756531 -1.1847634315490723 -1.5524033308029175
v -0.5658249258995056 -1.1847279071807861 -1.4959839582443237
v -0.6355558037757874 -1.276734471321106 -1.680379867553711
v -0.738887369632721 -1.1846773624420166 -1.4185525178909302
v -0.5658249258995056 -1.1847279071807861 -1.4959839582443237
v -0.738887369632721 -1.1846773624420166 -1.4185525178909302
v -0.8299455642700195 -1.2766777276992798 -1.593406081199646
v -0.9015769362449646 -1.1846123933792114 -1.3211958408355713
v -0.738887369632721 -1.1846773624420166 -1.4185525178909302
v -0.9015769362449646 -1.1846123933792114 -1.3211958408355713
v -1.0126842260360718 -1.2766046524047852 -1.4840518236160278
v -1.051609992980957 -1.184533953666687 -1.2052807807922363
v -0.9015769362449646 -1.1846123933792114 -1.3211958408355713
v -1.051609992980957 -1.184533953666687 -1.2052807807922363
v -1.1812067031860352 -1.2765165567398071 -1.3538519144058228
v -1.186880350112915 -1.1844431161880493 -1.0724343061447144
v -1.051609992980957 -1.184533953666687 -1.2052807807922363
v -1.186880350112915 -1.1844431161880493 -1.0724343061447144
v -1.3331469297409058 -1.2764146327972412 -1.2046340703964233
v -1.3054890632629395 -1.1843411922454834 -0.9245214462280273
v -1.186880350112915 -1.1844431161880493 -1.0724343061447144
v -1.3054890632629395 -1.1843411922454834 -0.9245214462280273
v -1.4663723707199097 -1.276300072669983 -1.038493275642395
v -1.405771017074585 -1.1842296123504639 -0.7636186480522156
v -1.3054890632629395 -1.1843411922454834 -0.9245214462280273
v -1.405771017074585 -1.1842296123504639 -0.7636186480522156
v -1.5790127515792847 -1.276174783706665 -0.857761561870575
v -1.486318826675415 -1.1841099262237549 -0.5919845104217529
v -1.405771017074585 -1.1842296123504639 -0.7636186480522156
v -1.486318826675415 -1.1841099262237549 -0.5919845104217529
v -1.6694868803024292 -1.2760403156280518 -0.6649760603904724
v -1.5460014343261719 -1.1839838027954102 -0.412028431892395
v -1.486318826675415 -1.1841099262237549 -0.5919845104217529
v -1.5460014343261719 -1.1839838027954102 -0.412028431892395
v -1.7365243434906006 -1.2758986949920654 -0.46284306049346924
v -1.5839811563491821 -1.183853030204773 -0.22627653181552887
v -1.5460014343261719 -1.1839838027954102 -0.412028431892395
v -1.5839811563491821 -1.183853030204773 -0.22627653181552887
v -1.7791845798492432 -1.2757518291473389 -0.2542000710964203
v -1.5997248888015747 -1.183719515800476 -0.03733648359775543
v -1.5839811563491821 -1.183853030204773 -0.22627653181552887
v -1.5997248888015747 -1.183719515800476 -0.03733648359775543
v -1.7968684434890747 -1.2756017446517944 -0.04197593778371811
v -1.5930116176605225 -1.1835849285125732 0.15213949978351593
v -1.5997248888015747 -1.183719515800476 -0.03733648359775543
v -1.5930116176605225 -1.1835849285125732 0.15213949978351593
v -1.78932785987854 -1.275450587272644 0.17085012793540955
v -1.563935399055481 -1.1834512948989868 0.3394915461540222
v -1.5930116176605225 -1.1835849285125732 0.15213949978351593
v -1.563935399055481 -1.1834512948989868 0.3394915461540222
v -1.7566685676574707 -1.2753005027770996 0.3812905251979828
v -1.5129046440124512 -1.1833205223083496 0.5220896601676941
v -1.563935399055481 -1.1834512948989868 0.3394915461540222
v -1.5129046440124512 -1.1833205223083496 0.5220896601676941
v -1.6993489265441895 -1.275153636932373 0.5863911509513855
v -1.4406356811523438 -1.1831943988800049 0.6973705887794495
v -1.5129046440124512 -1.1833205223083496 0.5220896601676941
v -1.4406356811523438 -1.1831943988800049 0.6973705887794495
v -1.6181738376617432 -1.2750120162963867 0.7832728624343872
v -1.3481426239013672 -1.183074712753296 0.8628737330436707
v -1.4406356811523438 -1.1831943988800049 0.6973705887794495
v -1.3481426239013672 -1.183074712753296 0.8628737330436707
v -1.5142825841903687 -1.2748775482177734 0.9691717624664307
v -1.2367244958877563 -1.1829631328582764 1.0162757635116577
v -1.3481426239013672 -1.183074712753296 0.8628737330436707
v -1.2367244958877563 -1.1829631328582764 1.0162757635116577
v -1.3891336917877197 -1.2747522592544556 1.1414783000946045
v -1.1079449653625488 -1.1828612089157104 1.1554232835769653
v -1.2367244958877563 -1.1829631328582764 1.0162757635116577
v -1.1079449653625488 -1.1828612089157104 1.1554232835769653
v -1.2444839477539062 -1.2746376991271973 1.2977737188339233
v -0.9636117815971375 -1.1827703714370728 1.2783631086349487
v -1.1079449653625488 -1.1828612089157104 1.1554232835769653
v -0.9636117815971375 -1.1827703714370728 1.2783631086349487
v -1.0823640823364258 -1.2745357751846313 1.4358640909194946
v -0.8057513236999512 -1.1826919317245483 1.3833692073822021
v -0.9636117815971375 -1.1827703714370728 1.2783631086349487
v -0.8057513236999512 -1.1826919317245483 1.3833692073822021
v -0.9050495028495789 -1.2744476795196533 1.5538105964660645
v -0.6365793943405151 -1.1826270818710327 1.4689676761627197
v -0.8057513236999512 -1.1826919317245483 1.3833692073822021
v -0.6365793943405151 -1.1826270818710327 1.4689676761627197
v -0.7150297164916992 -1.2743747234344482 1.6499576568603516
v -0.45847088098526 -1.1825764179229736 1.53395676612854
v -0.6365793943405151 -1.1826270818710327 1.4689676761627197
v -0.45847088098526 -1.1825764179229736 1.53395676612854
v -0.5149719715118408 -1.2743178606033325 1.7229557037353516
v -0.2739260494709015 -1.182541012763977 1.5774242877960205
v -0.45847088098526 -1.1825764179229736 1.53395676612854
v -0.2739260494709015 -1.182541012763977 1.5774242877960205
v -0.3076847195625305 -1.2742780447006226 1.7717798948287964
v -0.08553548157215118 -1.182521104812622 1.5987598896026611
v -0.2739260494709015 -1.182541012763977 1.5774242877960205
v -0.08553548157215118 -1.182521104812622 1.5987598896026611
v -0.0960778072476387 -1.2742557525634766 1.7957448959350586
v 0.10405626147985458 -1.182517170906067 1.5976643562316895
v -0.08553548157215118 -1.182521104812622 1.5987598896026611
v 0.10405626147985458 -1.182517170906067 1.5976643562316895
v 0.11687828600406647 -1.2742512226104736 1.7945142984390259
v 0.2921876907348633 -1.182529091835022 1.5741528272628784
v 0.10405626147985458 -1.182517170906067 1.5976643562316895
v 0.2921876907348633 -1.182529091835022 1.5741528272628784
v 0.32819411158561707 -1.2742646932601929 1.768105387687683
v 0.4762178957462311 -1.1825568675994873 1.5285555124282837
v 0.2921876907348633 -1.182529091835022 1.5741528272628784
v 0.4762178957462311 -1.1825568675994873 1.5285555124282837
v 0.5349032282829285 -1.2742958068847656 1.7168889045715332
v 0.6535634398460388 -1.1825999021530151 1.4615123271942139
v 0.4762178957462311 -1.1825568675994873 1.5285555124282837
v 0.6535634398460388 -1.1825999021530151 1.4615123271942139
v 0.7341040372848511 -1.2743442058563232 1.6415835618972778
v 0.8217347264289856 -1.1826577186584473 1.373964548110962
v 0.6535634398460388 -1.1825999021530151 1.4615123271942139
v 0.8217347264289856 -1.1826577186584473 1.373964548110962
v 0.9229999780654907 -1.2744091749191284 1.543246865272522
v 0.9783711433410645 -1.1827296018600464 1.2671409845352173
v 0.8217347264289856 -1.1826577186584473 1.373964548110962
v 0.9783711433410645 -1.1827296018600464 1.2671409845352173
v 1.0989395380020142 -1.2744898796081543 1.423258900642395
v 1.1212737560272217 -1.182814359664917 1.1425414085388184
v 0.9783711433410645 -1.1827296018600464 1.2671409845352173
v 1.1212737560272217 -1.182814359664917 1.1425414085388184
v 1.2594527006149292 -1.2745851278305054 1.2833043336868286
v 1.248436689376831 -1.1829109191894531 1.0019148588180542
v 1.1212737560272217 -1.182814359664917 1.1425414085388184
v 1.248436689376831 -1.1829109191894531 1.0019148588180542
v 1.4022865295410156 -1.274693489074707 1.12534761428833
v 1.35807466506958 -1.1830178499221802 0.847235381603241
v 1.248436689376831 -1.1829109191894531 1.0019148588180542
v 1.35807466506958 -1.1830178499221802 0.847235381603241
v 1.5254356861114502 -1.2748136520385742 0.9516062140464783
v 1.4486485719680786 -1.1831337213516235 0.6806743741035461
v 1.35807466506958 -1.1830178499221802 0.847235381603241
v 1.4486485719680786 -1.1831337213516235 0.6806743741035461
v 1.627171516418457 -1.2749437093734741 0.7645190954208374
v 1.5188871622085571 -1.18325674533844 0.504569947719574
v 1.4486485719680786 -1.1831337213516235 0.6806743741035461
v 1.5188871622085571 -1.18325674533844 0.504569947719574
v 1.7060660123825073 -1.2750821113586426 0.5667123794555664
v 1.567804217338562 -1.1833854913711548 0.32139429450035095
v 1.5188871622085571 -1.18325674533844 0.504569947719574
v 1.567804217338562 -1.1833854913711548 0.32139429450035095
v 1.7610113620758057 -1.2752265930175781 0.36096304655075073
v 1.5947132110595703 -1.1835179328918457 0.13371871411800385
v 1.567804217338562 -1.1833854913711548 0.32139429450035095
v 1.5947132110595703 -1.1835179328918457 0.13371871411800385
v 1.791236400604248 -1.2753753662109375 0.15015925467014313
v 1.5992363691329956 -1.1836521625518799 -0.05582219362258911
v 1.5947132110595703 -1.1835179328918457 0.13371871411800385
v 1.7963171005249023 -1.2755261659622192 -0.06273973733186722
v 1.5992363691329956 -1.1836521625518799 -0.05582219362258911
v 1.7761815786361694 -1.2756770849227905 -0.27474531531333923
v 1.7963171005249023 -1.2755261659622192 -0.06273973733186722
v 1.7761815786361694 -1.2756770849227905 -0.27474531531333923
v 1.9887362718582153 -1.323290228843689 -0.3076988160610199
v 1.7311129570007324 -1.2758257389068604 -0.4828813672065735
v 1.7761815786361694 -1.2756770849227905 -0.27474531531333923
v 1.7311129570007324 -1.2758257389068604 -0.4828813672065735
v 1.9382742643356323 -1.3234567642211914 -0.5407426953315735
v 1.6617438793182373 -1.2759703397750854 -0.6842260956764221
v 1.7311129570007324 -1.2758257389068604 -0.4828813672065735
v 1.6617438793182373 -1.2759703397750854 -0.6842260956764221
v 1.8606035709381104 -1.3236185312271118 -0.766182541847229
v 1.5690478086471558 -1.2761086225509644 -0.8759531378746033
v 1.6617438793182373 -1.2759703397750854 -0.6842260956764221
v 1.5690478086471558 -1.2761086225509644 -0.8759531378746033
v 1.7568144798278809 -1.3237733840942383 -0.9808537364006042
v 1.4543262720108032 -1.2762386798858643 -1.0553709268569946
v 1.5690478086471558 -1.2761086225509644 -0.8759531378746033
v 1.4543262720108032 -1.2762386798858643 -1.0553709268569946
v 1.6283642053604126 -1.3239191770553589 -1.1817426681518555
v 1.3191896677017212 -1.2763588428497314 -1.2199610471725464
v 1.4543262720108032 -1.2762386798858643 -1.0553709268569946
v 1.3191896677017212 -1.2763588428497314 -1.2199610471725464
v 1.4770556688308716 -1.3240536451339722 -1.3660293817520142
v 1.1655349731445312 -1.276467204093933 -1.367412805557251
v 1.3191896677017212 -1.2763588428497314 -1.2199610471725464
v 1.1655349731445312 -1.276467204093933 -1.367412805557251
v 1.3050130605697632 -1.3241750001907349 -1.531126856803894
v 0.99551922082901 -1.2765624523162842 -1.4956564903259277
v 1.1655349731445312 -1.276467204093933 -1.367412805557251
v 0.99551922082901 -1.2765624523162842 -1.4956564903259277
v 1.1146512031555176 -1.3242815732955933 -1.6747175455093384
v 0.8115289211273193 -1.27664315700531 -1.6028916835784912
v 0.99551922082901 -1.2765624523162842 -1.4956564903259277
v 0.8115289211273193 -1.27664315700531 -1.6028916835784912
v 0.9086426496505737 -1.3243719339370728 -1.794785499572754
v 0.616146981716156 -1.2767081260681152 -1.6876130104064941
v 0.8115289211273193 -1.27664315700531 -1.6028916835784912
v 0.616146981716156 -1.2767081260681152 -1.6876130104064941
v 0.6898791790008545 -1.3244447708129883 -1.8896456956863403
v 0.412116140127182 -1.2767565250396729 -1.7486313581466675
v 0.616146981716156 -1.2767081260681152 -1.6876130104064941
v 0.412116140127182 -1.2767565250396729 -1.7486313581466675
v 0.4614318013191223 -1.3244988918304443 -1.9579660892486572
v 0.20230057835578918 -1.2767876386642456 -1.7850899696350098
v 0.412116140127182 -1.2767565250396729 -1.7486313581466675
v 0.20230057835578918 -1.2767876386642456 -1.7850899696350098
v 0.22650742530822754 -1.3245338201522827 -1.998787760734558
v -0.010354395024478436 -1.2768011093139648 -1.796477198600769
v 0.20230057835578918 -1.2767876386642456 -1.7850899696350098
v -0.010354395024478436 -1.2768011093139648 -1.796477198600769
v -0.011596153490245342 -1.3245488405227661 -2.011537790298462
v -0.22286356985569 -1.276796579360962 -1.7826330661773682
v -0.010354395024478436 -1.2768011093139648 -1.796477198600769
v -0.22286356985569 -1.276796579360962 -1.7826330661773682
v -0.24953649938106537 -1.324543833732605 -1.9960368871688843
v -0.43224379420280457 -1.276774287223816 -1.7437520027160645
v -0.22286356985569 -1.276796579360962 -1.7826330661773682
v -0.43224379420280457 -1.276774287223816 -1.7437520027160645
v -0.4839734137058258 -1.3245187997817993 -1.952502965927124
v -0.6355558037757874 -1.276734471321106 -1.680379867553711
v -0.43224379420280457 -1.276774287223816 -1.7437520027160645
v -0.6355558037757874 -1.276734471321106 -1.680379867553711
v -0.7116159200668335 -1.3244742155075073 -1.881546974182129
v -0.8299455642700195 -1.2766777276992798 -1.593406081199646
v -0.6355558037757874 -1.276734471321106 -1.680379867553711
v -0.8299455642700195 -1.2766777276992798 -1.593406081199646
v -0.929268479347229 -1.3244105577468872 -1.7841649055480957
v -1.0126842260360718 -1.2766046524047852 -1.4840518236160278
v -0.8299455642700195 -1.2766777276992798 -1.593406081199646
v -1.0126842260360718 -1.2766046524047852 -1.4840518236160278
v -1.1338756084442139 -1.324328899383545 -1.6617239713668823
v -1.1812067031860352 -1.2765165567398071 -1.3538519144058228
v -1.0126842260360718 -1.2766046524047852 -1.4840518236160278
v -1.1812067031860352 -1.2765165567398071 -1.3538519144058228
v -1.3225651979446411 -1.3242303133010864 -1.515942931175232
v -1.3331469297409058 -1.2764146327972412 -1.2046340703964233
v -1.1812067031860352 -1.2765165567398071 -1.3538519144058228
v -1.3331469297409058 -1.2764146327972412 -1.2046340703964233
v -1.492688536643982 -1.3241161108016968 -1.3488681316375732
v -1.4663723707199097 -1.276300072669983 -1.038493275642395
v -1.3331469297409058 -1.2764146327972412 -1.2046340703964233
v -1.4663723707199097 -1.276300072669983 -1.038493275642395
v -1.6418571472167969 -1.3239878416061401 -1.162845253944397
v -1.5790127515792847 -1.276174783706665 -0.857761561870575
v -1.4663723707199097 -1.276300072669983 -1.038493275642395
v -1.5790127515792847 -1.276174783706665 -0.857761561870575
v -1.767977237701416 -1.3238475322723389 -0.9604851603507996
v -1.6694868803024292 -1.2760403156280518 -0.6649760603904724
v -1.5790127515792847 -1.276174783706665 -0.857761561870575
v -1.6694868803024292 -1.2760403156280518 -0.6649760603904724
v -1.8692784309387207 -1.3236969709396362 -0.7446288466453552
v -1.7365243434906006 -1.2758986949920654 -0.46284306049346924
v -1.6694868803024292 -1.2760403156280518 -0.6649760603904724
v -1.7365243434906006 -1.2758986949920654 -0.46284306049346924
v -1.9443384408950806 -1.3235384225845337 -0.5183063745498657
v -1.7791845798492432 -1.2757518291473389 -0.2542000710964203
v -1.7365243434906006 -1.2758986949920654 -0.46284306049346924
v -1.7791845798492432 -1.2757518291473389 -0.2542000710964203
v -1.9921038150787354 -1.3233739137649536 -0.2846948802471161
v -1.7968684434890747 -1.2756017446517944 -0.04197593778371811
v -1.7791845798492432 -1.2757518291473389 -0.2542000710964203
v -1.7968684434890747 -1.2756017446517944 -0.04197593778371811
v -2.011904001235962 -1.3232059478759766 -0.04707373306155205
v -1.78932785987854 -1.275450587272644 0.17085012793540955
v -1.7968684434890747 -1.2756017446517944 -0.04197593778371811
v -1.78932785987854 -1.275450587272644 0.17085012793540955
v -2.0034608840942383 -1.3230366706848145 0.1912214159965515
v -1.7566685676574707 -1.2753005027770996 0.3812905251979828
v -1.78932785987854 -1.275450587272644 0.17085012793540955
v -1.7566685676574707 -1.2753005027770996 0.3812905251979828
v -1.966893196105957 -1.3228687047958374 0.42684540152549744
v -1.6993489265441895 -1.275153636932373 0.5863911509513855
v -1.7566685676574707 -1.2753005027770996 0.3812905251979828
v -1.6993489265441895 -1.275153636932373 0.5863911509513855
v -1.9027141332626343 -1.3227041959762573 0.6564905643463135
v -1.6181738376617432 -1.2750120162963867 0.7832728624343872
v -1.6993489265441895 -1.275153636932373 0.5863911509513855
v -1.6181738376617432 -1.2750120162963867 0.7832728624343872
v -1.8118246793746948 -1.3225456476211548 0.8769332766532898
v -1.5142825841903687 -1.2748775482177734 0.9691717624664307
v -1.6181738376617432 -1.2750120162963867 0.7832728624343872
v -1.5142825841903687 -1.2748775482177734 0.9691717624664307
v -1.6955007314682007 -1.3223950862884521 1.0850789546966553
v -1.3891336917877197 -1.2747522592544556 1.1414783000946045
v -1.5142825841903687 -1.2748775482177734 0.9691717624664307
v -1.3891336917877197 -1.2747522592544556 1.1414783000946045
v -1.5553752183914185 -1.3222547769546509 1.278005599975586
v -1.2444839477539062 -1.2746376991271973 1.2977737188339233
v -1.3891336917877197 -1.2747522592544556 1.1414783000946045
v -1.2444839477539062 -1.2746376991271973 1.2977737188339233
v -1.393415093421936 -1.3221265077590942 1.4530049562454224
v -1.0823640823364258 -1.2745357751846313 1.4358640909194946
v -1.2444839477539062 -1.2746376991271973 1.2977737188339233
v -1.0823640823364258 -1.2745357751846313 1.4358640909194946
v -1.2118940353393555 -1.3220123052597046 1.6076204776763916
v -0.9050495028495789 -1.2744476795196533 1.5538105964660645
v -1.0823640823364258 -1.2745357751846313 1.4358640909194946
v -0.9050495028495789 -1.2744476795196533 1.5538105964660645
v -1.0133601427078247 -1.321913719177246 1.7396818399429321
v -0.7150297164916992 -1.2743747234344482 1.6499576568603516
v -0.9050495028495789 -1.2744476795196533 1.5538105964660645
v -0.7150297164916992 -1.2743747234344482 1.6499576568603516
v -0.800600528717041 -1.3218320608139038 1.8473349809646606
v -0.5149719715118408 -1.2743178606033325 1.7229557037353516
v -0.7150297164916992 -1.2743747234344482 1.6499576568603516
v -0.5149719715118408 -1.2743178606033325 1.7229557037353516
v -0.5766017436981201 -1.3217684030532837 1.9290688037872314
v -0.3076847195625305 -1.2742780447006226 1.7717798948287964
v -0.5149719715118408 -1.2743178606033325 1.7229557037353516
v -0.3076847195625305 -1.2742780447006226 1.7717798948287964
v -0.34450826048851013 -1.3217238187789917 1.9837359189987183
v -0.0960778072476387 -1.2742557525634766 1.7957448959350586
v -0.3076847195625305 -1.2742780447006226 1.7717798948287964
v -0.0960778072476387 -1.2742557525634766 1.7957448959350586
v -0.10757816582918167 -1.321698784828186 2.010568857192993
v 0.11687828600406647 -1.2742512226104736 1.7945142984390259
v -0.0960778072476387 -1.2742557525634766 1.7957448959350586
v 0.11687828600406647 -1.2742512226104736 1.7945142984390259
v 0.13086257874965668 -1.321693778038025 2.0091910362243652
v 0.32819411158561707 -1.2742646932601929 1.768105387687683
v 0.11687828600406647 -1.2742512226104736 1.7945142984390259
v 0.32819411158561707 -1.2742646932601929 1.768105387687683
v 0.3674667477607727 -1.3217087984085083 1.9796216487884521
v 0.5349032282829285 -1.2742958068847656 1.7168889045715332
v 0.32819411158561707 -1.2742646932601929 1.768105387687683
v 0.5349032282829285 -1.2742958068847656 1.7168889045715332
v 0.5989129543304443 -1.3217437267303467 1.9222759008407593
v 0.7341040372848511 -1.2743442058563232 1.6415835618972778
v 0.5349032282829285 -1.2742958068847656 1.7168889045715332
v 0.7341040372848511 -1.2743442058563232 1.6415835618972778
v 0.821952223777771 -1.3217978477478027 1.837958812713623
v 0.9229999780654907 -1.2744091749191284 1.543246865272522
v 0.7341040372848511 -1.2743442058563232 1.6415835618972778
v 0.9229999780654907 -1.2744091749191284 1.543246865272522
v 1.0334534645080566 -1.3218706846237183 1.7278540134429932
v 1.0989395380020142 -1.2744898796081543 1.423258900642395
v 0.9229999780654907 -1.2744091749191284 1.543246865272522
v 1.0989395380020142 -1.2744898796081543 1.423258900642395
v 1.2304480075836182 -1.3219610452651978 1.593507170677185
v 1.2594527006149292 -1.2745851278305054 1.2833043336868286
v 1.0989395380020142 -1.2744898796081543 1.423258900642395
v 1.2594527006149292 -1.2745851278305054 1.2833043336868286
v 1.4101699590682983 -1.3220676183700562 1.4368040561676025
v 1.4022865295410156 -1.274693489074707 1.12534761428833
v 1.2594527006149292 -1.2745851278305054 1.2833043336868286
v 1.4022865295410156 -1.274693489074707 1.12534761428833
v 1.570096731185913 -1.3221889734268188 1.2599444389343262
v 1.5254356861114502 -1.2748136520385742 0.9516062140464783
v 1.4022865295410156 -1.274693489074707 1.12534761428833
v 1.5254356861114502 -1.2748136520385742 0.9516062140464783
v 1.707983374595642 -1.3223235607147217 1.0654113292694092
v 1.627171516418457 -1.2749437093734741 0.7645190954208374
v 1.5254356861114502 -1.2748136520385742 0.9516062140464783
v 1.627171516418457 -1.2749437093734741 0.7645190954208374
v 1.8218939304351807 -1.3224692344665527 0.855935275554657
v 1.7060660123825073 -1.2750821113586426 0.5667123794555664
v 1.627171516418457 -1.2749437093734741 0.7645190954208374
v 1.7060660123825073 -1.2750821113586426 0.5667123794555664
v 1.9102298021316528 -1.3226240873336792 0.6344568729400635
v 1.7610113620758057 -1.2752265930175781 0.36096304655075073
v 1.7060660123825073 -1.2750821113586426 0.5667123794555664
v 1.7610113620758057 -1.2752265930175781 0.36096304655075073
v 1.9717504978179932 -1.3227858543395996 0.40408530831336975
v 1.791236400604248 -1.2753753662109375 0.15015925467014313
v 1.7610113620758057 -1.2752265930175781 0.36096304655075073
v 1.791236400604248 -1.2753753662109375 0.15015925467014313
v 2.0055928230285645 -1.322952389717102 0.16805444657802582
v 1.7963171005249023 -1.2755261659622192 -0.06273973733186722
v 1.791236400604248 -1.2753753662109375 0.15015925467014313
v 2.0112812519073486 -1.3231213092803955 -0.07032235711812973
v 1.7963171005249023 -1.2755261659622192 -0.06273973733186722
v 1.9887362718582153 -1.323290228843689 -0.3076988160610199
v 2.0112812519073486 -1.3231213092803955 -0.07032235711812973
v 1.9382742643356323 -1.3234567642211914 -0.5407426953315735
v 1.9887362718582153 -1.323290228843689 -0.3076988160610199
v 1.8606035709381104 -1.3236185312271118 -0.766182541847229
v 1.9382742643356323 -1.3234567642211914 -0.5407426953315735
v 1.7568144798278809 -1.3237733840942383 -0.9808537364006042
v 1.8606035709381104 -1.3236185312271118 -0.766182541847229
v 1.6283642053604126 -1.3239191770553589 -1.1817426681518555
v 1.7568144798278809 -1.3237733840942383 -0.9808537364006042
v 1.4770556688308716 -1.3240536451339722 -1.3660293817520142
v 1.6283642053604126 -1.3239191770553589 -1.1817426681518555
v 1.3050130605697632 -1.3241750001907349 -1.531126856803894
v 1.4770556688308716 -1.3240536451339722 -1.3660293817520142
v 1.1146512031555176 -1.3242815732955933 -1.6747175455093384
v 1.3050130605697632 -1.3241750001907349 -1.531126856803894
v 0.9086426496505737 -1.3243719339370728 -1.794785499572754
v 1.1146512031555176 -1.3242815732955933 -1.6747175455093384
v 0.6898791790008545 -1.3244447708129883 -1.8896456956863403
v 0.9086426496505737 -1.3243719339370728 -1.794785499572754
v 0.4614318013191223 -1.3244988918304443 -1.9579660892486572
v 0.6898791790008545 -1.3244447708129883 -1.8896456956863403
v 0.22650742530822754 -1.3245338201522827 -1.998787760734558
v 0.4614318013191223 -1.3244988918304443 -1.9579660892486572
v -0.011596153490245342 -1.3245488405227661 -2.011537790298462
v 0.22650742530822754 -1.3245338201522827 -1.998787760734558
v -0.24953649938106537 -1.324543833732605 -1.9960368871688843
v -0.011596153490245342 -1.3245488405227661 -2.011537790298462
v -0.4839734137058258 -1.3245187997817993 -1.952502965927124
v -0.24953649938106537 -1.324543833732605 -1.9960368871688843
v -0.7116159200668335 -1.3244742155075073 -1.881546974182129
v -0.4839734137058258 -1.3245187997817993 -1.952502965927124
v -0.929268479347229 -1.3244105577468872 -1.7841649055480957
v -0.7116159200668335 -1.3244742155075073 -1.881546974182129
v -1.1338756084442139 -1.324328899383545 -1.6617239713668823
v -0.929268479347229 -1.3244105577468872 -1.7841649055480957
v -1.3225651979446411 -1.3242303133010864 -1.515942931175232
v -1.1338756084442139 -1.324328899383545 -1.6617239713668823
v -1.492688536643982 -1.3241161108016968 -1.3488681316375732
v -1.3225651979446411 -1.3242303133010864 -1.515942931175232
v -1.6418571472167969 -1.3239878416061401 -1.162845253944397
v -1.492688536643982 -1.3241161108016968 -1.3488681316375732
v -1.767977237701416 -1.3238475322723389 -0.9604851603507996
v -1.6418571472167969 -1.3239878416061401 -1.162845253944397
v -1.8692784309387207 -1.3236969709396362 -0.7446288466453552
v -1.767977237701416 -1.3238475322723389 -0.9604851603507996
v -1.9443384408950806 -1.3235384225845337 -0.5183063745498657
v -1.8692784309387207 -1.3236969709396362 -0.7446288466453552
v -1.9921038150787354 -1.3233739137649536 -0.2846948802471161
v -1.9443384408950806 -1.3235384225845337 -0.5183063745498657
v -2.011904001235962 -1.3232059478759766 -0.04707373306155205
v -1.9921038150787354 -1.3233739137649536 -0.2846948802471161
v -2.0034608840942383 -1.3230366706848145 0.1912214159965515
v -2.011904001235962 -1.3232059478759766 -0.04707373306155205
v -1.966893196105957 -1.3228687047958374 0.42684540152549744
v -2.0034608840942383 -1.3230366706848145 0.1912214159965515
v -1.9027141332626343 -1.3227041959762573 0.6564905643463135
v -1.966893196105957 -1.3228687047958374 0.42684540152549744
v -1.8118246793746948 -1.3225456476211548 0.8769332766532898
v -1.9027141332626343 -1.3227041959762573 0.6564905643463135
v -1.6955007314682007 -1.3223950862884521 1.0850789546966553
v -1.8118246793746948 -1.3225456476211548 0.8769332766532898
v -1.5553752183914185 -1.3222547769546509 1.278005599975586
v -1.6955007314682007 -1.3223950862884521 1.0850789546966553
v -1.393415093421936 -1.3221265077590942 1.4530049562454224
v -1.5553752183914185 -1.3222547769546509 1.278005599975586
v -1.2118940353393555 -1.3220123052597046 1.6076204776763916
v -1.393415093421936 -1.3221265077590942 1.4530049562454224
v -1.0133601427078247 -1.321913719177246 1.7396818399429321
v -1.2118940353393555 -1.3220123052597046 1.6076204776763916
v -0.800600528717041 -1.3218320608139038 1.8473349809646606
v -1.0133601427078247 -1.321913719177246 1.7396818399429321
v -0.5766017436981201 -1.3217684030532837 1.9290688037872314
v -0.800600528717041 -1.3218320608139038 1.8473349809646606
v -0.34450826048851013 -1.3217238187789917 1.9837359189987183
v -0.5766017436981201 -1.3217684030532837 1.9290688037872314
v -0.10757816582918167 -1.321698784828186 2.010568857192993
v -0.34450826048851013 -1.3217238187789917 1.9837359189987183
v 0.13086257874965668 -1.321693778038025 2.0091910362243652
v -0.10757816582918167 -1.321698784828186 2.010568857192993
v 0.3674667477607727 -1.3217087984085083 1.9796216487884521
v 0.13086257874965668 -1.321693778038025 2.0091910362243652
v 0.5989129543304443 -1.3217437267303467 1.9222759008407593
v 0.3674667477607727 -1.3217087984085083 1.9796216487884521
v 0.821952223777771 -1.3217978477478027 1.837958812713623
v 0.5989129543304443 -1.3217437267303467 1.9222759008407593
v 1.0334534645080566 -1.3218706846237183 1.7278540134429932
v 0.821952223777771 -1.3217978477478027 1.837958812713623
v 1.2304480075836182 -1.3219610452651978 1.593507170677185
v 1.0334534645080566 -1.3218706846237183 1.7278540134429932
v 1.4101699590682983 -1.3220676183700562 1.4368040561676025
v 1.2304480075836182 -1.3219610452651978 1.593507170677185
v 1.570096731185913 -1.3221889734268188 1.2599444389343262
v 1.4101699590682983 -1.3220676183700562 1.4368040561676025
v 1.707983374595642 -1.3223235607147217 1.0654113292694092
v 1.570096731185913 -1.3221889734268188 1.2599444389343262
v 1.8218939304351807 -1.3224692344665527 0.855935275554657
v 1.707983374595642 -1.3223235607147217 1.0654113292694092
v 1.9102298021316528 -1.3226240873336792 0.6344568729400635
v 1.8218939304351807 -1.3224692344665527 0.855935275554657
v 1.9717504978179932 -1.3227858543395996 0.40408530831336975
v 1.9102298021316528 -1.3226240873336792 0.6344568729400635
v 2.0055928230285645 -1.322952389717102 0.16805444657802582
v 1.9717504978179932 -1.3227858543395996 0.40408530831336975
v 2.0112812519073486 -1.3231213092803955 -0.07032235711812973
v 2.0055928230285645 -1.322952389717102 0.16805444657802582
v 2.207339286804199 -1.3233088254928589 -0.3416249454021454
v 2.2323625087738037 -1.3231213092803955 -0.0781555026769638
v 2.207339286804199 -1.3233088254928589 -0.3416249454021454
v 2.419891357421875 -1.2757316827774048 -0.3746459484100342
v 2.1513304710388184 -1.3234935998916626 -0.600285530090332
v 2.207339286804199 -1.3233088254928589 -0.3416249454021454
v 2.1513304710388184 -1.3234935998916626 -0.600285530090332
v 2.3584890365600586 -1.2759343385696411 -0.6582143902778625
v 2.06512188911438 -1.3236732482910156 -0.8505063056945801
v 2.1513304710388184 -1.3234935998916626 -0.600285530090332
v 2.06512188911438 -1.3236732482910156 -0.8505063056945801
v 2.263979196548462 -1.276131272315979 -0.9325302839279175
v 1.949924111366272 -1.3238451480865479 -1.0887746810913086
v 2.06512188911438 -1.3236732482910156 -0.8505063056945801
v 1.949924111366272 -1.3238451480865479 -1.0887746810913086
v 2.137688398361206 -1.2763196229934692 -1.1937427520751953
v 1.807354211807251 -1.3240067958831787 -1.3117457628250122
v 1.949924111366272 -1.3238451480865479 -1.0887746810913086
v 1.807354211807251 -1.3240067958831787 -1.3117457628250122
v 1.9813896417617798 -1.2764970064163208 -1.4381849765777588
v 1.639413595199585 -1.3241560459136963 -1.5162898302078247
v 1.807354211807251 -1.3240067958831787 -1.3117457628250122
v 1.639413595199585 -1.3241560459136963 -1.5162898302078247
v 1.7972770929336548 -1.2766605615615845 -1.6624256372451782
v 1.448459506034851 -1.3242908716201782 -1.6995351314544678
v 1.639413595199585 -1.3241560459136963 -1.5162898302078247
v 1.448459506034851 -1.3242908716201782 -1.6995351314544678
v 1.587934970855713 -1.2768083810806274 -1.8633166551589966
v 1.2371726036071777 -1.3244091272354126 -1.8589096069335938
v 1.448459506034851 -1.3242908716201782 -1.6995351314544678
v 1.2371726036071777 -1.3244091272354126 -1.8589096069335938
v 1.356302261352539 -1.2769380807876587 -2.0380380153656006
v 1.008519172668457 -1.3245093822479248 -1.9921759366989136
v 1.2371726036071777 -1.3244091272354126 -1.8589096069335938
v 1.008519172668457 -1.3245093822479248 -1.9921759366989136
v 1.1056303977966309 -1.2770479917526245 -2.1841373443603516
v 0.7657086849212646 -1.3245902061462402 -2.097463369369507
v 1.008519172668457 -1.3245093822479248 -1.9921759366989136
v 0.7657086849212646 -1.3245902061462402 -2.097463369369507
v 0.8394385576248169 -1.2771365642547607 -2.299563407897949
v 0.5121498703956604 -1.3246502876281738 -2.1732935905456543
v 0.7657086849212646 -1.3245902061462402 -2.097463369369507
v 0.5121498703956604 -1.3246502876281738 -2.1732935905456543
v 0.5614631772041321 -1.2772024869918823 -2.3826959133148193
v 0.25140202045440674 -1.3246890306472778 -2.2186026573181152
v 0.5121498703956604 -1.3246502876281738 -2.1732935905456543
v 0.25140202045440674 -1.3246890306472778 -2.2186026573181152
v 0.2756064832210541 -1.2772448062896729 -2.4323678016662598
v -0.012874486856162548 -1.324705719947815 -2.2327539920806885
v 0.25140202045440674 -1.3246890306472778 -2.2186026573181152
v -0.012874486856162548 -1.324705719947815 -2.2327539920806885
v -0.014118636958301067 -1.2772631645202637 -2.4478819370269775
v -0.2769697904586792 -1.324700117111206 -2.2155492305755615
v -0.012874486856162548 -1.324705719947815 -2.2327539920806885
v -0.2769697904586792 -1.324700117111206 -2.2155492305755615
v -0.3036451041698456 -1.2772570848464966 -2.429020404815674
v -0.5371766090393066 -1.3246724605560303 -2.1672298908233643
v -0.2769697904586792 -1.324700117111206 -2.2155492305755615
v -0.5371766090393066 -1.3246724605560303 -2.1672298908233643
v -0.5889086127281189 -1.2772266864776611 -2.3760480880737305
v -0.7898421287536621 -1.3246228694915771 -2.0884742736816406
v -0.5371766090393066 -1.3246724605560303 -2.1672298908233643
v -0.7898421287536621 -1.3246228694915771 -2.0884742736816406
v -0.865904688835144 -1.277172327041626 -2.2897088527679443
v -1.0314196348190308 -1.324552297592163 -1.980387806892395
v -0.7898421287536621 -1.3246228694915771 -2.0884742736816406
v -1.0314196348190308 -1.324552297592163 -1.980387806892395
v -1.1307449340820312 -1.2770949602127075 -2.1712138652801514
v -1.2585176229476929 -1.3244616985321045 -1.8444879055023193
v -1.0314196348190308 -1.324552297592163 -1.980387806892395
v -1.2585176229476929 -1.3244616985321045 -1.8444879055023193
v -1.3797115087509155 -1.2769955396652222 -2.0222275257110596
v -1.46794855594635 -1.3243521451950073 -1.6826821565628052
v -1.2585176229476929 -1.3244616985321045 -1.8444879055023193
v -1.46794855594635 -1.3243521451950073 -1.6826821565628052
v -1.609309434890747 -1.276875615119934 -1.8448408842086792
v -1.6567721366882324 -1.3242254257202148 -1.4972422122955322
v -1.46794855594635 -1.3243521451950073 -1.6826821565628052
v -1.6567721366882324 -1.3242254257202148 -1.4972422122955322
v -1.8163158893585205 -1.2767366170883179 -1.6415438652038574
v -1.8223376274108887 -1.3240830898284912 -1.2907710075378418
v -1.6567721366882324 -1.3242254257202148 -1.4972422122955322
v -1.8223376274108887 -1.3240830898284912 -1.2907710075378418
v -1.997824788093567 -1.276580572128296 -1.4151904582977295
v -1.962321162223816 -1.323927402496338 -1.0661671161651611
v -1.8223376274108887 -1.3240830898284912 -1.2907710075378418
v -1.962321162223816 -1.323927402496338 -1.0661671161651611
v -2.1512882709503174 -1.2764098644256592 -1.1689581871032715
v -2.0747575759887695 -1.3237602710723877 -0.8265833854675293
v -1.962321162223816 -1.323927402496338 -1.0661671161651611
v -2.0747575759887695 -1.3237602710723877 -0.8265833854675293
v -2.2745516300201416 -1.2762266397476196 -0.9063036441802979
v -2.1580684185028076 -1.3235841989517212 -0.5753830075263977
v -2.0747575759887695 -1.3237602710723877 -0.8265833854675293
v -2.1580684185028076 -1.3235841989517212 -0.5753830075263977
v -2.365884780883789 -1.276033639907837 -0.6309138536453247
v -2.2110843658447266 -1.323401689529419 -0.3160924017429352
v -2.1580684185028076 -1.3235841989517212 -0.5753830075263977
v -2.2110843658447266 -1.323401689529419 -0.3160924017429352
v -2.4240059852600098 -1.2758336067199707 -0.3466547131538391
v -2.233060836791992 -1.3232152462005615 -0.05235133692622185
v -2.2110843658447266 -1.323401689529419 -0.3160924017429352
v -2.233060836791992 -1.3232152462005615 -0.05235133692622185
v -2.44809889793396 -1.2756291627883911 -0.057516634464263916
v -2.2236897945404053 -1.3230273723602295 0.21213778853416443
v -2.233060836791992 -1.3232152462005615 -0.05235133692622185
v -2.2236897945404053 -1.3230273723602295 0.21213778853416443
v -2.4378254413604736 -1.275423288345337 0.23244157433509827
v -2.183102607727051 -1.322840929031372 0.4736621379852295
v -2.2236897945404053 -1.3230273723602295 0.21213778853416443
v -2.183102607727051 -1.322840929031372 0.4736621379852295
v -2.393329620361328 -1.2752188444137573 0.5191494822502136
v -2.1118688583374023 -1.3226584196090698 0.7285504341125488
v -2.183102607727051 -1.322840929031372 0.4736621379852295
v -2.1118688583374023 -1.3226584196090698 0.7285504341125488
v -2.3152363300323486 -1.2750186920166016 0.7985823750495911
v -2.010988473892212 -1.3224823474884033 0.9732246994972229
v -2.1118688583374023 -1.3226584196090698 0.7285504341125488
v -2.010988473892212 -1.3224823474884033 0.9732246994972229
v -2.204641819000244 -1.2748256921768188 1.0668176412582397
v -1.8818778991699219 -1.3223152160644531 1.2042502164840698
v -2.010988473892212 -1.3224823474884033 0.9732246994972229
v -1.8818778991699219 -1.3223152160644531 1.2042502164840698
v -2.063098669052124 -1.2746424674987793 1.3200898170471191
v -1.7263493537902832 -1.3221595287322998 1.4183838367462158
v -1.8818778991699219 -1.3223152160644531 1.2042502164840698
v -1.7263493537902832 -1.3221595287322998 1.4183838367462158
v -1.892593264579773 -1.2744717597961426 1.554843544960022
v -1.5465863943099976 -1.3220171928405762 1.6126196384429932
v -1.7263493537902832 -1.3221595287322998 1.4183838367462158
v -1.5465863943099976 -1.3220171928405762 1.6126196384429932
v -1.6955198049545288 -1.2743157148361206 1.767783284187317
v -1.3451120853424072 -1.3218904733657837 1.7842309474945068
v -1.5465863943099976 -1.3220171928405762 1.6126196384429932
v -1.3451120853424072 -1.3218904733657837 1.7842309474945068
v -1.474644422531128 -1.274176836013794 1.9559201002120972
v -1.1247549057006836 -1.3217809200286865 1.9308087825775146
v -1.3451120853424072 -1.3218904733657837 1.7842309474945068
v -1.1247549057006836 -1.3217809200286865 1.9308087825775146
v -1.2330679893493652 -1.2740567922592163 2.116612672805786
v -0.8886081576347351 -1.321690320968628 2.050295352935791
v -1.1247549057006836 -1.3217809200286865 1.9308087825775146
v -0.8886081576347351 -1.321690320968628 2.050295352935791
v -0.9741814136505127 -1.273957371711731 2.247605085372925
v -0.6399868130683899 -1.3216197490692139 2.1410136222839355
v -0.8886081576347351 -1.321690320968628 2.050295352935791
v -0.6399868130683899 -1.3216197490692139 2.1410136222839355
v -0.701619029045105 -1.2738800048828125 2.3470592498779297
v -0.3823810815811157 -1.3215701580047607 2.2016899585723877
v -0.6399868130683899 -1.3216197490692139 2.1410136222839355
v -0.3823810815811157 -1.3215701580047607 2.2016899585723877
v -0.41920700669288635 -1.273825764656067 2.4135780334472656
v -0.1194070503115654 -1.321542501449585 2.2314722537994385
v -0.3823810815811157 -1.3215701580047607 2.2016899585723877
v -0.1194070503115654 -1.321542501449585 2.2314722537994385
v -0.13090980052947998 -1.2737953662872314 2.4462287425994873
v 0.14524364471435547 -1.321536898612976 2.229943037033081
v -0.1194070503115654 -1.321542501449585 2.2314722537994385
v 0.14524364471435547 -1.321536898612976 2.229943037033081
v 0.15922555327415466 -1.2737891674041748 2.444552183151245
v 0.40785592794418335 -1.3215535879135132 2.1971232891082764
v 0.14524364471435547 -1.321536898612976 2.229943037033081
v 0.40785592794418335 -1.3215535879135132 2.1971232891082764
v 0.447126179933548 -1.2738075256347656 2.40857195854187
v 0.6647432446479797 -1.3215923309326172 2.1334738731384277
v 0.40785592794418335 -1.3215535879135132 2.1971232891082764
v 0.6647432446479797 -1.3215923309326172 2.1334738731384277
v 0.7287505865097046 -1.2738498449325562 2.3387935161590576
v 0.9122995138168335 -1.3216524124145508 2.039888620376587
v 0.6647432446479797 -1.3215923309326172 2.1334738731384277
v 0.9122995138168335 -1.3216524124145508 2.039888620376587
v 1.000145435333252 -1.2739158868789673 2.236196279525757
v 1.1470495462417603 -1.3217332363128662 1.9176808595657349
v 0.9122995138168335 -1.3216524124145508 2.039888620376587
v 1.1470495462417603 -1.3217332363128662 1.9176808595657349
v 1.2575006484985352 -1.274004340171814 2.1022205352783203
v 1.365697979927063 -1.3218334913253784 1.7685661315917969
v 1.1470495462417603 -1.3217332363128662 1.9176808595657349
v 1.365697979927063 -1.3218334913253784 1.7685661315917969
v 1.497204065322876 -1.2741142511367798 1.938746690750122
v 1.5651755332946777 -1.3219517469406128 1.5946377515792847
v 1.365697979927063 -1.3218334913253784 1.7685661315917969
v 1.5651755332946777 -1.3219517469406128 1.5946377515792847
v 1.7158902883529663 -1.2742440700531006 1.7480700016021729
v 1.7426819801330566 -1.3220865726470947 1.398337483406067
v 1.5651755332946777 -1.3219517469406128 1.5946377515792847
v 1.7426819801330566 -1.3220865726470947 1.398337483406067
v 1.910489797592163 -1.274391770362854 1.5328668355941772
v 1.8957252502441406 -1.3222358226776123 1.1824207305908203
v 1.7426819801330566 -1.3220865726470947 1.398337483406067
v 1.8957252502441406 -1.3222358226776123 1.1824207305908203
v 2.078270435333252 -1.2745554447174072 1.2961581945419312
v 2.0221571922302246 -1.3223974704742432 0.9499185085296631
v 1.8957252502441406 -1.3222358226776123 1.1824207305908203
v 2.0221571922302246 -1.3223974704742432 0.9499185085296631
v 2.2168772220611572 -1.2747327089309692 1.0412671566009521
v 2.1202030181884766 -1.3225693702697754 0.7040947079658508
v 2.0221571922302246 -1.3223974704742432 0.9499185085296631
v 2.1202030181884766 -1.3225693702697754 0.7040947079658508
v 2.324364423751831 -1.2749210596084595 0.7717717289924622
v 2.188486337661743 -1.3227490186691284 0.4484001696109772
v 2.1202030181884766 -1.3225693702697754 0.7040947079658508
v 2.188486337661743 -1.3227490186691284 0.4484001696109772
v 2.3992230892181396 -1.2751179933547974 0.49145495891571045
v 2.226048707962036 -1.3229337930679321 0.18642424046993256
v 2.188486337661743 -1.3227490186691284 0.4484001696109772
v 2.226048707962036 -1.3229337930679321 0.18642424046993256
v 2.4404022693634033 -1.2753206491470337 0.20425193011760712
v 2.2323625087738037 -1.3231213092803955 -0.0781555026769638
v 2.226048707962036 -1.3229337930679321 0.18642424046993256
v 2.44732403755188 -1.2755261659622192 -0.08580561727285385
v 2.2323625087738037 -1.3231213092803955 -0.0781555026769638
v 2.419891357421875 -1.2757316827774048 -0.3746459484100342
v 2.44732403755188 -1.2755261659622192 -0.08580561727285385
v 2.419891357421875 -1.2757316827774048 -0.3746459484100342
v 2.614758253097534 -1.183874249458313 -0.40495386719703674
v 2.3584890365600586 -1.2759343385696411 -0.6582143902778625
v 2.419891357421875 -1.2757316827774048 -0.3746459484100342
v 2.3584890365600586 -1.2759343385696411 -0.6582143902778625
v 2.5484113693237305 -1.1840932369232178 -0.7113578915596008
v 2.263979196548462 -1.276131272315979 -0.9325302839279175
v 2.3584890365600586 -1.2759343385696411 -0.6582143902778625
v 2.263979196548462 -1.276131272315979 -0.9325302839279175
v 2.4462907314300537 -1.184306025505066 -1.0077641010284424
v 2.137688398361206 -1.2763196229934692 -1.1937427520751953
v 2.263979196548462 -1.276131272315979 -0.9325302839279175
v 2.137688398361206 -1.2763196229934692 -1.1937427520751953
v 2.3098297119140625 -1.1845096349716187 -1.2900117635726929
v 1.9813896417617798 -1.2764970064163208 -1.4381849765777588
v 2.137688398361206 -1.2763196229934692 -1.1937427520751953
v 1.9813896417617798 -1.2764970064163208 -1.4381849765777588
v 2.140944480895996 -1.1847010850906372 -1.5541387796401978
v 1.7972770929336548 -1.2766605615615845 -1.6624256372451782
v 1.9813896417617798 -1.2764970064163208 -1.4381849765777588
v 1.7972770929336548 -1.2766605615615845 -1.6624256372451782
v 1.9420053958892822 -1.1848779916763306 -1.7964372634887695
v 1.587934970855713 -1.2768083810806274 -1.8633166551589966
v 1.7972770929336548 -1.2766605615615845 -1.6624256372451782
v 1.587934970855713 -1.2768083810806274 -1.8633166551589966
v 1.715805172920227 -1.185037612915039 -2.0135059356689453
v 1.356302261352539 -1.2769380807876587 -2.0380380153656006
v 1.587934970855713 -1.2768083810806274 -1.8633166551589966
v 1.356302261352539 -1.2769380807876587 -2.0380380153656006
v 1.4655191898345947 -1.1851778030395508 -2.2022976875305176
v 1.1056303977966309 -1.2770479917526245 -2.1841373443603516
v 1.356302261352539 -1.2769380807876587 -2.0380380153656006
v 1.1056303977966309 -1.2770479917526245 -2.1841373443603516
v 1.1946611404418945 -1.1852965354919434 -2.3601622581481934
v 0.8394385576248169 -1.2771365642547607 -2.299563407897949
v 1.1056303977966309 -1.2770479917526245 -2.1841373443603516
v 0.8394385576248169 -1.2771365642547607 -2.299563407897949
v 0.9070329070091248 -1.1853922605514526 -2.4848830699920654
v 0.5614631772041321 -1.2772024869918823 -2.3826959133148193
v 0.8394385576248169 -1.2771365642547607 -2.299563407897949
v 0.5614631772041321 -1.2772024869918823 -2.3826959133148193
v 0.6066724061965942 -1.1854634284973145 -2.5747101306915283
v 0.2756064832210541 -1.2772448062896729 -2.4323678016662598
v 0.5614631772041321 -1.2772024869918823 -2.3826959133148193
v 0.2756064832210541 -1.2772448062896729 -2.4323678016662598
v 0.29779595136642456 -1.1855093240737915 -2.6283822059631348
v -0.014118636958301067 -1.2772631645202637 -2.4478819370269775
v 0.2756064832210541 -1.2772448062896729 -2.4323678016662598
v -0.014118636958301067 -1.2772631645202637 -2.4478819370269775
v -0.015260487794876099 -1.1855289936065674 -2.645145893096924
v -0.3036451041698456 -1.2772570848464966 -2.429020404815674
v -0.014118636958301067 -1.2772631645202637 -2.4478819370269775
v -0.3036451041698456 -1.2772570848464966 -2.429020404815674
v -0.3281022906303406 -1.185522437095642 -2.624765396118164
v -0.5889086127281189 -1.2772266864776611 -2.3760480880737305
v -0.3036451041698456 -1.2772570848464966 -2.429020404815674
v -0.5889086127281189 -1.2772266864776611 -2.3760480880737305
v -0.6363378167152405 -1.185489535331726 -2.5675272941589355
v -0.865904688835144 -1.277172327041626 -2.2897088527679443
v -0.5889086127281189 -1.2772266864776611 -2.3760480880737305
v -0.865904688835144 -1.277172327041626 -2.2897088527679443
v -0.9356401562690735 -1.1854310035705566 -2.4742350578308105
v -1.1307449340820312 -1.2770949602127075 -2.1712138652801514
v -0.865904688835144 -1.277172327041626 -2.2897088527679443
v -1.1307449340820312 -1.2770949602127075 -2.1712138652801514
v -1.2218077182769775 -1.185347318649292 -2.346198081970215
v -1.3797115087509155 -1.2769955396652222 -2.0222275257110596
v -1.1307449340820312 -1.2770949602127075 -2.1712138652801514
v -1.3797115087509155 -1.2769955396652222 -2.0222275257110596
v -1.49082350730896 -1.1852399110794067 -2.185213804244995
v -1.609309434890747 -1.276875615119934 -1.8448408842086792
v -1.3797115087509155 -1.2769955396652222 -2.0222275257110596
v -1.609309434890747 -1.276875615119934 -1.8448408842086792
v -1.7389107942581177 -1.1851102113723755 -1.9935423135757446
v -1.8163158893585205 -1.2767366170883179 -1.6415438652038574
v -1.609309434890747 -1.276875615119934 -1.8448408842086792
v -1.8163158893585205 -1.2767366170883179 -1.6415438652038574
v -1.9625871181488037 -1.184960126876831 -1.7738739252090454
v -1.997824788093567 -1.276580572128296 -1.4151904582977295
v -1.8163158893585205 -1.2767366170883179 -1.6415438652038574
v -1.997824788093567 -1.276580572128296 -1.4151904582977295
v -2.15871262550354 -1.1847915649414062 -1.5292925834655762
v -2.1512882709503174 -1.2764098644256592 -1.1689581871032715
v -1.997824788093567 -1.276580572128296 -1.4151904582977295
v -2.1512882709503174 -1.2764098644256592 -1.1689581871032715
v -2.3245341777801514 -1.1846070289611816 -1.2632313966751099
v -2.2745516300201416 -1.2762266397476196 -0.9063036441802979
v -2.1512882709503174 -1.2764098644256592 -1.1689581871032715
v -2.2745516300201416 -1.2762266397476196 -0.9063036441802979
v -2.457724094390869 -1.1844091415405273 -0.9794254899024963
v -2.365884780883789 -1.276033639907837 -0.6309138536453247
v -2.2745516300201416 -1.2762266397476196 -0.9063036441802979
v -2.365884780883789 -1.276033639907837 -0.6309138536453247
v -2.5564124584198 -1.1842005252838135 -0.6818588376045227
v -2.4240059852600098 -1.2758336067199707 -0.3466547131538391
v -2.365884780883789 -1.276033639907837 -0.6309138536453247
v -2.4240059852600098 -1.2758336067199707 -0.3466547131538391
v -2.6192140579223633 -1.1839842796325684 -0.37470853328704834
v -2.44809889793396 -1.2756291627883911 -0.057516634464263916
v -2.4240059852600098 -1.2758336067199707 -0.3466547131538391
v -2.44809889793396 -1.2756291627883911 -0.057516634464263916
v -2.645246982574463 -1.1837633848190308 -0.062286391854286194
v -2.4378254413604736 -1.275423288345337 0.23244157433509827
v -2.44809889793396 -1.2756291627883911 -0.057516634464263916
v -2.4378254413604736 -1.275423288345337 0.23244157433509827
v -2.634146213531494 -1.183540940284729 0.2510218918323517
v -2.393329620361328 -1.2752188444137573 0.5191494822502136
v -2.4378254413604736 -1.275423288345337 0.23244157433509827
v -2.393329620361328 -1.2752188444137573 0.5191494822502136
v -2.5860674381256104 -1.1833200454711914 0.5608181357383728
v -2.3152363300323486 -1.2750186920166016 0.7985823750495911
v -2.393329620361328 -1.2752188444137573 0.5191494822502136
v -2.3152363300323486 -1.2750186920166016 0.7985823750495911
v -2.501685380935669 -1.1831037998199463 0.8627535700798035
v -2.204641819000244 -1.2748256921768188 1.0668176412582397
v -2.3152363300323486 -1.2750186920166016 0.7985823750495911
v -2.204641819000244 -1.2748256921768188 1.0668176412582397
v -2.3821845054626465 -1.182895302772522 1.1525895595550537
v -2.063098669052124 -1.2746424674987793 1.3200898170471191
v -2.204641819000244 -1.2748256921768188 1.0668176412582397
v -2.063098669052124 -1.2746424674987793 1.3200898170471191
v -2.2292428016662598 -1.1826972961425781 1.426257610321045
v -1.892593264579773 -1.2744717597961426 1.554843544960022
v -2.063098669052124 -1.2746424674987793 1.3200898170471191
v -1.892593264579773 -1.2744717597961426 1.554843544960022
v -2.0450069904327393 -1.1825127601623535 1.6799157857894897
v -1.6955198049545288 -1.2743157148361206 1.767783284187317
v -1.892593264579773 -1.2744717597961426 1.554843544960022
v -1.6955198049545288 -1.2743157148361206 1.767783284187317
v -1.8320634365081787 -1.1823443174362183 1.910003423690796
v -1.474644422531128 -1.274176836013794 1.9559201002120972
v -1.6955198049545288 -1.2743157148361206 1.767783284187317
v -1.474644422531128 -1.274176836013794 1.9559201002120972
v -1.593401312828064 -1.1821941137313843 2.113290786743164
v -1.2330679893493652 -1.2740567922592163 2.116612672805786
v -1.474644422531128 -1.274176836013794 1.9559201002120972
v -1.2330679893493652 -1.2740567922592163 2.116612672805786
v -1.3323708772659302 -1.182064414024353 2.28692364692688
v -0.9741814136505127 -1.273957371711731 2.247605085372925
v -1.2330679893493652 -1.2740567922592163 2.116612672805786
v -0.9741814136505127 -1.273957371711731 2.247605085372925
v -1.0526362657546997 -1.1819570064544678 2.428464889526367
v -0.701619029045105 -1.2738800048828125 2.3470592498779297
v -0.9741814136505127 -1.273957371711731 2.247605085372925
v -0.701619029045105 -1.2738800048828125 2.3470592498779297
v -0.7581247091293335 -1.1818734407424927 2.5359277725219727
v -0.41920700669288635 -1.273825764656067 2.4135780334472656
v -0.701619029045105 -1.2738800048828125 2.3470592498779297
v -0.41920700669288635 -1.273825764656067 2.4135780334472656
v -0.4529702961444855 -1.1818147897720337 2.6078035831451416
v -0.13090980052947998 -1.2737953662872314 2.4462287425994873
v -0.41920700669288635 -1.273825764656067 2.4135780334472656
v -0.13090980052947998 -1.2737953662872314 2.4462287425994873
v -0.1414567530155182 -1.1817818880081177 2.643083333969116
v 0.15922555327415466 -1.2737891674041748 2.444552183151245
v -0.13090980052947998 -1.2737953662872314 2.4462287425994873
v 0.15922555327415466 -1.2737891674041748 2.444552183151245
v 0.17204295098781586 -1.1817753314971924 2.6412718296051025
v 0.447126179933548 -1.2738075256347656 2.40857195854187
v 0.15922555327415466 -1.2737891674041748 2.444552183151245
v 0.447126179933548 -1.2738075256347656 2.40857195854187
v 0.48312798142433167 -1.1817951202392578 2.6023943424224854
v 0.7287505865097046 -1.2738498449325562 2.3387935161590576
v 0.447126179933548 -1.2738075256347656 2.40857195854187
v 0.7287505865097046 -1.2738498449325562 2.3387935161590576
v 0.7874313592910767 -1.1818408966064453 2.526996612548828
v 1.000145435333252 -1.2739158868789673 2.236196279525757
v 0.7287505865097046 -1.2738498449325562 2.3387935161590576
v 1.000145435333252 -1.2739158868789673 2.236196279525757
v 1.080681324005127 -1.1819121837615967 2.416137218475342
v 1.2575006484985352 -1.274004340171814 2.1022205352783203
v 1.000145435333252 -1.2739158868789673 2.236196279525757
v 1.2575006484985352 -1.274004340171814 2.1022205352783203
v 1.3587614297866821 -1.182007908821106 2.2713725566864014
v 1.497204065322876 -1.2741142511367798 1.938746690750122
v 1.2575006484985352 -1.274004340171814 2.1022205352783203
v 1.497204065322876 -1.2741142511367798 1.938746690750122
v 1.6177676916122437 -1.1821266412734985 2.0947344303131104
v 1.7158902883529663 -1.2742440700531006 1.7480700016021729
v 1.497204065322876 -1.2741142511367798 1.938746690750122
v 1.7158902883529663 -1.2742440700531006 1.7480700016021729
v 1.8540645837783813 -1.1822668313980103 1.8887025117874146
v 1.910489797592163 -1.274391770362854 1.5328668355941772
v 1.7158902883529663 -1.2742440700531006 1.7480700016021729
v 1.910489797592163 -1.274391770362854 1.5328668355941772
v 2.0643348693847656 -1.1824264526367188 1.6561692953109741
v 2.078270435333252 -1.2745554447174072 1.2961581945419312
v 1.910489797592163 -1.274391770362854 1.5328668355941772
v 2.078270435333252 -1.2745554447174072 1.2961581945419312
v 2.245626926422119 -1.1826032400131226 1.4003987312316895
v 2.2168772220611572 -1.2747327089309692 1.0412671566009521
v 2.078270435333252 -1.2745554447174072 1.2961581945419312
v 2.2168772220611572 -1.2747327089309692 1.0412671566009521
v 2.395395517349243 -1.1827948093414307 1.1249815225601196
v 2.324364423751831 -1.2749210596084595 0.7717717289924622
v 2.2168772220611572 -1.2747327089309692 1.0412671566009521
v 2.324364423751831 -1.2749210596084595 0.7717717289924622
v 2.5115387439727783 -1.1829984188079834 0.8337838053703308
v 2.3992230892181396 -1.2751179933547974 0.49145495891571045
v 2.324364423751831 -1.2749210596084595 0.7717717289924622
v 2.3992230892181396 -1.2751179933547974 0.49145495891571045
v 2.592425584793091 -1.1832112073898315 0.5308934450149536
v 2.4404022693634033 -1.2753206491470337 0.20425193011760712
v 2.3992230892181396 -1.2751179933547974 0.49145495891571045
v 2.4404022693634033 -1.2753206491470337 0.20425193011760712
v 2.636920928955078 -1.1834300756454468 0.2205621749162674
v 2.44732403755188 -1.2755261659622192 -0.08580561727285385
v 2.4404022693634033 -1.2753206491470337 0.20425193011760712
v 2.6444003582000732 -1.1836521625518799 -0.09285347908735275
v 2.44732403755188 -1.2755261659622192 -0.08580561727285385
v 2.614758253097534 -1.183874249458313 -0.40495386719703674
v 2.6444003582000732 -1.1836521625518799 -0.09285347908735275
v 2.614758253097534 -1.183874249458313 -0.40495386719703674
v 2.7816624641418457 -1.0541038513183594 -0.4309491217136383
v 2.5484113693237305 -1.1840932369232178 -0.7113578915596008
v 2.614758253097534 -1.183874249458313 -0.40495386719703674
v 2.5484113693237305 -1.1840932369232178 -0.7113578915596008
v 2.7110800743103027 -1.0543367862701416 -0.7569119334220886
v 2.4462907314300537 -1.184306025505066 -1.0077641010284424
v 2.5484113693237305 -1.1840932369232178 -0.7113578915596008
v 2.4462907314300537 -1.184306025505066 -1.0077641010284424
v 2.60244083404541 -1.0545631647109985 -1.072238802909851
v 2.3098297119140625 -1.1845096349716187 -1.2900117635726929
v 2.4462907314300537 -1.184306025505066 -1.0077641010284424
v 2.3098297119140625 -1.1845096349716187 -1.2900117635726929
v 2.4572691917419434 -1.0547797679901123 -1.372503399848938
v 2.140944480895996 -1.1847010850906372 -1.5541387796401978
v 2.3098297119140625 -1.1845096349716187 -1.2900117635726929
v 2.140944480895996 -1.1847010850906372 -1.5541387796401978
v 2.2776031494140625 -1.0549834966659546 -1.6534905433654785
v 1.9420053958892822 -1.1848779916763306 -1.7964372634887695
v 2.140944480895996 -1.1847010850906372 -1.5541387796401978
v 1.9420053958892822 -1.1848779916763306 -1.7964372634887695
v 2.065965175628662 -1.0551716089248657 -1.9112557172775269
v 1.715805172920227 -1.185037612915039 -2.0135059356689453
v 1.9420053958892822 -1.1848779916763306 -1.7964372634887695
v 1.715805172920227 -1.185037612915039 -2.0135059356689453
v 1.825325846672058 -1.0553414821624756 -2.1421806812286377
v 1.4655191898345947 -1.1851778030395508 -2.2022976875305176
v 1.715805172920227 -1.185037612915039 -2.0135059356689453
v 1.4655191898345947 -1.1851778030395508 -2.2022976875305176
v 1.5590633153915405 -1.0554906129837036 -2.3430235385894775
v 1.1946611404418945 -1.1852965354919434 -2.3601622581481934
v 1.4655191898345947 -1.1851778030395508 -2.2022976875305176
v 1.1946611404418945 -1.1852965354919434 -2.3601622581481934
v 1.2709152698516846 -1.0556169748306274 -2.510964870452881
v 0.9070329070091248 -1.1853922605514526 -2.4848830699920654
v 1.1946611404418945 -1.1852965354919434 -2.3601622581481934
v 0.9070329070091248 -1.1853922605514526 -2.4848830699920654
v 0.9649267792701721 -1.0557186603546143 -2.6436474323272705
v 0.6066724061965942 -1.1854634284973145 -2.5747101306915283
v 0.9070329070091248 -1.1853922605514526 -2.4848830699920654
v 0.6066724061965942 -1.1854634284973145 -2.5747101306915283
v 0.6453932523727417 -1.0557944774627686 -2.739208698272705
v 0.29779595136642456 -1.1855093240737915 -2.6283822059631348
v 0.6066724061965942 -1.1854634284973145 -2.5747101306915283
v 0.29779595136642456 -1.1855093240737915 -2.6283822059631348
v 0.31680014729499817 -1.0558432340621948 -2.796306848526001
v -0.015260487794876099 -1.1855289936065674 -2.645145893096924
v 0.29779595136642456 -1.1855093240737915 -2.6283822059631348
v -0.015260487794876099 -1.1855289936065674 -2.645145893096924
v -0.016239777207374573 -1.0558642148971558 -2.8141403198242188
v -0.3281022906303406 -1.185522437095642 -2.624765396118164
v -0.015260487794876099 -1.1855289936065674 -2.645145893096924
v -0.3281022906303406 -1.185522437095642 -2.624765396118164
v -0.3490513563156128 -1.0558573007583618 -2.792459011077881
v -0.6363378167152405 -1.185489535331726 -2.5675272941589355
v -0.3281022906303406 -1.185522437095642 -2.624765396118164
v -0.6363378167152405 -1.185489535331726 -2.5675272941589355
v -0.6769626140594482 -1.0558223724365234 -2.731567144393921
v -0.9356401562690735 -1.1854310035705566 -2.4742350578308105
v -0.6363378167152405 -1.185489535331726 -2.5675272941589355
v -0.9356401562690735 -1.1854310035705566 -2.4742350578308105
v -0.9953704476356506 -1.0557599067687988 -2.632319688796997
v -1.2218077182769775 -1.185347318649292 -2.346198081970215
v -0.9356401562690735 -1.1854310035705566 -2.4742350578308105
v -1.2218077182769775 -1.185347318649292 -2.346198081970215
v -1.2998050451278687 -1.055670976638794 -2.4961097240448
v -1.49082350730896 -1.1852399110794067 -2.185213804244995
v -1.2218077182769775 -1.185347318649292 -2.346198081970215
v -1.49082350730896 -1.1852399110794067 -2.185213804244995
v -1.5859929323196411 -1.0555567741394043 -2.3248493671417236
v -1.7389107942581177 -1.1851102113723755 -1.9935423135757446
v -1.49082350730896 -1.1852399110794067 -2.185213804244995
v -1.7389107942581177 -1.1851102113723755 -1.9935423135757446
v -1.849916696548462 -1.0554187297821045 -2.1209428310394287
v -1.9625871181488037 -1.184960126876831 -1.7738739252090454
v -1.7389107942581177 -1.1851102113723755 -1.9935423135757446
v -1.9625871181488037 -1.184960126876831 -1.7738739252090454
v -2.0878713130950928 -1.0552589893341064 -1.8872520923614502
v -2.15871262550354 -1.1847915649414062 -1.5292925834655762
v -1.9625871181488037 -1.184960126876831 -1.7738739252090454
v -2.15871262550354 -1.1847915649414062 -1.5292925834655762
v -2.296516180038452 -1.055079698562622 -1.6270581483840942
v -2.3245341777801514 -1.1846070289611816 -1.2632313966751099
v -2.15871262550354 -1.1847915649414062 -1.5292925834655762
v -2.3245341777801514 -1.1846070289611816 -1.2632313966751099
v -2.4729225635528564 -1.0548834800720215 -1.3440134525299072
v -2.457724094390869 -1.1844091415405273 -0.9794254899024963
v -2.3245341777801514 -1.1846070289611816 -1.2632313966751099
v -2.457724094390869 -1.1844091415405273 -0.9794254899024963
v -2.614614486694336 -1.0546728372573853 -1.0420912504196167
v -2.5564124584198 -1.1842005252838135 -0.6818588376045227
v -2.457724094390869 -1.1844091415405273 -0.9794254899024963
v -2.5564124584198 -1.1842005252838135 -0.6818588376045227
v -2.719602346420288 -1.0544509887695312 -0.7255297899246216
v -2.6192140579223633 -1.1839842796325684 -0.37470853328704834
v -2.5564124584198 -1.1842005252838135 -0.6818588376045227
v -2.6192140579223633 -1.1839842796325684 -0.37470853328704834
v -2.7864127159118652 -1.0542209148406982 -0.3987731337547302
v -2.645246982574463 -1.1837633848190308 -0.062286391854286194
v -2.6192140579223633 -1.1839842796325684 -0.37470853328704834
v -2.645246982574463 -1.1837633848190308 -0.062286391854286194
v -2.8141074180603027 -1.0539859533309937 -0.06640797108411789
v -2.634146213531494 -1.183540940284729 0.2510218918323517
v -2.645246982574463 -1.1837633848190308 -0.062286391854286194
v -2.634146213531494 -1.183540940284729 0.2510218918323517
v -2.802298069000244 -1.0537493228912354 0.26689985394477844
v -2.5860674381256104 -1.1833200454711914 0.5608181357383728
v -2.634146213531494 -1.183540940284729 0.2510218918323517
v -2.5860674381256104 -1.1833200454711914 0.5608181357383728
v -2.751150131225586 -1.0535142421722412 0.5964715480804443
v -2.501685380935669 -1.1831037998199463 0.8627535700798035
v -2.5860674381256104 -1.1833200454711914 0.5608181357383728
v -2.501685380935669 -1.1831037998199463 0.8627535700798035
v -2.661381721496582 -1.0532842874526978 0.9176805019378662
v -2.3821845054626465 -1.182895302772522 1.1525895595550537
v -2.501685380935669 -1.1831037998199463 0.8627535700798035
v -2.3821845054626465 -1.182895302772522 1.1525895595550537
v -2.534252882003784 -1.0530623197555542 1.2260178327560425
v -2.2292428016662598 -1.1826972961425781 1.426257610321045
v -2.3821845054626465 -1.182895302772522 1.1525895595550537
v -2.2292428016662598 -1.1826972961425781 1.426257610321045
v -2.3715484142303467 -1.0528517961502075 1.5171548128128052
v -2.0450069904327393 -1.1825127601623535 1.6799157857894897
v -2.2292428016662598 -1.1826972961425781 1.426257610321045
v -2.0450069904327393 -1.1825127601623535 1.6799157857894897
v -2.1755521297454834 -1.052655577659607 1.7870049476623535
v -1.8320634365081787 -1.1823443174362183 1.910003423690796
v -2.0450069904327393 -1.1825127601623535 1.6799157857894897
v -1.8320634365081787 -1.1823443174362183 1.910003423690796
v -1.949015736579895 -1.0524762868881226 2.0317800045013428
v -1.593401312828064 -1.1821941137313843 2.113290786743164
v -1.8320634365081787 -1.1823443174362183 1.910003423690796
v -1.593401312828064 -1.1821941137313843 2.113290786743164
v -1.69511878490448 -1.0523165464401245 2.2480437755584717
v -1.3323708772659302 -1.182064414024353 2.28692364692688
v -1.593401312828064 -1.1821941137313843 2.113290786743164
v -1.3323708772659302 -1.182064414024353 2.28692364692688
v -1.4174257516860962 -1.0521785020828247 2.432760238647461
v -1.0526362657546997 -1.1819570064544678 2.428464889526367
v -1.3323708772659302 -1.182064414024353 2.28692364692688
v -1.0526362657546997 -1.1819570064544678 2.428464889526367
v -1.1198348999023438 -1.052064299583435 2.58333683013916
v -0.7581247091293335 -1.1818734407424927 2.5359277725219727
v -1.0526362657546997 -1.1819570064544678 2.428464889526367
v -0.7581247091293335 -1.1818734407424927 2.5359277725219727
v -0.8065235614776611 -1.0519753694534302 2.6976592540740967
v -0.4529702961444855 -1.1818147897720337 2.6078035831451416
v -0.7581247091293335 -1.1818734407424927 2.5359277725219727
v -0.4529702961444855 -1.1818147897720337 2.6078035831451416
v -0.48189011216163635 -1.0519129037857056 2.774123191833496
v -0.1414567530155182 -1.1817818880081177 2.643083333969116
v -0.4529702961444855 -1.1818147897720337 2.6078035831451416
v -0.1414567530155182 -1.1817818880081177 2.643083333969116
v -0.15049158036708832 -1.0518779754638672 2.811655044555664
v 0.17204295098781586 -1.1817753314971924 2.6412718296051025
v -0.1414567530155182 -1.1817818880081177 2.643083333969116
v 0.17204295098781586 -1.1817753314971924 2.6412718296051025
v 0.18301989138126373 -1.0518709421157837 2.809727668762207
v 0.48312798142433167 -1.1817951202392578 2.6023943424224854
v 0.17204295098781586 -1.1817753314971924 2.6412718296051025
v 0.48312798142433167 -1.1817951202392578 2.6023943424224854
v 0.5139625668525696 -1.0518920421600342 2.7683684825897217
v 0.7874313592910767 -1.1818408966064453 2.526996612548828
v 0.48312798142433167 -1.1817951202392578 2.6023943424224854
v 0.7874313592910767 -1.1818408966064453 2.526996612548828
v 0.8376906514167786 -1.0519407987594604 2.6881580352783203
v 1.080681324005127 -1.1819121837615967 2.416137218475342
v 0.7874313592910767 -1.1818408966064453 2.526996612548828
v 1.080681324005127 -1.1819121837615967 2.416137218475342
v 1.1496597528457642 -1.0520164966583252 2.5702221393585205
v 1.3587614297866821 -1.182007908821106 2.2713725566864014
v 1.080681324005127 -1.1819121837615967 2.416137218475342
v 1.3587614297866821 -1.182007908821106 2.2713725566864014
v 1.4454905986785889 -1.0521183013916016 2.4162163734436035
v 1.6177676916122437 -1.1821266412734985 2.0947344303131104
v 1.3587614297866821 -1.182007908821106 2.2713725566864014
v 1.6177676916122437 -1.1821266412734985 2.0947344303131104
v 1.7210302352905273 -1.0522446632385254 2.2283029556274414
v 1.8540645837783813 -1.1822668313980103 1.8887025117874146
v 1.6177676916122437 -1.1821266412734985 2.0947344303131104
v 1.8540645837783813 -1.1822668313980103 1.8887025117874146
v 1.972410798072815 -1.0523937940597534 2.0091195106506348
v 2.0643348693847656 -1.1824264526367188 1.6561692953109741
v 1.8540645837783813 -1.1822668313980103 1.8887025117874146
v 2.0643348693847656 -1.1824264526367188 1.6561692953109741
v 2.19610333442688 -1.0525635480880737 1.7617427110671997
v 2.245626926422119 -1.1826032400131226 1.4003987312316895
v 2.0643348693847656 -1.1824264526367188 1.6561692953109741
v 2.245626926422119 -1.1826032400131226 1.4003987312316895
v 2.388967990875244 -1.0527517795562744 1.4896454811096191
v 2.395395517349243 -1.1827948093414307 1.1249815225601196
v 2.245626926422119 -1.1826032400131226 1.4003987312316895
v 2.395395517349243 -1.1827948093414307 1.1249815225601196
v 2.5482969284057617 -1.0529555082321167 1.1966474056243896
v 2.5115387439727783 -1.1829984188079834 0.8337838053703308
v 2.395395517349243 -1.1827948093414307 1.1249815225601196
v 2.5115387439727783 -1.1829984188079834 0.8337838053703308
v 2.67185378074646 -1.0531721115112305 0.8868615031242371
v 2.592425584793091 -1.1832112073898315 0.5308934450149536
v 2.5115387439727783 -1.1829984188079834 0.8337838053703308
v 2.592425584793091 -1.1832112073898315 0.5308934450149536
v 2.757904052734375 -1.0533984899520874 0.5646365880966187
v 2.636920928955078 -1.1834300756454468 0.2205621749162674
v 2.592425584793091 -1.1832112073898315 0.5308934450149536
v 2.636920928955078 -1.1834300756454468 0.2205621749162674
v 2.805239677429199 -1.0536314249038696 0.23449580371379852
v 2.6444003582000732 -1.1836521625518799 -0.09285347908735275
v 2.636920928955078 -1.1834300756454468 0.2205621749162674
v 2.8131964206695557 -1.0538675785064697 -0.09892626106739044
v 2.6444003582000732 -1.1836521625518799 -0.09285347908735275
v 2.7816624641418457 -1.0541038513183594 -0.4309491217136383
v 2.8131964206695557 -1.0538675785064697 -0.09892626106739044
v 2.7816624641418457 -1.0541038513183594 -0.4309491217136383
v 2.9124650955200195 -0.8953348398208618 -0.4513623118400574
v 2.7110800743103027 -1.0543367862701416 -0.7569119334220886
v 2.7816624641418457 -1.0541038513183594 -0.4309491217136383
v 2.7110800743103027 -1.0543367862701416 -0.7569119334220886
v 2.838563919067383 -0.8955787420272827 -0.7926535606384277
v 2.60244083404541 -1.0545631647109985 -1.072238802909851
v 2.7110800743103027 -1.0543367862701416 -0.7569119334220886
v 2.60244083404541 -1.0545631647109985 -1.072238802909851
v 2.724815607070923 -0.8958157300949097 -1.1228086948394775
v 2.4572691917419434 -1.0547797679901123 -1.372503399848938
v 2.60244083404541 -1.0545631647109985 -1.072238802909851
v 2.4572691917419434 -1.0547797679901123 -1.372503399848938
v 2.572817325592041 -0.89604252576828 -1.4371932744979858
v 2.2776031494140625 -1.0549834966659546 -1.6534905433654785
v 2.4572691917419434 -1.0547797679901123 -1.372503399848938
v 2.2776031494140625 -1.0549834966659546 -1.6534905433654785
v 2.384702444076538 -0.8962559103965759 -1.7313939332962036
v 2.065965175628662 -1.0551716089248657 -1.9112557172775269
v 2.2776031494140625 -1.0549834966659546 -1.6534905433654785
v 2.065965175628662 -1.0551716089248657 -1.9112557172775269
v 2.163112163543701 -0.8964528441429138 -2.0012805461883545
v 1.825325846672058 -1.0553414821624756 -2.1421806812286377
v 2.065965175628662 -1.0551716089248657 -1.9112557172775269
v 1.825325846672058 -1.0553414821624756 -2.1421806812286377
v 1.9111568927764893 -0.8966306447982788 -2.2430646419525146
v 1.5590633153915405 -1.0554906129837036 -2.3430235385894775
v 1.825325846672058 -1.0553414821624756 -2.1421806812286377
v 1.5590633153915405 -1.0554906129837036 -2.3430235385894775
v 1.6323732137680054 -0.8967868089675903 -2.453352451324463
v 1.2709152698516846 -1.0556169748306274 -2.510964870452881
v 1.5590633153915405 -1.0554906129837036 -2.3430235385894775
v 1.2709152698516846 -1.0556169748306274 -2.510964870452881
v 1.3306750059127808 -0.8969190716743469 -2.6291911602020264
v 0.9649267792701721 -1.0557186603546143 -2.6436474323272705
v 1.2709152698516846 -1.0556169748306274 -2.510964870452881
v 0.9649267792701721 -1.0557186603546143 -2.6436474323272705
v 1.010297417640686 -0.8970256447792053 -2.768113136291504
v 0.6453932523727417 -1.0557944774627686 -2.739208698272705
v 0.9649267792701721 -1.0557186603546143 -2.6436474323272705
v 0.6453932523727417 -1.0557944774627686 -2.739208698272705
v 0.6757376790046692 -0.8971049785614014 -2.8681681156158447
v 0.31680014729499817 -1.0558432340621948 -2.796306848526001
v 0.6453932523727417 -1.0557944774627686 -2.739208698272705
v 0.31680014729499817 -1.0558432340621948 -2.796306848526001
v 0.3316924571990967 -0.8971560597419739 -2.9279510974884033
v -0.016239777207374573 -1.0558642148971558 -2.8141403198242188
v 0.31680014729499817 -1.0558432340621948 -2.796306848526001
v -0.016239777207374573 -1.0558642148971558 -2.8141403198242188
v -0.017008686438202858 -0.897178053855896 -2.9466233253479004
v -0.3490513563156128 -1.0558573007583618 -2.792459011077881
v -0.016239777207374573 -1.0558642148971558 -2.8141403198242188
v -0.3490513563156128 -1.0558573007583618 -2.792459011077881
v -0.3654707670211792 -0.8971707224845886 -2.923922538757324
v -0.6769626140594482 -1.0558223724365234 -2.731567144393921
v -0.3490513563156128 -1.0558573007583618 -2.792459011077881
v -0.6769626140594482 -1.0558223724365234 -2.731567144393921
v -0.7088021636009216 -0.8971341252326965 -2.8601670265197754
v -0.9953704476356506 -1.0557599067687988 -2.632319688796997
v -0.6769626140594482 -1.0558223724365234 -2.731567144393921
v -0.9953704476356506 -1.0557599067687988 -2.632319688796997
v -1.0421831607818604 -0.8970687985420227 -2.7562525272369385
v -1.2998050451278687 -1.055670976638794 -2.4961097240448
v -0.9953704476356506 -1.0557599067687988 -2.632319688796997
v -1.2998050451278687 -1.055670976638794 -2.4961097240448
v -1.360933780670166 -0.8969756364822388 -2.6136372089385986
v -1.5859929323196411 -1.0555567741394043 -2.3248493671417236
v -1.2998050451278687 -1.055670976638794 -2.4961097240448
v -1.5859929323196411 -1.0555567741394043 -2.3248493671417236
v -1.660579800605774 -0.8968560099601746 -2.43432354927063
v -1.849916696548462 -1.0554187297821045 -2.1209428310394287
v -1.5859929323196411 -1.0555567741394043 -2.3248493671417236
v -1.849916696548462 -1.0554187297821045 -2.1209428310394287
v -1.9369144439697266 -0.8967115879058838 -2.220828056335449
v -2.0878713130950928 -1.0552589893341064 -1.8872520923614502
v -1.849916696548462 -1.0554187297821045 -2.1209428310394287
v -2.0878713130950928 -1.0552589893341064 -1.8872520923614502
v -2.186058759689331 -0.8965442776679993 -1.976148247718811
v -2.296516180038452 -1.055079698562622 -1.6270581483840942
v -2.0878713130950928 -1.0552589893341064 -1.8872520923614502
v -2.296516180038452 -1.055079698562622 -1.6270581483840942
v -2.404515266418457 -0.8963565826416016 -1.703718662261963
v -2.4729225635528564 -1.0548834800720215 -1.3440134525299072
v -2.296516180038452 -1.055079698562622 -1.6270581483840942
v -2.4729225635528564 -1.0548834800720215 -1.3440134525299072
v -2.589217185974121 -0.896151065826416 -1.4073636531829834
v -2.614614486694336 -1.0546728372573853 -1.0420912504196167
v -2.4729225635528564 -1.0548834800720215 -1.3440134525299072
v -2.614614486694336 -1.0546728372573853 -1.0420912504196167
v -2.737572193145752 -0.8959305882453918 -1.0912435054779053
v -2.719602346420288 -1.0544509887695312 -0.7255297899246216
v -2.614614486694336 -1.0546728372573853 -1.0420912504196167
v -2.719602346420288 -1.0544509887695312 -0.7255297899246216
v -2.8474972248077393 -0.8956983089447021 -0.7597957253456116
v -2.7864127159118652 -1.0542209148406982 -0.3987731337547302
v -2.719602346420288 -1.0544509887695312 -0.7255297899246216
v -2.7864127159118652 -1.0542209148406982 -0.3987731337547302
v -2.9174492359161377 -0.8954574465751648 -0.4176732003688812
v -2.8141074180603027 -1.0539859533309937 -0.06640797108411789
v -2.7864127159118652 -1.0542209148406982 -0.3987731337547302
v -2.8141074180603027 -1.0539859533309937 -0.06640797108411789
v -2.946446418762207 -0.895211398601532 -0.06967855989933014
v -2.802298069000244 -1.0537493228912354 0.26689985394477844
v -2.8141074180603027 -1.0539859533309937 -0.06640797108411789
v -2.802298069000244 -1.0537493228912354 0.26689985394477844
v -2.934081554412842 -0.8949636220932007 0.27930310368537903
v -2.751150131225586 -1.0535142421722412 0.5964715480804443
v -2.802298069000244 -1.0537493228912354 0.26689985394477844
v -2.751150131225586 -1.0535142421722412 0.5964715480804443
v -2.880528450012207 -0.8947175145149231 0.6243728995323181
v -2.661381721496582 -1.0532842874526978 0.9176805019378662
v -2.751150131225586 -1.0535142421722412 0.5964715480804443
v -2.661381721496582 -1.0532842874526978 0.9176805019378662
v -2.786538600921631 -0.8944766521453857 0.9606868028640747
v -2.534252882003784 -1.0530623197555542 1.2260178327560425
v -2.661381721496582 -1.0532842874526978 0.9176805019378662
v -2.534252882003784 -1.0530623197555542 1.2260178327560425
v -2.6534316539764404 -0.894244372844696 1.283523678779602
v -2.3715484142303467 -1.0528517961502075 1.5171548128128052
v -2.534252882003784 -1.0530623197555542 1.2260178327560425
v -2.3715484142303467 -1.0528517961502075 1.5171548128128052
v -2.4830758571624756 -0.8940239548683167 1.5883516073226929
v -2.1755521297454834 -1.052655577659607 1.7870049476623535
v -2.3715484142303467 -1.0528517961502075 1.5171548128128052
v -2.1755521297454834 -1.052655577659607 1.7870049476623535
v -2.277863025665283 -0.8938183784484863 1.8708914518356323
v -1.949015736579895 -1.0524762868881226 2.0317800045013428
v -2.1755521297454834 -1.052655577659607 1.7870049476623535
v -1.949015736579895 -1.0524762868881226 2.0317800045013428
v -2.0406737327575684 -0.8936306834220886 2.1271770000457764
v -1.69511878490448 -1.0523165464401245 2.2480437755584717
v -1.949015736579895 -1.0524762868881226 2.0317800045013428
v -1.69511878490448 -1.0523165464401245 2.2480437755584717
v -1.7748371362686157 -0.8934634327888489 2.3536105155944824
v -1.4174257516860962 -1.0521785020828247 2.432760238647461
v -1.69511878490448 -1.0523165464401245 2.2480437755584717
v -1.4174257516860962 -1.0521785020828247 2.432760238647461
v -1.4840856790542603 -0.8933189511299133 2.547013521194458
v -1.1198348999023438 -1.052064299583435 2.58333683013916
v -1.4174257516860962 -1.0521785020828247 2.432760238647461
v -1.1198348999023438 -1.052064299583435 2.58333683013916
v -1.172500491142273 -0.8931993246078491 2.7046706676483154
v -0.8065235614776611 -1.0519753694534302 2.6976592540740967
v -1.1198348999023438 -1.052064299583435 2.58333683013916
v -0.8065235614776611 -1.0519753694534302 2.6976592540740967
v -0.8444557189941406 -0.89310622215271 2.824369192123413
v -0.48189011216163635 -1.0519129037857056 2.774123191833496
v -0.8065235614776611 -1.0519753694534302 2.6976592540740967
v -0.48189011216163635 -1.0519129037857056 2.774123191833496
v -0.5045563578605652 -0.8930408954620361 2.904428720474243
v -0.15049158036708832 -1.0518779754638672 2.811655044555664
v -0.48189011216163635 -1.0519129037857056 2.774123191833496
v -0.15049158036708832 -1.0518779754638672 2.811655044555664
v -0.15757368505001068 -0.893004298210144 2.9437255859375
v 0.18301989138126373 -1.0518709421157837 2.809727668762207
v -0.15049158036708832 -1.0518779754638672 2.811655044555664
v 0.18301989138126373 -1.0518709421157837 2.809727668762207
v 0.19162119925022125 -0.8929969668388367 2.9417076110839844
v 0.5139625668525696 -1.0518920421600342 2.7683684825897217
v 0.18301989138126373 -1.0518709421157837 2.809727668762207
v 0.5139625668525696 -1.0518920421600342 2.7683684825897217
v 0.5381264686584473 -0.8930189609527588 2.8984036445617676
v 0.8376906514167786 -1.0519407987594604 2.6881580352783203
v 0.5139625668525696 -1.0518920421600342 2.7683684825897217
v 0.8376906514167786 -1.0519407987594604 2.6881580352783203
v 0.8770779371261597 -0.8930699825286865 2.8144214153289795
v 1.1496597528457642 -1.0520164966583252 2.5702221393585205
v 0.8376906514167786 -1.0519407987594604 2.6881580352783203
v 1.1496597528457642 -1.0520164966583252 2.5702221393585205
v 1.2037174701690674 -0.8931493759155273 2.690939426422119
v 1.4454905986785889 -1.0521183013916016 2.4162163734436035
v 1.1496597528457642 -1.0520164966583252 2.5702221393585205
v 1.4454905986785889 -1.0521183013916016 2.4162163734436035
v 1.5134598016738892 -0.8932559490203857 2.529691457748413
v 1.7210302352905273 -1.0522446632385254 2.2283029556274414
v 1.4454905986785889 -1.0521183013916016 2.4162163734436035
v 1.7210302352905273 -1.0522446632385254 2.2283029556274414
v 1.8019567728042603 -0.8933882117271423 2.3329415321350098
v 1.972410798072815 -1.0523937940597534 2.0091195106506348
v 1.7210302352905273 -1.0522446632385254 2.2283029556274414
v 1.972410798072815 -1.0523937940597534 2.0091195106506348
v 2.0651586055755615 -0.8935443758964539 2.1034507751464844
v 2.19610333442688 -1.0525635480880737 1.7617427110671997
v 1.972410798072815 -1.0523937940597534 2.0091195106506348
v 2.19610333442688 -1.0525635480880737 1.7617427110671997
v 2.299370288848877 -0.8937221765518188 1.8444410562515259
v 2.388967990875244 -1.0527517795562744 1.4896454811096191
v 2.19610333442688 -1.0525635480880737 1.7617427110671997
v 2.388967990875244 -1.0527517795562744 1.4896454811096191
v 2.5013041496276855 -0.8939191102981567 1.5595486164093018
v 2.5482969284057617 -1.0529555082321167 1.1966474056243896
v 2.388967990875244 -1.0527517795562744 1.4896454811096191
v 2.5482969284057617 -1.0529555082321167 1.1966474056243896
v 2.668125867843628 -0.8941324949264526 1.2527722120285034
v 2.67185378074646 -1.0531721115112305 0.8868615031242371
v 2.5482969284057617 -1.0529555082321167 1.1966474056243896
v 2.67185378074646 -1.0531721115112305 0.8868615031242371
v 2.797492742538452 -0.8943592309951782 0.9284185767173767
v 2.757904052734375 -1.0533984899520874 0.5646365880966187
v 2.67185378074646 -1.0531721115112305 0.8868615031242371
v 2.757904052734375 -1.0533984899520874 0.5646365880966187
v 2.887589693069458 -0.89459627866745 0.5910409092903137
v 2.805239677429199 -1.0536314249038696 0.23449580371379852
v 2.757904052734375 -1.0533984899520874 0.5646365880966187
v 2.805239677429199 -1.0536314249038696 0.23449580371379852
v 2.9371511936187744 -0.8948401212692261 0.24537526071071625
v 2.8131964206695557 -1.0538675785064697 -0.09892626106739044
v 2.805239677429199 -1.0536314249038696 0.23449580371379852
v 2.945482015609741 -0.895087480545044 -0.10372602194547653
v 2.8131964206695557 -1.0538675785064697 -0.09892626106739044
v 2.9124650955200195 -0.8953348398208618 -0.4513623118400574
v 2.945482015609741 -0.895087480545044 -0.10372602194547653
v 2.9124650955200195 -0.8953348398208618 -0.4513623118400574
v 3.0017786026000977 -0.7183197736740112 -0.46534955501556396
v 2.838563919067383 -0.8955787420272827 -0.7926535606384277
v 2.9124650955200195 -0.8953348398208618 -0.4513623118400574
v 2.838563919067383 -0.8955787420272827 -0.7926535606384277
v 2.9256110191345215 -0.7185711860656738 -0.8171074390411377
v 2.724815607070923 -0.8958157300949097 -1.1228086948394775
v 2.838563919067383 -0.8955787420272827 -0.7926535606384277
v 2.724815607070923 -0.8958157300949097 -1.1228086948394775
v 2.8083741664886475 -0.7188154458999634 -1.157387614250183
v 2.572817325592041 -0.89604252576828 -1.4371932744979858
v 2.724815607070923 -0.8958157300949097 -1.1228086948394775
v 2.572817325592041 -0.89604252576828 -1.4371932744979858
v 2.651714563369751 -0.7190491557121277 -1.481413722038269
v 2.384702444076538 -0.8962559103965759 -1.7313939332962036
v 2.572817325592041 -0.89604252576828 -1.4371932744979858
v 2.384702444076538 -0.8962559103965759 -1.7313939332962036
v 2.4578306674957275 -0.7192690372467041 -1.7846367359161377
v 2.163112163543701 -0.8964528441429138 -2.0012805461883545
v 2.384702444076538 -0.8962559103965759 -1.7313939332962036
v 2.163112163543701 -0.8964528441429138 -2.0012805461883545
v 2.229444742202759 -0.7194720506668091 -2.062800168991089
v 1.9111568927764893 -0.8966306447982788 -2.2430646419525146
v 2.163112163543701 -0.8964528441429138 -2.0012805461883545
v 1.9111568927764893 -0.8966306447982788 -2.2430646419525146
v 1.9697623252868652 -0.7196553349494934 -2.3119993209838867
v 1.6323732137680054 -0.8967868089675903 -2.453352451324463
v 1.9111568927764893 -0.8966306447982788 -2.2430646419525146
v 1.6323732137680054 -0.8967868089675903 -2.453352451324463
v 1.6824291944503784 -0.7198162078857422 -2.528736114501953
v 1.3306750059127808 -0.8969190716743469 -2.6291911602020264
v 1.6323732137680054 -0.8967868089675903 -2.453352451324463
v 1.3306750059127808 -0.8969190716743469 -2.6291911602020264
v 1.3714786767959595 -0.7199525833129883 -2.7099673748016357
v 1.010297417640686 -0.8970256447792053 -2.768113136291504
v 1.3306750059127808 -0.8969190716743469 -2.6291911602020264
v 1.010297417640686 -0.8970256447792053 -2.768113136291504
v 1.0412758588790894 -0.7200624346733093 -2.853149890899658
v 0.6757376790046692 -0.8971049785614014 -2.8681681156158447
v 1.010297417640686 -0.8970256447792053 -2.768113136291504
v 0.6757376790046692 -0.8971049785614014 -2.8681681156158447
v 0.6964559555053711 -0.7201442122459412 -2.956273317337036
v 0.3316924571990967 -0.8971560597419739 -2.9279510974884033
v 0.6757376790046692 -0.8971049785614014 -2.8681681156158447
v 0.3316924571990967 -0.8971560597419739 -2.9279510974884033
v 0.3418595790863037 -0.7201967835426331 -3.0178897380828857
v -0.017008686438202858 -0.897178053855896 -2.9466233253479004
v 0.3316924571990967 -0.8971560597419739 -2.9279510974884033
v -0.017008686438202858 -0.897178053855896 -2.9466233253479004
v -0.017535438761115074 -0.7202194929122925 -3.0371344089508057
v -0.3654707670211792 -0.8971707224845886 -2.923922538757324
v -0.017008686438202858 -0.897178053855896 -2.9466233253479004
v -0.3654707670211792 -0.8971707224845886 -2.923922538757324
v -0.3766840696334839 -0.720211923122406 -3.013737440109253
v -0.7088021636009216 -0.8971341252326965 -2.8601670265197754
v -0.3654707670211792 -0.8971707224845886 -2.923922538757324
v -0.7088021636009216 -0.8971341252326965 -2.8601670265197754
v -0.7305446267127991 -0.7201741933822632 -2.9480268955230713
v -1.0421831607818604 -0.8970687985420227 -2.7562525272369385
v -0.7088021636009216 -0.8971341252326965 -2.8601670265197754
v -1.0421831607818604 -0.8970687985420227 -2.7562525272369385
v -1.0741496086120605 -0.7201068997383118 -2.840925693511963
v -1.360933780670166 -0.8969756364822388 -2.6136372089385986
v -1.0421831607818604 -0.8970687985420227 -2.7562525272369385
v -1.360933780670166 -0.8969756364822388 -2.6136372089385986
v -1.4026756286621094 -0.7200108766555786 -2.693936586380005
v -1.660579800605774 -0.8968560099601746 -2.43432354927063
v -1.360933780670166 -0.8969756364822388 -2.6136372089385986
v -1.660579800605774 -0.8968560099601746 -2.43432354927063
v -1.7115111351013184 -0.7198876142501831 -2.5091233253479004
v -1.9369144439697266 -0.8967115879058838 -2.220828056335449
v -1.660579800605774 -0.8968560099601746 -2.43432354927063
v -1.9369144439697266 -0.8967115879058838 -2.220828056335449
v -1.9963202476501465 -0.7197387218475342 -2.2890806198120117
v -2.186058759689331 -0.8965442776679993 -1.976148247718811
v -1.9369144439697266 -0.8967115879058838 -2.220828056335449
v -2.186058759689331 -0.8965442776679993 -1.976148247718811
v -2.253105401992798 -0.719566285610199 -2.0368969440460205
v -2.404515266418457 -0.8963565826416016 -1.703718662261963
v -2.186058759689331 -0.8965442776679993 -1.976148247718811
v -2.404515266418457 -0.8963565826416016 -1.703718662261963
v -2.4782612323760986 -0.7193728685379028 -1.7561126947402954
v -2.589217185974121 -0.896151065826416 -1.4073636531829834
v -2.404515266418457 -0.8963565826416016 -1.703718662261963
v -2.589217185974121 -0.896151065826416 -1.4073636531829834
v -2.668627977371216 -0.7191610336303711 -1.450669288635254
v -2.737572193145752 -0.8959305882453918 -1.0912435054779053
v -2.589217185974121 -0.896151065826416 -1.4073636531829834
v -2.737572193145752 -0.8959305882453918 -1.0912435054779053
v -2.8215322494506836 -0.7189338207244873 -1.124854326248169
v -2.8474972248077393 -0.8956983089447021 -0.7597957253456116
v -2.737572193145752 -0.8959305882453918 -1.0912435054779053
v -2.8474972248077393 -0.8956983089447021 -0.7597957253456116
v -2.934828758239746 -0.7186943888664246 -0.783241868019104
v -2.9174492359161377 -0.8954574465751648 -0.4176732003688812
v -2.8474972248077393 -0.8956983089447021 -0.7597957253456116
v -2.9174492359161377 -0.8954574465751648 -0.4176732003688812
v -3.0069260597229004 -0.7184461355209351 -0.43062731623649597
v -2.946446418762207 -0.895211398601532 -0.06967855989933014
v -2.9174492359161377 -0.8954574465751648 -0.4176732003688812
v -2.946446418762207 -0.895211398601532 -0.06967855989933014
v -3.0368125438690186 -0.7181925177574158 -0.07196044921875
v -2.934081554412842 -0.8949636220932007 0.27930310368537903
v -2.946446418762207 -0.895211398601532 -0.06967855989933014
v -2.934081554412842 -0.8949636220932007 0.27930310368537903
v -3.0240683555603027 -0.7179371118545532 0.28772372007369995
v -2.880528450012207 -0.8947175145149231 0.6243728995323181
v -2.934081554412842 -0.8949636220932007 0.27930310368537903
v -2.880528450012207 -0.8947175145149231 0.6243728995323181
v -2.9688727855682373 -0.7176835536956787 0.6433760523796082
v -2.786538600921631 -0.8944766521453857 0.9606868028640747
v -2.880528450012207 -0.8947175145149231 0.6243728995323181
v -2.786538600921631 -0.8944766521453857 0.9606868028640747
v -2.8720006942749023 -0.7174353003501892 0.9900038242340088
v -2.6534316539764404 -0.894244372844696 1.283523678779602
v -2.786538600921631 -0.8944766521453857 0.9606868028640747
v -2.6534316539764404 -0.894244372844696 1.283523678779602
v -2.734811305999756 -0.7171958684921265 1.3227412700653076
v -2.4830758571624756 -0.8940239548683167 1.5883516073226929
v -2.6534316539764404 -0.894244372844696 1.283523678779602
v -2.4830758571624756 -0.8940239548683167 1.5883516073226929
v -2.5592315196990967 -0.7169686555862427 1.6369177103042603
v -2.277863025665283 -0.8938183784484863 1.8708914518356323
v -2.4830758571624756 -0.8940239548683167 1.5883516073226929
v -2.277863025665283 -0.8938183784484863 1.8708914518356323
v -2.3477249145507812 -0.7167568206787109 1.9281222820281982
v -2.0406737327575684 -0.8936306834220886 2.1271770000457764
v -2.277863025665283 -0.8938183784484863 1.8708914518356323
v -2.0406737327575684 -0.8936306834220886 2.1271770000457764
v -2.1032614707946777 -0.71656334400177 2.192267656326294
v -1.7748371362686157 -0.8934634327888489 2.3536105155944824
v -2.0406737327575684 -0.8936306834220886 2.1271770000457764
v -1.7748371362686157 -0.8934634327888489 2.3536105155944824
v -1.8292725086212158 -0.7163909673690796 2.425645351409912
v -1.4840856790542603 -0.8933189511299133 2.547013521194458
v -1.7748371362686157 -0.8934634327888489 2.3536105155944824
v -1.4840856790542603 -0.8933189511299133 2.547013521194458
v -1.5296043157577515 -0.7162420749664307 2.624979257583618
v -1.172500491142273 -0.8931993246078491 2.7046706676483154
v -1.4840856790542603 -0.8933189511299133 2.547013521194458
v -1.172500491142273 -0.8931993246078491 2.7046706676483154
v -1.208463430404663 -0.7161187529563904 2.7874717712402344
v -0.8444557189941406 -0.89310622215271 2.824369192123413
v -1.172500491142273 -0.8931993246078491 2.7046706676483154
v -0.8444557189941406 -0.89310622215271 2.824369192123413
v -0.870358407497406 -0.716022789478302 2.910841464996338
v -0.5045563578605652 -0.8930408954620361 2.904428720474243
v -0.8444557189941406 -0.89310622215271 2.824369192123413
v -0.5045563578605652 -0.8930408954620361 2.904428720474243
v -0.5200350284576416 -0.7159554362297058 2.9933559894561768
v -0.15757368505001068 -0.893004298210144 2.9437255859375
v -0.5045563578605652 -0.8930408954620361 2.904428720474243
v -0.15757368505001068 -0.893004298210144 2.9437255859375
v -0.16241127252578735 -0.7159177660942078 3.033857822418213
v 0.19162119925022125 -0.8929969668388367 2.9417076110839844
v -0.15757368505001068 -0.893004298210144 2.9437255859375
v 0.19162119925022125 -0.8929969668388367 2.9417076110839844
v 0.19749264419078827 -0.7159101963043213 3.03177809715271
v 0.5381264686584473 -0.8930189609527588 2.8984036445617676
v 0.19162119925022125 -0.8929969668388367 2.9417076110839844
v 0.5381264686584473 -0.8930189609527588 2.8984036445617676
v 0.5546244382858276 -0.7159328460693359 2.9871459007263184
v 0.8770779371261597 -0.8930699825286865 2.8144214153289795
v 0.5381264686584473 -0.8930189609527588 2.8984036445617676
v 0.8770779371261597 -0.8930699825286865 2.8144214153289795
v 0.9039707779884338 -0.7159854769706726 2.900588035583496
v 1.2037174701690674 -0.8931493759155273 2.690939426422119
v 0.8770779371261597 -0.8930699825286865 2.8144214153289795
v 1.2037174701690674 -0.8931493759155273 2.690939426422119
v 1.240627646446228 -0.7160672545433044 2.7733192443847656
v 1.5134598016738892 -0.8932559490203857 2.529691457748413
v 1.2037174701690674 -0.8931493759155273 2.690939426422119
v 1.5134598016738892 -0.8932559490203857 2.529691457748413
v 1.5598690509796143 -0.7161771059036255 2.607126474380493
v 1.8019567728042603 -0.8933882117271423 2.3329415321350098
v 1.5134598016738892 -0.8932559490203857 2.529691457748413
v 1.8019567728042603 -0.8933882117271423 2.3329415321350098
v 1.8572134971618652 -0.7163134217262268 2.4043424129486084
v 2.0651586055755615 -0.8935443758964539 2.1034507751464844
v 1.8019567728042603 -0.8933882117271423 2.3329415321350098
v 2.0651586055755615 -0.8935443758964539 2.1034507751464844
v 2.1284868717193604 -0.7164743542671204 2.167813777923584
v 2.299370288848877 -0.8937221765518188 1.8444410562515259
v 2.0651586055755615 -0.8935443758964539 2.1034507751464844
v 2.299370288848877 -0.8937221765518188 1.8444410562515259
v 2.3698813915252686 -0.7166576385498047 1.9008607864379883
v 2.5013041496276855 -0.8939191102981567 1.5595486164093018
v 2.299370288848877 -0.8937221765518188 1.8444410562515259
v 2.5013041496276855 -0.8939191102981567 1.5595486164093018
v 2.5780081748962402 -0.7168606519699097 1.6072312593460083
v 2.668125867843628 -0.8941324949264526 1.2527722120285034
v 2.5013041496276855 -0.8939191102981567 1.5595486164093018
v 2.668125867843628 -0.8941324949264526 1.2527722120285034
v 2.749945640563965 -0.7170805335044861 1.2910468578338623
v 2.797492742538452 -0.8943592309951782 0.9284185767173767
v 2.668125867843628 -0.8941324949264526 1.2527722120285034
v 2.797492742538452 -0.8943592309951782 0.9284185767173767
v 2.8832802772521973 -0.7173142433166504 0.956745982170105
v 2.887589693069458 -0.89459627866745 0.5910409092903137
v 2.797492742538452 -0.8943592309951782 0.9284185767173767
v 2.887589693069458 -0.89459627866745 0.5910409092903137
v 2.976140260696411 -0.7175585031509399 0.609021782875061
v 2.9371511936187744 -0.8948401212692261 0.24537526071071625
v 2.887589693069458 -0.89459627866745 0.5910409092903137
v 2.9371511936187744 -0.8948401212692261 0.24537526071071625
v 3.0272216796875 -0.7178099155426025 0.252755343914032
v 2.945482015609741 -0.895087480545044 -0.10372602194547653
v 2.9371511936187744 -0.8948401212692261 0.24537526071071625
v 3.0358080863952637 -0.7180648446083069 -0.10705206543207169
v 2.945482015609741 -0.895087480545044 -0.10372602194547653
v 3.0017786026000977 -0.7183197736740112 -0.46534955501556396
v 3.0358080863952637 -0.7180648446083069 -0.10705206543207169
v 3.0017786026000977 -0.7183197736740112 -0.46534955501556396
v 3.047354221343994 -0.5347981452941895 -0.4725535213947296
v 2.9256110191345215 -0.7185711860656738 -0.8171074390411377
v 3.0017786026000977 -0.7183197736740112 -0.46534955501556396
v 2.9256110191345215 -0.7185711860656738 -0.8171074390411377
v 2.970029592514038 -0.5350533127784729 -0.8296526074409485
v 2.8083741664886475 -0.7188154458999634 -1.157387614250183
v 2.9256110191345215 -0.7185711860656738 -0.8171074390411377
v 2.8083741664886475 -0.7188154458999634 -1.157387614250183
v 2.851012945175171 -0.5353012681007385 -1.1750998497009277
v 2.651714563369751 -0.7190491557121277 -1.481413722038269
v 2.8083741664886475 -0.7188154458999634 -1.157387614250183
v 2.651714563369751 -0.7190491557121277 -1.481413722038269
v 2.691974401473999 -0.5355385541915894 -1.504046082496643
v 2.4578306674957275 -0.7192690372467041 -1.7846367359161377
v 2.651714563369751 -0.7190491557121277 -1.481413722038269
v 2.4578306674957275 -0.7192690372467041 -1.7846367359161377
v 2.4951465129852295 -0.535761833190918 -1.811873197555542
v 2.229444742202759 -0.7194720506668091 -2.062800168991089
v 2.4578306674957275 -0.7192690372467041 -1.7846367359161377
v 2.229444742202759 -0.7194720506668091 -2.062800168991089
v 2.2632927894592285 -0.5359678864479065 -2.0942606925964355
v 1.9697623252868652 -0.7196553349494934 -2.3119993209838867
v 2.229444742202759 -0.7194720506668091 -2.062800168991089
v 1.9697623252868652 -0.7196553349494934 -2.3119993209838867
v 1.9996672868728638 -0.5361539125442505 -2.3472437858581543
v 1.6824291944503784 -0.7198162078857422 -2.528736114501953
v 1.9697623252868652 -0.7196553349494934 -2.3119993209838867
v 1.6824291944503784 -0.7198162078857422 -2.528736114501953
v 1.7079709768295288 -0.5363172888755798 -2.5672712326049805
v 1.3714786767959595 -0.7199525833129883 -2.7099673748016357
v 1.6824291944503784 -0.7198162078857422 -2.528736114501953
v 1.3714786767959595 -0.7199525833129883 -2.7099673748016357
v 1.392298936843872 -0.5364556908607483 -2.7512545585632324
v 1.0412758588790894 -0.7200624346733093 -2.853149890899658
v 1.3714786767959595 -0.7199525833129883 -2.7099673748016357
v 1.0412758588790894 -0.7200624346733093 -2.853149890899658
v 1.0570820569992065 -0.536567211151123 -2.896611213684082
v 0.6964559555053711 -0.7201442122459412 -2.956273317337036
v 1.0412758588790894 -0.7200624346733093 -2.853149890899658
v 0.6964559555053711 -0.7201442122459412 -2.956273317337036
v 0.7070263028144836 -0.5366502404212952 -3.00130033493042
v 0.3418595790863037 -0.7201967835426331 -3.0178897380828857
v 0.6964559555053711 -0.7201442122459412 -2.956273317337036
v 0.3418595790863037 -0.7201967835426331 -3.0178897380828857
v 0.3470456600189209 -0.5367036461830139 -3.063852548599243
v -0.017535438761115074 -0.7202194929122925 -3.0371344089508057
v 0.3418595790863037 -0.7201967835426331 -3.0178897380828857
v -0.017535438761115074 -0.7202194929122925 -3.0371344089508057
v -0.01780659146606922 -0.5367266535758972 -3.0833895206451416
v -0.3766840696334839 -0.720211923122406 -3.013737440109253
v -0.017535438761115074 -0.7202194929122925 -3.0371344089508057
v -0.3766840696334839 -0.720211923122406 -3.013737440109253
v -0.38240867853164673 -0.5367189645767212 -3.0596370697021484
v -0.7305446267127991 -0.7201741933822632 -2.9480268955230713
v -0.3766840696334839 -0.720211923122406 -3.013737440109253
v -0.7305446267127991 -0.7201741933822632 -2.9480268955230713
v -0.7416423559188843 -0.5366806983947754 -2.992928981781006
v -1.0741496086120605 -0.7201068997383118 -2.840925693511963
v -0.7305446267127991 -0.7201741933822632 -2.9480268955230713
v -1.0741496086120605 -0.7201068997383118 -2.840925693511963
v -1.0904648303985596 -0.5366123914718628 -2.8842012882232666
v -1.4026756286621094 -0.7200108766555786 -2.693936586380005
v -1.0741496086120605 -0.7201068997383118 -2.840925693511963
v -1.4026756286621094 -0.7200108766555786 -2.693936586380005
v -1.4239795207977295 -0.536514937877655 -2.734980344772339
v -1.7115111351013184 -0.7198876142501831 -2.5091233253479004
v -1.4026756286621094 -0.7200108766555786 -2.693936586380005
v -1.7115111351013184 -0.7198876142501831 -2.5091233253479004
v -1.737504243850708 -0.5363897681236267 -2.547361135482788
v -1.9963202476501465 -0.7197387218475342 -2.2890806198120117
v -1.7115111351013184 -0.7198876142501831 -2.5091233253479004
v -1.9963202476501465 -0.7197387218475342 -2.2890806198120117
v -2.0266380310058594 -0.5362386107444763 -2.323976755142212
v -2.253105401992798 -0.719566285610199 -2.0368969440460205
v -1.9963202476501465 -0.7197387218475342 -2.2890806198120117
v -2.253105401992798 -0.719566285610199 -2.0368969440460205
v -2.2873222827911377 -0.5360636115074158 -2.0679640769958496
v -2.4782612323760986 -0.7193728685379028 -1.7561126947402954
v -2.253105401992798 -0.719566285610199 -2.0368969440460205
v -2.4782612323760986 -0.7193728685379028 -1.7561126947402954
v -2.515897274017334 -0.5358671545982361 -1.7829160690307617
v -2.668627977371216 -0.7191610336303711 -1.450669288635254
v -2.4782612323760986 -0.7193728685379028 -1.7561126947402954
v -2.668627977371216 -0.7191610336303711 -1.450669288635254
v -2.7091543674468994 -0.5356521606445312 -1.4728347063064575
v -2.8215322494506836 -0.7189338207244873 -1.124854326248169
v -2.668627977371216 -0.7191610336303711 -1.450669288635254
v -2.8215322494506836 -0.7189338207244873 -1.124854326248169
v -2.8643805980682373 -0.5354214906692505 -1.1420725584030151
v -2.934828758239746 -0.7186943888664246 -0.783241868019104
v -2.8215322494506836 -0.7189338207244873 -1.124854326248169
v -2.934828758239746 -0.7186943888664246 -0.783241868019104
v -2.9793972969055176 -0.5351784229278564 -0.7952728271484375
v -3.0069260597229004 -0.7184461355209351 -0.43062731623649597
v -2.934828758239746 -0.7186943888664246 -0.783241868019104
v -3.0069260597229004 -0.7184461355209351 -0.43062731623649597
v -3.052589178085327 -0.5349264144897461 -0.4373040199279785
v -3.0368125438690186 -0.7181925177574158 -0.07196044921875
v -3.0069260597229004 -0.7184461355209351 -0.43062731623649597
v -3.0368125438690186 -0.7181925177574158 -0.07196044921875
v -3.0829296112060547 -0.5346689224243164 -0.07319101691246033
v -3.0240683555603027 -0.7179371118545532 0.28772372007369995
v -3.0368125438690186 -0.7181925177574158 -0.07196044921875
v -3.0240683555603027 -0.7179371118545532 0.28772372007369995
v -3.0699920654296875 -0.5344096422195435 0.29195475578308105
v -2.9688727855682373 -0.7176835536956787 0.6433760523796082
v -3.0240683555603027 -0.7179371118545532 0.28772372007369995
v -2.9688727855682373 -0.7176835536956787 0.6433760523796082
v -3.013958215713501 -0.5341522097587585 0.6530073881149292
v -2.8720006942749023 -0.7174353003501892 0.9900038242340088
v -2.9688727855682373 -0.7176835536956787 0.6433760523796082
v -2.8720006942749023 -0.7174353003501892 0.9900038242340088
v -2.9156153202056885 -0.5339002013206482 1.0048985481262207
v -2.734811305999756 -0.7171958684921265 1.3227412700653076
v -2.8720006942749023 -0.7174353003501892 0.9900038242340088
v -2.734811305999756 -0.7171958684921265 1.3227412700653076
v -2.7763428688049316 -0.5336571335792542 1.3426885604858398
v -2.5592315196990967 -0.7169686555862427 1.6369177103042603
v -2.734811305999756 -0.7171958684921265 1.3227412700653076
v -2.5592315196990967 -0.7169686555862427 1.6369177103042603
v -2.5980968475341797 -0.5334264636039734 1.6616355180740356
v -2.3477249145507812 -0.7167568206787109 1.9281222820281982
v -2.5592315196990967 -0.7169686555862427 1.6369177103042603
v -2.3477249145507812 -0.7167568206787109 1.9281222820281982
v -2.383378744125366 -0.5332114100456238 1.9572618007659912
v -2.1032614707946777 -0.71656334400177 2.192267656326294
v -2.3477249145507812 -0.7167568206787109 1.9281222820281982
v -2.1032614707946777 -0.71656334400177 2.192267656326294
v -2.1352031230926514 -0.5330150127410889 2.2254178524017334
v -1.8292725086212158 -0.7163909673690796 2.425645351409912
v -2.1032614707946777 -0.71656334400177 2.192267656326294
v -1.8292725086212158 -0.7163909673690796 2.425645351409912
v -1.8570538759231567 -0.5328400135040283 2.462339401245117
v -1.5296043157577515 -0.7162420749664307 2.624979257583618
v -1.8292725086212158 -0.7163909673690796 2.425645351409912
v -1.5296043157577515 -0.7162420749664307 2.624979257583618
v -1.5528353452682495 -0.5326888561248779 2.664700508117676
v -1.208463430404663 -0.7161187529563904 2.7874717712402344
v -1.5296043157577515 -0.7162420749664307 2.624979257583618
v -1.208463430404663 -0.7161187529563904 2.7874717712402344
v -1.226818323135376 -0.5325636863708496 2.829660177230835
v -0.870358407497406 -0.716022789478302 2.910841464996338
v -1.208463430404663 -0.7161187529563904 2.7874717712402344
v -0.870358407497406 -0.716022789478302 2.910841464996338
v -0.8835791349411011 -0.5324662327766418 2.9549028873443604
v -0.5200350284576416 -0.7159554362297058 2.9933559894561768
v -0.870358407497406 -0.716022789478302 2.910841464996338
v -0.5200350284576416 -0.7159554362297058 2.9933559894561768
v -0.5279363393783569 -0.5323979258537292 3.038670778274536
v -0.16241127252578735 -0.7159177660942078 3.033857822418213
v -0.5200350284576416 -0.7159554362297058 2.9933559894561768
v -0.16241127252578735 -0.7159177660942078 3.033857822418213
v -0.16488227248191833 -0.5323596000671387 3.079787492752075
v 0.19749264419078827 -0.7159101963043213 3.03177809715271
v -0.16241127252578735 -0.7159177660942078 3.033857822418213
v 0.19749264419078827 -0.7159101963043213 3.03177809715271
v 0.20048657059669495 -0.5323519110679626 3.0776760578155518
v 0.5546244382858276 -0.7159328460693359 2.9871459007263184
v 0.19749264419078827 -0.7159101963043213 3.03177809715271
v 0.5546244382858276 -0.7159328460693359 2.9871459007263184
v 0.5630412101745605 -0.5323749780654907 3.0323662757873535
v 0.9039707779884338 -0.7159854769706726 2.900588035583496
v 0.5546244382858276 -0.7159328460693359 2.9871459007263184
v 0.9039707779884338 -0.7159854769706726 2.900588035583496
v 0.9176921844482422 -0.5324283838272095 2.9444940090179443
v 1.240627646446228 -0.7160672545433044 2.7733192443847656
v 0.9039707779884338 -0.7159854769706726 2.900588035583496
v 1.240627646446228 -0.7160672545433044 2.7733192443847656
v 1.2594609260559082 -0.5325114130973816 2.8152925968170166
v 1.5598690509796143 -0.7161771059036255 2.607126474380493
v 1.240627646446228 -0.7160672545433044 2.7733192443847656
v 1.5598690509796143 -0.7161771059036255 2.607126474380493
v 1.5835498571395874 -0.5326229333877563 2.646576166152954
v 1.8572134971618652 -0.7163134217262268 2.4043424129486084
v 1.5598690509796143 -0.7161771059036255 2.607126474380493
v 1.8572134971618652 -0.7163134217262268 2.4043424129486084
v 1.8854092359542847 -0.5327613353729248 2.4407129287719727
v 2.1284868717193604 -0.7164743542671204 2.167813777923584
v 1.8572134971618652 -0.7163134217262268 2.4043424129486084
v 2.1284868717193604 -0.7164743542671204 2.167813777923584
v 2.160801887512207 -0.5329247117042542 2.2005929946899414
v 2.3698813915252686 -0.7166576385498047 1.9008607864379883
v 2.1284868717193604 -0.7164743542671204 2.167813777923584
v 2.3698813915252686 -0.7166576385498047 1.9008607864379883
v 2.4058618545532227 -0.5331107378005981 1.92958664894104
v 2.5780081748962402 -0.7168606519699097 1.6072312593460083
v 2.3698813915252686 -0.7166576385498047 1.9008607864379883
v 2.5780081748962402 -0.7168606519699097 1.6072312593460083
v 2.6171488761901855 -0.5333167910575867 1.6314982175827026
v 2.749945640563965 -0.7170805335044861 1.2910468578338623
v 2.5780081748962402 -0.7168606519699097 1.6072312593460083
v 2.749945640563965 -0.7170805335044861 1.2910468578338623
v 2.7916972637176514 -0.5335400700569153 1.3105127811431885
v 2.8832802772521973 -0.7173142433166504 0.956745982170105
v 2.749945640563965 -0.7170805335044861 1.2910468578338623
v 2.8832802772521973 -0.7173142433166504 0.956745982170105
v 2.927056312561035 -0.5337773561477661 0.9711357951164246
v 2.976140260696411 -0.7175585031509399 0.609021782875061
v 2.8832802772521973 -0.7173142433166504 0.956745982170105
v 2.976140260696411 -0.7175585031509399 0.609021782875061
v 3.0213263034820557 -0.5340253114700317 0.6181315779685974
v 3.0272216796875 -0.7178099155426025 0.252755343914032
v 2.976140260696411 -0.7175585031509399 0.609021782875061
v 3.0272216796875 -0.7178099155426025 0.252755343914032
v 3.07318377494812 -0.5342804789543152 0.2564553916454315
v 3.0358080863952637 -0.7180648446083069 -0.10705206543207169
v 3.0272216796875 -0.7178099155426025 0.252755343914032
v 3.081900119781494 -0.5345392823219299 -0.10881547629833221
v 3.0358080863952637 -0.7180648446083069 -0.10705206543207169
v 3.047354221343994 -0.5347981452941895 -0.4725535213947296
v 3.081900119781494 -0.5345392823219299 -0.10881547629833221
v 3.047354221343994 -0.5347981452941895 -0.4725535213947296
v 3.0502190589904785 -0.3565683662891388 -0.47312524914741516
v 2.970029592514038 -0.5350533127784729 -0.8296526074409485
v 3.047354221343994 -0.5347981452941895 -0.4725535213947296
v 2.970029592514038 -0.5350533127784729 -0.8296526074409485
v 2.9728219509124756 -0.35682377219200134 -0.830560564994812
v 2.851012945175171 -0.5353012681007385 -1.1750998497009277
v 2.970029592514038 -0.5350533127784729 -0.8296526074409485
v 2.851012945175171 -0.5353012681007385 -1.1750998497009277
v 2.8536932468414307 -0.35707199573516846 -1.1763331890106201
v 2.691974401473999 -0.5355385541915894 -1.504046082496643
v 2.851012945175171 -0.5353012681007385 -1.1750998497009277
v 2.691974401473999 -0.5355385541915894 -1.504046082496643
v 2.694504976272583 -0.357309490442276 -1.5055890083312988
v 2.4951465129852295 -0.535761833190918 -1.811873197555542
v 2.691974401473999 -0.5355385541915894 -1.504046082496643
v 2.4951465129852295 -0.535761833190918 -1.811873197555542
v 2.4974915981292725 -0.35753294825553894 -1.8137062788009644
v 2.2632927894592285 -0.5359678864479065 -2.0942606925964355
v 2.4951465129852295 -0.535761833190918 -1.811873197555542
v 2.2632927894592285 -0.5359678864479065 -2.0942606925964355
v 2.2654194831848145 -0.35773923993110657 -2.0963594913482666
v 1.9996672868728638 -0.5361539125442505 -2.3472437858581543
v 2.2632927894592285 -0.5359678864479065 -2.0942606925964355
v 1.9996672868728638 -0.5361539125442505 -2.3472437858581543
v 2.0015456676483154 -0.3579254448413849 -2.3495805263519287
v 1.7079709768295288 -0.5363172888755798 -2.5672712326049805
v 1.9996672868728638 -0.5361539125442505 -2.3472437858581543
v 1.7079709768295288 -0.5363172888755798 -2.5672712326049805
v 1.709574818611145 -0.3580889403820038 -2.5698153972625732
v 1.392298936843872 -0.5364556908607483 -2.7512545585632324
v 1.7079709768295288 -0.5363172888755798 -2.5672712326049805
v 1.392298936843872 -0.5364556908607483 -2.7512545585632324
v 1.3936054706573486 -0.3582274913787842 -2.753972291946411
v 1.0570820569992065 -0.536567211151123 -2.896611213684082
v 1.392298936843872 -0.5364556908607483 -2.7512545585632324
v 1.0570820569992065 -0.536567211151123 -2.896611213684082
v 1.0580730438232422 -0.3583391010761261 -2.899465560913086
v 0.7070263028144836 -0.5366502404212952 -3.00130033493042
v 1.0570820569992065 -0.536567211151123 -2.896611213684082
v 0.7070263028144836 -0.5366502404212952 -3.00130033493042
v 0.7076876163482666 -0.3584222197532654 -3.004253387451172
v 0.3470456600189209 -0.5367036461830139 -3.063852548599243
v 0.7070263028144836 -0.5366502404212952 -3.00130033493042
v 0.3470456600189209 -0.5367036461830139 -3.063852548599243
v 0.34736794233322144 -0.3584756851196289 -3.066864252090454
v -0.01780659146606922 -0.5367266535758972 -3.0833895206451416
v 0.3470456600189209 -0.5367036461830139 -3.063852548599243
v -0.01780659146606922 -0.5367266535758972 -3.0833895206451416
v -0.017827842384576797 -0.3584987223148346 -3.0864195823669434
v -0.38240867853164673 -0.5367189645767212 -3.0596370697021484
v -0.01780659146606922 -0.5367266535758972 -3.0833895206451416
v -0.38240867853164673 -0.5367189645767212 -3.0596370697021484
v -0.3827732503414154 -0.35849103331565857 -3.062645196914673
v -0.7416423559188843 -0.5366806983947754 -2.992928981781006
v -0.38240867853164673 -0.5367189645767212 -3.0596370697021484
v -0.7416423559188843 -0.5366806983947754 -2.992928981781006
v -0.7423452138900757 -0.358452707529068 -2.9958739280700684
v -1.0904648303985596 -0.5366123914718628 -2.8842012882232666
v -0.7416423559188843 -0.5366806983947754 -2.992928981781006
v -1.0904648303985596 -0.5366123914718628 -2.8842012882232666
v -1.091496229171753 -0.35838431119918823 -2.8870439529418945
v -1.4239795207977295 -0.536514937877655 -2.734980344772339
v -1.0904648303985596 -0.5366123914718628 -2.8842012882232666
v -1.4239795207977295 -0.536514937877655 -2.734980344772339
v -1.42532479763031 -0.3582867681980133 -2.737682580947876
v -1.737504243850708 -0.5363897681236267 -2.547361135482788
v -1.4239795207977295 -0.536514937877655 -2.734980344772339
v -1.737504243850708 -0.5363897681236267 -2.547361135482788
v -1.7391449213027954 -0.35816147923469543 -2.549886465072632
v -2.0266380310058594 -0.5362386107444763 -2.323976755142212
v -1.737504243850708 -0.5363897681236267 -2.547361135482788
v -2.0266380310058594 -0.5362386107444763 -2.323976755142212
v -2.0285511016845703 -0.3580101728439331 -2.326292037963867
v -2.2873222827911377 -0.5360636115074158 -2.0679640769958496
v -2.0266380310058594 -0.5362386107444763 -2.323976755142212
v -2.2873222827911377 -0.5360636115074158 -2.0679640769958496
v -2.289480447769165 -0.35783499479293823 -2.070038080215454
v -2.515897274017334 -0.5358671545982361 -1.7829160690307617
v -2.2873222827911377 -0.5360636115074158 -2.0679640769958496
v -2.515897274017334 -0.5358671545982361 -1.7829160690307617
v -2.51827073097229 -0.357638418674469 -1.784721851348877
v -2.7091543674468994 -0.5356521606445312 -1.4728347063064575
v -2.515897274017334 -0.5358671545982361 -1.7829160690307617
v -2.7091543674468994 -0.5356521606445312 -1.4728347063064575
v -2.711709976196289 -0.35742315649986267 -1.4743483066558838
v -2.8643805980682373 -0.5354214906692505 -1.1420725584030151
v -2.7091543674468994 -0.5356521606445312 -1.4728347063064575
v -2.8643805980682373 -0.5354214906692505 -1.1420725584030151
v -2.867082357406616 -0.3571922779083252 -1.1432747840881348
v -2.9793972969055176 -0.5351784229278564 -0.7952728271484375
v -2.8643805980682373 -0.5354214906692505 -1.1420725584030151
v -2.9793972969055176 -0.5351784229278564 -0.7952728271484375
v -2.9822070598602295 -0.35694900155067444 -0.7961484789848328
v -3.052589178085327 -0.5349264144897461 -0.4373040199279785
v -2.9793972969055176 -0.5351784229278564 -0.7952728271484375
v -3.052589178085327 -0.5349264144897461 -0.4373040199279785
v -3.0554683208465576 -0.356696754693985 -0.43784254789352417
v -3.0829296112060547 -0.5346689224243164 -0.07319101691246033
v -3.052589178085327 -0.5349264144897461 -0.4373040199279785
v -3.0829296112060547 -0.5346689224243164 -0.07319101691246033
v -3.085836887359619 -0.3564390540122986 -0.07338668406009674
v -3.0699920654296875 -0.5344096422195435 0.29195475578308105
v -3.0829296112060547 -0.5346689224243164 -0.07319101691246033
v -3.0699920654296875 -0.5344096422195435 0.29195475578308105
v -3.0728871822357178 -0.35617953538894653 0.2921029031276703
v -3.013958215713501 -0.5341522097587585 0.6530073881149292
v -3.0699920654296875 -0.5344096422195435 0.29195475578308105
v -3.013958215713501 -0.5341522097587585 0.6530073881149292
v -3.016800880432129 -0.35592183470726013 0.6534955501556396
v -2.9156153202056885 -0.5339002013206482 1.0048985481262207
v -3.013958215713501 -0.5341522097587585 0.6530073881149292
v -2.9156153202056885 -0.5339002013206482 1.0048985481262207
v -2.918365001678467 -0.3556695580482483 1.0057181119918823
v -2.7763428688049316 -0.5336571335792542 1.3426885604858398
v -2.9156153202056885 -0.5339002013206482 1.0048985481262207
v -2.7763428688049316 -0.5336571335792542 1.3426885604858398
v -2.778961658477783 -0.35542628169059753 1.343826174736023
v -2.5980968475341797 -0.5334264636039734 1.6616355180740356
v -2.7763428688049316 -0.5336571335792542 1.3426885604858398
v -2.5980968475341797 -0.5334264636039734 1.6616355180740356
v -2.6005477905273438 -0.35519540309906006 1.6630733013153076
v -2.383378744125366 -0.5332114100456238 1.9572618007659912
v -2.5980968475341797 -0.5334264636039734 1.6616355180740356
v -2.383378744125366 -0.5332114100456238 1.9572618007659912
v -2.385627508163452 -0.3549801707267761 1.9589781761169434
v -2.1352031230926514 -0.5330150127410889 2.2254178524017334
v -2.383378744125366 -0.5332114100456238 1.9572618007659912
v -2.1352031230926514 -0.5330150127410889 2.2254178524017334
v -2.1372182369232178 -0.3547835648059845 2.227386713027954
v -1.8570538759231567 -0.5328400135040283 2.462339401245117
v -2.1352031230926514 -0.5330150127410889 2.2254178524017334
v -1.8570538759231567 -0.5328400135040283 2.462339401245117
v -1.85880708694458 -0.3546083867549896 2.464531183242798
v -1.5528353452682495 -0.5326888561248779 2.664700508117676
v -1.8570538759231567 -0.5328400135040283 2.462339401245117
v -1.5528353452682495 -0.5326888561248779 2.664700508117676
v -1.5543020963668823 -0.3544571101665497 2.6670827865600586
v -1.226818323135376 -0.5325636863708496 2.829660177230835
v -1.5528353452682495 -0.5326888561248779 2.664700508117676
v -1.226818323135376 -0.5325636863708496 2.829660177230835
v -1.227977991104126 -0.3543318212032318 2.832197904586792
v -0.8835791349411011 -0.5324662327766418 2.9549028873443604
v -1.226818323135376 -0.5325636863708496 2.829660177230835
v -0.8835791349411011 -0.5324662327766418 2.9549028873443604
v -0.8844156861305237 -0.3542342782020569 2.9575586318969727
v -0.5279363393783569 -0.5323979258537292 3.038670778274536
v -0.8835791349411011 -0.5324662327766418 2.9549028873443604
v -0.5279363393783569 -0.5323979258537292 3.038670778274536
v -0.5284379124641418 -0.3541658818721771 3.041405200958252
v -0.16488227248191833 -0.5323596000671387 3.079787492752075
v -0.5279363393783569 -0.5323979258537292 3.038670778274536
v -0.16488227248191833 -0.5323596000671387 3.079787492752075
v -0.16504202783107758 -0.35412755608558655 3.0825607776641846
v 0.20048657059669495 -0.5323519110679626 3.0776760578155518
v -0.16488227248191833 -0.5323596000671387 3.079787492752075
v 0.20048657059669495 -0.5323519110679626 3.0776760578155518
v 0.20067086815834045 -0.3541198670864105 3.0804474353790283
v 0.5630412101745605 -0.5323749780654907 3.0323662757873535
v 0.20048657059669495 -0.5323519110679626 3.0776760578155518
v 0.5630412101745605 -0.5323749780654907 3.0323662757873535
v 0.5635669231414795 -0.3541429042816162 3.035094976425171
v 0.9176921844482422 -0.5324283838272095 2.9444940090179443
v 0.5630412101745605 -0.5323749780654907 3.0323662757873535
v 0.9176921844482422 -0.5324283838272095 2.9444940090179443
v 0.9185518622398376 -0.35419636964797974 2.9471399784088135
v 1.2594609260559082 -0.5325114130973816 2.8152925968170166
v 0.9176921844482422 -0.5324283838272095 2.9444940090179443
v 1.2594609260559082 -0.5325114130973816 2.8152925968170166
v 1.260642409324646 -0.354279488325119 2.817816972732544
v 1.5835498571395874 -0.5326229333877563 2.646576166152954
v 1.2594609260559082 -0.5325114130973816 2.8152925968170166
v 1.5835498571395874 -0.5326229333877563 2.646576166152954
v 1.5850365161895752 -0.35439109802246094 2.6489417552948
v 1.8854092359542847 -0.5327613353729248 2.4407129287719727
v 1.5835498571395874 -0.5326229333877563 2.646576166152954
v 1.8854092359542847 -0.5327613353729248 2.4407129287719727
v 1.887180209159851 -0.35452961921691895 2.4428844451904297
v 2.160801887512207 -0.5329247117042542 2.2005929946899414
v 1.8854092359542847 -0.5327613353729248 2.4407129287719727
v 2.160801887512207 -0.5329247117042542 2.2005929946899414
v 2.162832260131836 -0.35469314455986023 2.202538251876831
v 2.4058618545532227 -0.5331107378005981 1.92958664894104
v 2.160801887512207 -0.5329247117042542 2.2005929946899414
v 2.4058618545532227 -0.5331107378005981 1.92958664894104
v 2.4081227779388428 -0.35487934947013855 1.931276798248291
v 2.6171488761901855 -0.5333167910575867 1.6314982175827026
v 2.4058618545532227 -0.5331107378005981 1.92958664894104
v 2.6171488761901855 -0.5333167910575867 1.6314982175827026
v 2.6196088790893555 -0.3550856411457062 1.6329078674316406
v 2.7916972637176514 -0.5335400700569153 1.3105127811431885
v 2.6171488761901855 -0.5333167910575867 1.6314982175827026
v 2.7916972637176514 -0.5335400700569153 1.3105127811431885
v 2.7943215370178223 -0.3553090989589691 1.3116199970245361
v 2.927056312561035 -0.5337773561477661 0.9711357951164246
v 2.7916972637176514 -0.5335400700569153 1.3105127811431885
v 2.927056312561035 -0.5337773561477661 0.9711357951164246
v 2.9298083782196045 -0.35554659366607666 0.9719234704971313
v 3.0213263034820557 -0.5340253114700317 0.6181315779685974
v 2.927056312561035 -0.5337773561477661 0.9711357951164246
v 3.0213263034820557 -0.5340253114700317 0.6181315779685974
v 3.0241668224334717 -0.3557948172092438 0.6185868382453918
v 3.07318377494812 -0.5342804789543152 0.2564553916454315
v 3.0213263034820557 -0.5340253114700317 0.6181315779685974
v 3.07318377494812 -0.5342804789543152 0.2564553916454315
v 3.076072931289673 -0.3560502231121063 0.25657013058662415
v 3.081900119781494 -0.5345392823219299 -0.10881547629833221
v 3.07318377494812 -0.5342804789543152 0.2564553916454315
v 3.0847978591918945 -0.35630929470062256 -0.10904469341039658
v 3.081900119781494 -0.5345392823219299 -0.10881547629833221
v 3.0502190589904785 -0.3565683662891388 -0.47312524914741516
v 3.0847978591918945 -0.35630929470062256 -0.10904469341039658
v 3.0502190589904785 -0.3565683662891388 -0.47312524914741516
v 3.0145516395568848 -0.1945602297782898 -0.4677053987979889
v 2.9728219509124756 -0.35682377219200134 -0.830560564994812
v 3.0502190589904785 -0.3565683662891388 -0.47312524914741516
v 2.9728219509124756 -0.35682377219200134 -0.830560564994812
v 2.9380595684051514 -0.19481267035007477 -0.820961594581604
v 2.8536932468414307 -0.35707199573516846 -1.1763331890106201
v 2.9728219509124756 -0.35682377219200134 -0.830560564994812
v 2.8536932468414307 -0.35707199573516846 -1.1763331890106201
v 2.8203237056732178 -0.1950579732656479 -1.1626914739608765
v 2.694504976272583 -0.357309490442276 -1.5055890083312988
v 2.8536932468414307 -0.35707199573516846 -1.1763331890106201
v 2.694504976272583 -0.357309490442276 -1.5055890083312988
v 2.662996768951416 -0.19529269635677338 -1.4880975484848022
v 2.4974915981292725 -0.35753294825553894 -1.8137062788009644
v 2.694504976272583 -0.357309490442276 -1.5055890083312988
v 2.4974915981292725 -0.35753294825553894 -1.8137062788009644
v 2.4682869911193848 -0.1955135464668274 -1.7926121950149536
v 2.2654194831848145 -0.35773923993110657 -2.0963594913482666
v 2.4974915981292725 -0.35753294825553894 -1.8137062788009644
v 2.2654194831848145 -0.35773923993110657 -2.0963594913482666
v 2.2389280796051025 -0.19571740925312042 -2.07196044921875
v 2.0015456676483154 -0.3579254448413849 -2.3495805263519287
v 2.2654194831848145 -0.35773923993110657 -2.0963594913482666
v 2.0015456676483154 -0.3579254448413849 -2.3495805263519287
v 1.9781396389007568 -0.19590143859386444 -2.322221040725708
v 1.709574818611145 -0.3580889403820038 -2.5698153972625732
v 2.0015456676483154 -0.3579254448413849 -2.3495805263519287
v 1.709574818611145 -0.3580889403820038 -2.5698153972625732
v 1.6895824670791626 -0.19606304168701172 -2.5398809909820557
v 1.3936054706573486 -0.3582274913787842 -2.753972291946411
v 1.709574818611145 -0.3580889403820038 -2.5698153972625732
v 1.3936054706573486 -0.3582274913787842 -2.753972291946411
v 1.377307415008545 -0.19619996845722198 -2.7218844890594482
v 1.0580730438232422 -0.3583391010761261 -2.899465560913086
v 1.3936054706573486 -0.3582274913787842 -2.753972291946411
v 1.0580730438232422 -0.3583391010761261 -2.899465560913086
v 1.0456979274749756 -0.19631026685237885 -2.8656768798828125
v 0.7076876163482666 -0.3584222197532654 -3.004253387451172
v 1.0580730438232422 -0.3583391010761261 -2.899465560913086
v 0.7076876163482666 -0.3584222197532654 -3.004253387451172
v 0.6994093060493469 -0.19639241695404053 -2.9692392349243164
v 0.34736794233322144 -0.3584756851196289 -3.066864252090454
v 0.7076876163482666 -0.3584222197532654 -3.004253387451172
v 0.34736794233322144 -0.3584756851196289 -3.066864252090454
v 0.34330254793167114 -0.19644524157047272 -3.031118392944336
v -0.017827842384576797 -0.3584987223148346 -3.0864195823669434
v 0.34736794233322144 -0.3584756851196289 -3.066864252090454
v -0.017827842384576797 -0.3584987223148346 -3.0864195823669434
v -0.01762336865067482 -0.1964680254459381 -3.050445079803467
v -0.3827732503414154 -0.35849103331565857 -3.062645196914673
v -0.017827842384576797 -0.3584987223148346 -3.0864195823669434
v -0.3827732503414154 -0.35849103331565857 -3.062645196914673
v -0.37830182909965515 -0.19646042585372925 -3.0269484519958496
v -0.7423452138900757 -0.358452707529068 -2.9958739280700684
v -0.3827732503414154 -0.35849103331565857 -3.062645196914673
v -0.7423452138900757 -0.358452707529068 -2.9958739280700684
v -0.733669638633728 -0.1964225471019745 -2.9609580039978027
v -1.091496229171753 -0.35838431119918823 -2.8870439529418945
v -0.7423452138900757 -0.358452707529068 -2.9958739280700684
v -1.091496229171753 -0.35838431119918823 -2.8870439529418945
v -1.0787383317947388 -0.196354940533638 -2.853400468826294
v -1.42532479763031 -0.3582867681980133 -2.737682580947876
v -1.091496229171753 -0.35838431119918823 -2.8870439529418945
v -1.42532479763031 -0.3582867681980133 -2.737682580947876
v -1.4086637496948242 -0.196258544921875 -2.7057852745056152
v -1.7391449213027954 -0.35816147923469543 -2.549886465072632
v -1.42532479763031 -0.3582867681980133 -2.737682580947876
v -1.7391449213027954 -0.35816147923469543 -2.549886465072632
v -1.718814730644226 -0.19613471627235413 -2.5201852321624756
v -2.0285511016845703 -0.3580101728439331 -2.326292037963867
v -1.7391449213027954 -0.35816147923469543 -2.549886465072632
v -2.0285511016845703 -0.3580101728439331 -2.326292037963867
v -2.0048370361328125 -0.19598519802093506 -2.2992050647735596
v -2.289480447769165 -0.35783499479293823 -2.070038080215454
v -2.0285511016845703 -0.3580101728439331 -2.326292037963867
v -2.289480447769165 -0.35783499479293823 -2.070038080215454
v -2.2627158164978027 -0.19581206142902374 -2.0459470748901367
v -2.51827073097229 -0.357638418674469 -1.784721851348877
v -2.289480447769165 -0.35783499479293823 -2.070038080215454
v -2.51827073097229 -0.357638418674469 -1.784721851348877
v -2.488831043243408 -0.19561778008937836 -1.7639667987823486
v -2.711709976196289 -0.35742315649986267 -1.4743483066558838
v -2.51827073097229 -0.357638418674469 -1.784721851348877
v -2.711709976196289 -0.35742315649986267 -1.4743483066558838
v -2.6800084114074707 -0.195405051112175 -1.4572221040725708
v -2.867082357406616 -0.3571922779083252 -1.1432747840881348
v -2.711709976196289 -0.35742315649986267 -1.4743483066558838
v -2.867082357406616 -0.3571922779083252 -1.1432747840881348
v -2.833564281463623 -0.1951768547296524 -1.1300194263458252
v -2.9822070598602295 -0.35694900155067444 -0.7961484789848328
v -2.867082357406616 -0.3571922779083252 -1.1432747840881348
v -2.9822070598602295 -0.35694900155067444 -0.7961484789848328
v -2.947343111038208 -0.19493642449378967 -0.7869518399238586
v -3.0554683208465576 -0.356696754693985 -0.43784254789352417
v -2.9822070598602295 -0.35694900155067444 -0.7961484789848328
v -3.0554683208465576 -0.356696754693985 -0.43784254789352417
v -3.019747495651245 -0.1946871131658554 -0.432835191488266
v -3.085836887359619 -0.3564390540122986 -0.07338668406009674
v -3.0554683208465576 -0.356696754693985 -0.43784254789352417
v -3.085836887359619 -0.3564390540122986 -0.07338668406009674
v -3.0497612953186035 -0.19443243741989136 -0.07264059036970139
v -3.0728871822357178 -0.35617953538894653 0.2921029031276703
v -3.085836887359619 -0.3564390540122986 -0.07338668406009674
v -3.0728871822357178 -0.35617953538894653 0.2921029031276703
v -3.0369629859924316 -0.19417594373226166 0.2885757088661194
v -3.016800880432129 -0.35592183470726013 0.6534955501556396
v -3.0728871822357178 -0.35617953538894653 0.2921029031276703
v -3.016800880432129 -0.35592183470726013 0.6534955501556396
v -2.981532335281372 -0.1939212679862976 0.6457428932189941
v -2.918365001678467 -0.3556695580482483 1.0057181119918823
v -3.016800880432129 -0.35592183470726013 0.6534955501556396
v -2.918365001678467 -0.3556695580482483 1.0057181119918823
v -2.884247303009033 -0.19367195665836334 0.9938472509384155
v -2.778961658477783 -0.35542628169059753 1.343826174736023
v -2.918365001678467 -0.3556695580482483 1.0057181119918823
v -2.778961658477783 -0.35542628169059753 1.343826174736023
v -2.746474027633667 -0.19343151152133942 1.3280020952224731
v -2.6005477905273438 -0.35519540309906006 1.6630733013153076
v -2.778961658477783 -0.35542628169059753 1.343826174736023
v -2.6005477905273438 -0.35519540309906006 1.6630733013153076
v -2.570145845413208 -0.19320333003997803 1.6435166597366333
v -2.385627508163452 -0.3549801707267761 1.9589781761169434
v -2.6005477905273438 -0.35519540309906006 1.6630733013153076
v -2.385627508163452 -0.3549801707267761 1.9589781761169434
v -2.357738733291626 -0.19299060106277466 1.9359618425369263
v -2.1372182369232178 -0.3547835648059845 2.227386713027954
v -2.385627508163452 -0.3549801707267761 1.9589781761169434
v -2.1372182369232178 -0.3547835648059845 2.227386713027954
v -2.1122336387634277 -0.19279630482196808 2.2012321949005127
v -1.85880708694458 -0.3546083867549896 2.464531183242798
v -2.1372182369232178 -0.3547835648059845 2.227386713027954
v -1.85880708694458 -0.3546083867549896 2.464531183242798
v -1.8370777368545532 -0.19262318313121796 2.4356040954589844
v -1.5543020963668823 -0.3544571101665497 2.6670827865600586
v -1.85880708694458 -0.3546083867549896 2.464531183242798
v -1.5543020963668823 -0.3544571101665497 2.6670827865600586
v -1.536133050918579 -0.1924736648797989 2.6357874870300293
v -1.227977991104126 -0.3543318212032318 2.832197904586792
v -1.5543020963668823 -0.3544571101665497 2.6670827865600586
v -1.227977991104126 -0.3543318212032318 2.832197904586792
v -1.213624358177185 -0.19234983623027802 2.798971652984619
v -0.8844156861305237 -0.3542342782020569 2.9575586318969727
v -1.227977991104126 -0.3543318212032318 2.832197904586792
v -0.8844156861305237 -0.3542342782020569 2.9575586318969727
v -0.8740789890289307 -0.19225344061851501 2.9228668212890625
v -0.5284379124641418 -0.3541658818721771 3.041405200958252
v -0.8844156861305237 -0.3542342782020569 2.9575586318969727
v -0.5284379124641418 -0.3541658818721771 3.041405200958252
v -0.5222634077072144 -0.19218583405017853 3.005733013153076
v -0.16504202783107758 -0.35412755608558655 3.0825607776641846
v -0.5284379124641418 -0.3541658818721771 3.041405200958252
v -0.16504202783107758 -0.35412755608558655 3.0825607776641846
v -0.16311632096767426 -0.19214797019958496 3.046407461166382
v 0.20067086815834045 -0.3541198670864105 3.0804474353790283
v -0.16504202783107758 -0.35412755608558655 3.0825607776641846
v 0.20067086815834045 -0.3541198670864105 3.0804474353790283
v 0.1983206570148468 -0.1921403706073761 3.044318675994873
v 0.5635669231414795 -0.3541429042816162 3.035094976425171
v 0.20067086815834045 -0.3541198670864105 3.0804474353790283
v 0.5635669231414795 -0.3541429042816162 3.035094976425171
v 0.5569736957550049 -0.1921631395816803 2.9994964599609375
v 0.9185518622398376 -0.35419636964797974 2.9471399784088135
v 0.5635669231414795 -0.3541429042816162 3.035094976425171
v 0.9185518622398376 -0.35419636964797974 2.9471399784088135
v 0.9078081250190735 -0.19221597909927368 2.912569761276245
v 1.260642409324646 -0.354279488325119 2.817816972732544
v 0.9185518622398376 -0.35419636964797974 2.9471399784088135
v 1.260642409324646 -0.354279488325119 2.817816972732544
v 1.245898962020874 -0.19229811429977417 2.784759044647217
v 1.5850365161895752 -0.35439109802246094 2.6489417552948
v 1.260642409324646 -0.354279488325119 2.817816972732544
v 1.5850365161895752 -0.35439109802246094 2.6489417552948
v 1.566500186920166 -0.19240842759609222 2.6178581714630127
v 1.887180209159851 -0.35452961921691895 2.4428844451904297
v 1.5850365161895752 -0.35439109802246094 2.6489417552948
v 1.887180209159851 -0.35452961921691895 2.4428844451904297
v 1.865111231803894 -0.1925453394651413 2.414210319519043
v 2.162832260131836 -0.35469314455986023 2.202538251876831
v 1.887180209159851 -0.35452961921691895 2.4428844451904297
v 2.162832260131836 -0.35469314455986023 2.202538251876831
v 2.137540340423584 -0.19270695745944977 2.1766741275787354
v 2.4081227779388428 -0.35487934947013855 1.931276798248291
v 2.162832260131836 -0.35469314455986023 2.202538251876831
v 2.4081227779388428 -0.35487934947013855 1.931276798248291
v 2.3799631595611572 -0.1928909868001938 1.9085842370986938
v 2.6196088790893555 -0.3550856411457062 1.6329078674316406
v 2.4081227779388428 -0.35487934947013855 1.931276798248291
v 2.6196088790893555 -0.3550856411457062 1.6329078674316406
v 2.5889763832092285 -0.19309484958648682 1.6137038469314575
v 2.7943215370178223 -0.3553090989589691 1.3116199970245361
v 2.6196088790893555 -0.3550856411457062 1.6329078674316406
v 2.7943215370178223 -0.3553090989589691 1.3116199970245361
v 2.761646270751953 -0.19331569969654083 1.2961724996566772
v 2.9298083782196045 -0.35554659366607666 0.9719234704971313
v 2.7943215370178223 -0.3553090989589691 1.3116199970245361
v 2.9298083782196045 -0.35554659366607666 0.9719234704971313
v 2.8955488204956055 -0.19355042278766632 0.9604478478431702
v 3.0241668224334717 -0.3557948172092438 0.6185868382453918
v 2.9298083782196045 -0.35554659366607666 0.9719234704971313
v 3.0241668224334717 -0.3557948172092438 0.6185868382453918
v 2.9888041019439697 -0.19379572570323944 0.611242413520813
v 3.076072931289673 -0.3560502231121063 0.25657013058662415
v 3.0241668224334717 -0.3557948172092438 0.6185868382453918
v 3.076072931289673 -0.3560502231121063 0.25657013058662415
v 3.0401031970977783 -0.19404816627502441 0.2534584105014801
v 3.0847978591918945 -0.35630929470062256 -0.10904469341039658
v 3.076072931289673 -0.3560502231121063 0.25657013058662415
v 3.0487263202667236 -0.1943041980266571 -0.10788167268037796
v 3.0847978591918945 -0.35630929470062256 -0.10904469341039658
v 3.0145516395568848 -0.1945602297782898 -0.4677053987979889
v 3.0487263202667236 -0.1943041980266571 -0.10788167268037796
v 3.0145516395568848 -0.1945602297782898 -0.4677053987979889
v 2.9473023414611816 -0.057980842888355255 -0.4573659896850586
v 2.9380595684051514 -0.19481267035007477 -0.820961594581604
v 3.0145516395568848 -0.1945602297782898 -0.4677053987979889
v 2.9380595684051514 -0.19481267035007477 -0.820961594581604
v 2.872516632080078 -0.05822765454649925 -0.802742063999176
v 2.8203237056732178 -0.1950579732656479 -1.1626914739608765
v 2.9380595684051514 -0.19481267035007477 -0.820961594581604
v 2.8203237056732178 -0.1950579732656479 -1.1626914739608765
v 2.7574069499969482 -0.05846748501062393 -1.1368488073349
v 2.662996768951416 -0.19529269635677338 -1.4880975484848022
v 2.8203237056732178 -0.1950579732656479 -1.1626914739608765
v 2.662996768951416 -0.19529269635677338 -1.4880975484848022
v 2.6035892963409424 -0.05869697034358978 -1.454996109008789
v 2.4682869911193848 -0.1955135464668274 -1.7926121950149536
v 2.662996768951416 -0.19529269635677338 -1.4880975484848022
v 2.4682869911193848 -0.1955135464668274 -1.7926121950149536
v 2.4132230281829834 -0.058912888169288635 -1.7527178525924683
v 2.2389280796051025 -0.19571740925312042 -2.07196044921875
v 2.4682869911193848 -0.1955135464668274 -1.7926121950149536
v 2.2389280796051025 -0.19571740925312042 -2.07196044921875
v 2.1889808177948 -0.05911220982670784 -2.025834798812866
v 1.9781396389007568 -0.19590143859386444 -2.322221040725708
v 2.2389280796051025 -0.19571740925312042 -2.07196044921875
v 1.9781396389007568 -0.19590143859386444 -2.322221040725708
v 1.9340096712112427 -0.059292133897542953 -2.270512819290161
v 1.6895824670791626 -0.19606304168701172 -2.5398809909820557
v 1.9781396389007568 -0.19590143859386444 -2.322221040725708
v 1.6895824670791626 -0.19606304168701172 -2.5398809909820557
v 1.6518893241882324 -0.05945013463497162 -2.4833171367645264
v 1.377307415008545 -0.19619996845722198 -2.7218844890594482
v 1.6895824670791626 -0.19606304168701172 -2.5398809909820557
v 1.377307415008545 -0.19619996845722198 -2.7218844890594482
v 1.3465802669525146 -0.05958399921655655 -2.6612608432769775
v 1.0456979274749756 -0.19631026685237885 -2.8656768798828125
v 1.377307415008545 -0.19619996845722198 -2.7218844890594482
v 1.0456979274749756 -0.19631026685237885 -2.8656768798828125
v 1.02236807346344 -0.05969184264540672 -2.8018455505371094
v 0.6994093060493469 -0.19639241695404053 -2.9692392349243164
v 1.0456979274749756 -0.19631026685237885 -2.8656768798828125
v 0.6994093060493469 -0.19639241695404053 -2.9692392349243164
v 0.6838041543960571 -0.05977215617895126 -2.9030978679656982
v 0.34330254793167114 -0.19644524157047272 -3.031118392944336
v 0.6994093060493469 -0.19639241695404053 -2.9692392349243164
v 0.34330254793167114 -0.19644524157047272 -3.031118392944336
v 0.33564111590385437 -0.05982380732893944 -2.9635965824127197
v -0.01762336865067482 -0.1964680254459381 -3.050445079803467
v 0.34330254793167114 -0.19644524157047272 -3.031118392944336
v -0.01762336865067482 -0.1964680254459381 -3.050445079803467
v -0.017233561724424362 -0.059846073389053345 -2.982492208480835
v -0.37830182909965515 -0.19646042585372925 -3.0269484519958496
v -0.01762336865067482 -0.1964680254459381 -3.050445079803467
v -0.37830182909965515 -0.19646042585372925 -3.0269484519958496
v -0.3698663115501404 -0.05983864143490791 -2.959519624710083
v -0.733669638633728 -0.1964225471019745 -2.9609580039978027
v -0.37830182909965515 -0.19646042585372925 -3.0269484519958496
v -0.733669638633728 -0.1964225471019745 -2.9609580039978027
v -0.717306911945343 -0.0598016157746315 -2.895001173019409
v -1.0787383317947388 -0.196354940533638 -2.853400468826294
v -0.733669638633728 -0.1964225471019745 -2.9609580039978027
v -1.0787383317947388 -0.196354940533638 -2.853400468826294
v -1.0546780824661255 -0.05973551794886589 -2.7898430824279785
v -1.4086637496948242 -0.196258544921875 -2.7057852745056152
v -1.0787383317947388 -0.196354940533638 -2.853400468826294
v -1.4086637496948242 -0.196258544921875 -2.7057852745056152
v -1.3772437572479248 -0.0596412755548954 -2.6455206871032715
v -1.718814730644226 -0.19613471627235413 -2.5201852321624756
v -1.4086637496948242 -0.196258544921875 -2.7057852745056152
v -1.718814730644226 -0.19613471627235413 -2.5201852321624756
v -1.6804760694503784 -0.05952020734548569 -2.4640605449676514
v -2.0048370361328125 -0.19598519802093506 -2.2992050647735596
v -1.718814730644226 -0.19613471627235413 -2.5201852321624756
v -2.0048370361328125 -0.19598519802093506 -2.2992050647735596
v -1.9601181745529175 -0.059374015778303146 -2.2480099201202393
v -2.2627158164978027 -0.19581206142902374 -2.0459470748901367
v -2.0048370361328125 -0.19598519802093506 -2.2992050647735596
v -2.2627158164978027 -0.19581206142902374 -2.0459470748901367
v -2.2122442722320557 -0.05920475348830223 -2.000401496887207
v -2.488831043243408 -0.19561778008937836 -1.7639667987823486
v -2.2627158164978027 -0.19581206142902374 -2.0459470748901367
v -2.488831043243408 -0.19561778008937836 -1.7639667987823486
v -2.4333155155181885 -0.05901479721069336 -1.7247114181518555
v -2.6800084114074707 -0.195405051112175 -1.4572221040725708
v -2.488831043243408 -0.19561778008937836 -1.7639667987823486
v -2.6800084114074707 -0.195405051112175 -1.4572221040725708
v -2.6202282905578613 -0.05880681052803993 -1.424809455871582
v -2.833564281463623 -0.1951768547296524 -1.1300194263458252
v -2.6800084114074707 -0.195405051112175 -1.4572221040725708
v -2.833564281463623 -0.1951768547296524 -1.1300194263458252
v -2.7703588008880615 -0.05858371779322624 -1.1049057245254517
v -2.947343111038208 -0.19493642449378967 -0.7869518399238586
v -2.833564281463623 -0.1951768547296524 -1.1300194263458252
v -2.947343111038208 -0.19493642449378967 -0.7869518399238586
v -2.8815994262695312 -0.0583486445248127 -0.7694909572601318
v -3.019747495651245 -0.1946871131658554 -0.432835191488266
v -2.947343111038208 -0.19493642449378967 -0.7869518399238586
v -3.019747495651245 -0.1946871131658554 -0.432835191488266
v -2.9523887634277344 -0.058104898780584335 -0.42327362298965454
v -3.0497612953186035 -0.19443243741989136 -0.07264059036970139
v -3.019747495651245 -0.1946871131658554 -0.432835191488266
v -3.0497612953186035 -0.19443243741989136 -0.07264059036970139
v -2.9817330837249756 -0.057855892926454544 -0.0711139589548111
v -3.0369629859924316 -0.19417594373226166 0.2885757088661194
v -3.0497612953186035 -0.19443243741989136 -0.07264059036970139
v -3.0369629859924316 -0.19417594373226166 0.2885757088661194
v -2.9692203998565674 -0.05760512873530388 0.2820446193218231
v -2.981532335281372 -0.1939212679862976 0.6457428932189941
v -3.0369629859924316 -0.19417594373226166 0.2885757088661194
v -2.981532335281372 -0.1939212679862976 0.6457428932189941
v -2.9150259494781494 -0.057356126606464386 0.631244421005249
v -2.884247303009033 -0.19367195665836334 0.9938472509384155
v -2.981532335281372 -0.1939212679862976 0.6457428932189941
v -2.884247303009033 -0.19367195665836334 0.9938472509384155
v -2.819911479949951 -0.057112377136945724 0.9715836048126221
v -2.746474027633667 -0.19343151152133942 1.3280020952224731
v -2.884247303009033 -0.19367195665836334 0.9938472509384155
v -2.746474027633667 -0.19343151152133942 1.3280020952224731
v -2.685211181640625 -0.05687730759382248 1.2982844114303589
v -2.570145845413208 -0.19320333003997803 1.6435166597366333
v -2.746474027633667 -0.19343151152133942 1.3280020952224731
v -2.570145845413208 -0.19320333003997803 1.6435166597366333
v -2.5128164291381836 -0.05665421113371849 1.6067607402801514
v -2.357738733291626 -0.19299060106277466 1.9359618425369263
v -2.570145845413208 -0.19320333003997803 1.6435166597366333
v -2.357738733291626 -0.19299060106277466 1.9359618425369263
v -2.305147409439087 -0.05644622817635536 1.8926821947097778
v -2.1122336387634277 -0.19279630482196808 2.2012321949005127
v -2.357738733291626 -0.19299060106277466 1.9359618425369263
v -2.1122336387634277 -0.19279630482196808 2.2012321949005127
v -2.0651190280914307 -0.05625627189874649 2.1520352363586426
v -1.8370777368545532 -0.19262318313121796 2.4356040954589844
v -2.1122336387634277 -0.19279630482196808 2.2012321949005127
v -1.8370777368545532 -0.19262318313121796 2.4356040954589844
v -1.7961009740829468 -0.056087009608745575 2.381178855895996
v -1.536133050918579 -0.1924736648797989 2.6357874870300293
v -1.8370777368545532 -0.19262318313121796 2.4356040954589844
v -1.536133050918579 -0.1924736648797989 2.6357874870300293
v -1.501869559288025 -0.055940818041563034 2.5768966674804688
v -1.213624358177185 -0.19234983623027802 2.798971652984619
v -1.536133050918579 -0.1924736648797989 2.6357874870300293
v -1.213624358177185 -0.19234983623027802 2.798971652984619
v -1.1865551471710205 -0.05581975355744362 2.736440896987915
v -0.8740789890289307 -0.19225344061851501 2.9228668212890625
v -1.213624358177185 -0.19234983623027802 2.798971652984619
v -0.8740789890289307 -0.19225344061851501 2.9228668212890625
v -0.8545840978622437 -0.05572551116347313 2.857572317123413
v -0.5222634077072144 -0.19218583405017853 3.005733013153076
v -0.8740789890289307 -0.19225344061851501 2.9228668212890625
v -0.5222634077072144 -0.19218583405017853 3.005733013153076
v -0.5106164813041687 -0.05565941333770752 2.9385898113250732
v -0.16311632096767426 -0.19214797019958496 3.046407461166382
v -0.5222634077072144 -0.19218583405017853 3.005733013153076
v -0.16311632096767426 -0.19214797019958496 3.046407461166382
v -0.1594809740781784 -0.05562238767743111 2.9783570766448975
v 0.1983206570148468 -0.1921403706073761 3.044318675994873
v -0.16311632096767426 -0.19214797019958496 3.046407461166382
v 0.1983206570148468 -0.1921403706073761 3.044318675994873
v 0.19389335811138153 -0.055614955723285675 2.9763150215148926
v 0.5569736957550049 -0.1921631395816803 2.9994964599609375
v 0.1983206570148468 -0.1921403706073761 3.044318675994873
v 0.5569736957550049 -0.1921631395816803 2.9994964599609375
v 0.5445458889007568 -0.05563722550868988 2.93249249458313
v 0.9078081250190735 -0.19221597909927368 2.912569761276245
v 0.5569736957550049 -0.1921631395816803 2.9994964599609375
v 0.9078081250190735 -0.19221597909927368 2.912569761276245
v 0.8875541687011719 -0.055688876658678055 2.8475050926208496
v 1.245898962020874 -0.19229811429977417 2.784759044647217
v 0.9078081250190735 -0.19221597909927368 2.912569761276245
v 1.245898962020874 -0.19229811429977417 2.784759044647217
v 1.2181031703948975 -0.055769190192222595 2.7225451469421387
v 1.566500186920166 -0.19240842759609222 2.6178581714630127
v 1.245898962020874 -0.19229811429977417 2.784759044647217
v 1.566500186920166 -0.19240842759609222 2.6178581714630127
v 1.5315526723861694 -0.05587703362107277 2.5593674182891846
v 1.865111231803894 -0.1925453394651413 2.414210319519043
v 1.566500186920166 -0.19240842759609222 2.6178581714630127
v 1.865111231803894 -0.1925453394651413 2.414210319519043
v 1.823502540588379 -0.0560108982026577 2.360262155532837
v 2.137540340423584 -0.19270695745944977 2.1766741275787354
v 1.865111231803894 -0.1925453394651413 2.414210319519043
v 2.137540340423584 -0.19270695745944977 2.1766741275787354
v 2.0898544788360596 -0.05616890266537666 2.1280248165130615
v 2.3799631595611572 -0.1928909868001938 1.9085842370986938
v 2.137540340423584 -0.19270695745944977 2.1766741275787354
v 2.3799631595611572 -0.1928909868001938 1.9085842370986938
v 2.326869487762451 -0.05634882673621178 1.8659154176712036
v 2.5889763832092285 -0.19309484958648682 1.6137038469314575
v 2.3799631595611572 -0.1928909868001938 1.9085842370986938
v 2.5889763832092285 -0.19309484958648682 1.6137038469314575
v 2.5312201976776123 -0.05654814839363098 1.5776128768920898
v 2.761646270751953 -0.19331569969654083 1.2961724996566772
v 2.5889763832092285 -0.19309484958648682 1.6137038469314575
v 2.761646270751953 -0.19331569969654083 1.2961724996566772
v 2.700038433074951 -0.05676406994462013 1.2671648263931274
v 2.8955488204956055 -0.19355042278766632 0.9604478478431702
v 2.761646270751953 -0.19331569969654083 1.2961724996566772
v 2.8955488204956055 -0.19355042278766632 0.9604478478431702
v 2.83095383644104 -0.05699355527758598 0.9389292001724243
v 2.9888041019439697 -0.19379572570323944 0.611242413520813
v 2.8955488204956055 -0.19355042278766632 0.9604478478431702
v 2.9888041019439697 -0.19379572570323944 0.611242413520813
v 2.9221291542053223 -0.05723338574171066 0.5975135564804077
v 3.0401031970977783 -0.19404816627502441 0.2534584105014801
v 2.9888041019439697 -0.19379572570323944 0.611242413520813
v 3.0401031970977783 -0.19404816627502441 0.2534584105014801
v 2.9722838401794434 -0.05748019739985466 0.24771066009998322
v 3.0487263202667236 -0.1943041980266571 -0.10788167268037796
v 3.0401031970977783 -0.19404816627502441 0.2534584105014801
v 2.9807145595550537 -0.05773051828145981 -0.10556892305612564
v 3.0487263202667236 -0.1943041980266571 -0.10788167268037796
v 2.9473023414611816 -0.057980842888355255 -0.4573659896850586
v 2.9807145595550537 -0.05773051828145981 -0.10556892305612564
v 2.9473023414611816 -0.057980842888355255 -0.4573659896850586
v 2.857593059539795 0.046395670622587204 -0.4435179531574249
v 2.872516632080078 -0.05822765454649925 -0.802742063999176
v 2.9473023414611816 -0.057980842888355255 -0.4573659896850586
v 2.872516632080078 -0.05822765454649925 -0.802742063999176
v 2.785083293914795 0.046156372874975204 -0.7783818244934082
v 2.7574069499969482 -0.05846748501062393 -1.1368488073349
v 2.872516632080078 -0.05822765454649925 -0.802742063999176
v 2.7574069499969482 -0.05846748501062393 -1.1368488073349
v 2.6734774112701416 0.04592384397983551 -1.102319359779358
v 2.6035892963409424 -0.05869697034358978 -1.454996109008789
v 2.7574069499969482 -0.05846748501062393 -1.1368488073349
v 2.6035892963409424 -0.05869697034358978 -1.454996109008789
v 2.524341583251953 0.045701343566179276 -1.410783290863037
v 2.4132230281829834 -0.058912888169288635 -1.7527178525924683
v 2.6035892963409424 -0.05869697034358978 -1.454996109008789
v 2.4132230281829834 -0.058912888169288635 -1.7527178525924683
v 2.3397693634033203 0.04549199342727661 -1.6994433403015137
v 2.1889808177948 -0.05911220982670784 -2.025834798812866
v 2.4132230281829834 -0.058912888169288635 -1.7527178525924683
v 2.1889808177948 -0.05911220982670784 -2.025834798812866
v 2.122352361679077 0.0452987402677536 -1.9642473459243774
v 1.9340096712112427 -0.059292133897542953 -2.270512819290161
v 2.1889808177948 -0.05911220982670784 -2.025834798812866
v 1.9340096712112427 -0.059292133897542953 -2.270512819290161
v 1.8751418590545654 0.04512429237365723 -2.2014782428741455
v 1.6518893241882324 -0.05945013463497162 -2.4833171367645264
v 1.9340096712112427 -0.059292133897542953 -2.270512819290161
v 1.6518893241882324 -0.05945013463497162 -2.4833171367645264
v 1.601608395576477 0.04497109726071358 -2.4078056812286377
v 1.3465802669525146 -0.05958399921655655 -2.6612608432769775
v 1.6518893241882324 -0.05945013463497162 -2.4833171367645264
v 1.3465802669525146 -0.05958399921655655 -2.6612608432769775
v 1.3055919408798218 0.044841308146715164 -2.5803329944610596
v 1.02236807346344 -0.05969184264540672 -2.8018455505371094
v 1.3465802669525146 -0.05958399921655655 -2.6612608432769775
v 1.02236807346344 -0.05969184264540672 -2.8018455505371094
v 0.991247832775116 0.044736746698617935 -2.7166388034820557
v 0.6838041543960571 -0.05977215617895126 -2.9030978679656982
v 1.02236807346344 -0.05969184264540672 -2.8018455505371094
v 0.6838041543960571 -0.05977215617895126 -2.9030978679656982
v 0.6629886627197266 0.044658880680799484 -2.8148090839385986
v 0.33564111590385437 -0.05982380732893944 -2.9635965824127197
v 0.6838041543960571 -0.05977215617895126 -2.9030978679656982
v 0.33564111590385437 -0.05982380732893944 -2.9635965824127197
v 0.3254226744174957 0.04460880160331726 -2.8734664916992188
v -0.017233561724424362 -0.059846073389053345 -2.982492208480835
v 0.33564111590385437 -0.05982380732893944 -2.9635965824127197
v -0.017233561724424362 -0.059846073389053345 -2.982492208480835
v -0.016711601987481117 0.044587213546037674 -2.891787052154541
v -0.3698663115501404 -0.05983864143490791 -2.959519624710083
v -0.017233561724424362 -0.059846073389053345 -2.982492208480835
v -0.3698663115501404 -0.05983864143490791 -2.959519624710083
v -0.3586112856864929 0.0445944182574749 -2.869513750076294
v -0.717306911945343 -0.0598016157746315 -2.895001173019409
v -0.3698663115501404 -0.05983864143490791 -2.959519624710083
v -0.717306911945343 -0.0598016157746315 -2.895001173019409
v -0.6954768896102905 0.04463031515479088 -2.8069591522216797
v -1.0546780824661255 -0.05973551794886589 -2.7898430824279785
v -0.717306911945343 -0.0598016157746315 -2.895001173019409
v -1.0546780824661255 -0.05973551794886589 -2.7898430824279785
v -1.0225794315338135 0.04469440132379532 -2.7050013542175293
v -1.3772437572479248 -0.0596412755548954 -2.6455206871032715
v -1.0546780824661255 -0.05973551794886589 -2.7898430824279785
v -1.3772437572479248 -0.0596412755548954 -2.6455206871032715
v -1.335327386856079 0.04478577896952629 -2.5650720596313477
v -1.6804760694503784 -0.05952020734548569 -2.4640605449676514
v -1.3772437572479248 -0.0596412755548954 -2.6455206871032715
v -1.6804760694503784 -0.05952020734548569 -2.4640605449676514
v -1.6293301582336426 0.044903162866830826 -2.3891348838806152
v -1.9601181745529175 -0.059374015778303146 -2.2480099201202393
v -1.6804760694503784 -0.05952020734548569 -2.4640605449676514
v -1.9601181745529175 -0.059374015778303146 -2.2480099201202393
v -1.9004608392715454 0.045044902712106705 -2.1796603202819824
v -2.2122442722320557 -0.05920475348830223 -2.000401496887207
v -1.9601181745529175 -0.059374015778303146 -2.2480099201202393
v -2.2122442722320557 -0.05920475348830223 -2.000401496887207
v -2.1449129581451416 0.04520901292562485 -1.9395883083343506
v -2.4333155155181885 -0.05901479721069336 -1.7247114181518555
v -2.2122442722320557 -0.05920475348830223 -2.000401496887207
v -2.4333155155181885 -0.05901479721069336 -1.7247114181518555
v -2.35925555229187 0.045393187552690506 -1.672289252281189
v -2.6202282905578613 -0.05880681052803993 -1.424809455871582
v -2.4333155155181885 -0.05901479721069336 -1.7247114181518555
v -2.6202282905578613 -0.05880681052803993 -1.424809455871582
v -2.5404791831970215 0.04559484124183655 -1.3815155029296875
v -2.7703588008880615 -0.05858371779322624 -1.1049057245254517
v -2.6202282905578613 -0.05880681052803993 -1.424809455871582
v -2.7703588008880615 -0.05858371779322624 -1.1049057245254517
v -2.6860404014587402 0.04581114649772644 -1.0713485479354858
v -2.8815994262695312 -0.0583486445248127 -0.7694909572601318
v -2.7703588008880615 -0.05858371779322624 -1.1049057245254517
v -2.8815994262695312 -0.0583486445248127 -0.7694909572601318
v -2.7938950061798096 0.04603906348347664 -0.7461428046226501
v -2.9523887634277344 -0.058104898780584335 -0.42327362298965454
v -2.8815994262695312 -0.0583486445248127 -0.7694909572601318
v -2.9523887634277344 -0.058104898780584335 -0.42327362298965454
v -2.862529754638672 0.046275392174720764 -0.41046327352523804
v -2.9817330837249756 -0.057855892926454544 -0.0711139589548111
v -2.9523887634277344 -0.058104898780584335 -0.42327362298965454
v -2.9817330837249756 -0.057855892926454544 -0.0711139589548111
v -2.8909809589385986 0.046516817063093185 -0.06902223825454712
v -2.9692203998565674 -0.05760512873530388 0.2820446193218231
v -2.9817330837249756 -0.057855892926454544 -0.0711139589548111
v -2.9692203998565674 -0.05760512873530388 0.2820446193218231
v -2.8788490295410156 0.0467599481344223 0.27338725328445435
v -2.9150259494781494 -0.057356126606464386 0.631244421005249
v -2.9692203998565674 -0.05760512873530388 0.2820446193218231
v -2.9150259494781494 -0.057356126606464386 0.631244421005249
v -2.8263041973114014 0.047001373022794724 0.6119585037231445
v -2.819911479949951 -0.057112377136945724 0.9715836048126221
v -2.9150259494781494 -0.057356126606464386 0.631244421005249
v -2.819911479949951 -0.057112377136945724 0.9715836048126221
v -2.7340846061706543 0.04723770543932915 0.9419388175010681
v -2.685211181640625 -0.05687730759382248 1.2982844114303589
v -2.819911479949951 -0.057112377136945724 0.9715836048126221
v -2.685211181640625 -0.05687730759382248 1.2982844114303589
v -2.6034843921661377 0.04746561869978905 1.2586958408355713
v -2.5128164291381836 -0.05665421113371849 1.6067607402801514
v -2.685211181640625 -0.05687730759382248 1.2982844114303589
v -2.5128164291381836 -0.05665421113371849 1.6067607402801514
v -2.4363367557525635 0.04768192395567894 1.5577831268310547
v -2.305147409439087 -0.05644622817635536 1.8926821947097778
v -2.5128164291381836 -0.05665421113371849 1.6067607402801514
v -2.305147409439087 -0.05644622817635536 1.8926821947097778
v -2.2349884510040283 0.04788357764482498 1.8350019454956055
v -2.0651190280914307 -0.05625627189874649 2.1520352363586426
v -2.305147409439087 -0.05644622817635536 1.8926821947097778
v -2.0651190280914307 -0.05625627189874649 2.1520352363586426
v -2.002265691757202 0.04806775227189064 2.086461067199707
v -1.7961009740829468 -0.056087009608745575 2.381178855895996
v -2.0651190280914307 -0.05625627189874649 2.1520352363586426
v -1.7961009740829468 -0.056087009608745575 2.381178855895996
v -1.7414358854293823 0.04823186248540878 2.3086304664611816
v -1.501869559288025 -0.055940818041563034 2.5768966674804688
v -1.7961009740829468 -0.056087009608745575 2.381178855895996
v -1.501869559288025 -0.055940818041563034 2.5768966674804688
v -1.4561598300933838 0.04837360233068466 2.4983909130096436
v -1.1865551471710205 -0.05581975355744362 2.736440896987915
v -1.501869559288025 -0.055940818041563034 2.5768966674804688
v -1.1865551471710205 -0.05581975355744362 2.736440896987915
v -1.1504427194595337 0.0484909825026989 2.6530792713165283
v -0.8545840978622437 -0.05572551116347313 2.857572317123413
v -1.1865551471710205 -0.05581975355744362 2.736440896987915
v -0.8545840978622437 -0.05572551116347313 2.857572317123413
v -0.8285757303237915 0.04858236014842987 2.7705235481262207
v -0.5106164813041687 -0.05565941333770752 2.9385898113250732
v -0.8545840978622437 -0.05572551116347313 2.857572317123413
v -0.5106164813041687 -0.05565941333770752 2.9385898113250732
v -0.4950774908065796 0.04864644631743431 2.8490755558013916
v -0.1594809740781784 -0.05562238767743111 2.9783570766448975
v -0.5106164813041687 -0.05565941333770752 2.9385898113250732
v -0.1594809740781784 -0.05562238767743111 2.9783570766448975
v -0.1546294242143631 0.04868234321475029 2.887632131576538
v 0.19389335811138153 -0.055614955723285675 2.9763150215148926
v -0.1594809740781784 -0.05562238767743111 2.9783570766448975
v 0.19389335811138153 -0.055614955723285675 2.9763150215148926
v 0.1879892647266388 0.048689547926187515 2.8856520652770996
v 0.5445458889007568 -0.05563722550868988 2.93249249458313
v 0.19389335811138153 -0.055614955723285675 2.9763150215148926
v 0.5445458889007568 -0.05563722550868988 2.93249249458313
v 0.5279690027236938 0.04866795614361763 2.84316349029541
v 0.8875541687011719 -0.055688876658678055 2.8475050926208496
v 0.5445458889007568 -0.05563722550868988 2.93249249458313
v 0.8875541687011719 -0.055688876658678055 2.8475050926208496
v 0.8605371713638306 0.048617877066135406 2.7607626914978027
v 1.2181031703948975 -0.055769190192222595 2.7225451469421387
v 0.8875541687011719 -0.055688876658678055 2.8475050926208496
v 1.2181031703948975 -0.055769190192222595 2.7225451469421387
v 1.1810253858566284 0.04854000732302666 2.639606475830078
v 1.5315526723861694 -0.05587703362107277 2.5593674182891846
v 1.2181031703948975 -0.055769190192222595 2.7225451469421387
v 1.5315526723861694 -0.05587703362107277 2.5593674182891846
v 1.4849344491958618 0.04843544587492943 2.4813954830169678
v 1.823502540588379 -0.0560108982026577 2.360262155532837
v 1.5315526723861694 -0.05587703362107277 2.5593674182891846
v 1.823502540588379 -0.0560108982026577 2.360262155532837
v 1.767998218536377 0.048305656760931015 2.2883505821228027
v 2.0898544788360596 -0.05616890266537666 2.1280248165130615
v 1.823502540588379 -0.0560108982026577 2.360262155532837
v 2.0898544788360596 -0.05616890266537666 2.1280248165130615
v 2.026243209838867 0.048152461647987366 2.0631818771362305
v 2.326869487762451 -0.05634882673621178 1.8659154176712036
v 2.0898544788360596 -0.05616890266537666 2.1280248165130615
v 2.326869487762451 -0.05634882673621178 1.8659154176712036
v 2.256044387817383 0.04797801375389099 1.8090498447418213
v 2.5312201976776123 -0.05654814839363098 1.5776128768920898
v 2.326869487762451 -0.05634882673621178 1.8659154176712036
v 2.5312201976776123 -0.05654814839363098 1.5776128768920898
v 2.4541752338409424 0.04778475686907768 1.5295225381851196
v 2.700038433074951 -0.05676406994462013 1.2671648263931274
v 2.5312201976776123 -0.05654814839363098 1.5776128768920898
v 2.700038433074951 -0.05676406994462013 1.2671648263931274
v 2.6178550720214844 0.04757541045546532 1.2285234928131104
v 2.83095383644104 -0.05699355527758598 0.9389292001724243
v 2.700038433074951 -0.05676406994462013 1.2671648263931274
v 2.83095383644104 -0.05699355527758598 0.9389292001724243
v 2.744786024093628 0.04735291004180908 0.9102782607078552
v 2.9221291542053223 -0.05723338574171066 0.5975135564804077
v 2.83095383644104 -0.05699355527758598 0.9389292001724243
v 2.9221291542053223 -0.05723338574171066 0.5975135564804077
v 2.833185911178589 0.04712037742137909 0.5792542695999146
v 2.9722838401794434 -0.05748019739985466 0.24771066009998322
v 2.9221291542053223 -0.05723338574171066 0.5975135564804077
v 2.9722838401794434 -0.05748019739985466 0.24771066009998322
v 2.8818142414093018 0.04688107967376709 0.24009834229946136
v 2.9807145595550537 -0.05773051828145981 -0.10556892305612564
v 2.9722838401794434 -0.05748019739985466 0.24771066009998322
v 2.8899881839752197 0.046638377010822296 -0.10242849588394165
v 2.9807145595550537 -0.05773051828145981 -0.10556892305612564
v 2.857593059539795 0.046395670622587204 -0.4435179531574249
v 2.8899881839752197 0.046638377010822296 -0.10242849588394165
v 2.857593059539795 0.046395670622587204 -0.4435179531574249
v 2.7559456825256348 0.1147381067276001 -0.4277915060520172
v 2.785083293914795 0.046156372874975204 -0.7783818244934082
v 2.857593059539795 0.046395670622587204 -0.4435179531574249
v 2.785083293914795 0.046156372874975204 -0.7783818244934082
v 2.6860156059265137 0.11450732499361038 -0.7507441639900208
v 2.6734774112701416 0.04592384397983551 -1.102319359779358
v 2.785083293914795 0.046156372874975204 -0.7783818244934082
v 2.6734774112701416 0.04592384397983551 -1.102319359779358
v 2.5783791542053223 0.11428306251764297 -1.0631592273712158
v 2.524341583251953 0.045701343566179276 -1.410783290863037
v 2.6734774112701416 0.04592384397983551 -1.102319359779358
v 2.524341583251953 0.045701343566179276 -1.410783290863037
v 2.4345483779907227 0.11406847834587097 -1.360650897026062
v 2.3397693634033203 0.04549199342727661 -1.6994433403015137
v 2.524341583251953 0.045701343566179276 -1.410783290863037
v 2.3397693634033203 0.04549199342727661 -1.6994433403015137
v 2.2565414905548096 0.11386657506227493 -1.6390433311462402
v 2.122352361679077 0.0452987402677536 -1.9642473459243774
v 2.3397693634033203 0.04549199342727661 -1.6994433403015137
v 2.122352361679077 0.0452987402677536 -1.9642473459243774
v 2.0468578338623047 0.11368019878864288 -1.8944281339645386
v 1.8751418590545654 0.04512429237365723 -2.2014782428741455
v 2.122352361679077 0.0452987402677536 -1.9642473459243774
v 1.8751418590545654 0.04512429237365723 -2.2014782428741455
v 1.8084406852722168 0.11351194977760315 -2.123220682144165
v 1.601608395576477 0.04497109726071358 -2.4078056812286377
v 1.8751418590545654 0.04512429237365723 -2.2014782428741455
v 1.601608395576477 0.04497109726071358 -2.4078056812286377
v 1.544636845588684 0.11336420476436615 -2.322208881378174
v 1.3055919408798218 0.044841308146715164 -2.5803329944610596
v 1.601608395576477 0.04497109726071358 -2.4078056812286377
v 1.3055919408798218 0.044841308146715164 -2.5803329944610596
v 1.2591497898101807 0.11323903501033783 -2.4885993003845215
v 0.991247832775116 0.044736746698617935 -2.7166388034820557
v 1.3055919408798218 0.044841308146715164 -2.5803329944610596
v 0.991247832775116 0.044736746698617935 -2.7166388034820557
v 0.9559870958328247 0.11313819140195847 -2.620056629180908
v 0.6629886627197266 0.044658880680799484 -2.8148090839385986
v 0.991247832775116 0.044736746698617935 -2.7166388034820557
v 0.6629886627197266 0.044658880680799484 -2.8148090839385986
v 0.6394042372703552 0.11306309700012207 -2.714735269546509
v 0.3254226744174957 0.04460880160331726 -2.8734664916992188
v 0.6629886627197266 0.044658880680799484 -2.8148090839385986
v 0.3254226744174957 0.04460880160331726 -2.8734664916992188
v 0.31384551525115967 0.11301479488611221 -2.771306037902832
v -0.016711601987481117 0.044587213546037674 -2.891787052154541
v 0.3254226744174957 0.04460880160331726 -2.8734664916992188
v -0.016711601987481117 0.044587213546037674 -2.891787052154541
v -0.01611892506480217 0.11299397796392441 -2.7889750003814697
v -0.3586112856864929 0.0445944182574749 -2.869513750076294
v -0.016711601987481117 0.044587213546037674 -2.891787052154541
v -0.3586112856864929 0.0445944182574749 -2.869513750076294
v -0.3458571434020996 0.11300092935562134 -2.767493963241577
v -0.6954768896102905 0.04463031515479088 -2.8069591522216797
v -0.3586112856864929 0.0445944182574749 -2.869513750076294
v -0.6954768896102905 0.04463031515479088 -2.8069591522216797
v -0.6707403063774109 0.11303554475307465 -2.7071642875671387
v -1.0225794315338135 0.04469440132379532 -2.7050013542175293
v -0.6954768896102905 0.04463031515479088 -2.8069591522216797
v -1.0225794315338135 0.04469440132379532 -2.7050013542175293
v -0.9862077832221985 0.11309735476970673 -2.6088335514068604
v -1.335327386856079 0.04478577896952629 -2.5650720596313477
v -1.0225794315338135 0.04469440132379532 -2.7050013542175293
v -1.335327386856079 0.04478577896952629 -2.5650720596313477
v -1.28783118724823 0.11318548023700714 -2.473881244659424
v -1.6293301582336426 0.044903162866830826 -2.3891348838806152
v -1.335327386856079 0.04478577896952629 -2.5650720596313477
v -1.6293301582336426 0.044903162866830826 -2.3891348838806152
v -1.571376085281372 0.1132986843585968 -2.3042023181915283
v -1.9004608392715454 0.045044902712106705 -2.1796603202819824
v -1.6293301582336426 0.044903162866830826 -2.3891348838806152
v -1.9004608392715454 0.045044902712106705 -2.1796603202819824
v -1.8328626155853271 0.11343538761138916 -2.1021785736083984
v -2.1449129581451416 0.04520901292562485 -1.9395883083343506
v -1.9004608392715454 0.045044902712106705 -2.1796603202819824
v -2.1449129581451416 0.04520901292562485 -1.9395883083343506
v -2.068619728088379 0.11359366029500961 -1.8706462383270264
v -2.35925555229187 0.045393187552690506 -1.672289252281189
v -2.1449129581451416 0.04520901292562485 -1.9395883083343506
v -2.35925555229187 0.045393187552690506 -1.672289252281189
v -2.2753376960754395 0.11377128213644028 -1.612855076789856
v -2.5404791831970215 0.04559484124183655 -1.3815155029296875
v -2.35925555229187 0.045393187552690506 -1.672289252281189
v -2.5404791831970215 0.04559484124183655 -1.3815155029296875
v -2.450115442276001 0.11396576464176178 -1.3324241638183594
v -2.6860404014587402 0.04581114649772644 -1.0713485479354858
v -2.5404791831970215 0.04559484124183655 -1.3815155029296875
v -2.6860404014587402 0.04581114649772644 -1.0713485479354858
v -2.590498685836792 0.11417437344789505 -1.0332900285720825
v -2.7938950061798096 0.04603906348347664 -0.7461428046226501
v -2.6860404014587402 0.04581114649772644 -1.0713485479354858
v -2.7938950061798096 0.04603906348347664 -0.7461428046226501
v -2.694517135620117 0.1143941879272461 -0.7196518778800964
v -2.862529754638672 0.046275392174720764 -0.41046327352523804
v -2.7938950061798096 0.04603906348347664 -0.7461428046226501
v -2.862529754638672 0.046275392174720764 -0.41046327352523804
v -2.7607104778289795 0.11462210863828659 -0.39591261744499207
v -2.8909809589385986 0.046516817063093185 -0.06902223825454712
v -2.862529754638672 0.046275392174720764 -0.41046327352523804
v -2.8909809589385986 0.046516817063093185 -0.06902223825454712
v -2.78814959526062 0.11485494673252106 -0.0666167363524437
v -2.8788490295410156 0.0467599481344223 0.27338725328445435
v -2.8909809589385986 0.046516817063093185 -0.06902223825454712
v -2.8788490295410156 0.0467599481344223 0.27338725328445435
v -2.776449203491211 0.11508943140506744 0.26361316442489624
v -2.8263041973114014 0.047001373022794724 0.6119585037231445
v -2.8788490295410156 0.0467599481344223 0.27338725328445435
v -2.8263041973114014 0.047001373022794724 0.6119585037231445
v -2.725773572921753 0.11532226949930191 0.5901413559913635
v -2.7340846061706543 0.04723770543932915 0.9419388175010681
v -2.8263041973114014 0.047001373022794724 0.6119585037231445
v -2.7340846061706543 0.04723770543932915 0.9419388175010681
v -2.636834144592285 0.11555019021034241 0.9083841443061829
v -2.6034843921661377 0.04746561869978905 1.2586958408355713
v -2.7340846061706543 0.04723770543932915 0.9419388175010681
v -2.6034843921661377 0.04746561869978905 1.2586958408355713
v -2.5108792781829834 0.11576999723911285 1.2138739824295044
v -2.4363367557525635 0.04768192395567894 1.5577831268310547
v -2.6034843921661377 0.04746561869978905 1.2586958408355713
v -2.4363367557525635 0.04768192395567894 1.5577831268310547
v -2.349677324295044 0.11597860604524612 1.5023226737976074
v -2.2349884510040283 0.04788357764482498 1.8350019454956055
v -2.4363367557525635 0.04768192395567894 1.5577831268310547
v -2.2349884510040283 0.04788357764482498 1.8350019454956055
v -2.1554908752441406 0.11617308855056763 1.7696808576583862
v -2.002265691757202 0.04806775227189064 2.086461067199707
v -2.2349884510040283 0.04788357764482498 1.8350019454956055
v -2.002265691757202 0.04806775227189064 2.086461067199707
v -1.931046485900879 0.11635071039199829 2.012195348739624
v -1.7414358854293823 0.04823186248540878 2.3086304664611816
v -2.002265691757202 0.04806775227189064 2.086461067199707
v -1.7414358854293823 0.04823186248540878 2.3086304664611816
v -1.6794941425323486 0.11650898307561874 2.226461887359619
v -1.4561598300933838 0.04837360233068466 2.4983909130096436
v -1.7414358854293823 0.04823186248540878 2.3086304664611816
v -1.4561598300933838 0.04837360233068466 2.4983909130096436
v -1.4043655395507812 0.1166456863284111 2.409472703933716
v -1.1504427194595337 0.0484909825026989 2.6530792713165283
v -1.4561598300933838 0.04837360233068466 2.4983909130096436
v -1.1504427194595337 0.0484909825026989 2.6530792713165283
v -1.109522819519043 0.11675889045000076 2.5586588382720947
v -0.8285757303237915 0.04858236014842987 2.7705235481262207
v -1.1504427194595337 0.0484909825026989 2.6530792713165283
v -0.8285757303237915 0.04858236014842987 2.7705235481262207
v -0.7991048693656921 0.11684701591730118 2.6719257831573486
v -0.4950774908065796 0.04864644631743431 2.8490755558013916
v -0.8285757303237915 0.04858236014842987 2.7705235481262207
v -0.4950774908065796 0.04864644631743431 2.8490755558013916
v -0.47746920585632324 0.11690881848335266 2.74768328666687
v -0.1546294242143631 0.04868234321475029 2.887632131576538
v -0.4950774908065796 0.04864644631743431 2.8490755558013916
v -0.1546294242143631 0.04868234321475029 2.887632131576538
v -0.14913097023963928 0.11694344133138657 2.7848687171936035
v 0.1879892647266388 0.048689547926187515 2.8856520652770996
v -0.1546294242143631 0.04868234321475029 2.887632131576538
v 0.1879892647266388 0.048689547926187515 2.8856520652770996
v 0.18130066990852356 0.1169503927230835 2.782958984375
v 0.5279690027236938 0.04866795614361763 2.84316349029541
v 0.1879892647266388 0.048689547926187515 2.8856520652770996
v 0.5279690027236938 0.04866795614361763 2.84316349029541
v 0.5091872215270996 0.1169295683503151 2.7419817447662354
v 0.8605371713638306 0.048617877066135406 2.7607626914978027
v 0.5279690027236938 0.04866795614361763 2.84316349029541
v 0.8605371713638306 0.048617877066135406 2.7607626914978027
v 0.8299258947372437 0.11688126623630524 2.6625120639801025
v 1.1810253858566284 0.04854000732302666 2.639606475830078
v 0.8605371713638306 0.048617877066135406 2.7607626914978027
v 1.1810253858566284 0.04854000732302666 2.639606475830078
v 1.1390141248703003 0.11680617183446884 2.5456652641296387
v 1.4849344491958618 0.04843544587492943 2.4813954830169678
v 1.1810253858566284 0.04854000732302666 2.639606475830078
v 1.4849344491958618 0.04843544587492943 2.4813954830169678
v 1.4321130514144897 0.11670532822608948 2.3930816650390625
v 1.767998218536377 0.048305656760931015 2.2883505821228027
v 1.4849344491958618 0.04843544587492943 2.4813954830169678
v 1.767998218536377 0.048305656760931015 2.2883505821228027
v 1.7051081657409668 0.11658015102148056 2.2069036960601807
v 2.026243209838867 0.048152461647987366 2.0631818771362305
v 1.767998218536377 0.048305656760931015 2.2883505821228027
v 2.026243209838867 0.048152461647987366 2.0631818771362305
v 1.954167366027832 0.11643240600824356 1.9897440671920776
v 2.256044387817383 0.04797801375389099 1.8090498447418213
v 2.026243209838867 0.048152461647987366 2.0631818771362305
v 2.256044387817383 0.04797801375389099 1.8090498447418213
v 2.1757943630218506 0.11626416444778442 1.7446517944335938
v 2.4541752338409424 0.04778475686907768 1.5295225381851196
v 2.256044387817383 0.04797801375389099 1.8090498447418213
v 2.4541752338409424 0.04778475686907768 1.5295225381851196
v 2.366877794265747 0.11607778817415237 1.475067377090454
v 2.6178550720214844 0.04757541045546532 1.2285234928131104
v 2.4541752338409424 0.04778475686907768 1.5295225381851196
v 2.6178550720214844 0.04757541045546532 1.2285234928131104
v 2.524735450744629 0.11587588489055634 1.1847748756408691
v 2.744786024093628 0.04735291004180908 0.9102782607078552
v 2.6178550720214844 0.04757541045546532 1.2285234928131104
v 2.744786024093628 0.04735291004180908 0.9102782607078552
v 2.647151231765747 0.11566130071878433 0.8778497576713562
v 2.833185911178589 0.04712037742137909 0.5792542695999146
v 2.744786024093628 0.04735291004180908 0.9102782607078552
v 2.833185911178589 0.04712037742137909 0.5792542695999146
v 2.7324068546295166 0.11543703824281693 0.5586003661155701
v 2.8818142414093018 0.04688107967376709 0.24009834229946136
v 2.833185911178589 0.04712037742137909 0.5792542695999146
v 2.8818142414093018 0.04688107967376709 0.24009834229946136
v 2.7793054580688477 0.11520624905824661 0.23150834441184998
v 2.8899881839752197 0.046638377010822296 -0.10242849588394165
v 2.8818142414093018 0.04688107967376709 0.24009834229946136
v 2.7871885299682617 0.11497218161821365 -0.09883472323417664
v 2.8899881839752197 0.046638377010822296 -0.10242849588394165
v 2.7559456825256348 0.1147381067276001 -0.4277915060520172
v 2.7871885299682617 0.11497218161821365 -0.09883472323417664
v 2.7559456825256348 0.1147381067276001 -0.4277915060520172
v 2.6534006595611572 0.14642667770385742 -0.411899596452713
v 2.6860156059265137 0.11450732499361038 -0.7507441639900208
v 2.7559456825256348 0.1147381067276001 -0.4277915060520172
v 2.6860156059265137 0.11450732499361038 -0.7507441639900208
v 2.5860724449157715 0.14620448648929596 -0.7228357791900635
v 2.5783791542053223 0.11428306251764297 -1.0631592273712158
v 2.6860156059265137 0.11450732499361038 -0.7507441639900208
v 2.5783791542053223 0.11428306251764297 -1.0631592273712158
v 2.4824411869049072 0.1459885686635971 -1.0236263275146484
v 2.4345483779907227 0.11406847834587097 -1.360650897026062
v 2.5783791542053223 0.11428306251764297 -1.0631592273712158
v 2.4345483779907227 0.11406847834587097 -1.360650897026062
v 2.3439619541168213 0.1457819640636444 -1.3100489377975464
v 2.2565414905548096 0.11386657506227493 -1.6390433311462402
v 2.4345483779907227 0.11406847834587097 -1.360650897026062
v 2.2565414905548096 0.11386657506227493 -1.6390433311462402
v 2.1725785732269287 0.14558757841587067 -1.5780826807022095
v 2.0468578338623047 0.11368019878864288 -1.8944281339645386
v 2.2565414905548096 0.11386657506227493 -1.6390433311462402
v 2.0468578338623047 0.11368019878864288 -1.8944281339645386
v 1.9706966876983643 0.14540813863277435 -1.8239651918411255
v 1.8084406852722168 0.11351194977760315 -2.123220682144165
v 2.0468578338623047 0.11368019878864288 -1.8944281339645386
v 1.8084406852722168 0.11351194977760315 -2.123220682144165
v 1.7411507368087769 0.14524614810943604 -2.0442447662353516
v 1.544636845588684 0.11336420476436615 -2.322208881378174
v 1.8084406852722168 0.11351194977760315 -2.123220682144165
v 1.544636845588684 0.11336420476436615 -2.322208881378174
v 1.487162709236145 0.14510390162467957 -2.2358288764953613
v 1.2591497898101807 0.11323903501033783 -2.4885993003845215
v 1.544636845588684 0.11336420476436615 -2.322208881378174
v 1.2591497898101807 0.11323903501033783 -2.4885993003845215
v 1.212298035621643 0.14498338103294373 -2.396028518676758
v 0.9559870958328247 0.11313819140195847 -2.620056629180908
v 1.2591497898101807 0.11323903501033783 -2.4885993003845215
v 0.9559870958328247 0.11313819140195847 -2.620056629180908
v 0.9204155206680298 0.1448862999677658 -2.5225942134857178
v 0.6394042372703552 0.11306309700012207 -2.714735269546509
v 0.9559870958328247 0.11313819140195847 -2.620056629180908
v 0.6394042372703552 0.11306309700012207 -2.714735269546509
v 0.6156121492385864 0.14481399953365326 -2.6137499809265137
v 0.31384551525115967 0.11301479488611221 -2.771306037902832
v 0.6394042372703552 0.11306309700012207 -2.714735269546509
v 0.31384551525115967 0.11301479488611221 -2.771306037902832
v 0.30216696858406067 0.14476749300956726 -2.6682159900665283
v -0.01611892506480217 0.11299397796392441 -2.7889750003814697
v 0.31384551525115967 0.11301479488611221 -2.771306037902832
v -0.01611892506480217 0.11299397796392441 -2.7889750003814697
v -0.015520070679485798 0.14474745094776154 -2.685227394104004
v -0.3458571434020996 0.11300092935562134 -2.767493963241577
v -0.01611892506480217 0.11299397796392441 -2.7889750003814697
v -0.3458571434020996 0.11300092935562134 -2.767493963241577
v -0.33298927545547485 0.14475414156913757 -2.664545774459839
v -0.6707403063774109 0.11303554475307465 -2.7071642875671387
v -0.3458571434020996 0.11300092935562134 -2.767493963241577
v -0.6707403063774109 0.11303554475307465 -2.7071642875671387
v -0.6457840800285339 0.1447874754667282 -2.6064608097076416
v -0.9862077832221985 0.11309735476970673 -2.6088335514068604
v -0.6707403063774109 0.11303554475307465 -2.7071642875671387
v -0.9862077832221985 0.11309735476970673 -2.6088335514068604
v -0.9495136141777039 0.14484697580337524 -2.511788845062256
v -1.28783118724823 0.11318548023700714 -2.473881244659424
v -0.9862077832221985 0.11309735476970673 -2.6088335514068604
v -1.28783118724823 0.11318548023700714 -2.473881244659424
v -1.239914059638977 0.144931823015213 -2.3818578720092773
v -1.571376085281372 0.1132986843585968 -2.3042023181915283
v -1.28783118724823 0.11318548023700714 -2.473881244659424
v -1.571376085281372 0.1132986843585968 -2.3042023181915283
v -1.5129088163375854 0.145040825009346 -2.218492269515991
v -1.8328626155853271 0.11343538761138916 -2.1021785736083984
v -1.571376085281372 0.1132986843585968 -2.3042023181915283
v -1.8328626155853271 0.11343538761138916 -2.1021785736083984
v -1.7646657228469849 0.14517243206501007 -2.0239856243133545
v -2.068619728088379 0.11359366029500961 -1.8706462383270264
v -1.8328626155853271 0.11343538761138916 -2.1021785736083984
v -2.068619728088379 0.11359366029500961 -1.8706462383270264
v -1.9916508197784424 0.14532481133937836 -1.8010680675506592
v -2.2753376960754395 0.11377128213644028 -1.612855076789856
v -2.068619728088379 0.11359366029500961 -1.8706462383270264
v -2.2753376960754395 0.11377128213644028 -1.612855076789856
v -2.1906774044036865 0.14549583196640015 -1.5528689622879028
v -2.450115442276001 0.11396576464176178 -1.3324241638183594
v -2.2753376960754395 0.11377128213644028 -1.612855076789856
v -2.450115442276001 0.11396576464176178 -1.3324241638183594
v -2.3589518070220947 0.14568307995796204 -1.2828723192214966
v -2.590498685836792 0.11417437344789505 -1.0332900285720825
v -2.450115442276001 0.11396576464176178 -1.3324241638183594
v -2.590498685836792 0.11417437344789505 -1.0332900285720825
v -2.4941115379333496 0.14588391780853271 -0.9948685169219971
v -2.694517135620117 0.1143941879272461 -0.7196518778800964
v -2.590498685836792 0.11417437344789505 -1.0332900285720825
v -2.694517135620117 0.1143941879272461 -0.7196518778800964
v -2.594259738922119 0.14609555900096893 -0.6929003596305847
v -2.7607104778289795 0.11462210863828659 -0.39591261744499207
v -2.694517135620117 0.1143941879272461 -0.7196518778800964
v -2.7607104778289795 0.11462210863828659 -0.39591261744499207
v -2.657989978790283 0.14631499350070953 -0.3812068700790405
v -2.78814959526062 0.11485494673252106 -0.0666167363524437
v -2.7607104778289795 0.11462210863828659 -0.39591261744499207
v -2.78814959526062 0.11485494673252106 -0.0666167363524437
v -2.684408187866211 0.14653916656970978 -0.06416354328393936
v -2.776449203491211 0.11508943140506744 0.26361316442489624
v -2.78814959526062 0.11485494673252106 -0.0666167363524437
v -2.776449203491211 0.11508943140506744 0.26361316442489624
v -2.673143148422241 0.14676493406295776 0.2537790536880493
v -2.725773572921753 0.11532226949930191 0.5901413559913635
v -2.776449203491211 0.11508943140506744 0.26361316442489624
v -2.725773572921753 0.11532226949930191 0.5901413559913635
v -2.6243529319763184 0.146989107131958 0.5681576728820801
v -2.636834144592285 0.11555019021034241 0.9083841443061829
v -2.725773572921753 0.11532226949930191 0.5901413559913635
v -2.636834144592285 0.11555019021034241 0.9083841443061829
v -2.5387229919433594 0.1472085416316986 0.8745591640472412
v -2.5108792781829834 0.11576999723911285 1.2138739824295044
v -2.636834144592285 0.11555019021034241 0.9083841443061829
v -2.5108792781829834 0.11576999723911285 1.2138739824295044
v -2.417454719543457 0.14742018282413483 1.168682336807251
v -2.349677324295044 0.11597860604524612 1.5023226737976074
v -2.5108792781829834 0.11576999723911285 1.2138739824295044
v -2.349677324295044 0.11597860604524612 1.5023226737976074
v -2.2622509002685547 0.1476210206747055 1.4463982582092285
v -2.1554908752441406 0.11617308855056763 1.7696808576583862
v -2.349677324295044 0.11597860604524612 1.5023226737976074
v -2.1554908752441406 0.11617308855056763 1.7696808576583862
v -2.075289726257324 0.1478082686662674 1.7038085460662842
v -1.931046485900879 0.11635071039199829 2.012195348739624
v -2.1554908752441406 0.11617308855056763 1.7696808576583862
v -1.931046485900879 0.11635071039199829 2.012195348739624
v -1.859196424484253 0.14797928929328918 1.9372994899749756
v -1.6794941425323486 0.11650898307561874 2.226461887359619
v -1.931046485900879 0.11635071039199829 2.012195348739624
v -1.6794941425323486 0.11650898307561874 2.226461887359619
v -1.6170039176940918 0.14813166856765747 2.1435935497283936
v -1.4043655395507812 0.1166456863284111 2.409472703933716
v -1.6794941425323486 0.11650898307561874 2.226461887359619
v -1.4043655395507812 0.1166456863284111 2.409472703933716
v -1.3521125316619873 0.14826327562332153 2.3197948932647705
v -1.109522819519043 0.11675889045000076 2.5586588382720947
v -1.4043655395507812 0.1166456863284111 2.409472703933716
v -1.109522819519043 0.11675889045000076 2.5586588382720947
v -1.0682402849197388 0.14837227761745453 2.4634299278259277
v -0.7991048693656921 0.11684701591730118 2.6719257831573486
v -1.109522819519043 0.11675889045000076 2.5586588382720947
v -0.7991048693656921 0.11684701591730118 2.6719257831573486
v -0.7693724036216736 0.1484571248292923 2.5724823474884033
v -0.47746920585632324 0.11690881848335266 2.74768328666687
v -0.7991048693656921 0.11684701591730118 2.6719257831573486
v -0.47746920585632324 0.11690881848335266 2.74768328666687
v -0.45970427989959717 0.14851662516593933 2.645421266555786
v -0.14913097023963928 0.11694344133138657 2.7848687171936035
v -0.47746920585632324 0.11690881848335266 2.74768328666687
v -0.14913097023963928 0.11694344133138657 2.7848687171936035
v -0.14358296990394592 0.14854995906352997 2.681222915649414
v 0.18130066990852356 0.1169503927230835 2.782958984375
v -0.14913097023963928 0.11694344133138657 2.7848687171936035
v 0.18130066990852356 0.1169503927230835 2.782958984375
v 0.17455388605594635 0.148556649684906 2.679384469985962
v 0.5091872215270996 0.1169295683503151 2.7419817447662354
v 0.18130066990852356 0.1169503927230835 2.782958984375
v 0.5091872215270996 0.1169295683503151 2.7419817447662354
v 0.49024033546447754 0.14853660762310028 2.6399319171905518
v 0.8299258947372437 0.11688126623630524 2.6625120639801025
v 0.5091872215270996 0.1169295683503151 2.7419817447662354
v 0.8299258947372437 0.11688126623630524 2.6625120639801025
v 0.7990447878837585 0.14849010109901428 2.5634188652038574
v 1.1390141248703003 0.11680617183446884 2.5456652641296387
v 0.8299258947372437 0.11688126623630524 2.6625120639801025
v 1.1390141248703003 0.11680617183446884 2.5456652641296387
v 1.096632480621338 0.14841780066490173 2.4509198665618896
v 1.4321130514144897 0.11670532822608948 2.3930816650390625
v 1.1390141248703003 0.11680617183446884 2.5456652641296387
v 1.4321130514144897 0.11670532822608948 2.3930816650390625
v 1.3788256645202637 0.14832070469856262 2.304013967514038
v 1.7051081657409668 0.11658015102148056 2.2069036960601807
v 1.4321130514144897 0.11670532822608948 2.3930816650390625
v 1.7051081657409668 0.11658015102148056 2.2069036960601807
v 1.6416631937026978 0.14820018410682678 2.124763011932373
v 1.954167366027832 0.11643240600824356 1.9897440671920776
v 1.7051081657409668 0.11658015102148056 2.2069036960601807
v 1.954167366027832 0.11643240600824356 1.9897440671920776
v 1.8814551830291748 0.1480579376220703 1.915683627128601
v 2.1757943630218506 0.11626416444778442 1.7446517944335938
v 1.954167366027832 0.11643240600824356 1.9897440671920776
v 2.1757943630218506 0.11626416444778442 1.7446517944335938
v 2.0948357582092285 0.1478959619998932 1.6797107458114624
v 2.366877794265747 0.11607778817415237 1.475067377090454
v 2.1757943630218506 0.11626416444778442 1.7446517944335938
v 2.366877794265747 0.11607778817415237 1.475067377090454
v 2.2788093090057373 0.14771650731563568 1.4201569557189941
v 2.524735450744629 0.11587588489055634 1.1847748756408691
v 2.366877794265747 0.11607778817415237 1.475067377090454
v 2.524735450744629 0.11587588489055634 1.1847748756408691
v 2.430793523788452 0.14752212166786194 1.140665888786316
v 2.647151231765747 0.11566130071878433 0.8778497576713562
v 2.524735450744629 0.11587588489055634 1.1847748756408691
v 2.647151231765747 0.11566130071878433 0.8778497576713562
v 2.548654317855835 0.14731551706790924 0.845160961151123
v 2.7324068546295166 0.11543703824281693 0.5586003661155701
v 2.647151231765747 0.11566130071878433 0.8778497576713562
v 2.7324068546295166 0.11543703824281693 0.5586003661155701
v 2.630737781524658 0.1470995992422104 0.5377903580665588
v 2.7793054580688477 0.11520624905824661 0.23150834441184998
v 2.7324068546295166 0.11543703824281693 0.5586003661155701
v 2.7793054580688477 0.11520624905824661 0.23150834441184998
v 2.675891399383545 0.14687740802764893 0.22286880016326904
v 2.7871885299682617 0.11497218161821365 -0.09883472323417664
v 2.7793054580688477 0.11520624905824661 0.23150834441184998
v 2.683481216430664 0.14665204286575317 -0.09518275409936905
v 2.7871885299682617 0.11497218161821365 -0.09883472323417664
v 2.6534006595611572 0.14642667770385742 -0.411899596452713
v 2.683481216430664 0.14665204286575317 -0.09518275409936905
v 2.5860724449157715 0.14620448648929596 -0.7228357791900635
v 2.6534006595611572 0.14642667770385742 -0.411899596452713
v 2.4824411869049072 0.1459885686635971 -1.0236263275146484
v 2.5860724449157715 0.14620448648929596 -0.7228357791900635
v 2.3439619541168213 0.1457819640636444 -1.3100489377975464
v 2.4824411869049072 0.1459885686635971 -1.0236263275146484
v 2.1725785732269287 0.14558757841587067 -1.5780826807022095
v 2.3439619541168213 0.1457819640636444 -1.3100489377975464
v 1.9706966876983643 0.14540813863277435 -1.8239651918411255
v 2.1725785732269287 0.14558757841587067 -1.5780826807022095
v 1.7411507368087769 0.14524614810943604 -2.0442447662353516
v 1.9706966876983643 0.14540813863277435 -1.8239651918411255
v 1.487162709236145 0.14510390162467957 -2.2358288764953613
v 1.7411507368087769 0.14524614810943604 -2.0442447662353516
v 1.212298035621643 0.14498338103294373 -2.396028518676758
v 1.487162709236145 0.14510390162467957 -2.2358288764953613
v 0.9204155206680298 0.1448862999677658 -2.5225942134857178
v 1.212298035621643 0.14498338103294373 -2.396028518676758
v 0.6156121492385864 0.14481399953365326 -2.6137499809265137
v 0.9204155206680298 0.1448862999677658 -2.5225942134857178
v 0.30216696858406067 0.14476749300956726 -2.6682159900665283
v 0.6156121492385864 0.14481399953365326 -2.6137499809265137
v -0.015520070679485798 0.14474745094776154 -2.685227394104004
v 0.30216696858406067 0.14476749300956726 -2.6682159900665283
v -0.33298927545547485 0.14475414156913757 -2.664545774459839
v -0.015520070679485798 0.14474745094776154 -2.685227394104004
v -0.6457840800285339 0.1447874754667282 -2.6064608097076416
v -0.33298927545547485 0.14475414156913757 -2.664545774459839
v -0.9495136141777039 0.14484697580337524 -2.511788845062256
v -0.6457840800285339 0.1447874754667282 -2.6064608097076416
v -1.239914059638977 0.144931823015213 -2.3818578720092773
v -0.9495136141777039 0.14484697580337524 -2.511788845062256
v -1.5129088163375854 0.145040825009346 -2.218492269515991
v -1.239914059638977 0.144931823015213 -2.3818578720092773
v -1.7646657228469849 0.14517243206501007 -2.0239856243133545
v -1.5129088163375854 0.145040825009346 -2.218492269515991
v -1.9916508197784424 0.14532481133937836 -1.8010680675506592
v -1.7646657228469849 0.14517243206501007 -2.0239856243133545
v -2.1906774044036865 0.14549583196640015 -1.5528689622879028
v -1.9916508197784424 0.14532481133937836 -1.8010680675506592
v -2.3589518070220947 0.14568307995796204 -1.2828723192214966
v -2.1906774044036865 0.14549583196640015 -1.5528689622879028
v -2.4941115379333496 0.14588391780853271 -0.9948685169219971
v -2.3589518070220947 0.14568307995796204 -1.2828723192214966
v -2.594259738922119 0.14609555900096893 -0.6929003596305847
v -2.4941115379333496 0.14588391780853271 -0.9948685169219971
v -2.657989978790283 0.14631499350070953 -0.3812068700790405
v -2.594259738922119 0.14609555900096893 -0.6929003596305847
v -2.684408187866211 0.14653916656970978 -0.06416354328393936
v -2.657989978790283 0.14631499350070953 -0.3812068700790405
v -2.673143148422241 0.14676493406295776 0.2537790536880493
v -2.684408187866211 0.14653916656970978 -0.06416354328393936
v -2.6243529319763184 0.146989107131958 0.5681576728820801
v -2.673143148422241 0.14676493406295776 0.2537790536880493
v -2.5387229919433594 0.1472085416316986 0.8745591640472412
v -2.6243529319763184 0.146989107131958 0.5681576728820801
v -2.417454719543457 0.14742018282413483 1.168682336807251
v -2.5387229919433594 0.1472085416316986 0.8745591640472412
v -2.2622509002685547 0.1476210206747055 1.4463982582092285
v -2.417454719543457 0.14742018282413483 1.168682336807251
v -2.075289726257324 0.1478082686662674 1.7038085460662842
v -2.2622509002685547 0.1476210206747055 1.4463982582092285
v -1.859196424484253 0.14797928929328918 1.9372994899749756
v -2.075289726257324 0.1478082686662674 1.7038085460662842
v -1.6170039176940918 0.14813166856765747 2.1435935497283936
v -1.859196424484253 0.14797928929328918 1.9372994899749756
v -1.3521125316619873 0.14826327562332153 2.3197948932647705
v -1.6170039176940918 0.14813166856765747 2.1435935497283936
v -1.0682402849197388 0.14837227761745453 2.4634299278259277
v -1.3521125316619873 0.14826327562332153 2.3197948932647705
v -0.7693724036216736 0.1484571248292923 2.5724823474884033
v -1.0682402849197388 0.14837227761745453 2.4634299278259277
v -0.45970427989959717 0.14851662516593933 2.645421266555786
v -0.7693724036216736 0.1484571248292923 2.5724823474884033
v -0.14358296990394592 0.14854995906352997 2.681222915649414
v -0.45970427989959717 0.14851662516593933 2.645421266555786
v 0.17455388605594635 0.148556649684906 2.679384469985962
v -0.14358296990394592 0.14854995906352997 2.681222915649414
v 0.49024033546447754 0.14853660762310028 2.6399319171905518
v 0.17455388605594635 0.148556649684906 2.679384469985962
v 0.7990447878837585 0.14849010109901428 2.5634188652038574
v 0.49024033546447754 0.14853660762310028 2.6399319171905518
v 1.096632480621338 0.14841780066490173 2.4509198665618896
v 0.7990447878837585 0.14849010109901428 2.5634188652038574
v 1.3788256645202637 0.14832070469856262 2.304013967514038
v 1.096632480621338 0.14841780066490173 2.4509198665618896
v 1.6416631937026978 0.14820018410682678 2.124763011932373
v 1.3788256645202637 0.14832070469856262 2.304013967514038
v 1.8814551830291748 0.1480579376220703 1.915683627128601
v 1.6416631937026978 0.14820018410682678 2.124763011932373
v 2.0948357582092285 0.1478959619998932 1.6797107458114624
v 1.8814551830291748 0.1480579376220703 1.915683627128601
v 2.2788093090057373 0.14771650731563568 1.4201569557189941
v 2.0948357582092285 0.1478959619998932 1.6797107458114624
v 2.430793523788452 0.14752212166786194 1.140665888786316
v 2.2788093090057373 0.14771650731563568 1.4201569557189941
v 2.548654317855835 0.14731551706790924 0.845160961151123
v 2.430793523788452 0.14752212166786194 1.140665888786316
v 2.630737781524658 0.1470995992422104 0.5377903580665588
v 2.548654317855835 0.14731551706790924 0.845160961151123
v 2.675891399383545 0.14687740802764893 0.22286880016326904
v 2.630737781524658 0.1470995992422104 0.5377903580665588
v 2.683481216430664 0.14665204286575317 -0.09518275409936905
v 2.675891399383545 0.14687740802764893 0.22286880016326904
v 2.560596466064453 0.1440587192773819 -0.3974950909614563
v 2.5896246433258057 0.1442762017250061 -0.09185563027858734
v 2.560596466064453 0.1440587192773819 -0.3974950909614563
v 2.4868857860565186 0.11319149285554886 -0.3860335648059845
v 2.4956228733062744 0.14384429156780243 -0.6975560784339905
v 2.560596466064453 0.1440587192773819 -0.3974950909614563
v 2.4956228733062744 0.14384429156780243 -0.6975560784339905
v 2.4237825870513916 0.11298324167728424 -0.6774567365646362
v 2.395616054534912 0.14363592863082886 -0.9878262877464294
v 2.4956228733062744 0.14384429156780243 -0.6975560784339905
v 2.395616054534912 0.14363592863082886 -0.9878262877464294
v 2.3266546726226807 0.11278087645769119 -0.959371030330658
v 2.2619800567626953 0.14343655109405518 -1.2642310857772827
v 2.395616054534912 0.14363592863082886 -0.9878262877464294
v 2.2619800567626953 0.14343655109405518 -1.2642310857772827
v 2.1968657970428467 0.11258724331855774 -1.2278189659118652
v 2.0965912342071533 0.14324896037578583 -1.5228902101516724
v 2.2619800567626953 0.14343655109405518 -1.2642310857772827
v 2.0965912342071533 0.14324896037578583 -1.5228902101516724
v 2.0362374782562256 0.11240505427122116 -1.4790321588516235
v 1.9017703533172607 0.14307579398155212 -1.760172724723816
v 2.0965912342071533 0.14324896037578583 -1.5228902101516724
v 1.9017703533172607 0.14307579398155212 -1.760172724723816
v 1.8470251560211182 0.1122368648648262 -1.7094842195510864
v 1.6802527904510498 0.14291948080062866 -1.972747802734375
v 1.9017703533172607 0.14307579398155212 -1.760172724723816
v 1.6802527904510498 0.14291948080062866 -1.972747802734375
v 1.6318844556808472 0.11208505183458328 -1.9159398078918457
v 1.4351481199264526 0.14278221130371094 -2.1576313972473145
v 1.6802527904510498 0.14291948080062866 -1.972747802734375
v 1.4351481199264526 0.14278221130371094 -2.1576313972473145
v 1.3938355445861816 0.11195173114538193 -2.095501184463501
v 1.169897198677063 0.14266590774059296 -2.312227725982666
v 1.4351481199264526 0.14278221130371094 -2.1576313972473145
v 1.169897198677063 0.14266590774059296 -2.312227725982666
v 1.1362202167510986 0.11183877289295197 -2.2456471920013428
v 0.8882232904434204 0.14257220923900604 -2.4343669414520264
v 1.169897198677063 0.14266590774059296 -2.312227725982666
v 0.8882232904434204 0.14257220923900604 -2.4343669414520264
v 0.8626549243927002 0.11174777895212173 -2.3642704486846924
v 0.5940806269645691 0.14250244200229645 -2.522334337234497
v 0.8882232904434204 0.14257220923900604 -2.4343669414520264
v 0.5940806269645691 0.14250244200229645 -2.522334337234497
v 0.5769796371459961 0.11168001592159271 -2.4497056007385254
v 0.2915984094142914 0.14245755970478058 -2.5748953819274902
v 0.5940806269645691 0.14250244200229645 -2.522334337234497
v 0.2915984094142914 0.14245755970478058 -2.5748953819274902
v 0.2832048833370209 0.11163643002510071 -2.500753402709961
v -0.014977318234741688 0.14243821799755096 -2.5913119316101074
v 0.2915984094142914 0.14245755970478058 -2.5748953819274902
v -0.014977318234741688 0.14243821799755096 -2.5913119316101074
v -0.014545493759214878 0.11161763966083527 -2.516697406768799
v -0.3213428258895874 0.1424446702003479 -2.5713531970977783
v -0.014977318234741688 0.14243821799755096 -2.5913119316101074
v -0.3213428258895874 0.1424446702003479 -2.5713531970977783
v -0.31209173798561096 0.11162391304969788 -2.4973134994506836
v -0.6231974959373474 0.14247684180736542 -2.5153002738952637
v -0.3213428258895874 0.1424446702003479 -2.5713531970977783
v -0.6231974959373474 0.14247684180736542 -2.5153002738952637
v -0.6052569150924683 0.11165515333414078 -2.442873954772949
v -0.9163037538528442 0.1425342708826065 -2.4239392280578613
v -0.6231974959373474 0.14247684180736542 -2.5153002738952637
v -0.9163037538528442 0.1425342708826065 -2.4239392280578613
v -0.8899256587028503 0.11171092838048935 -2.354142904281616
v -1.1965473890304565 0.1426161527633667 -2.2985527515411377
v -0.9163037538528442 0.1425342708826065 -2.4239392280578613
v -1.1965473890304565 0.1426161527633667 -2.2985527515411377
v -1.1621018648147583 0.11179044842720032 -2.232365846633911
v -1.4599939584732056 0.14272132515907288 -2.1409010887145996
v -1.1965473890304565 0.1426161527633667 -2.2985527515411377
v -1.4599939584732056 0.14272132515907288 -2.1409010887145996
v -1.4179646968841553 0.11189260333776474 -2.0792524814605713
v -1.7029454708099365 0.14284834265708923 -1.9531975984573364
v -1.4599939584732056 0.14272132515907288 -2.1409010887145996
v -1.7029454708099365 0.14284834265708923 -1.9531975984573364
v -1.6539225578308105 0.11201595515012741 -1.8969521522521973
v -1.9219915866851807 0.14299538731575012 -1.7380765676498413
v -1.7029454708099365 0.14284834265708923 -1.9531975984573364
v -1.9219915866851807 0.14299538731575012 -1.7380765676498413
v -1.8666629791259766 0.11215877532958984 -1.6880239248275757
v -2.1140570640563965 0.14316043257713318 -1.4985582828521729
v -1.9219915866851807 0.14299538731575012 -1.7380765676498413
v -2.1140570640563965 0.14316043257713318 -1.4985582828521729
v -2.053199529647827 0.11231905966997147 -1.4554007053375244
v -2.2764458656311035 0.14334112405776978 -1.2380050420761108
v -2.1140570640563965 0.14316043257713318 -1.4985582828521729
v -2.2764458656311035 0.14334112405776978 -1.2380050420761108
v -2.21091365814209 0.112494558095932 -1.2023478746414185
v -2.4068784713745117 0.14353494346141815 -0.9600743055343628
v -2.2764458656311035 0.14334112405776978 -1.2380050420761108
v -2.4068784713745117 0.14353494346141815 -0.9600743055343628
v -2.3375916481018066 0.11268279701471329 -0.9324178695678711
v -2.503523826599121 0.14373917877674103 -0.6686676740646362
v -2.4068784713745117 0.14353494346141815 -0.9600743055343628
v -2.503523826599121 0.14373917877674103 -0.6686676740646362
v -2.431454658508301 0.1128811463713646 -0.6493999361991882
v -2.5650253295898438 0.1439509391784668 -0.367875874042511
v -2.503523826599121 0.14373917877674103 -0.6686676740646362
v -2.5650253295898438 0.1439509391784668 -0.367875874042511
v -2.4911856651306152 0.11308681964874268 -0.35726696252822876
v -2.590519428253174 0.14416727423667908 -0.06192132830619812
v -2.5650253295898438 0.1439509391784668 -0.367875874042511
v -2.590519428253174 0.14416727423667908 -0.06192132830619812
v -2.5159459114074707 0.11329692602157593 -0.0601198673248291
v -2.57964825630188 0.14438514411449432 0.24490103125572205
v -2.590519428253174 0.14416727423667908 -0.06192132830619812
v -2.57964825630188 0.14438514411449432 0.24490103125572205
v -2.505387783050537 0.11350851505994797 0.23787006735801697
v -2.532564640045166 0.1446014791727066 0.5482840538024902
v -2.57964825630188 0.14438514411449432 0.24490103125572205
v -2.532564640045166 0.1446014791727066 0.5482840538024902
v -2.4596595764160156 0.11371862143278122 0.5325196981430054
v -2.4499294757843018 0.14481323957443237 0.84396892786026
v -2.532564640045166 0.1446014791727066 0.5482840538024902
v -2.4499294757843018 0.14481323957443237 0.84396892786026
v -2.3794031143188477 0.1139242947101593 0.8196927309036255
v -2.332902669906616 0.14501747488975525 1.1278049945831299
v -2.4499294757843018 0.14481323957443237 0.84396892786026
v -2.332902669906616 0.14501747488975525 1.1278049945831299
v -2.2657454013824463 0.11412264406681061 1.0953580141067505
v -2.1831271648406982 0.14521129429340363 1.3958076238632202
v -2.332902669906616 0.14501747488975525 1.1278049945831299
v -2.1831271648406982 0.14521129429340363 1.3958076238632202
v -2.120281219482422 0.11431089043617249 1.3556456565856934
v -2.0027053356170654 0.14539198577404022 1.6442147493362427
v -2.1831271648406982 0.14521129429340363 1.3958076238632202
v -2.0027053356170654 0.14539198577404022 1.6442147493362427
v -1.9450531005859375 0.11448638141155243 1.5969020128250122
v -1.7941699028015137 0.14555701613426208 1.8695392608642578
v -2.0027053356170654 0.14539198577404022 1.6442147493362427
v -1.7941699028015137 0.14555701613426208 1.8695392608642578
v -1.742520809173584 0.11464666575193405 1.8157401084899902
v -1.5604482889175415 0.14570407569408417 2.0686182975769043
v -1.7941699028015137 0.14555701613426208 1.8695392608642578
v -1.5604482889175415 0.14570407569408417 2.0686182975769043
v -1.515527367591858 0.11478948593139648 2.0090882778167725
v -1.304821491241455 0.14583107829093933 2.238656520843506
v -1.5604482889175415 0.14570407569408417 2.0686182975769043
v -1.304821491241455 0.14583107829093933 2.238656520843506
v -1.2672592401504517 0.11491283774375916 2.174231767654419
v -1.030877947807312 0.1459362655878067 2.377268075942993
v -1.304821491241455 0.14583107829093933 2.238656520843506
v -1.030877947807312 0.1459362655878067 2.377268075942993
v -1.0012016296386719 0.11501499265432358 2.3088529109954834
v -0.7424631714820862 0.1460181474685669 2.482506036758423
v -1.030877947807312 0.1459362655878067 2.377268075942993
v -0.7424631714820862 0.1460181474685669 2.482506036758423
v -0.7210893630981445 0.11509451270103455 2.4110617637634277
v -0.44362592697143555 0.14607557654380798 2.552894115447998
v -0.7424631714820862 0.1460181474685669 2.482506036758423
v -0.44362592697143555 0.14607557654380798 2.552894115447998
v -0.4308546483516693 0.11515028774738312 2.4794235229492188
v -0.13856112957000732 0.1461077332496643 2.5874433517456055
v -0.44362592697143555 0.14607557654380798 2.552894115447998
v -0.13856112957000732 0.1461077332496643 2.5874433517456055
v -0.13457173109054565 0.11518152803182602 2.5129780769348145
v 0.16844867169857025 0.14611418545246124 2.5856692790985107
v -0.13856112957000732 0.1461077332496643 2.5874433517456055
v 0.16844867169857025 0.14611418545246124 2.5856692790985107
v 0.16360025107860565 0.11518779397010803 2.5112550258636475
v 0.47309377789497375 0.14609484374523163 2.5475964546203613
v 0.16844867169857025 0.14611418545246124 2.5856692790985107
v 0.47309377789497375 0.14609484374523163 2.5475964546203613
v 0.4594756066799164 0.11516900360584259 2.474278450012207
v 0.7710976004600525 0.14604997634887695 2.473759651184082
v 0.47309377789497375 0.14609484374523163 2.5475964546203613
v 0.7710976004600525 0.14604997634887695 2.473759651184082
v 0.7489008903503418 0.11512542515993118 2.402567148208618
v 1.058276891708374 0.14598019421100616 2.3651955127716064
v 0.7710976004600525 0.14604997634887695 2.473759651184082
v 1.058276891708374 0.14598019421100616 2.3651955127716064
v 1.027813196182251 0.11505765467882156 2.2971279621124268
v 1.3306002616882324 0.14588649570941925 2.2234275341033936
v 1.058276891708374 0.14598019421100616 2.3651955127716064
v 1.3306002616882324 0.14588649570941925 2.2234275341033936
v 1.2922972440719604 0.11496666073799133 2.1594409942626953
v 1.5842448472976685 0.14577019214630127 2.050446033477783
v 1.3306002616882324 0.14588649570941925 2.2234275341033936
v 1.5842448472976685 0.14577019214630127 2.050446033477783
v 1.5386402606964111 0.11485370248556137 1.9914393424987793
v 1.8156501054763794 0.14563292264938354 1.8486794233322144
v 1.5842448472976685 0.14577019214630127 2.050446033477783
v 1.8156501054763794 0.14563292264938354 1.8486794233322144
v 1.7633839845657349 0.11472038179636002 1.795480728149414
v 2.0215675830841064 0.14547660946846008 1.620959758758545
v 1.8156501054763794 0.14563292264938354 1.8486794233322144
v 2.0215675830841064 0.14547660946846008 1.620959758758545
v 1.9633737802505493 0.1145685687661171 1.5743166208267212
v 2.199106454849243 0.14530344307422638 1.3704841136932373
v 2.0215675830841064 0.14547660946846008 1.620959758758545
v 2.199106454849243 0.14530344307422638 1.3704841136932373
v 2.1358017921447754 0.11440037935972214 1.331051230430603
v 2.3457746505737305 0.14511585235595703 1.1007684469223022
v 2.199106454849243 0.14530344307422638 1.3704841136932373
v 2.3457746505737305 0.14511585235595703 1.1007684469223022
v 2.2782480716705322 0.11421819031238556 1.0690999031066895
v 2.4595134258270264 0.14491647481918335 0.8155989646911621
v 2.3457746505737305 0.14511585235595703 1.1007684469223022
v 2.4595134258270264 0.14491647481918335 0.8155989646911621
v 2.3887126445770264 0.1140245571732521 0.79213947057724
v 2.5387260913848877 0.14470811188220978 0.5189788341522217
v 2.4595134258270264 0.14491647481918335 0.8155989646911621
v 2.5387260913848877 0.14470811188220978 0.5189788341522217
v 2.4656448364257812 0.11382219195365906 0.5040580034255981
v 2.5823001861572266 0.1444936841726303 0.21507185697555542
v 2.5387260913848877 0.14470811188220978 0.5189788341522217
v 2.5823001861572266 0.1444936841726303 0.21507185697555542
v 2.507964849472046 0.11361393332481384 0.208899587392807
v 2.5896246433258057 0.1442762017250061 -0.09185563027858734
v 2.5823001861572266 0.1444936841726303 0.21507185697555542
v 2.515078544616699 0.11340271681547165 -0.0891924500465393
v 2.5896246433258057 0.1442762017250061 -0.09185563027858734
v 2.4868857860565186 0.11319149285554886 -0.3860335648059845
v 2.515078544616699 0.11340271681547165 -0.0891924500465393
v 2.4868857860565186 0.11319149285554886 -0.3860335648059845
v 2.439563274383545 0.06184334307909012 -0.3786527216434479
v 2.4237825870513916 0.11298324167728424 -0.6774567365646362
v 2.4868857860565186 0.11319149285554886 -0.3860335648059845
v 2.4237825870513916 0.11298324167728424 -0.6774567365646362
v 2.3776609897613525 0.061639051884412766 -0.6645302772521973
v 2.3266546726226807 0.11278087645769119 -0.959371030330658
v 2.4237825870513916 0.11298324167728424 -0.6774567365646362
v 2.3266546726226807 0.11278087645769119 -0.959371030330658
v 2.282381296157837 0.06144053861498833 -0.9410799741744995
v 2.1968657970428467 0.11258724331855774 -1.2278189659118652
v 2.3266546726226807 0.11278087645769119 -0.959371030330658
v 2.1968657970428467 0.11258724331855774 -1.2278189659118652
v 2.155062198638916 0.061250586062669754 -1.2044196128845215
v 2.0362374782562256 0.11240505427122116 -1.4790321588516235
v 2.1968657970428467 0.11258724331855774 -1.2278189659118652
v 2.0362374782562256 0.11240505427122116 -1.4790321588516235
v 1.9974905252456665 0.061071865260601044 -1.4508522748947144
v 1.8470251560211182 0.1122368648648262 -1.7094842195510864
v 2.0362374782562256 0.11240505427122116 -1.4790321588516235
v 1.8470251560211182 0.1122368648648262 -1.7094842195510864
v 1.8118786811828613 0.06090687960386276 -1.676918864250183
v 1.6318844556808472 0.11208505183458328 -1.9159398078918457
v 1.8470251560211182 0.1122368648648262 -1.7094842195510864
v 1.6318844556808472 0.11208505183458328 -1.9159398078918457
v 1.6008319854736328 0.06075795367360115 -1.8794459104537964
v 1.3938355445861816 0.11195173114538193 -2.095501184463501
v 1.6318844556808472 0.11208505183458328 -1.9159398078918457
v 1.3938355445861816 0.11195173114538193 -2.095501184463501
v 1.367313027381897 0.06062716990709305 -2.0555901527404785
v 1.1362202167510986 0.11183877289295197 -2.2456471920013428
v 1.3938355445861816 0.11195173114538193 -2.095501184463501
v 1.1362202167510986 0.11183877289295197 -2.2456471920013428
v 1.1145999431610107 0.0605163648724556 -2.202878952026367
v 0.8626549243927002 0.11174777895212173 -2.3642704486846924
v 1.1362202167510986 0.11183877289295197 -2.2456471920013428
v 0.8626549243927002 0.11174777895212173 -2.3642704486846924
v 0.8462404012680054 0.06042709946632385 -2.3192451000213623
v 0.5769796371459961 0.11168001592159271 -2.4497056007385254
v 0.8626549243927002 0.11174777895212173 -2.3642704486846924
v 0.5769796371459961 0.11168001592159271 -2.4497056007385254
v 0.5660013556480408 0.0603606253862381 -2.4030544757843018
v 0.2832048833370209 0.11163643002510071 -2.500753402709961
v 0.5769796371459961 0.11168001592159271 -2.4497056007385254
v 0.2832048833370209 0.11163643002510071 -2.500753402709961
v 0.27781692147254944 0.06031787022948265 -2.4531309604644775
v -0.014545493759214878 0.11161763966083527 -2.516697406768799
v 0.2832048833370209 0.11163643002510071 -2.500753402709961
v -0.014545493759214878 0.11161763966083527 -2.516697406768799
v -0.014267468824982643 0.06029944121837616 -2.46877121925354
v -0.31209173798561096 0.11162391304969788 -2.4973134994506836
v -0.014545493759214878 0.11161763966083527 -2.516697406768799
v -0.31209173798561096 0.11162391304969788 -2.4973134994506836
v -0.3061515986919403 0.06030559167265892 -2.449756383895874
v -0.6052569150924683 0.11165515333414078 -2.442873954772949
v -0.31209173798561096 0.11162391304969788 -2.4973134994506836
v -0.6052569150924683 0.11165515333414078 -2.442873954772949
v -0.5937380790710449 0.06033623591065407 -2.396352529525757
v -0.8899256587028503 0.11171092838048935 -2.354142904281616
v -0.6052569150924683 0.11165515333414078 -2.442873954772949
v -0.8899256587028503 0.11171092838048935 -2.354142904281616
v -0.8729897737503052 0.06039094924926758 -2.3093101978302
v -1.1621018648147583 0.11179044842720032 -2.232365846633911
v -0.8899256587028503 0.11171092838048935 -2.354142904281616
v -1.1621018648147583 0.11179044842720032 -2.232365846633911
v -1.1399866342544556 0.06046895682811737 -2.1898505687713623
v -1.4179646968841553 0.11189260333776474 -2.0792524814605713
v -1.1621018648147583 0.11179044842720032 -2.232365846633911
v -1.4179646968841553 0.11189260333776474 -2.0792524814605713
v -1.39098060131073 0.060569170862436295 -2.0396509170532227
v -1.6539225578308105 0.11201595515012741 -1.8969521522521973
v -1.4179646968841553 0.11189260333776474 -2.0792524814605713
v -1.6539225578308105 0.11201595515012741 -1.8969521522521973
v -1.6224483251571655 0.060690175741910934 -1.860819697380066
v -1.8666629791259766 0.11215877532958984 -1.6880239248275757
v -1.6539225578308105 0.11201595515012741 -1.8969521522521973
v -1.8666629791259766 0.11215877532958984 -1.6880239248275757
v -1.8311402797698975 0.06083027645945549 -1.6558672189712524
v -2.053199529647827 0.11231905966997147 -1.4554007053375244
v -1.8666629791259766 0.11215877532958984 -1.6880239248275757
v -2.053199529647827 0.11231905966997147 -1.4554007053375244
v -2.014127254486084 0.06098750978708267 -1.4276704788208008
v -2.21091365814209 0.112494558095932 -1.2023478746414185
v -2.053199529647827 0.11231905966997147 -1.4554007053375244
v -2.21091365814209 0.112494558095932 -1.2023478746414185
v -2.168840169906616 0.06115966662764549 -1.1794331073760986
v -2.3375916481018066 0.11268279701471329 -0.9324178695678711
v -2.21091365814209 0.112494558095932 -1.2023478746414185
v -2.3375916481018066 0.11268279701471329 -0.9324178695678711
v -2.293107271194458 0.06134432926774025 -0.9146397113800049
v -2.431454658508301 0.1128811463713646 -0.6493999361991882
v -2.3375916481018066 0.11268279701471329 -0.9324178695678711
v -2.431454658508301 0.1128811463713646 -0.6493999361991882
v -2.3851845264434814 0.061538904905319214 -0.6370074152946472
v -2.4911856651306152 0.11308681964874268 -0.35726696252822876
v -2.431454658508301 0.1128811463713646 -0.6493999361991882
v -2.4911856651306152 0.11308681964874268 -0.35726696252822876
v -2.4437787532806396 0.061740659177303314 -0.3504335284233093
v -2.5159459114074707 0.11329692602157593 -0.0601198673248291
v -2.4911856651306152 0.11308681964874268 -0.35726696252822876
v -2.5159459114074707 0.11329692602157593 -0.0601198673248291
v -2.4680678844451904 0.061946768313646317 -0.05894093215465546
v -2.505387783050537 0.11350851505994797 0.23787006735801697
v -2.5159459114074707 0.11329692602157593 -0.0601198673248291
v -2.505387783050537 0.11350851505994797 0.23787006735801697
v -2.4577107429504395 0.06215433403849602 0.23337844014167786
v -2.4596595764160156 0.11371862143278122 0.5325196981430054
v -2.505387783050537 0.11350851505994797 0.23787006735801697
v -2.4596595764160156 0.11371862143278122 0.5325196981430054
v -2.4128527641296387 0.06236043944954872 0.5224210619926453
v -2.3794031143188477 0.1139242947101593 0.8196927309036255
v -2.4596595764160156 0.11371862143278122 0.5325196981430054
v -2.3794031143188477 0.1139242947101593 0.8196927309036255
v -2.334123373031616 0.06256219744682312 0.804129421710968
v -2.2657454013824463 0.11412264406681061 1.0953580141067505
v -2.3794031143188477 0.1139242947101593 0.8196927309036255
v -2.2657454013824463 0.11412264406681061 1.0953580141067505
v -2.222628355026245 0.06275677680969238 1.0745489597320557
v -2.120281219482422 0.11431089043617249 1.3556456565856934
v -2.2657454013824463 0.11412264406681061 1.0953580141067505
v -2.120281219482422 0.11431089043617249 1.3556456565856934
v -2.079932451248169 0.06294143199920654 1.3298835754394531
v -1.9450531005859375 0.11448638141155243 1.5969020128250122
v -2.120281219482422 0.11431089043617249 1.3556456565856934
v -1.9450531005859375 0.11448638141155243 1.5969020128250122
v -1.908038854598999 0.06311359256505966 1.5665489435195923
v -1.742520809173584 0.11464666575193405 1.8157401084899902
v -1.9450531005859375 0.11448638141155243 1.5969020128250122
v -1.742520809173584 0.11464666575193405 1.8157401084899902
v -1.7093604803085327 0.06327082216739655 1.7812228202819824
v -1.515527367591858 0.11478948593139648 2.0090882778167725
v -1.742520809173584 0.11464666575193405 1.8157401084899902
v -1.515527367591858 0.11478948593139648 2.0090882778167725
v -1.4866867065429688 0.0634109228849411 1.9708914756774902
v -1.2672592401504517 0.11491283774375916 2.174231767654419
v -1.515527367591858 0.11478948593139648 2.0090882778167725
v -1.2672592401504517 0.11491283774375916 2.174231767654419
v -1.24314284324646 0.06353192776441574 2.132892608642578
v -1.0012016296386719 0.11501499265432358 2.3088529109954834
v -1.2672592401504517 0.11491283774375916 2.174231767654419
v -1.0012016296386719 0.11501499265432358 2.3088529109954834
v -0.9821482300758362 0.06363213807344437 2.2649519443511963
v -0.7210893630981445 0.11509451270103455 2.4110617637634277
v -1.0012016296386719 0.11501499265432358 2.3088529109954834
v -0.7210893630981445 0.11509451270103455 2.4110617637634277
v -0.7073662877082825 0.06371014565229416 2.36521577835083
v -0.4308546483516693 0.11515028774738312 2.4794235229492188
v -0.7210893630981445 0.11509451270103455 2.4110617637634277
v -0.4308546483516693 0.11515028774738312 2.4794235229492188
v -0.42265453934669495 0.06376485526561737 2.432276487350464
v -0.13457173109054565 0.11518152803182602 2.5129780769348145
v -0.4308546483516693 0.11515028774738312 2.4794235229492188
v -0.13457173109054565 0.11518152803182602 2.5129780769348145
v -0.13200968503952026 0.06379550695419312 2.4651927947998047
v 0.16360025107860565 0.11518779397010803 2.5112550258636475
v -0.13457173109054565 0.11518152803182602 2.5129780769348145
v 0.16360025107860565 0.11518779397010803 2.5112550258636475
v 0.1604882776737213 0.06380165368318558 2.4635024070739746
v 0.4594756066799164 0.11516900360584259 2.474278450012207
v 0.16360025107860565 0.11518779397010803 2.5112550258636475
v 0.4594756066799164 0.11516900360584259 2.474278450012207
v 0.45073333382606506 0.06378322094678879 2.427229642868042
v 0.7489008903503418 0.11512542515993118 2.402567148208618
v 0.4594756066799164 0.11516900360584259 2.474278450012207
v 0.7489008903503418 0.11512542515993118 2.402567148208618
v 0.7346510887145996 0.06374046951532364 2.3568828105926514
v 1.027813196182251 0.11505765467882156 2.2971279621124268
v 0.7489008903503418 0.11512542515993118 2.402567148208618
v 1.027813196182251 0.11505765467882156 2.2971279621124268
v 1.0082558393478394 0.06367399543523788 2.2534501552581787
v 1.2922972440719604 0.11496666073799133 2.1594409942626953
v 1.027813196182251 0.11505765467882156 2.2971279621124268
v 1.2922972440719604 0.11496666073799133 2.1594409942626953
v 1.2677068710327148 0.06358472257852554 2.1183831691741943
v 1.5386402606964111 0.11485370248556137 1.9914393424987793
v 1.2922972440719604 0.11496666073799133 2.1594409942626953
v 1.5386402606964111 0.11485370248556137 1.9914393424987793
v 1.5093621015548706 0.06347392499446869 1.9535783529281616
v 1.7633839845657349 0.11472038179636002 1.795480728149414
v 1.5386402606964111 0.11485370248556137 1.9914393424987793
v 1.7633839845657349 0.11472038179636002 1.795480728149414
v 1.7298293113708496 0.06334313750267029 1.761348843574524
v 1.9633737802505493 0.1145685687661171 1.5743166208267212
v 1.7633839845657349 0.11472038179636002 1.795480728149414
v 1.9633737802505493 0.1145685687661171 1.5743166208267212
v 1.9260132312774658 0.06319420784711838 1.5443933010101318
v 2.1358017921447754 0.11440037935972214 1.331051230430603
v 1.9633737802505493 0.1145685687661171 1.5743166208267212
v 2.1358017921447754 0.11440037935972214 1.331051230430603
v 2.0951602458953857 0.0630292221903801 1.3057571649551392
v 2.2782480716705322 0.11421819031238556 1.0690999031066895
v 2.1358017921447754 0.11440037935972214 1.331051230430603
v 2.2782480716705322 0.11421819031238556 1.0690999031066895
v 2.234895944595337 0.06285050511360168 1.0487905740737915
v 2.3887126445770264 0.1140245571732521 0.79213947057724
v 2.2782480716705322 0.11421819031238556 1.0690999031066895
v 2.3887126445770264 0.1140245571732521 0.79213947057724
v 2.3432583808898926 0.06266055256128311 0.7771005034446716
v 2.4656448364257812 0.11382219195365906 0.5040580034255981
v 2.3887126445770264 0.1140245571732521 0.79213947057724
v 2.4656448364257812 0.11382219195365906 0.5040580034255981
v 2.418726682662964 0.062462035566568375 0.4945010244846344
v 2.507964849472046 0.11361393332481384 0.208899587392807
v 2.4656448364257812 0.11382219195365906 0.5040580034255981
v 2.507964849472046 0.11361393332481384 0.208899587392807
v 2.4602410793304443 0.06225774437189102 0.20495925843715668
v 2.515078544616699 0.11340271681547165 -0.0891924500465393
v 2.507964849472046 0.11361393332481384 0.208899587392807
v 2.467219352722168 0.06205054372549057 -0.08746028691530228
v 2.515078544616699 0.11340271681547165 -0.0891924500465393
v 2.439563274383545 0.06184334307909012 -0.3786527216434479
v 2.467219352722168 0.06205054372549057 -0.08746028691530228
v 2.439563274383545 0.06184334307909012 -0.3786527216434479
v 2.4232606887817383 -0.00020581857825163752 -0.37607842683792114
v 2.3776609897613525 0.061639051884412766 -0.6645302772521973
v 2.439563274383545 0.06184334307909012 -0.3786527216434479
v 2.3776609897613525 0.061639051884412766 -0.6645302772521973
v 2.361772298812866 -0.0004087446432095021 -0.6600455045700073
v 2.282381296157837 0.06144053861498833 -0.9410799741744995
v 2.3776609897613525 0.061639051884412766 -0.6645302772521973
v 2.282381296157837 0.06144053861498833 -0.9410799741744995
v 2.26712965965271 -0.000605932786129415 -0.9347468614578247
v 2.155062198638916 0.061250586062669754 -1.2044196128845215
v 2.282381296157837 0.06144053861498833 -0.9410799741744995
v 2.155062198638916 0.061250586062669754 -1.2044196128845215
v 2.1406612396240234 -0.0007946149562485516 -1.196326494216919
v 1.9974905252456665 0.061071865260601044 -1.4508522748947144
v 2.155062198638916 0.061250586062669754 -1.2044196128845215
v 1.9974905252456665 0.061071865260601044 -1.4508522748947144
v 1.984142780303955 -0.0009721425012685359 -1.4411123991012573
v 1.8118786811828613 0.06090687960386276 -1.676918864250183
v 1.9974905252456665 0.061071865260601044 -1.4508522748947144
v 1.8118786811828613 0.06090687960386276 -1.676918864250183
v 1.7997713088989258 -0.0011360233183950186 -1.6656681299209595
v 1.6008319854736328 0.06075795367360115 -1.8794459104537964
v 1.8118786811828613 0.06090687960386276 -1.676918864250183
v 1.6008319854736328 0.06075795367360115 -1.8794459104537964
v 1.5901349782943726 -0.0012839569244533777 -1.8668416738510132
v 1.367313027381897 0.06062716990709305 -2.0555901527404785
v 1.6008319854736328 0.06075795367360115 -1.8794459104537964
v 1.367313027381897 0.06062716990709305 -2.0555901527404785
v 1.3581767082214355 -0.0014138664118945599 -2.041808843612671
v 1.1145999431610107 0.0605163648724556 -2.202878952026367
v 1.367313027381897 0.06062716990709305 -2.0555901527404785
v 1.1145999431610107 0.0605163648724556 -2.202878952026367
v 1.1071525812149048 -0.0015239283675327897 -2.188113212585449
v 0.8462404012680054 0.06042709946632385 -2.3192451000213623
v 1.1145999431610107 0.0605163648724556 -2.202878952026367
v 0.8462404012680054 0.06042709946632385 -2.3192451000213623
v 0.8405863642692566 -0.0016125977272167802 -2.303701639175415
v 0.5660013556480408 0.0603606253862381 -2.4030544757843018
v 0.8462404012680054 0.06042709946632385 -2.3192451000213623
v 0.5660013556480408 0.0603606253862381 -2.4030544757843018
v 0.5622202754020691 -0.0016786298947408795 -2.386950969696045
v 0.27781692147254944 0.06031787022948265 -2.4531309604644775
v 0.5660013556480408 0.0603606253862381 -2.4030544757843018
v 0.27781692147254944 0.06031787022948265 -2.4531309604644775
v 0.27596181631088257 -0.0017210976220667362 -2.436692714691162
v -0.014267468824982643 0.06029944121837616 -2.46877121925354
v 0.27781692147254944 0.06031787022948265 -2.4531309604644775
v -0.014267468824982643 0.06029944121837616 -2.46877121925354
v -0.014170574955642223 -0.0017394049791619182 -2.452228546142578
v -0.3061515986919403 0.06030559167265892 -2.449756383895874
v -0.014267468824982643 0.06029944121837616 -2.46877121925354
v -0.3061515986919403 0.06030559167265892 -2.449756383895874
v -0.3041040003299713 -0.0017332946881651878 -2.433340549468994
v -0.5937380790710449 0.06033623591065407 -2.396352529525757
v -0.3061515986919403 0.06030559167265892 -2.449756383895874
v -0.5937380790710449 0.06033623591065407 -2.396352529525757
v -0.5897685289382935 -0.001702853012830019 -2.380293846130371
v -0.8729897737503052 0.06039094924926758 -2.3093101978302
v -0.5937380790710449 0.06033623591065407 -2.396352529525757
v -0.8729897737503052 0.06039094924926758 -2.3093101978302
v -0.8671539425849915 -0.0016485069645568728 -2.2938332557678223
v -1.1399866342544556 0.06046895682811737 -2.1898505687713623
v -0.8729897737503052 0.06039094924926758 -2.3093101978302
v -1.1399866342544556 0.06046895682811737 -2.1898505687713623
v -1.132366418838501 -0.0015710195293650031 -2.1751718521118164
v -1.39098060131073 0.060569170862436295 -2.0396509170532227
v -1.1399866342544556 0.06046895682811737 -2.1898505687713623
v -1.39098060131073 0.060569170862436295 -2.0396509170532227
v -1.3816829919815063 -0.0014714781427755952 -2.0259759426116943
v -1.6224483251571655 0.060690175741910934 -1.860819697380066
v -1.39098060131073 0.060569170862436295 -2.0396509170532227
v -1.6224483251571655 0.060690175741910934 -1.860819697380066
v -1.6116037368774414 -0.001351280719973147 -1.8483399152755737
v -1.8311402797698975 0.06083027645945549 -1.6558672189712524
v -1.6224483251571655 0.060690175741910934 -1.860819697380066
v -1.8311402797698975 0.06083027645945549 -1.6558672189712524
v -1.8189010620117188 -0.0012121141189709306 -1.6447570323944092
v -2.014127254486084 0.06098750978708267 -1.4276704788208008
v -1.8311402797698975 0.06083027645945549 -1.6558672189712524
v -2.014127254486084 0.06098750978708267 -1.4276704788208008
v -2.0006649494171143 -0.0010559322545304894 -1.4180855751037598
v -2.168840169906616 0.06115966662764549 -1.1794331073760986
v -2.014127254486084 0.06098750978708267 -1.4276704788208008
v -2.168840169906616 0.06115966662764549 -1.1794331073760986
v -2.154344081878662 -0.0008849272853694856 -1.1715072393417358
v -2.293107271194458 0.06134432926774025 -0.9146397113800049
v -2.168840169906616 0.06115966662764549 -1.1794331073760986
v -2.293107271194458 0.06134432926774025 -0.9146397113800049
v -2.2777810096740723 -0.0007014998700469732 -0.9084833860397339
v -2.3851845264434814 0.061538904905319214 -0.6370074152946472
v -2.293107271194458 0.06134432926774025 -0.9146397113800049
v -2.3851845264434814 0.061538904905319214 -0.6370074152946472
v -2.3692424297332764 -0.0005082249990664423 -0.6327065229415894
v -2.4437787532806396 0.061740659177303314 -0.3504335284233093
v -2.3851845264434814 0.061538904905319214 -0.6370074152946472
v -2.4437787532806396 0.061740659177303314 -0.3504335284233093
v -2.42744517326355 -0.0003078157315030694 -0.3480478525161743
v -2.4680678844451904 0.061946768313646317 -0.05894093215465546
v -2.4437787532806396 0.061740659177303314 -0.3504335284233093
v -2.4680678844451904 0.061946768313646317 -0.05894093215465546
v -2.4515721797943115 -0.0001030854182317853 -0.05850331112742424
v -2.4577107429504395 0.06215433403849602 0.23337844014167786
v -2.4680678844451904 0.061946768313646317 -0.05894093215465546
v -2.4577107429504395 0.06215433403849602 0.23337844014167786
v -2.4412841796875 0.0001030919884215109 0.23186245560646057
v -2.4128527641296387 0.06236043944954872 0.5224210619926453
v -2.4577107429504395 0.06215433403849602 0.23337844014167786
v -2.4128527641296387 0.06236043944954872 0.5224210619926453
v -2.396725654602051 0.00030782222165726125 0.5189734101295471
v -2.334123373031616 0.06256219744682312 0.804129421710968
v -2.4128527641296387 0.06236043944954872 0.5224210619926453
v -2.334123373031616 0.06256219744682312 0.804129421710968
v -2.3185226917266846 0.0005082312854938209 0.7987990975379944
v -2.222628355026245 0.06275677680969238 1.0745489597320557
v -2.334123373031616 0.06256219744682312 0.804129421710968
v -2.222628355026245 0.06275677680969238 1.0745489597320557
v -2.207772970199585 0.0007015059236437082 1.0674113035202026
v -2.079932451248169 0.06294143199920654 1.3298835754394531
v -2.222628355026245 0.06275677680969238 1.0745489597320557
v -2.079932451248169 0.06294143199920654 1.3298835754394531
v -2.066030502319336 0.0008849329897202551 1.3210395574569702
v -1.908038854598999 0.06311359256505966 1.5665489435195923
v -2.079932451248169 0.06294143199920654 1.3298835754394531
v -1.908038854598999 0.06311359256505966 1.5665489435195923
v -1.8952856063842773 0.0010559374932199717 1.5561232566833496
v -1.7093604803085327 0.06327082216739655 1.7812228202819824
v -1.908038854598999 0.06311359256505966 1.5665489435195923
v -1.7093604803085327 0.06327082216739655 1.7812228202819824
v -1.6979351043701172 0.0012121188919991255 1.7693623304367065
v -1.4866867065429688 0.0634109228849411 1.9708914756774902
v -1.7093604803085327 0.06327082216739655 1.7812228202819824
v -1.4866867065429688 0.0634109228849411 1.9708914756774902
v -1.4767494201660156 0.0013512849109247327 1.9577635526657104
v -1.24314284324646 0.06353192776441574 2.132892608642578
v -1.4866867065429688 0.0634109228849411 1.9708914756774902
v -1.24314284324646 0.06353192776441574 2.132892608642578
v -1.2348332405090332 0.00147148163523525 2.1186819076538086
v -0.9821482300758362 0.06363213807344437 2.2649519443511963
v -1.24314284324646 0.06353192776441574 2.132892608642578
v -0.9821482300758362 0.06363213807344437 2.2649519443511963
v -0.9755828380584717 0.001571022323332727 2.249858856201172
v -0.7073662877082825 0.06371014565229416 2.36521577835083
v -0.9821482300758362 0.06363213807344437 2.2649519443511963
v -0.7073662877082825 0.06371014565229416 2.36521577835083
v -0.7026373744010925 0.0016485090600326657 2.349452495574951
v -0.42265453934669495 0.06376485526561737 2.432276487350464
v -0.7073662877082825 0.06371014565229416 2.36521577835083
v -0.42265453934669495 0.06376485526561737 2.432276487350464
v -0.4198283851146698 0.001702854293398559 2.416064977645874
v -0.13200968503952026 0.06379550695419312 2.4651927947998047
v -0.42265453934669495 0.06376485526561737 2.432276487350464
v -0.13200968503952026 0.06379550695419312 2.4651927947998047
v -0.13112589716911316 0.001733295270241797 2.448761224746704
v 0.1604882776737213 0.06380165368318558 2.4635024070739746
v -0.13200968503952026 0.06379550695419312 2.4651927947998047
v 0.1604882776737213 0.06380165368318558 2.4635024070739746
v 0.1594172716140747 0.0017394047463312745 2.447082281112671
v 0.45073333382606506 0.06378322094678879 2.427229642868042
v 0.1604882776737213 0.06380165368318558 2.4635024070739746
v 0.45073333382606506 0.06378322094678879 2.427229642868042
v 0.44772258400917053 0.0017210965743288398 2.4110517501831055
v 0.7346510887145996 0.06374046951532364 2.3568828105926514
v 0.45073333382606506 0.06378322094678879 2.427229642868042
v 0.7346510887145996 0.06374046951532364 2.3568828105926514
v 0.7297428846359253 0.0016786281485110521 2.3411753177642822
v 1.0082558393478394 0.06367399543523788 2.2534501552581787
v 0.7346510887145996 0.06374046951532364 2.3568828105926514
v 1.0082558393478394 0.06367399543523788 2.2534501552581787
v 1.0015190839767456 0.0016125952824950218 2.238433837890625
v 1.2677068710327148 0.06358472257852554 2.1183831691741943
v 1.0082558393478394 0.06367399543523788 2.2534501552581787
v 1.2677068710327148 0.06358472257852554 2.1183831691741943
v 1.259236216545105 0.0015239251079037786 2.104269504547119
v 1.5093621015548706 0.06347392499446869 1.9535783529281616
v 1.2677068710327148 0.06358472257852554 2.1183831691741943
v 1.5093621015548706 0.06347392499446869 1.9535783529281616
v 1.4992765188217163 0.0014138625701889396 1.940566062927246
v 1.7298293113708496 0.06334313750267029 1.761348843574524
v 1.5093621015548706 0.06347392499446869 1.9535783529281616
v 1.7298293113708496 0.06334313750267029 1.761348843574524
v 1.7182700634002686 0.0012839523842558265 1.7496212720870972
v 1.9260132312774658 0.06319420784711838 1.5443933010101318
v 1.7298293113708496 0.06334313750267029 1.761348843574524
v 1.9260132312774658 0.06319420784711838 1.5443933010101318
v 1.9131431579589844 0.00113601831253618 1.5341156721115112
v 2.0951602458953857 0.0630292221903801 1.3057571649551392
v 1.9260132312774658 0.06319420784711838 1.5443933010101318
v 2.0951602458953857 0.0630292221903801 1.3057571649551392
v 2.0811595916748047 0.00097213702974841 1.297074317932129
v 2.234895944595337 0.06285050511360168 1.0487905740737915
v 2.0951602458953857 0.0630292221903801 1.3057571649551392
v 2.234895944595337 0.06285050511360168 1.0487905740737915
v 2.219961404800415 0.0007946091354824603 1.0418249368667603
v 2.3432583808898926 0.06266055256128311 0.7771005034446716
v 2.234895944595337 0.06285050511360168 1.0487905740737915
v 2.3432583808898926 0.06266055256128311 0.7771005034446716
v 2.3275997638702393 0.0006059266161173582 0.7719506621360779
v 2.418726682662964 0.062462035566568375 0.4945010244846344
v 2.3432583808898926 0.06266055256128311 0.7771005034446716
v 2.418726682662964 0.062462035566568375 0.4945010244846344
v 2.4025635719299316 0.0004087382403668016 0.4912399351596832
v 2.4602410793304443 0.06225774437189102 0.20495925843715668
v 2.418726682662964 0.062462035566568375 0.4945010244846344
v 2.4602410793304443 0.06225774437189102 0.20495925843715668
v 2.443800449371338 0.00020581204444169998 0.20363321900367737
v 2.467219352722168 0.06205054372549057 -0.08746028691530228
v 2.4602410793304443 0.06225774437189102 0.20495925843715668
v 2.4507322311401367 -3.292276229416302e-9 -0.08683207631111145
v 2.467219352722168 0.06205054372549057 -0.08746028691530228
v 2.4232606887817383 -0.00020581857825163752 -0.37607842683792114
v 2.4507322311401367 -3.292276229416302e-9 -0.08683207631111145
v 2.4232606887817383 -0.00020581857825163752 -0.37607842683792114
v 2.4395663738250732 -0.06225775182247162 -0.378564715385437
v 2.361772298812866 -0.0004087446432095021 -0.6600455045700073
v 2.4232606887817383 -0.00020581857825163752 -0.37607842683792114
v 2.361772298812866 -0.0004087446432095021 -0.6600455045700073
v 2.377664089202881 -0.06246204301714897 -0.6644423007965088
v 2.26712965965271 -0.000605932786129415 -0.9347468614578247
v 2.361772298812866 -0.0004087446432095021 -0.6600455045700073
v 2.26712965965271 -0.000605932786129415 -0.9347468614578247
v 2.2823843955993652 -0.06266056001186371 -0.9409919381141663
v 2.1406612396240234 -0.0007946149562485516 -1.196326494216919
v 2.26712965965271 -0.000605932786129415 -0.9347468614578247
v 2.1406612396240234 -0.0007946149562485516 -1.196326494216919
v 2.1550652980804443 -0.06285050511360168 -1.2043315172195435
v 1.984142780303955 -0.0009721425012685359 -1.4411123991012573
v 2.1406612396240234 -0.0007946149562485516 -1.196326494216919
v 1.984142780303955 -0.0009721425012685359 -1.4411123991012573
v 1.9974937438964844 -0.0630292296409607 -1.4507642984390259
v 1.7997713088989258 -0.0011360233183950186 -1.6656681299209595
v 1.984142780303955 -0.0009721425012685359 -1.4411123991012573
v 1.7997713088989258 -0.0011360233183950186 -1.6656681299209595
v 1.8118817806243896 -0.06319421529769897 -1.6768308877944946
v 1.5901349782943726 -0.0012839569244533777 -1.8668416738510132
v 1.7997713088989258 -0.0011360233183950186 -1.6656681299209595
v 1.5901349782943726 -0.0012839569244533777 -1.8668416738510132
v 1.6008350849151611 -0.06334314495325089 -1.879357933998108
v 1.3581767082214355 -0.0014138664118945599 -2.041808843612671
v 1.5901349782943726 -0.0012839569244533777 -1.8668416738510132
v 1.3581767082214355 -0.0014138664118945599 -2.041808843612671
v 1.3673161268234253 -0.06347392499446869 -2.05550217628479
v 1.1071525812149048 -0.0015239283675327897 -2.188113212585449
v 1.3581767082214355 -0.0014138664118945599 -2.041808843612671
v 1.1071525812149048 -0.0015239283675327897 -2.188113212585449
v 1.114603042602539 -0.06358473002910614 -2.2027909755706787
v 0.8405863642692566 -0.0016125977272167802 -2.303701639175415
v 1.1071525812149048 -0.0015239283675327897 -2.188113212585449
v 0.8405863642692566 -0.0016125977272167802 -2.303701639175415
v 0.8462435007095337 -0.06367399543523788 -2.319157123565674
v 0.5622202754020691 -0.0016786298947408795 -2.386950969696045
v 0.8405863642692566 -0.0016125977272167802 -2.303701639175415
v 0.5622202754020691 -0.0016786298947408795 -2.386950969696045
v 0.5660045146942139 -0.06374046951532364 -2.4029664993286133
v 0.27596181631088257 -0.0017210976220667362 -2.436692714691162
v 0.5622202754020691 -0.0016786298947408795 -2.386950969696045
v 0.27596181631088257 -0.0017210976220667362 -2.436692714691162
v 0.27782002091407776 -0.06378322839736938 -2.453042984008789
v -0.014170574955642223 -0.0017394049791619182 -2.452228546142578
v 0.27596181631088257 -0.0017210976220667362 -2.436692714691162
v -0.014170574955642223 -0.0017394049791619182 -2.452228546142578
v -0.01426435075700283 -0.06380165368318558 -2.4686832427978516
v -0.3041040003299713 -0.0017332946881651878 -2.433340549468994
v -0.014170574955642223 -0.0017394049791619182 -2.452228546142578
v -0.3041040003299713 -0.0017332946881651878 -2.433340549468994
v -0.3061484694480896 -0.06379550695419312 -2.4496684074401855
v -0.5897685289382935 -0.001702853012830019 -2.380293846130371
v -0.3041040003299713 -0.0017332946881651878 -2.433340549468994
v -0.5897685289382935 -0.001702853012830019 -2.380293846130371
v -0.5937349200248718 -0.06376485526561737 -2.3962645530700684
v -0.8671539425849915 -0.0016485069645568728 -2.2938332557678223
v -0.5897685289382935 -0.001702853012830019 -2.380293846130371
v -0.8671539425849915 -0.0016485069645568728 -2.2938332557678223
v -0.8729866743087769 -0.06371014565229416 -2.3092222213745117
v -1.132366418838501 -0.0015710195293650031 -2.1751718521118164
v -0.8671539425849915 -0.0016485069645568728 -2.2938332557678223
v -1.132366418838501 -0.0015710195293650031 -2.1751718521118164
v -1.1399835348129272 -0.06363213807344437 -2.189762592315674
v -1.3816829919815063 -0.0014714781427755952 -2.0259759426116943
v -1.132366418838501 -0.0015710195293650031 -2.1751718521118164
v -1.3816829919815063 -0.0014714781427755952 -2.0259759426116943
v -1.390977382659912 -0.06353192776441574 -2.039562702178955
v -1.6116037368774414 -0.001351280719973147 -1.8483399152755737
v -1.3816829919815063 -0.0014714781427755952 -2.0259759426116943
v -1.6116037368774414 -0.001351280719973147 -1.8483399152755737
v -1.6224452257156372 -0.0634109228849411 -1.860731601715088
v -1.8189010620117188 -0.0012121141189709306 -1.6447570323944092
v -1.6116037368774414 -0.001351280719973147 -1.8483399152755737
v -1.8189010620117188 -0.0012121141189709306 -1.6447570323944092
v -1.8311371803283691 -0.06327081471681595 -1.6557791233062744
v -2.0006649494171143 -0.0010559322545304894 -1.4180855751037598
v -1.8189010620117188 -0.0012121141189709306 -1.6447570323944092
v -2.0006649494171143 -0.0010559322545304894 -1.4180855751037598
v -2.0141241550445557 -0.06311358511447906 -1.4275825023651123
v -2.154344081878662 -0.0008849272853694856 -1.1715072393417358
v -2.0006649494171143 -0.0010559322545304894 -1.4180855751037598
v -2.154344081878662 -0.0008849272853694856 -1.1715072393417358
v -2.168837070465088 -0.06294143199920654 -1.1793451309204102
v -2.2777810096740723 -0.0007014998700469732 -0.9084833860397339
v -2.154344081878662 -0.0008849272853694856 -1.1715072393417358
v -2.2777810096740723 -0.0007014998700469732 -0.9084833860397339
v -2.2931041717529297 -0.06275676935911179 -0.9145517349243164
v -2.3692424297332764 -0.0005082249990664423 -0.6327065229415894
v -2.2777810096740723 -0.0007014998700469732 -0.9084833860397339
v -2.3692424297332764 -0.0005082249990664423 -0.6327065229415894
v -2.385181427001953 -0.06256218999624252 -0.636919379234314
v -2.42744517326355 -0.0003078157315030694 -0.3480478525161743
v -2.3692424297332764 -0.0005082249990664423 -0.6327065229415894
v -2.42744517326355 -0.0003078157315030694 -0.3480478525161743
v -2.4437756538391113 -0.06236043572425842 -0.35034552216529846
v -2.4515721797943115 -0.0001030854182317853 -0.05850331112742424
v -2.42744517326355 -0.0003078157315030694 -0.3480478525161743
v -2.4515721797943115 -0.0001030854182317853 -0.05850331112742424
v -2.468064785003662 -0.06215432658791542 -0.058852922171354294
v -2.4412841796875 0.0001030919884215109 0.23186245560646057
v -2.4515721797943115 -0.0001030854182317853 -0.05850331112742424
v -2.4412841796875 0.0001030919884215109 0.23186245560646057
v -2.457707643508911 -0.06194676086306572 0.23346644639968872
v -2.396725654602051 0.00030782222165726125 0.5189734101295471
v -2.4412841796875 0.0001030919884215109 0.23186245560646057
v -2.396725654602051 0.00030782222165726125 0.5189734101295471
v -2.4128494262695312 -0.061740655452013016 0.5225090980529785
v -2.3185226917266846 0.0005082312854938209 0.7987990975379944
v -2.396725654602051 0.00030782222165726125 0.5189734101295471
v -2.3185226917266846 0.0005082312854938209 0.7987990975379944
v -2.334120273590088 -0.06153889745473862 0.8042174577713013
v -2.207772970199585 0.0007015059236437082 1.0674113035202026
v -2.3185226917266846 0.0005082312854938209 0.7987990975379944
v -2.207772970199585 0.0007015059236437082 1.0674113035202026
v -2.222625255584717 -0.06134432181715965 1.0746369361877441
v -2.066030502319336 0.0008849329897202551 1.3210395574569702
v -2.207772970199585 0.0007015059236437082 1.0674113035202026
v -2.066030502319336 0.0008849329897202551 1.3210395574569702
v -2.0799293518066406 -0.061159659177064896 1.3299715518951416
v -1.8952856063842773 0.0010559374932199717 1.5561232566833496
v -2.066030502319336 0.0008849329897202551 1.3210395574569702
v -1.8952856063842773 0.0010559374932199717 1.5561232566833496
v -1.9080357551574707 -0.060987506061792374 1.5666369199752808
v -1.6979351043701172 0.0012121188919991255 1.7693623304367065
v -1.8952856063842773 0.0010559374932199717 1.5561232566833496
v -1.6979351043701172 0.0012121188919991255 1.7693623304367065
v -1.7093573808670044 -0.06083027273416519 1.781310796737671
v -1.4767494201660156 0.0013512849109247327 1.9577635526657104
v -1.6979351043701172 0.0012121188919991255 1.7693623304367065
v -1.4767494201660156 0.0013512849109247327 1.9577635526657104
v -1.4866834878921509 -0.060690172016620636 1.9709795713424683
v -1.2348332405090332 0.00147148163523525 2.1186819076538086
v -1.4767494201660156 0.0013512849109247327 1.9577635526657104
v -1.2348332405090332 0.00147148163523525 2.1186819076538086
v -1.2431397438049316 -0.060569167137145996 2.1329805850982666
v -0.9755828380584717 0.001571022323332727 2.249858856201172
v -1.2348332405090332 0.00147148163523525 2.1186819076538086
v -0.9755828380584717 0.001571022323332727 2.249858856201172
v -0.9821451306343079 -0.06046895682811737 2.2650399208068848
v -0.7026373744010925 0.0016485090600326657 2.349452495574951
v -0.9755828380584717 0.001571022323332727 2.249858856201172
v -0.7026373744010925 0.0016485090600326657 2.349452495574951
v -0.7073631882667542 -0.06039094552397728 2.3653037548065186
v -0.4198283851146698 0.001702854293398559 2.416064977645874
v -0.7026373744010925 0.0016485090600326657 2.349452495574951
v -0.4198283851146698 0.001702854293398559 2.416064977645874
v -0.4226514399051666 -0.06033623591065407 2.4323644638061523
v -0.13112589716911316 0.001733295270241797 2.448761224746704
v -0.4198283851146698 0.001702854293398559 2.416064977645874
v -0.13112589716911316 0.001733295270241797 2.448761224746704
v -0.13200657069683075 -0.06030559167265892 2.465280771255493
v 0.1594172716140747 0.0017394047463312745 2.447082281112671
v -0.13112589716911316 0.001733295270241797 2.448761224746704
v 0.1594172716140747 0.0017394047463312745 2.447082281112671
v 0.16049139201641083 -0.06029944121837616 2.463590383529663
v 0.44772258400917053 0.0017210965743288398 2.4110517501831055
v 0.1594172716140747 0.0017394047463312745 2.447082281112671
v 0.44772258400917053 0.0017210965743288398 2.4110517501831055
v 0.4507364332675934 -0.06031787022948265 2.4273176193237305
v 0.7297428846359253 0.0016786281485110521 2.3411753177642822
v 0.44772258400917053 0.0017210965743288398 2.4110517501831055
v 0.7297428846359253 0.0016786281485110521 2.3411753177642822
v 0.7346541881561279 -0.0603606253862381 2.356971025466919
v 1.0015190839767456 0.0016125952824950218 2.238433837890625
v 0.7297428846359253 0.0016786281485110521 2.3411753177642822
v 1.0015190839767456 0.0016125952824950218 2.238433837890625
v 1.0082589387893677 -0.06042710319161415 2.253538131713867
v 1.259236216545105 0.0015239251079037786 2.104269504547119
v 1.0015190839767456 0.0016125952824950218 2.238433837890625
v 1.259236216545105 0.0015239251079037786 2.104269504547119
v 1.2677099704742432 -0.060516368597745895 2.118471145629883
v 1.4992765188217163 0.0014138625701889396 1.940566062927246
v 1.259236216545105 0.0015239251079037786 2.104269504547119
v 1.4992765188217163 0.0014138625701889396 1.940566062927246
v 1.509365200996399 -0.06062717363238335 1.95366632938385
v 1.7182700634002686 0.0012839523842558265 1.7496212720870972
v 1.4992765188217163 0.0014138625701889396 1.940566062927246
v 1.7182700634002686 0.0012839523842558265 1.7496212720870972
v 1.729832410812378 -0.06075795739889145 1.761436939239502
v 1.9131431579589844 0.00113601831253618 1.5341156721115112
v 1.7182700634002686 0.0012839523842558265 1.7496212720870972
v 1.9131431579589844 0.00113601831253618 1.5341156721115112
v 1.9260163307189941 -0.06090688705444336 1.5444812774658203
v 2.0811595916748047 0.00097213702974841 1.297074317932129
v 1.9131431579589844 0.00113601831253618 1.5341156721115112
v 2.0811595916748047 0.00097213702974841 1.297074317932129
v 2.095163345336914 -0.06107186898589134 1.3058451414108276
v 2.219961404800415 0.0007946091354824603 1.0418249368667603
v 2.0811595916748047 0.00097213702974841 1.297074317932129
v 2.219961404800415 0.0007946091354824603 1.0418249368667603
v 2.2348990440368652 -0.06125059351325035 1.04887855052948
v 2.3275997638702393 0.0006059266161173582 0.7719506621360779
v 2.219961404800415 0.0007946091354824603 1.0418249368667603
v 2.3275997638702393 0.0006059266161173582 0.7719506621360779
v 2.343261480331421 -0.061440542340278625 0.7771884799003601
v 2.4025635719299316 0.0004087382403668016 0.4912399351596832
v 2.3275997638702393 0.0006059266161173582 0.7719506621360779
v 2.4025635719299316 0.0004087382403668016 0.4912399351596832
v 2.418729782104492 -0.06163905933499336 0.49458903074264526
v 2.443800449371338 0.00020581204444169998 0.20363321900367737
v 2.4025635719299316 0.0004087382403668016 0.4912399351596832
v 2.443800449371338 0.00020581204444169998 0.20363321900367737
v 2.4602444171905518 -0.061843350529670715 0.20504727959632874
v 2.4507322311401367 -3.292276229416302e-9 -0.08683207631111145
v 2.443800449371338 0.00020581204444169998 0.20363321900367737
v 2.4672224521636963 -0.06205055117607117 -0.08737228065729141
v 2.4507322311401367 -3.292276229416302e-9 -0.08683207631111145
v 2.4395663738250732 -0.06225775182247162 -0.378564715385437
v 2.4672224521636963 -0.06205055117607117 -0.08737228065729141
v 2.4395663738250732 -0.06225775182247162 -0.378564715385437
v 2.486891508102417 -0.11361394077539444 -0.3858727216720581
v 2.377664089202881 -0.06246204301714897 -0.6644423007965088
v 2.4395663738250732 -0.06225775182247162 -0.378564715385437
v 2.377664089202881 -0.06246204301714897 -0.6644423007965088
v 2.42378830909729 -0.11382219940423965 -0.6772958636283875
v 2.2823843955993652 -0.06266056001186371 -0.9409919381141663
v 2.377664089202881 -0.06246204301714897 -0.6644423007965088
v 2.2823843955993652 -0.06266056001186371 -0.9409919381141663
v 2.326660394668579 -0.1140245646238327 -0.9592101573944092
v 2.1550652980804443 -0.06285050511360168 -1.2043315172195435
v 2.2823843955993652 -0.06266056001186371 -0.9409919381141663
v 2.1550652980804443 -0.06285050511360168 -1.2043315172195435
v 2.196871519088745 -0.11421819776296616 -1.2276581525802612
v 1.9974937438964844 -0.0630292296409607 -1.4507642984390259
v 2.1550652980804443 -0.06285050511360168 -1.2043315172195435
v 1.9974937438964844 -0.0630292296409607 -1.4507642984390259
v 2.036243200302124 -0.11440038681030273 -1.4788713455200195
v 1.8118817806243896 -0.06319421529769897 -1.6768308877944946
v 1.9974937438964844 -0.0630292296409607 -1.4507642984390259
v 1.8118817806243896 -0.06319421529769897 -1.6768308877944946
v 1.8470308780670166 -0.1145685687661171 -1.7093234062194824
v 1.6008350849151611 -0.06334314495325089 -1.879357933998108
v 1.8118817806243896 -0.06319421529769897 -1.6768308877944946
v 1.6008350849151611 -0.06334314495325089 -1.879357933998108
v 1.6318901777267456 -0.11472038924694061 -1.9157789945602417
v 1.3673161268234253 -0.06347392499446869 -2.05550217628479
v 1.6008350849151611 -0.06334314495325089 -1.879357933998108
v 1.3673161268234253 -0.06347392499446869 -2.05550217628479
v 1.39384126663208 -0.11485370993614197 -2.0953402519226074
v 1.114603042602539 -0.06358473002910614 -2.2027909755706787
v 1.3673161268234253 -0.06347392499446869 -2.05550217628479
v 1.114603042602539 -0.06358473002910614 -2.2027909755706787
v 1.136225938796997 -0.11496666073799133 -2.245486259460449
v 0.8462435007095337 -0.06367399543523788 -2.319157123565674
v 1.114603042602539 -0.06358473002910614 -2.2027909755706787
v 0.8462435007095337 -0.06367399543523788 -2.319157123565674
v 0.8626605868339539 -0.11505766212940216 -2.364109516143799
v 0.5660045146942139 -0.06374046951532364 -2.4029664993286133
v 0.8462435007095337 -0.06367399543523788 -2.319157123565674
v 0.5660045146942139 -0.06374046951532364 -2.4029664993286133
v 0.5769853591918945 -0.11512542515993118 -2.449544906616211
v 0.27782002091407776 -0.06378322839736938 -2.453042984008789
v 0.5660045146942139 -0.06374046951532364 -2.4029664993286133
v 0.27782002091407776 -0.06378322839736938 -2.453042984008789
v 0.2832105755805969 -0.11516901105642319 -2.5005927085876465
v -0.01426435075700283 -0.06380165368318558 -2.4686832427978516
v 0.27782002091407776 -0.06378322839736938 -2.453042984008789
v -0.01426435075700283 -0.06380165368318558 -2.4686832427978516
v -0.01453979592770338 -0.11518779397010803 -2.5165364742279053
v -0.3061484694480896 -0.06379550695419312 -2.4496684074401855
v -0.01426435075700283 -0.06380165368318558 -2.4686832427978516
v -0.3061484694480896 -0.06379550695419312 -2.4496684074401855
v -0.3120860457420349 -0.11518152803182602 -2.49715256690979
v -0.5937349200248718 -0.06376485526561737 -2.3962645530700684
v -0.3061484694480896 -0.06379550695419312 -2.4496684074401855
v -0.5937349200248718 -0.06376485526561737 -2.3962645530700684
v -0.6052512526512146 -0.11515028029680252 -2.4427130222320557
v -0.8729866743087769 -0.06371014565229416 -2.3092222213745117
v -0.5937349200248718 -0.06376485526561737 -2.3962645530700684
v -0.8729866743087769 -0.06371014565229416 -2.3092222213745117
v -0.8899199962615967 -0.11509451270103455 -2.3539819717407227
v -1.1399835348129272 -0.06363213807344437 -2.189762592315674
v -0.8729866743087769 -0.06371014565229416 -2.3092222213745117
v -1.1399835348129272 -0.06363213807344437 -2.189762592315674
v -1.1620961427688599 -0.11501498520374298 -2.2322051525115967
v -1.390977382659912 -0.06353192776441574 -2.039562702178955
v -1.1399835348129272 -0.06363213807344437 -2.189762592315674
v -1.390977382659912 -0.06353192776441574 -2.039562702178955
v -1.4179590940475464 -0.11491283029317856 -2.0790915489196777
v -1.6224452257156372 -0.0634109228849411 -1.860731601715088
v -1.390977382659912 -0.06353192776441574 -2.039562702178955
v -1.6224452257156372 -0.0634109228849411 -1.860731601715088
v -1.653916835784912 -0.11478947848081589 -1.8967913389205933
v -1.8311371803283691 -0.06327081471681595 -1.6557791233062744
v -1.6224452257156372 -0.0634109228849411 -1.860731601715088
v -1.8311371803283691 -0.06327081471681595 -1.6557791233062744
v -1.8666572570800781 -0.11464665830135345 -1.6878631114959717
v -2.0141241550445557 -0.06311358511447906 -1.4275825023651123
v -1.8311371803283691 -0.06327081471681595 -1.6557791233062744
v -2.0141241550445557 -0.06311358511447906 -1.4275825023651123
v -2.0531938076019287 -0.11448637396097183 -1.4552397727966309
v -2.168837070465088 -0.06294143199920654 -1.1793451309204102
v -2.0141241550445557 -0.06311358511447906 -1.4275825023651123
v -2.168837070465088 -0.06294143199920654 -1.1793451309204102
v -2.2109079360961914 -0.11431088298559189 -1.2021870613098145
v -2.2931041717529297 -0.06275676935911179 -0.9145517349243164
v -2.168837070465088 -0.06294143199920654 -1.1793451309204102
v -2.2931041717529297 -0.06275676935911179 -0.9145517349243164
v -2.337585926055908 -0.11412263661623001 -0.9322570562362671
v -2.385181427001953 -0.06256218999624252 -0.636919379234314
v -2.2931041717529297 -0.06275676935911179 -0.9145517349243164
v -2.385181427001953 -0.06256218999624252 -0.636919379234314
v -2.4314489364624023 -0.1139242872595787 -0.6492391228675842
v -2.4437756538391113 -0.06236043572425842 -0.35034552216529846
v -2.385181427001953 -0.06256218999624252 -0.636919379234314
v -2.4437756538391113 -0.06236043572425842 -0.35034552216529846
v -2.491179943084717 -0.11371861398220062 -0.35710611939430237
v -2.468064785003662 -0.06215432658791542 -0.058852922171354294
v -2.4437756538391113 -0.06236043572425842 -0.35034552216529846
v -2.468064785003662 -0.06215432658791542 -0.058852922171354294
v -2.5159401893615723 -0.11350850760936737 -0.05995902419090271
v -2.457707643508911 -0.06194676086306572 0.23346644639968872
v -2.468064785003662 -0.06215432658791542 -0.058852922171354294
v -2.457707643508911 -0.06194676086306572 0.23346644639968872
v -2.5053820610046387 -0.11329691857099533 0.23803091049194336
v -2.4128494262695312 -0.061740655452013016 0.5225090980529785
v -2.457707643508911 -0.06194676086306572 0.23346644639968872
v -2.4128494262695312 -0.061740655452013016 0.5225090980529785
v -2.459653854370117 -0.11308681219816208 0.5326805114746094
v -2.334120273590088 -0.06153889745473862 0.8042174577713013
v -2.4128494262695312 -0.061740655452013016 0.5225090980529785
v -2.334120273590088 -0.06153889745473862 0.8042174577713013
v -2.379397392272949 -0.1128811463713646 0.8198536038398743
v -2.222625255584717 -0.06134432181715965 1.0746369361877441
v -2.334120273590088 -0.06153889745473862 0.8042174577713013
v -2.222625255584717 -0.06134432181715965 1.0746369361877441
v -2.265739679336548 -0.11268279701471329 1.0955188274383545
v -2.0799293518066406 -0.061159659177064896 1.3299715518951416
v -2.222625255584717 -0.06134432181715965 1.0746369361877441
v -2.0799293518066406 -0.061159659177064896 1.3299715518951416
v -2.1202754974365234 -0.11249455064535141 1.355806589126587
v -1.9080357551574707 -0.060987506061792374 1.5666369199752808
v -2.0799293518066406 -0.061159659177064896 1.3299715518951416
v -1.9080357551574707 -0.060987506061792374 1.5666369199752808
v -1.945047378540039 -0.11231905221939087 1.5970628261566162
v -1.7093573808670044 -0.06083027273416519 1.781310796737671
v -1.9080357551574707 -0.060987506061792374 1.5666369199752808
v -1.7093573808670044 -0.06083027273416519 1.781310796737671
v -1.7425150871276855 -0.11215877532958984 1.8159010410308838
v -1.4866834878921509 -0.060690172016620636 1.9709795713424683
v -1.7093573808670044 -0.06083027273416519 1.781310796737671
v -1.4866834878921509 -0.060690172016620636 1.9709795713424683
v -1.5155216455459595 -0.11201595515012741 2.009248971939087
v -1.2431397438049316 -0.060569167137145996 2.1329805850982666
v -1.4866834878921509 -0.060690172016620636 1.9709795713424683
v -1.2431397438049316 -0.060569167137145996 2.1329805850982666
v -1.2672535181045532 -0.11189260333776474 2.1743927001953125
v -0.9821451306343079 -0.06046895682811737 2.2650399208068848
v -1.2431397438049316 -0.060569167137145996 2.1329805850982666
v -0.9821451306343079 -0.06046895682811737 2.2650399208068848
v -1.0011959075927734 -0.11179044842720032 2.309013843536377
v -0.7073631882667542 -0.06039094552397728 2.3653037548065186
v -0.9821451306343079 -0.06046895682811737 2.2650399208068848
v -0.7073631882667542 -0.06039094552397728 2.3653037548065186
v -0.7210837006568909 -0.11171092838048935 2.4112226963043213
v -0.4226514399051666 -0.06033623591065407 2.4323644638061523
v -0.7073631882667542 -0.06039094552397728 2.3653037548065186
v -0.4226514399051666 -0.06033623591065407 2.4323644638061523
v -0.43084895610809326 -0.11165515333414078 2.479584217071533
v -0.13200657069683075 -0.06030559167265892 2.465280771255493
v -0.4226514399051666 -0.06033623591065407 2.4323644638061523
v -0.13200657069683075 -0.06030559167265892 2.465280771255493
v -0.1345660388469696 -0.11162391304969788 2.513139009475708
v 0.16049139201641083 -0.06029944121837616 2.463590383529663
v -0.13200657069683075 -0.06030559167265892 2.465280771255493
v 0.16049139201641083 -0.06029944121837616 2.463590383529663
v 0.1636059582233429 -0.11161763966083527 2.511415958404541
v 0.4507364332675934 -0.06031787022948265 2.4273176193237305
v 0.16049139201641083 -0.06029944121837616 2.463590383529663
v 0.4507364332675934 -0.06031787022948265 2.4273176193237305
v 0.45948129892349243 -0.11163643002510071 2.4744393825531006
v 0.7346541881561279 -0.0603606253862381 2.356971025466919
v 0.4507364332675934 -0.06031787022948265 2.4273176193237305
v 0.7346541881561279 -0.0603606253862381 2.356971025466919
v 0.7489065527915955 -0.11168001592159271 2.4027280807495117
v 1.0082589387893677 -0.06042710319161415 2.253538131713867
v 0.7346541881561279 -0.0603606253862381 2.356971025466919
v 1.0082589387893677 -0.06042710319161415 2.253538131713867
v 1.0278189182281494 -0.11174777895212173 2.2972888946533203
v 1.2677099704742432 -0.060516368597745895 2.118471145629883
v 1.0082589387893677 -0.06042710319161415 2.253538131713867
v 1.2677099704742432 -0.060516368597745895 2.118471145629883
v 1.2923029661178589 -0.11183878034353256 2.159601926803589
v 1.509365200996399 -0.06062717363238335 1.95366632938385
v 1.2677099704742432 -0.060516368597745895 2.118471145629883
v 1.509365200996399 -0.06062717363238335 1.95366632938385
v 1.5386459827423096 -0.11195173114538193 1.9916001558303833
v 1.729832410812378 -0.06075795739889145 1.761436939239502
v 1.509365200996399 -0.06062717363238335 1.95366632938385
v 1.729832410812378 -0.06075795739889145 1.761436939239502
v 1.7633897066116333 -0.11208505183458328 1.795641541481018
v 1.9260163307189941 -0.06090688705444336 1.5444812774658203
v 1.729832410812378 -0.06075795739889145 1.761436939239502
v 1.9260163307189941 -0.06090688705444336 1.5444812774658203
v 1.9633795022964478 -0.1122368723154068 1.5744774341583252
v 2.095163345336914 -0.06107186898589134 1.3058451414108276
v 1.9260163307189941 -0.06090688705444336 1.5444812774658203
v 2.095163345336914 -0.06107186898589134 1.3058451414108276
v 2.135807514190674 -0.11240505427122116 1.331212043762207
v 2.2348990440368652 -0.06125059351325035 1.04887855052948
v 2.095163345336914 -0.06107186898589134 1.3058451414108276
v 2.2348990440368652 -0.06125059351325035 1.04887855052948
v 2.2782537937164307 -0.11258724331855774 1.0692607164382935
v 2.343261480331421 -0.061440542340278625 0.7771884799003601
v 2.2348990440368652 -0.06125059351325035 1.04887855052948
v 2.343261480331421 -0.061440542340278625 0.7771884799003601
v 2.388718366622925 -0.11278088390827179 0.792300283908844
v 2.418729782104492 -0.06163905933499336 0.49458903074264526
v 2.343261480331421 -0.061440542340278625 0.7771884799003601
v 2.418729782104492 -0.06163905933499336 0.49458903074264526
v 2.4656505584716797 -0.11298324912786484 0.5042188763618469
v 2.4602444171905518 -0.061843350529670715 0.20504727959632874
v 2.418729782104492 -0.06163905933499336 0.49458903074264526
v 2.4602444171905518 -0.061843350529670715 0.20504727959632874
v 2.5079705715179443 -0.11319150030612946 0.2090604305267334
v 2.4672224521636963 -0.06205055117607117 -0.08737228065729141
v 2.4602444171905518 -0.061843350529670715 0.20504727959632874
v 2.5150842666625977 -0.11340272426605225 -0.08903160691261292
v 2.4672224521636963 -0.06205055117607117 -0.08737228065729141
v 2.486891508102417 -0.11361394077539444 -0.3858727216720581
v 2.5150842666625977 -0.11340272426605225 -0.08903160691261292
v 2.486891508102417 -0.11361394077539444 -0.3858727216720581
v 2.560603618621826 -0.1444936841726303 -0.3972904682159424
v 2.42378830909729 -0.11382219940423965 -0.6772958636283875
v 2.486891508102417 -0.11361394077539444 -0.3858727216720581
v 2.42378830909729 -0.11382219940423965 -0.6772958636283875
v 2.4956300258636475 -0.14470811188220978 -0.6973514556884766
v 2.326660394668579 -0.1140245646238327 -0.9592101573944092
v 2.42378830909729 -0.11382219940423965 -0.6772958636283875
v 2.326660394668579 -0.1140245646238327 -0.9592101573944092
v 2.3956234455108643 -0.14491647481918335 -0.9876216650009155
v 2.196871519088745 -0.11421819776296616 -1.2276581525802612
v 2.326660394668579 -0.1140245646238327 -0.9592101573944092
v 2.196871519088745 -0.11421819776296616 -1.2276581525802612
v 2.2619874477386475 -0.14511585235595703 -1.264026403427124
v 2.036243200302124 -0.11440038681030273 -1.4788713455200195
v 2.196871519088745 -0.11421819776296616 -1.2276581525802612
v 2.036243200302124 -0.11440038681030273 -1.4788713455200195
v 2.0965983867645264 -0.14530344307422638 -1.5226856470108032
v 1.8470308780670166 -0.1145685687661171 -1.7093234062194824
v 2.036243200302124 -0.11440038681030273 -1.4788713455200195
v 1.8470308780670166 -0.1145685687661171 -1.7093234062194824
v 1.9017776250839233 -0.14547660946846008 -1.7599681615829468
v 1.6318901777267456 -0.11472038924694061 -1.9157789945602417
v 1.8470308780670166 -0.1145685687661171 -1.7093234062194824
v 1.6318901777267456 -0.11472038924694061 -1.9157789945602417
v 1.6802600622177124 -0.14563293755054474 -1.9725432395935059
v 1.39384126663208 -0.11485370993614197 -2.0953402519226074
v 1.6318901777267456 -0.11472038924694061 -1.9157789945602417
v 1.39384126663208 -0.11485370993614197 -2.0953402519226074
v 1.4351553916931152 -0.14577020704746246 -2.157426595687866
v 1.136225938796997 -0.11496666073799133 -2.245486259460449
v 1.39384126663208 -0.11485370993614197 -2.0953402519226074
v 1.136225938796997 -0.11496666073799133 -2.245486259460449
v 1.1699044704437256 -0.14588651061058044 -2.312023162841797
v 0.8626605868339539 -0.11505766212940216 -2.364109516143799
v 1.136225938796997 -0.11496666073799133 -2.245486259460449
v 0.8626605868339539 -0.11505766212940216 -2.364109516143799
v 0.8882305026054382 -0.14598019421100616 -2.4341623783111572
v 0.5769853591918945 -0.11512542515993118 -2.449544906616211
v 0.8626605868339539 -0.11505766212940216 -2.364109516143799
v 0.5769853591918945 -0.11512542515993118 -2.449544906616211
v 0.5940878987312317 -0.14604997634887695 -2.522129774093628
v 0.2832105755805969 -0.11516901105642319 -2.5005927085876465
v 0.5769853591918945 -0.11512542515993118 -2.449544906616211
v 0.2832105755805969 -0.11516901105642319 -2.5005927085876465
v 0.2916056513786316 -0.14609484374523163 -2.574690580368042
v -0.01453979592770338 -0.11518779397010803 -2.5165364742279053
v 0.2832105755805969 -0.11516901105642319 -2.5005927085876465
v -0.01453979592770338 -0.11518779397010803 -2.5165364742279053
v -0.014970068819820881 -0.14611418545246124 -2.591107130050659
v -0.3120860457420349 -0.11518152803182602 -2.49715256690979
v -0.01453979592770338 -0.11518779397010803 -2.5165364742279053
v -0.3120860457420349 -0.11518152803182602 -2.49715256690979
v -0.3213355839252472 -0.1461077332496643 -2.571148633956909
v -0.6052512526512146 -0.11515028029680252 -2.4427130222320557
v -0.3120860457420349 -0.11518152803182602 -2.49715256690979
v -0.6052512526512146 -0.11515028029680252 -2.4427130222320557
v -0.6231902241706848 -0.1460755616426468 -2.5150954723358154
v -0.8899199962615967 -0.11509451270103455 -2.3539819717407227
v -0.6052512526512146 -0.11515028029680252 -2.4427130222320557
v -0.8899199962615967 -0.11509451270103455 -2.3539819717407227
v -0.9162965416908264 -0.1460181474685669 -2.423734426498413
v -1.1620961427688599 -0.11501498520374298 -2.2322051525115967
v -0.8899199962615967 -0.11509451270103455 -2.3539819717407227
v -1.1620961427688599 -0.11501498520374298 -2.2322051525115967
v -1.196540117263794 -0.1459362655878067 -2.2983481884002686
v -1.4179590940475464 -0.11491283029317856 -2.0790915489196777
v -1.1620961427688599 -0.11501498520374298 -2.2322051525115967
v -1.4179590940475464 -0.11491283029317856 -2.0790915489196777
v -1.459986686706543 -0.14583107829093933 -2.1406965255737305
v -1.653916835784912 -0.11478947848081589 -1.8967913389205933
v -1.4179590940475464 -0.11491283029317856 -2.0790915489196777
v -1.653916835784912 -0.11478947848081589 -1.8967913389205933
v -1.702938199043274 -0.14570407569408417 -1.9529929161071777
v -1.8666572570800781 -0.11464665830135345 -1.6878631114959717
v -1.653916835784912 -0.11478947848081589 -1.8967913389205933
v -1.8666572570800781 -0.11464665830135345 -1.6878631114959717
v -1.921984314918518 -0.14555701613426208 -1.7378718852996826
v -2.0531938076019287 -0.11448637396097183 -1.4552397727966309
v -1.8666572570800781 -0.11464665830135345 -1.6878631114959717
v -2.0531938076019287 -0.11448637396097183 -1.4552397727966309
v -2.1140499114990234 -0.14539198577404022 -1.4983536005020142
v -2.2109079360961914 -0.11431088298559189 -1.2021870613098145
v -2.0531938076019287 -0.11448637396097183 -1.4552397727966309
v -2.2109079360961914 -0.11431088298559189 -1.2021870613098145
v -2.2764387130737305 -0.14521127939224243 -1.2378004789352417
v -2.337585926055908 -0.11412263661623001 -0.9322570562362671
v -2.2109079360961914 -0.11431088298559189 -1.2021870613098145
v -2.337585926055908 -0.11412263661623001 -0.9322570562362671
v -2.4068713188171387 -0.14501745998859406 -0.9598696827888489
v -2.4314489364624023 -0.1139242872595787 -0.6492391228675842
v -2.337585926055908 -0.11412263661623001 -0.9322570562362671
v -2.4314489364624023 -0.1139242872595787 -0.6492391228675842
v -2.503516674041748 -0.14481323957443237 -0.6684630513191223
v -2.491179943084717 -0.11371861398220062 -0.35710611939430237
v -2.4314489364624023 -0.1139242872595787 -0.6492391228675842
v -2.491179943084717 -0.11371861398220062 -0.35710611939430237
v -2.5650179386138916 -0.1446014642715454 -0.36767125129699707
v -2.5159401893615723 -0.11350850760936737 -0.05995902419090271
v -2.491179943084717 -0.11371861398220062 -0.35710611939430237
v -2.5159401893615723 -0.11350850760936737 -0.05995902419090271
v -2.5905120372772217 -0.14438512921333313 -0.06171669438481331
v -2.5053820610046387 -0.11329691857099533 0.23803091049194336
v -2.5159401893615723 -0.11350850760936737 -0.05995902419090271
v -2.5053820610046387 -0.11329691857099533 0.23803091049194336
v -2.579641103744507 -0.14416727423667908 0.24510566890239716
v -2.459653854370117 -0.11308681219816208 0.5326805114746094
v -2.5053820610046387 -0.11329691857099533 0.23803091049194336
v -2.459653854370117 -0.11308681219816208 0.5326805114746094
v -2.532557487487793 -0.1439509391784668 0.5484886765480042
v -2.379397392272949 -0.1128811463713646 0.8198536038398743
v -2.459653854370117 -0.11308681219816208 0.5326805114746094
v -2.379397392272949 -0.1128811463713646 0.8198536038398743
v -2.4499223232269287 -0.14373916387557983 0.8441735506057739
v -2.265739679336548 -0.11268279701471329 1.0955188274383545
v -2.379397392272949 -0.1128811463713646 0.8198536038398743
v -2.265739679336548 -0.11268279701471329 1.0955188274383545
v -2.332895517349243 -0.14353494346141815 1.128009557723999
v -2.1202754974365234 -0.11249455064535141 1.355806589126587
v -2.265739679336548 -0.11268279701471329 1.0955188274383545
v -2.1202754974365234 -0.11249455064535141 1.355806589126587
v -2.183120012283325 -0.14334112405776978 1.396012306213379
v -1.945047378540039 -0.11231905221939087 1.5970628261566162
v -2.1202754974365234 -0.11249455064535141 1.355806589126587
v -1.945047378540039 -0.11231905221939087 1.5970628261566162
v -2.0026981830596924 -0.14316041767597198 1.6444193124771118
v -1.7425150871276855 -0.11215877532958984 1.8159010410308838
v -1.945047378540039 -0.11231905221939087 1.5970628261566162
v -1.7425150871276855 -0.11215877532958984 1.8159010410308838
v -1.794162631034851 -0.14299538731575012 1.8697439432144165
v -1.5155216455459595 -0.11201595515012741 2.009248971939087
v -1.7425150871276855 -0.11215877532958984 1.8159010410308838
v -1.5155216455459595 -0.11201595515012741 2.009248971939087
v -1.560441017150879 -0.14284834265708923 2.0688228607177734
v -1.2672535181045532 -0.11189260333776474 2.1743927001953125
v -1.5155216455459595 -0.11201595515012741 2.009248971939087
v -1.2672535181045532 -0.11189260333776474 2.1743927001953125
v -1.304814338684082 -0.14272132515907288 2.238861083984375
v -1.0011959075927734 -0.11179044842720032 2.309013843536377
v -1.2672535181045532 -0.11189260333776474 2.1743927001953125
v -1.0011959075927734 -0.11179044842720032 2.309013843536377
v -1.030870795249939 -0.1426161378622055 2.3774726390838623
v -0.7210837006568909 -0.11171092838048935 2.4112226963043213
v -1.0011959075927734 -0.11179044842720032 2.309013843536377
v -0.7210837006568909 -0.11171092838048935 2.4112226963043213
v -0.7424558997154236 -0.1425342708826065 2.482710838317871
v -0.43084895610809326 -0.11165515333414078 2.479584217071533
v -0.7210837006568909 -0.11171092838048935 2.4112226963043213
v -0.43084895610809326 -0.11165515333414078 2.479584217071533
v -0.44361868500709534 -0.14247684180736542 2.553098678588867
v -0.1345660388469696 -0.11162391304969788 2.513139009475708
v -0.43084895610809326 -0.11165515333414078 2.479584217071533
v -0.1345660388469696 -0.11162391304969788 2.513139009475708
v -0.13855388760566711 -0.1424446702003479 2.5876479148864746
v 0.1636059582233429 -0.11161763966083527 2.511415958404541
v -0.1345660388469696 -0.11162391304969788 2.513139009475708
v 0.1636059582233429 -0.11161763966083527 2.511415958404541
v 0.16845592856407166 -0.14243821799755096 2.58587384223938
v 0.45948129892349243 -0.11163643002510071 2.4744393825531006
v 0.1636059582233429 -0.11161763966083527 2.511415958404541
v 0.45948129892349243 -0.11163643002510071 2.4744393825531006
v 0.47310101985931396 -0.14245755970478058 2.5478012561798096
v 0.7489065527915955 -0.11168001592159271 2.4027280807495117
v 0.45948129892349243 -0.11163643002510071 2.4744393825531006
v 0.7489065527915955 -0.11168001592159271 2.4027280807495117
v 0.7711048722267151 -0.14250244200229645 2.473964214324951
v 1.0278189182281494 -0.11174777895212173 2.2972888946533203
v 0.7489065527915955 -0.11168001592159271 2.4027280807495117
v 1.0278189182281494 -0.11174777895212173 2.2972888946533203
v 1.0582841634750366 -0.14257220923900604 2.3654000759124756
v 1.2923029661178589 -0.11183878034353256 2.159601926803589
v 1.0278189182281494 -0.11174777895212173 2.2972888946533203
v 1.2923029661178589 -0.11183878034353256 2.159601926803589
v 1.330607533454895 -0.14266590774059296 2.2236320972442627
v 1.5386459827423096 -0.11195173114538193 1.9916001558303833
v 1.2923029661178589 -0.11183878034353256 2.159601926803589
v 1.5386459827423096 -0.11195173114538193 1.9916001558303833
v 1.5842519998550415 -0.14278221130371094 2.0506505966186523
v 1.7633897066116333 -0.11208505183458328 1.795641541481018
v 1.5386459827423096 -0.11195173114538193 1.9916001558303833
v 1.7633897066116333 -0.11208505183458328 1.795641541481018
v 1.815657377243042 -0.14291948080062866 1.8488839864730835
v 1.9633795022964478 -0.1122368723154068 1.5744774341583252
v 1.7633897066116333 -0.11208505183458328 1.795641541481018
v 1.9633795022964478 -0.1122368723154068 1.5744774341583252
v 2.0215747356414795 -0.14307580888271332 1.6211644411087036
v 2.135807514190674 -0.11240505427122116 1.331212043762207
v 1.9633795022964478 -0.1122368723154068 1.5744774341583252
v 2.135807514190674 -0.11240505427122116 1.331212043762207
v 2.1991138458251953 -0.14324897527694702 1.370688796043396
v 2.2782537937164307 -0.11258724331855774 1.0692607164382935
v 2.135807514190674 -0.11240505427122116 1.331212043762207
v 2.2782537937164307 -0.11258724331855774 1.0692607164382935
v 2.3457818031311035 -0.14343656599521637 1.100973129272461
v 2.388718366622925 -0.11278088390827179 0.792300283908844
v 2.2782537937164307 -0.11258724331855774 1.0692607164382935
v 2.388718366622925 -0.11278088390827179 0.792300283908844
v 2.4595205783843994 -0.14363594353199005 0.815803587436676
v 2.4656505584716797 -0.11298324912786484 0.5042188763618469
v 2.388718366622925 -0.11278088390827179 0.792300283908844
v 2.4656505584716797 -0.11298324912786484 0.5042188763618469
v 2.5387332439422607 -0.14384430646896362 0.5191834568977356
v 2.5079705715179443 -0.11319150030612946 0.2090604305267334
v 2.4656505584716797 -0.11298324912786484 0.5042188763618469
v 2.5079705715179443 -0.11319150030612946 0.2090604305267334
v 2.5823075771331787 -0.1440587341785431 0.21527649462223053
v 2.5150842666625977 -0.11340272426605225 -0.08903160691261292
v 2.5079705715179443 -0.11319150030612946 0.2090604305267334
v 2.589632034301758 -0.1442762166261673 -0.09165099263191223
v 2.5150842666625977 -0.11340272426605225 -0.08903160691261292
v 2.560603618621826 -0.1444936841726303 -0.3972904682159424
v 2.589632034301758 -0.1442762166261673 -0.09165099263191223
v 2.4956300258636475 -0.14470811188220978 -0.6973514556884766
v 2.560603618621826 -0.1444936841726303 -0.3972904682159424
v 2.3956234455108643 -0.14491647481918335 -0.9876216650009155
v 2.4956300258636475 -0.14470811188220978 -0.6973514556884766
v 2.2619874477386475 -0.14511585235595703 -1.264026403427124
v 2.3956234455108643 -0.14491647481918335 -0.9876216650009155
v 2.0965983867645264 -0.14530344307422638 -1.5226856470108032
v 2.2619874477386475 -0.14511585235595703 -1.264026403427124
v 1.9017776250839233 -0.14547660946846008 -1.7599681615829468
v 2.0965983867645264 -0.14530344307422638 -1.5226856470108032
v 1.6802600622177124 -0.14563293755054474 -1.9725432395935059
v 1.9017776250839233 -0.14547660946846008 -1.7599681615829468
v 1.4351553916931152 -0.14577020704746246 -2.157426595687866
v 1.6802600622177124 -0.14563293755054474 -1.9725432395935059
v 1.1699044704437256 -0.14588651061058044 -2.312023162841797
v 1.4351553916931152 -0.14577020704746246 -2.157426595687866
v 0.8882305026054382 -0.14598019421100616 -2.4341623783111572
v 1.1699044704437256 -0.14588651061058044 -2.312023162841797
v 0.5940878987312317 -0.14604997634887695 -2.522129774093628
v 0.8882305026054382 -0.14598019421100616 -2.4341623783111572
v 0.2916056513786316 -0.14609484374523163 -2.574690580368042
v 0.5940878987312317 -0.14604997634887695 -2.522129774093628
v -0.014970068819820881 -0.14611418545246124 -2.591107130050659
v 0.2916056513786316 -0.14609484374523163 -2.574690580368042
v -0.3213355839252472 -0.1461077332496643 -2.571148633956909
v -0.014970068819820881 -0.14611418545246124 -2.591107130050659
v -0.6231902241706848 -0.1460755616426468 -2.5150954723358154
v -0.3213355839252472 -0.1461077332496643 -2.571148633956909
v -0.9162965416908264 -0.1460181474685669 -2.423734426498413
v -0.6231902241706848 -0.1460755616426468 -2.5150954723358154
v -1.196540117263794 -0.1459362655878067 -2.2983481884002686
v -0.9162965416908264 -0.1460181474685669 -2.423734426498413
v -1.459986686706543 -0.14583107829093933 -2.1406965255737305
v -1.196540117263794 -0.1459362655878067 -2.2983481884002686
v -1.702938199043274 -0.14570407569408417 -1.9529929161071777
v -1.459986686706543 -0.14583107829093933 -2.1406965255737305
v -1.921984314918518 -0.14555701613426208 -1.7378718852996826
v -1.702938199043274 -0.14570407569408417 -1.9529929161071777
v -2.1140499114990234 -0.14539198577404022 -1.4983536005020142
v -1.921984314918518 -0.14555701613426208 -1.7378718852996826
v -2.2764387130737305 -0.14521127939224243 -1.2378004789352417
v -2.1140499114990234 -0.14539198577404022 -1.4983536005020142
v -2.4068713188171387 -0.14501745998859406 -0.9598696827888489
v -2.2764387130737305 -0.14521127939224243 -1.2378004789352417
v -2.503516674041748 -0.14481323957443237 -0.6684630513191223
v -2.4068713188171387 -0.14501745998859406 -0.9598696827888489
v -2.5650179386138916 -0.1446014642715454 -0.36767125129699707
v -2.503516674041748 -0.14481323957443237 -0.6684630513191223
v -2.5905120372772217 -0.14438512921333313 -0.06171669438481331
v -2.5650179386138916 -0.1446014642715454 -0.36767125129699707
v -2.579641103744507 -0.14416727423667908 0.24510566890239716
v -2.5905120372772217 -0.14438512921333313 -0.06171669438481331
v -2.532557487487793 -0.1439509391784668 0.5484886765480042
v -2.579641103744507 -0.14416727423667908 0.24510566890239716
v -2.4499223232269287 -0.14373916387557983 0.8441735506057739
v -2.532557487487793 -0.1439509391784668 0.5484886765480042
v -2.332895517349243 -0.14353494346141815 1.128009557723999
v -2.4499223232269287 -0.14373916387557983 0.8441735506057739
v -2.183120012283325 -0.14334112405776978 1.396012306213379
v -2.332895517349243 -0.14353494346141815 1.128009557723999
v -2.0026981830596924 -0.14316041767597198 1.6444193124771118
v -2.183120012283325 -0.14334112405776978 1.396012306213379
v -1.794162631034851 -0.14299538731575012 1.8697439432144165
v -2.0026981830596924 -0.14316041767597198 1.6444193124771118
v -1.560441017150879 -0.14284834265708923 2.0688228607177734
v -1.794162631034851 -0.14299538731575012 1.8697439432144165
v -1.304814338684082 -0.14272132515907288 2.238861083984375
v -1.560441017150879 -0.14284834265708923 2.0688228607177734
v -1.030870795249939 -0.1426161378622055 2.3774726390838623
v -1.304814338684082 -0.14272132515907288 2.238861083984375
v -0.7424558997154236 -0.1425342708826065 2.482710838317871
v -1.030870795249939 -0.1426161378622055 2.3774726390838623
v -0.44361868500709534 -0.14247684180736542 2.553098678588867
v -0.7424558997154236 -0.1425342708826065 2.482710838317871
v -0.13855388760566711 -0.1424446702003479 2.5876479148864746
v -0.44361868500709534 -0.14247684180736542 2.553098678588867
v 0.16845592856407166 -0.14243821799755096 2.58587384223938
v -0.13855388760566711 -0.1424446702003479 2.5876479148864746
v 0.47310101985931396 -0.14245755970478058 2.5478012561798096
v 0.16845592856407166 -0.14243821799755096 2.58587384223938
v 0.7711048722267151 -0.14250244200229645 2.473964214324951
v 0.47310101985931396 -0.14245755970478058 2.5478012561798096
v 1.0582841634750366 -0.14257220923900604 2.3654000759124756
v 0.7711048722267151 -0.14250244200229645 2.473964214324951
v 1.330607533454895 -0.14266590774059296 2.2236320972442627
v 1.0582841634750366 -0.14257220923900604 2.3654000759124756
v 1.5842519998550415 -0.14278221130371094 2.0506505966186523
v 1.330607533454895 -0.14266590774059296 2.2236320972442627
v 1.815657377243042 -0.14291948080062866 1.8488839864730835
v 1.5842519998550415 -0.14278221130371094 2.0506505966186523
v 2.0215747356414795 -0.14307580888271332 1.6211644411087036
v 1.815657377243042 -0.14291948080062866 1.8488839864730835
v 2.1991138458251953 -0.14324897527694702 1.370688796043396
v 2.0215747356414795 -0.14307580888271332 1.6211644411087036
v 2.3457818031311035 -0.14343656599521637 1.100973129272461
v 2.1991138458251953 -0.14324897527694702 1.370688796043396
v 2.4595205783843994 -0.14363594353199005 0.815803587436676
v 2.3457818031311035 -0.14343656599521637 1.100973129272461
v 2.5387332439422607 -0.14384430646896362 0.5191834568977356
v 2.4595205783843994 -0.14363594353199005 0.815803587436676
v 2.5823075771331787 -0.1440587341785431 0.21527649462223053
v 2.5387332439422607 -0.14384430646896362 0.5191834568977356
v 2.589632034301758 -0.1442762166261673 -0.09165099263191223
v 2.5823075771331787 -0.1440587341785431 0.21527649462223053
v 2.6534080505371094 -0.14687740802764893 -0.4116916060447693
v 2.683488607406616 -0.14665204286575317 -0.09497474879026413
v 2.6534080505371094 -0.14687740802764893 -0.4116916060447693
v 2.755951404571533 -0.11520625650882721 -0.42762842774391174
v 2.5860798358917236 -0.14709961414337158 -0.7226278185844421
v 2.6534080505371094 -0.14687740802764893 -0.4116916060447693
v 2.5860798358917236 -0.14709961414337158 -0.7226278185844421
v 2.686021327972412 -0.11543704569339752 -0.7505810856819153
v 2.4824485778808594 -0.14731553196907043 -1.0234183073043823
v 2.5860798358917236 -0.14709961414337158 -0.7226278185844421
v 2.4824485778808594 -0.14731553196907043 -1.0234183073043823
v 2.5783848762512207 -0.11566130071878433 -1.0629961490631104
v 2.3439693450927734 -0.14752212166786194 -1.3098409175872803
v 2.4824485778808594 -0.14731553196907043 -1.0234183073043823
v 2.3439693450927734 -0.14752212166786194 -1.3098409175872803
v 2.434554100036621 -0.11587589234113693 -1.3604878187179565
v 2.1725857257843018 -0.14771652221679688 -1.5778746604919434
v 2.3439693450927734 -0.14752212166786194 -1.3098409175872803
v 2.1725857257843018 -0.14771652221679688 -1.5778746604919434
v 2.256547212600708 -0.11607778817415237 -1.6388802528381348
v 1.9707040786743164 -0.1478959619998932 -1.8237571716308594
v 2.1725857257843018 -0.14771652221679688 -1.5778746604919434
v 1.9707040786743164 -0.1478959619998932 -1.8237571716308594
v 2.046863555908203 -0.11626417189836502 -1.894265055656433
v 1.741158127784729 -0.1480579376220703 -2.044036626815796
v 1.9707040786743164 -0.1478959619998932 -1.8237571716308594
v 1.741158127784729 -0.1480579376220703 -2.044036626815796
v 1.8084464073181152 -0.11643241345882416 -2.1230576038360596
v 1.4871701002120972 -0.14820019900798798 -2.2356209754943848
v 1.741158127784729 -0.1480579376220703 -2.044036626815796
v 1.4871701002120972 -0.14820019900798798 -2.2356209754943848
v 1.544642686843872 -0.11658015847206116 -2.3220458030700684
v 1.2123054265975952 -0.14832070469856262 -2.395820379257202
v 1.4871701002120972 -0.14820019900798798 -2.2356209754943848
v 1.2123054265975952 -0.14832070469856262 -2.395820379257202
v 1.2591556310653687 -0.11670532822608948 -2.488436222076416
v 0.9204229116439819 -0.14841780066490173 -2.522386312484741
v 1.2123054265975952 -0.14832070469856262 -2.395820379257202
v 0.9204229116439819 -0.14841780066490173 -2.522386312484741
v 0.9559928178787231 -0.11680617183446884 -2.6198935508728027
v 0.6156195402145386 -0.14849010109901428 -2.613542079925537
v 0.9204229116439819 -0.14841780066490173 -2.522386312484741
v 0.6156195402145386 -0.14849010109901428 -2.613542079925537
v 0.6394100189208984 -0.11688127368688583 -2.7145721912384033
v 0.30217432975769043 -0.14853660762310028 -2.6680078506469727
v 0.6156195402145386 -0.14849010109901428 -2.613542079925537
v 0.30217432975769043 -0.14853660762310028 -2.6680078506469727
v 0.3138512670993805 -0.1169295683503151 -2.7711429595947266
v -0.01551270205527544 -0.148556649684906 -2.6850194931030273
v 0.30217432975769043 -0.14853660762310028 -2.6680078506469727
v -0.01551270205527544 -0.148556649684906 -2.6850194931030273
v -0.016113149002194405 -0.1169503927230835 -2.7888119220733643
v -0.3329819142818451 -0.14854995906352997 -2.664337635040283
v -0.01551270205527544 -0.148556649684906 -2.6850194931030273
v -0.3329819142818451 -0.14854995906352997 -2.664337635040283
v -0.3458513617515564 -0.11694344133138657 -2.7673308849334717
v -0.6457767486572266 -0.14851662516593933 -2.606252908706665
v -0.3329819142818451 -0.14854995906352997 -2.664337635040283
v -0.6457767486572266 -0.14851662516593933 -2.606252908706665
v -0.6707345247268677 -0.11690881848335266 -2.707001209259033
v -0.9495062232017517 -0.1484571099281311 -2.5115807056427
v -0.6457767486572266 -0.14851662516593933 -2.606252908706665
v -0.9495062232017517 -0.1484571099281311 -2.5115807056427
v -0.9862020015716553 -0.11684701591730118 -2.608670473098755
v -1.239906668663025 -0.14837226271629333 -2.3816497325897217
v -0.9495062232017517 -0.1484571099281311 -2.5115807056427
v -1.239906668663025 -0.14837226271629333 -2.3816497325897217
v -1.287825345993042 -0.11675889045000076 -2.4737181663513184
v -1.5129015445709229 -0.14826327562332153 -2.2182843685150146
v -1.239906668663025 -0.14837226271629333 -2.3816497325897217
v -1.5129015445709229 -0.14826327562332153 -2.2182843685150146
v -1.5713703632354736 -0.1166456788778305 -2.304039239883423
v -1.7646583318710327 -0.14813166856765747 -2.023777723312378
v -1.5129015445709229 -0.14826327562332153 -2.2182843685150146
v -1.7646583318710327 -0.14813166856765747 -2.023777723312378
v -1.8328567743301392 -0.11650898307561874 -2.102015495300293
v -1.9916434288024902 -0.147979274392128 -1.800860047340393
v -1.7646583318710327 -0.14813166856765747 -2.023777723312378
v -1.9916434288024902 -0.147979274392128 -1.800860047340393
v -2.0686140060424805 -0.11635071039199829 -1.870483160018921
v -2.1906700134277344 -0.1478082686662674 -1.5526609420776367
v -1.9916434288024902 -0.147979274392128 -1.800860047340393
v -2.1906700134277344 -0.1478082686662674 -1.5526609420776367
v -2.275331974029541 -0.11617308109998703 -1.6126919984817505
v -2.3589444160461426 -0.1476210206747055 -1.28266441822052
v -2.1906700134277344 -0.1478082686662674 -1.5526609420776367
v -2.3589444160461426 -0.1476210206747055 -1.28266441822052
v -2.4501097202301025 -0.11597859859466553 -1.332261085510254
v -2.4941041469573975 -0.14742016792297363 -0.9946605563163757
v -2.3589444160461426 -0.1476210206747055 -1.28266441822052
v -2.4941041469573975 -0.14742016792297363 -0.9946605563163757
v -2.5904929637908936 -0.11576998978853226 -1.033126950263977
v -2.594252347946167 -0.1472085416316986 -0.6926923990249634
v -2.4941041469573975 -0.14742016792297363 -0.9946605563163757
v -2.594252347946167 -0.1472085416316986 -0.6926923990249634
v -2.6945114135742188 -0.11555018275976181 -0.719488799571991
v -2.657982587814331 -0.14698909223079681 -0.3809988796710968
v -2.594252347946167 -0.1472085416316986 -0.6926923990249634
v -2.657982587814331 -0.14698909223079681 -0.3809988796710968
v -2.760704755783081 -0.11532226204872131 -0.3957495391368866
v -2.684400796890259 -0.14676491916179657 -0.06395553797483444
v -2.657982587814331 -0.14698909223079681 -0.3809988796710968
v -2.684400796890259 -0.14676491916179657 -0.06395553797483444
v -2.7881438732147217 -0.11508942395448685 -0.06645366549491882
v -2.673135757446289 -0.14653916656970978 0.25398707389831543
v -2.684400796890259 -0.14676491916179657 -0.06395553797483444
v -2.673135757446289 -0.14653916656970978 0.25398707389831543
v -2.7764434814453125 -0.11485493928194046 0.2637762427330017
v -2.624345541000366 -0.14631499350070953 0.5683656930923462
v -2.673135757446289 -0.14653916656970978 0.25398707389831543
v -2.624345541000366 -0.14631499350070953 0.5683656930923462
v -2.7257678508758545 -0.114622101187706 0.590304434299469
v -2.5387156009674072 -0.14609554409980774 0.8747671842575073
v -2.624345541000366 -0.14631499350070953 0.5683656930923462
v -2.5387156009674072 -0.14609554409980774 0.8747671842575073
v -2.6368284225463867 -0.1143941804766655 0.9085471630096436
v -2.417447328567505 -0.14588391780853271 1.168890357017517
v -2.5387156009674072 -0.14609554409980774 0.8747671842575073
v -2.417447328567505 -0.14588391780853271 1.168890357017517
v -2.510873556137085 -0.11417436599731445 1.2140370607376099
v -2.2622435092926025 -0.14568306505680084 1.4466062784194946
v -2.417447328567505 -0.14588391780853271 1.168890357017517
v -2.2622435092926025 -0.14568306505680084 1.4466062784194946
v -2.3496716022491455 -0.11396575719118118 1.502485752105713
v -2.075282335281372 -0.14549581706523895 1.7040164470672607
v -2.2622435092926025 -0.14568306505680084 1.4466062784194946
v -2.075282335281372 -0.14549581706523895 1.7040164470672607
v -2.155485153198242 -0.11377127468585968 1.7698439359664917
v -1.8591890335083008 -0.14532481133937836 1.9375075101852417
v -2.075282335281372 -0.14549581706523895 1.7040164470672607
v -1.8591890335083008 -0.14532481133937836 1.9375075101852417
v -1.931040644645691 -0.11359365284442902 2.0123584270477295
v -1.6169965267181396 -0.14517243206501007 2.143801689147949
v -1.8591890335083008 -0.14532481133937836 1.9375075101852417
v -1.6169965267181396 -0.14517243206501007 2.143801689147949
v -1.6794884204864502 -0.11343538016080856 2.2266249656677246
v -1.3521051406860352 -0.14504081010818481 2.320002794265747
v -1.6169965267181396 -0.14517243206501007 2.143801689147949
v -1.3521051406860352 -0.14504081010818481 2.320002794265747
v -1.4043598175048828 -0.1132986843585968 2.4096357822418213
v -1.0682328939437866 -0.144931823015213 2.4636380672454834
v -1.3521051406860352 -0.14504081010818481 2.320002794265747
v -1.0682328939437866 -0.144931823015213 2.4636380672454834
v -1.1095170974731445 -0.11318548023700714 2.5588219165802
v -0.7693650722503662 -0.14484697580337524 2.572690486907959
v -1.0682328939437866 -0.144931823015213 2.4636380672454834
v -0.7693650722503662 -0.14484697580337524 2.572690486907959
v -0.7990990877151489 -0.11309735476970673 2.672088861465454
v -0.4596969187259674 -0.14478746056556702 2.6456291675567627
v -0.7693650722503662 -0.14484697580337524 2.572690486907959
v -0.4596969187259674 -0.14478746056556702 2.6456291675567627
v -0.47746342420578003 -0.11303554475307465 2.7478463649749756
v -0.14357559382915497 -0.14475414156913757 2.6814308166503906
v -0.4596969187259674 -0.14478746056556702 2.6456291675567627
v -0.14357559382915497 -0.14475414156913757 2.6814308166503906
v -0.14912520349025726 -0.11300092190504074 2.785031795501709
v 0.1745612472295761 -0.14474745094776154 2.6795923709869385
v -0.14357559382915497 -0.14475414156913757 2.6814308166503906
v 0.1745612472295761 -0.14474745094776154 2.6795923709869385
v 0.18130645155906677 -0.11299397796392441 2.7831220626831055
v 0.4902476966381073 -0.14476749300956726 2.6401398181915283
v 0.1745612472295761 -0.14474745094776154 2.6795923709869385
v 0.4902476966381073 -0.14476749300956726 2.6401398181915283
v 0.5091930031776428 -0.11301480233669281 2.742144823074341
v 0.7990521788597107 -0.14481399953365326 2.563627004623413
v 0.4902476966381073 -0.14476749300956726 2.6401398181915283
v 0.7990521788597107 -0.14481399953365326 2.563627004623413
v 0.8299316167831421 -0.11306309700012207 2.662675142288208
v 1.09663987159729 -0.1448862999677658 2.451127767562866
v 0.7990521788597107 -0.14481399953365326 2.563627004623413
v 1.09663987159729 -0.1448862999677658 2.451127767562866
v 1.1390199661254883 -0.11313819885253906 2.545828342437744
v 1.3788329362869263 -0.14498339593410492 2.3042218685150146
v 1.09663987159729 -0.1448862999677658 2.451127767562866
v 1.3788329362869263 -0.14498339593410492 2.3042218685150146
v 1.4321187734603882 -0.11323904246091843 2.393244743347168
v 1.64167058467865 -0.14510390162467957 2.1249709129333496
v 1.3788329362869263 -0.14498339593410492 2.3042218685150146
v 1.64167058467865 -0.14510390162467957 2.1249709129333496
v 1.7051140069961548 -0.11336421221494675 2.207066774368286
v 1.881462574005127 -0.14524614810943604 1.9158915281295776
v 1.64167058467865 -0.14510390162467957 2.1249709129333496
v 1.881462574005127 -0.14524614810943604 1.9158915281295776
v 1.95417320728302 -0.11351195722818375 1.989907145500183
v 2.0948431491851807 -0.14540813863277435 1.6799187660217285
v 1.881462574005127 -0.14524614810943604 1.9158915281295776
v 2.0948431491851807 -0.14540813863277435 1.6799187660217285
v 2.175800085067749 -0.11368019878864288 1.7448148727416992
v 2.2788166999816895 -0.14558757841587067 1.4203649759292603
v 2.0948431491851807 -0.14540813863277435 1.6799187660217285
v 2.2788166999816895 -0.14558757841587067 1.4203649759292603
v 2.3668835163116455 -0.11386658251285553 1.47523033618927
v 2.4308009147644043 -0.1457819640636444 1.140873908996582
v 2.2788166999816895 -0.14558757841587067 1.4203649759292603
v 2.4308009147644043 -0.1457819640636444 1.140873908996582
v 2.5247411727905273 -0.11406848579645157 1.1849379539489746
v 2.548661708831787 -0.1459885686635971 0.8453689813613892
v 2.4308009147644043 -0.1457819640636444 1.140873908996582
v 2.548661708831787 -0.1459885686635971 0.8453689813613892
v 2.6471569538116455 -0.11428306996822357 0.8780128359794617
v 2.6307451725006104 -0.14620448648929596 0.5379983186721802
v 2.548661708831787 -0.1459885686635971 0.8453689813613892
v 2.6307451725006104 -0.14620448648929596 0.5379983186721802
v 2.732412815093994 -0.11450733244419098 0.5587634444236755
v 2.675898551940918 -0.14642669260501862 0.22307680547237396
v 2.6307451725006104 -0.14620448648929596 0.5379983186721802
v 2.675898551940918 -0.14642669260501862 0.22307680547237396
v 2.779311180114746 -0.1147381141781807 0.23167142271995544
v 2.683488607406616 -0.14665204286575317 -0.09497474879026413
v 2.675898551940918 -0.14642669260501862 0.22307680547237396
v 2.7871944904327393 -0.11497218906879425 -0.09867165237665176
v 2.683488607406616 -0.14665204286575317 -0.09497474879026413
v 2.755951404571533 -0.11520625650882721 -0.42762842774391174
v 2.7871944904327393 -0.11497218906879425 -0.09867165237665176
v 2.755951404571533 -0.11520625650882721 -0.42762842774391174
v 2.857595205307007 -0.04688108712434769 -0.44345179200172424
v 2.686021327972412 -0.11543704569339752 -0.7505810856819153
v 2.755951404571533 -0.11520625650882721 -0.42762842774391174
v 2.686021327972412 -0.11543704569339752 -0.7505810856819153
v 2.785085678100586 -0.047120384871959686 -0.7783156633377075
v 2.5783848762512207 -0.11566130071878433 -1.0629961490631104
v 2.686021327972412 -0.11543704569339752 -0.7505810856819153
v 2.5783848762512207 -0.11566130071878433 -1.0629961490631104
v 2.6734797954559326 -0.04735291749238968 -1.1022531986236572
v 2.434554100036621 -0.11587589234113693 -1.3604878187179565
v 2.5783848762512207 -0.11566130071878433 -1.0629961490631104
v 2.434554100036621 -0.11587589234113693 -1.3604878187179565
v 2.524343967437744 -0.047575417906045914 -1.4107171297073364
v 2.256547212600708 -0.11607778817415237 -1.6388802528381348
v 2.434554100036621 -0.11587589234113693 -1.3604878187179565
v 2.256547212600708 -0.11607778817415237 -1.6388802528381348
v 2.3397717475891113 -0.04778476431965828 -1.699377179145813
v 2.046863555908203 -0.11626417189836502 -1.894265055656433
v 2.256547212600708 -0.11607778817415237 -1.6388802528381348
v 2.046863555908203 -0.11626417189836502 -1.894265055656433
v 2.122354745864868 -0.04797801747918129 -1.9641811847686768
v 1.8084464073181152 -0.11643241345882416 -2.1230576038360596
v 2.046863555908203 -0.11626417189836502 -1.894265055656433
v 1.8084464073181152 -0.11643241345882416 -2.1230576038360596
v 1.875144124031067 -0.048152465373277664 -2.2014122009277344
v 1.544642686843872 -0.11658015847206116 -2.3220458030700684
v 1.8084464073181152 -0.11643241345882416 -2.1230576038360596
v 1.544642686843872 -0.11658015847206116 -2.3220458030700684
v 1.601610779762268 -0.048305660486221313 -2.4077394008636475
v 1.2591556310653687 -0.11670532822608948 -2.488436222076416
v 1.544642686843872 -0.11658015847206116 -2.3220458030700684
v 1.2591556310653687 -0.11670532822608948 -2.488436222076416
v 1.3055943250656128 -0.04843544960021973 -2.5802669525146484
v 0.9559928178787231 -0.11680617183446884 -2.6198935508728027
v 1.2591556310653687 -0.11670532822608948 -2.488436222076416
v 0.9559928178787231 -0.11680617183446884 -2.6198935508728027
v 0.9912501573562622 -0.048540011048316956 -2.7165725231170654
v 0.6394100189208984 -0.11688127368688583 -2.7145721912384033
v 0.9559928178787231 -0.11680617183446884 -2.6198935508728027
v 0.6394100189208984 -0.11688127368688583 -2.7145721912384033
v 0.6629909873008728 -0.048617880791425705 -2.8147430419921875
v 0.3138512670993805 -0.1169295683503151 -2.7711429595947266
v 0.6394100189208984 -0.11688127368688583 -2.7145721912384033
v 0.3138512670993805 -0.1169295683503151 -2.7711429595947266
v 0.32542502880096436 -0.04866795986890793 -2.8734002113342285
v -0.016113149002194405 -0.1169503927230835 -2.7888119220733643
v 0.3138512670993805 -0.1169295683503151 -2.7711429595947266
v -0.016113149002194405 -0.1169503927230835 -2.7888119220733643
v -0.016709258779883385 -0.048689547926187515 -2.891720771789551
v -0.3458513617515564 -0.11694344133138657 -2.7673308849334717
v -0.016113149002194405 -0.1169503927230835 -2.7888119220733643
v -0.3458513617515564 -0.11694344133138657 -2.7673308849334717
v -0.3586089313030243 -0.04868234321475029 -2.8694474697113037
v -0.6707345247268677 -0.11690881848335266 -2.707001209259033
v -0.3458513617515564 -0.11694344133138657 -2.7673308849334717
v -0.6707345247268677 -0.11690881848335266 -2.707001209259033
v -0.6954745054244995 -0.04864644259214401 -2.8068931102752686
v -0.9862020015716553 -0.11684701591730118 -2.608670473098755
v -0.6707345247268677 -0.11690881848335266 -2.707001209259033
v -0.9862020015716553 -0.11684701591730118 -2.608670473098755
v -1.022577166557312 -0.04858235642313957 -2.704935312271118
v -1.287825345993042 -0.11675889045000076 -2.4737181663513184
v -0.9862020015716553 -0.11684701591730118 -2.608670473098755
v -1.287825345993042 -0.11675889045000076 -2.4737181663513184
v -1.335325002670288 -0.0484909825026989 -2.5650057792663574
v -1.5713703632354736 -0.1166456788778305 -2.304039239883423
v -1.287825345993042 -0.11675889045000076 -2.4737181663513184
v -1.5713703632354736 -0.1166456788778305 -2.304039239883423
v -1.6293277740478516 -0.04837359860539436 -2.389068841934204
v -1.8328567743301392 -0.11650898307561874 -2.102015495300293
v -1.5713703632354736 -0.1166456788778305 -2.304039239883423
v -1.8328567743301392 -0.11650898307561874 -2.102015495300293
v -1.9004584550857544 -0.048231858760118484 -2.1795942783355713
v -2.0686140060424805 -0.11635071039199829 -1.870483160018921
v -1.8328567743301392 -0.11650898307561874 -2.102015495300293
v -2.0686140060424805 -0.11635071039199829 -1.870483160018921
v -2.1449108123779297 -0.04806774854660034 -1.93952214717865
v -2.275331974029541 -0.11617308109998703 -1.6126919984817505
v -2.0686140060424805 -0.11635071039199829 -1.870483160018921
v -2.275331974029541 -0.11617308109998703 -1.6126919984817505
v -2.359253168106079 -0.04788357391953468 -1.6722230911254883
v -2.4501097202301025 -0.11597859859466553 -1.332261085510254
v -2.275331974029541 -0.11617308109998703 -1.6126919984817505
v -2.4501097202301025 -0.11597859859466553 -1.332261085510254
v -2.5404770374298096 -0.04768191650509834 -1.3814493417739868
v -2.5904929637908936 -0.11576998978853226 -1.033126950263977
v -2.4501097202301025 -0.11597859859466553 -1.332261085510254
v -2.5904929637908936 -0.11576998978853226 -1.033126950263977
v -2.686038017272949 -0.04746561497449875 -1.0712823867797852
v -2.6945114135742188 -0.11555018275976181 -0.719488799571991
v -2.5904929637908936 -0.11576998978853226 -1.033126950263977
v -2.6945114135742188 -0.11555018275976181 -0.719488799571991
v -2.7938926219940186 -0.04723769798874855 -0.7460766434669495
v -2.760704755783081 -0.11532226204872131 -0.3957495391368866
v -2.6945114135742188 -0.11555018275976181 -0.719488799571991
v -2.760704755783081 -0.11532226204872131 -0.3957495391368866
v -2.862527370452881 -0.04700136557221413 -0.41039711236953735
v -2.7881438732147217 -0.11508942395448685 -0.06645366549491882
v -2.760704755783081 -0.11532226204872131 -0.3957495391368866
v -2.7881438732147217 -0.11508942395448685 -0.06645366549491882
v -2.8909785747528076 -0.046759940683841705 -0.06895608454942703
v -2.7764434814453125 -0.11485493928194046 0.2637762427330017
v -2.7881438732147217 -0.11508942395448685 -0.06645366549491882
v -2.7764434814453125 -0.11485493928194046 0.2637762427330017
v -2.8788466453552246 -0.04651680961251259 0.27345341444015503
v -2.7257678508758545 -0.114622101187706 0.590304434299469
v -2.7764434814453125 -0.11485493928194046 0.2637762427330017
v -2.7257678508758545 -0.114622101187706 0.590304434299469
v -2.8263018131256104 -0.04627538472414017 0.6120246648788452
v -2.6368284225463867 -0.1143941804766655 0.9085471630096436
v -2.7257678508758545 -0.114622101187706 0.590304434299469
v -2.6368284225463867 -0.1143941804766655 0.9085471630096436
v -2.7340822219848633 -0.04603905603289604 0.9420049786567688
v -2.510873556137085 -0.11417436599731445 1.2140370607376099
v -2.6368284225463867 -0.1143941804766655 0.9085471630096436
v -2.510873556137085 -0.11417436599731445 1.2140370607376099
v -2.6034820079803467 -0.045811139047145844 1.258762001991272
v -2.3496716022491455 -0.11396575719118118 1.502485752105713
v -2.510873556137085 -0.11417436599731445 1.2140370607376099
v -2.3496716022491455 -0.11396575719118118 1.502485752105713
v -2.4363343715667725 -0.04559483751654625 1.5578492879867554
v -2.155485153198242 -0.11377127468585968 1.7698439359664917
v -2.3496716022491455 -0.11396575719118118 1.502485752105713
v -2.155485153198242 -0.11377127468585968 1.7698439359664917
v -2.2349860668182373 -0.04539318010210991 1.8350681066513062
v -1.931040644645691 -0.11359365284442902 2.0123584270477295
v -2.155485153198242 -0.11377127468585968 1.7698439359664917
v -1.931040644645691 -0.11359365284442902 2.0123584270477295
v -2.0022635459899902 -0.04520900547504425 2.086527109146118
v -1.6794884204864502 -0.11343538016080856 2.2266249656677246
v -1.931040644645691 -0.11359365284442902 2.0123584270477295
v -1.6794884204864502 -0.11343538016080856 2.2266249656677246
v -1.7414335012435913 -0.045044898986816406 2.3086965084075928
v -1.4043598175048828 -0.1132986843585968 2.4096357822418213
v -1.6794884204864502 -0.11343538016080856 2.2266249656677246
v -1.4043598175048828 -0.1132986843585968 2.4096357822418213
v -1.4561575651168823 -0.04490315541625023 2.4984569549560547
v -1.1095170974731445 -0.11318548023700714 2.5588219165802
v -1.4043598175048828 -0.1132986843585968 2.4096357822418213
v -1.1095170974731445 -0.11318548023700714 2.5588219165802
v -1.1504403352737427 -0.04478577524423599 2.6531453132629395
v -0.7990990877151489 -0.11309735476970673 2.672088861465454
v -1.1095170974731445 -0.11318548023700714 2.5588219165802
v -0.7990990877151489 -0.11309735476970673 2.672088861465454
v -0.8285734057426453 -0.04469440132379532 2.770589828491211
v -0.47746342420578003 -0.11303554475307465 2.7478463649749756
v -0.7990990877151489 -0.11309735476970673 2.672088861465454
v -0.47746342420578003 -0.11303554475307465 2.7478463649749756
v -0.49507513642311096 -0.04463031515479088 2.849141836166382
v -0.14912520349025726 -0.11300092190504074 2.785031795501709
v -0.47746342420578003 -0.11303554475307465 2.7478463649749756
v -0.14912520349025726 -0.11300092190504074 2.785031795501709
v -0.15462708473205566 -0.0445944182574749 2.887698173522949
v 0.18130645155906677 -0.11299397796392441 2.7831220626831055
v -0.14912520349025726 -0.11300092190504074 2.785031795501709
v 0.18130645155906677 -0.11299397796392441 2.7831220626831055
v 0.18799160420894623 -0.044587213546037674 2.88571834564209
v 0.5091930031776428 -0.11301480233669281 2.742144823074341
v 0.18130645155906677 -0.11299397796392441 2.7831220626831055
v 0.5091930031776428 -0.11301480233669281 2.742144823074341
v 0.5279713273048401 -0.04460880160331726 2.8432297706604004
v 0.8299316167831421 -0.11306309700012207 2.662675142288208
v 0.5091930031776428 -0.11301480233669281 2.742144823074341
v 0.8299316167831421 -0.11306309700012207 2.662675142288208
v 0.8605394959449768 -0.04465888440608978 2.760828971862793
v 1.1390199661254883 -0.11313819885253906 2.545828342437744
v 0.8299316167831421 -0.11306309700012207 2.662675142288208
v 1.1390199661254883 -0.11313819885253906 2.545828342437744
v 1.1810276508331299 -0.044736750423908234 2.6396727561950684
v 1.4321187734603882 -0.11323904246091843 2.393244743347168
v 1.1390199661254883 -0.11313819885253906 2.545828342437744
v 1.4321187734603882 -0.11323904246091843 2.393244743347168
v 1.4849367141723633 -0.04484131187200546 2.481461524963379
v 1.7051140069961548 -0.11336421221494675 2.207066774368286
v 1.4321187734603882 -0.11323904246091843 2.393244743347168
v 1.7051140069961548 -0.11336421221494675 2.207066774368286
v 1.768000602722168 -0.044971104711294174 2.288416624069214
v 1.95417320728302 -0.11351195722818375 1.989907145500183
v 1.7051140069961548 -0.11336421221494675 2.207066774368286
v 1.95417320728302 -0.11351195722818375 1.989907145500183
v 2.026245594024658 -0.045124299824237823 2.0632479190826416
v 2.175800085067749 -0.11368019878864288 1.7448148727416992
v 1.95417320728302 -0.11351195722818375 1.989907145500183
v 2.175800085067749 -0.11368019878864288 1.7448148727416992
v 2.256046772003174 -0.0452987477183342 1.809116005897522
v 2.3668835163116455 -0.11386658251285553 1.47523033618927
v 2.175800085067749 -0.11368019878864288 1.7448148727416992
v 2.3668835163116455 -0.11386658251285553 1.47523033618927
v 2.4541776180267334 -0.04549200087785721 1.5295886993408203
v 2.5247411727905273 -0.11406848579645157 1.1849379539489746
v 2.3668835163116455 -0.11386658251285553 1.47523033618927
v 2.5247411727905273 -0.11406848579645157 1.1849379539489746
v 2.6178574562072754 -0.045701347291469574 1.228589653968811
v 2.6471569538116455 -0.11428306996822357 0.8780128359794617
v 2.5247411727905273 -0.11406848579645157 1.1849379539489746
v 2.6471569538116455 -0.11428306996822357 0.8780128359794617
v 2.74478816986084 -0.04592385143041611 0.9103444218635559
v 2.732412815093994 -0.11450733244419098 0.5587634444236755
v 2.6471569538116455 -0.11428306996822357 0.8780128359794617
v 2.732412815093994 -0.11450733244419098 0.5587634444236755
v 2.83318829536438 -0.0461563803255558 0.5793204307556152
v 2.779311180114746 -0.1147381141781807 0.23167142271995544
v 2.732412815093994 -0.11450733244419098 0.5587634444236755
v 2.779311180114746 -0.1147381141781807 0.23167142271995544
v 2.8818166255950928 -0.0463956780731678 0.24016450345516205
v 2.7871944904327393 -0.11497218906879425 -0.09867165237665176
v 2.779311180114746 -0.1147381141781807 0.23167142271995544
v 2.8899905681610107 -0.04663838446140289 -0.10236234962940216
v 2.7871944904327393 -0.11497218906879425 -0.09867165237665176
v 2.857595205307007 -0.04688108712434769 -0.44345179200172424
v 2.8899905681610107 -0.04663838446140289 -0.10236234962940216
v 2.857595205307007 -0.04688108712434769 -0.44345179200172424
v 2.9472994804382324 0.057480186223983765 -0.4574478566646576
v 2.785085678100586 -0.047120384871959686 -0.7783156633377075
v 2.857595205307007 -0.04688108712434769 -0.44345179200172424
v 2.785085678100586 -0.047120384871959686 -0.7783156633377075
v 2.87251353263855 0.057233378291130066 -0.8028239607810974
v 2.6734797954559326 -0.04735291749238968 -1.1022531986236572
v 2.785085678100586 -0.047120384871959686 -0.7783156633377075
v 2.6734797954559326 -0.04735291749238968 -1.1022531986236572
v 2.757404088973999 0.056993547827005386 -1.1369307041168213
v 2.524343967437744 -0.047575417906045914 -1.4107171297073364
v 2.6734797954559326 -0.04735291749238968 -1.1022531986236572
v 2.524343967437744 -0.047575417906045914 -1.4107171297073364
v 2.603586435317993 0.056764062494039536 -1.4550780057907104
v 2.3397717475891113 -0.04778476431965828 -1.699377179145813
v 2.524343967437744 -0.047575417906045914 -1.4107171297073364
v 2.3397717475891113 -0.04778476431965828 -1.699377179145813
v 2.413220167160034 0.05654814466834068 -1.7527997493743896
v 2.122354745864868 -0.04797801747918129 -1.9641811847686768
v 2.3397717475891113 -0.04778476431965828 -1.699377179145813
v 2.122354745864868 -0.04797801747918129 -1.9641811847686768
v 2.1889777183532715 0.05634882301092148 -2.025916576385498
v 1.875144124031067 -0.048152465373277664 -2.2014122009277344
v 2.122354745864868 -0.04797801747918129 -1.9641811847686768
v 1.875144124031067 -0.048152465373277664 -2.2014122009277344
v 1.9340068101882935 0.056168898940086365 -2.270594596862793
v 1.601610779762268 -0.048305660486221313 -2.4077394008636475
v 1.875144124031067 -0.048152465373277664 -2.2014122009277344
v 1.601610779762268 -0.048305660486221313 -2.4077394008636475
v 1.6518864631652832 0.0560108944773674 -2.4833991527557373
v 1.3055943250656128 -0.04843544960021973 -2.5802669525146484
v 1.601610779762268 -0.048305660486221313 -2.4077394008636475
v 1.3055943250656128 -0.04843544960021973 -2.5802669525146484
v 1.3465772867202759 0.05587702989578247 -2.6613426208496094
v 0.9912501573562622 -0.048540011048316956 -2.7165725231170654
v 1.3055943250656128 -0.04843544960021973 -2.5802669525146484
v 0.9912501573562622 -0.048540011048316956 -2.7165725231170654
v 1.0223652124404907 0.0557691864669323 -2.801927328109741
v 0.6629909873008728 -0.048617880791425705 -2.8147430419921875
v 0.9912501573562622 -0.048540011048316956 -2.7165725231170654
v 0.6629909873008728 -0.048617880791425705 -2.8147430419921875
v 0.6838012337684631 0.055688876658678055 -2.903179883956909
v 0.32542502880096436 -0.04866795986890793 -2.8734002113342285
v 0.6629909873008728 -0.048617880791425705 -2.8147430419921875
v 0.32542502880096436 -0.04866795986890793 -2.8734002113342285
v 0.33563822507858276 0.05563722178339958 -2.9636783599853516
v -0.016709258779883385 -0.048689547926187515 -2.891720771789551
v 0.32542502880096436 -0.04866795986890793 -2.8734002113342285
v -0.016709258779883385 -0.048689547926187515 -2.891720771789551
v -0.017236461862921715 0.055614955723285675 -2.982573986053467
v -0.3586089313030243 -0.04868234321475029 -2.8694474697113037
v -0.016709258779883385 -0.048689547926187515 -2.891720771789551
v -0.3586089313030243 -0.04868234321475029 -2.8694474697113037
v -0.369869202375412 0.05562238767743111 -2.959601640701294
v -0.6954745054244995 -0.04864644259214401 -2.8068931102752686
v -0.3586089313030243 -0.04868234321475029 -2.8694474697113037
v -0.6954745054244995 -0.04864644259214401 -2.8068931102752686
v -0.7173097729682922 0.05565941333770752 -2.89508318901062
v -1.022577166557312 -0.04858235642313957 -2.704935312271118
v -0.6954745054244995 -0.04864644259214401 -2.8068931102752686
v -1.022577166557312 -0.04858235642313957 -2.704935312271118
v -1.0546809434890747 0.05572551116347313 -2.7899248600006104
v -1.335325002670288 -0.0484909825026989 -2.5650057792663574
v -1.022577166557312 -0.04858235642313957 -2.704935312271118
v -1.335325002670288 -0.0484909825026989 -2.5650057792663574
v -1.3772467374801636 0.05581975728273392 -2.6456027030944824
v -1.6293277740478516 -0.04837359860539436 -2.389068841934204
v -1.335325002670288 -0.0484909825026989 -2.5650057792663574
v -1.6293277740478516 -0.04837359860539436 -2.389068841934204
v -1.6804790496826172 0.05594082549214363 -2.4641425609588623
v -1.9004584550857544 -0.048231858760118484 -2.1795942783355713
v -1.6293277740478516 -0.04837359860539436 -2.389068841934204
v -1.9004584550857544 -0.048231858760118484 -2.1795942783355713
v -1.9601210355758667 0.05608701333403587 -2.24809193611145
v -2.1449108123779297 -0.04806774854660034 -1.93952214717865
v -1.9004584550857544 -0.048231858760118484 -2.1795942783355713
v -2.1449108123779297 -0.04806774854660034 -1.93952214717865
v -2.212247133255005 0.05625627562403679 -2.000483512878418
v -2.359253168106079 -0.04788357391953468 -1.6722230911254883
v -2.1449108123779297 -0.04806774854660034 -1.93952214717865
v -2.359253168106079 -0.04788357391953468 -1.6722230911254883
v -2.433318614959717 0.05644623190164566 -1.7247933149337769
v -2.5404770374298096 -0.04768191650509834 -1.3814493417739868
v -2.359253168106079 -0.04788357391953468 -1.6722230911254883
v -2.5404770374298096 -0.04768191650509834 -1.3814493417739868
v -2.6202311515808105 0.05665421858429909 -1.4248913526535034
v -2.686038017272949 -0.04746561497449875 -1.0712823867797852
v -2.5404770374298096 -0.04768191650509834 -1.3814493417739868
v -2.686038017272949 -0.04746561497449875 -1.0712823867797852
v -2.7703616619110107 0.056877315044403076 -1.104987621307373
v -2.7938926219940186 -0.04723769798874855 -0.7460766434669495
v -2.686038017272949 -0.04746561497449875 -1.0712823867797852
v -2.7938926219940186 -0.04723769798874855 -0.7460766434669495
v -2.8816025257110596 0.05711238458752632 -0.7695728540420532
v -2.862527370452881 -0.04700136557221413 -0.41039711236953735
v -2.7938926219940186 -0.04723769798874855 -0.7460766434669495
v -2.862527370452881 -0.04700136557221413 -0.41039711236953735
v -2.9523916244506836 0.05735613405704498 -0.4233555197715759
v -2.8909785747528076 -0.046759940683841705 -0.06895608454942703
v -2.862527370452881 -0.04700136557221413 -0.41039711236953735
v -2.8909785747528076 -0.046759940683841705 -0.06895608454942703
v -2.981735944747925 0.057605136185884476 -0.07119584083557129
v -2.8788466453552246 -0.04651680961251259 0.27345341444015503
v -2.8909785747528076 -0.046759940683841705 -0.06895608454942703
v -2.8788466453552246 -0.04651680961251259 0.27345341444015503
v -2.9692232608795166 0.05785590037703514 0.28196272253990173
v -2.8263018131256104 -0.04627538472414017 0.6120246648788452
v -2.8788466453552246 -0.04651680961251259 0.27345341444015503
v -2.8263018131256104 -0.04627538472414017 0.6120246648788452
v -2.9150290489196777 0.05810490623116493 0.6311625242233276
v -2.7340822219848633 -0.04603905603289604 0.9420049786567688
v -2.8263018131256104 -0.04627538472414017 0.6120246648788452
v -2.7340822219848633 -0.04603905603289604 0.9420049786567688
v -2.8199143409729004 0.058348651975393295 0.9715017080307007
v -2.6034820079803467 -0.045811139047145844 1.258762001991272
v -2.7340822219848633 -0.04603905603289604 0.9420049786567688
v -2.6034820079803467 -0.045811139047145844 1.258762001991272
v -2.685214042663574 0.05858372524380684 1.2982025146484375
v -2.4363343715667725 -0.04559483751654625 1.5578492879867554
v -2.6034820079803467 -0.045811139047145844 1.258762001991272
v -2.4363343715667725 -0.04559483751654625 1.5578492879867554
v -2.512819290161133 0.05880681797862053 1.60667884349823
v -2.2349860668182373 -0.04539318010210991 1.8350681066513062
v -2.4363343715667725 -0.04559483751654625 1.5578492879867554
v -2.2349860668182373 -0.04539318010210991 1.8350681066513062
v -2.305150270462036 0.059014804661273956 1.8926002979278564
v -2.0022635459899902 -0.04520900547504425 2.086527109146118
v -2.2349860668182373 -0.04539318010210991 1.8350681066513062
v -2.0022635459899902 -0.04520900547504425 2.086527109146118
v -2.06512188911438 0.05920476093888283 2.1519532203674316
v -1.7414335012435913 -0.045044898986816406 2.3086965084075928
v -2.0022635459899902 -0.04520900547504425 2.086527109146118
v -1.7414335012435913 -0.045044898986816406 2.3086965084075928
v -1.796103835105896 0.059374019503593445 2.381096839904785
v -1.4561575651168823 -0.04490315541625023 2.4984569549560547
v -1.7414335012435913 -0.045044898986816406 2.3086965084075928
v -1.4561575651168823 -0.04490315541625023 2.4984569549560547
v -1.5018725395202637 0.059520211070775986 2.576814651489258
v -1.1504403352737427 -0.04478577524423599 2.6531453132629395
v -1.4561575651168823 -0.04490315541625023 2.4984569549560547
v -1.1504403352737427 -0.04478577524423599 2.6531453132629395
v -1.1865580081939697 0.0596412792801857 2.736358880996704
v -0.8285734057426453 -0.04469440132379532 2.770589828491211
v -1.1504403352737427 -0.04478577524423599 2.6531453132629395
v -0.8285734057426453 -0.04469440132379532 2.770589828491211
v -0.8545869588851929 0.05973552167415619 2.857490301132202
v -0.49507513642311096 -0.04463031515479088 2.849141836166382
v -0.8285734057426453 -0.04469440132379532 2.770589828491211
v -0.49507513642311096 -0.04463031515479088 2.849141836166382
v -0.5106194019317627 0.0598016194999218 2.9385080337524414
v -0.15462708473205566 -0.0445944182574749 2.887698173522949
v -0.49507513642311096 -0.04463031515479088 2.849141836166382
v -0.15462708473205566 -0.0445944182574749 2.887698173522949
v -0.15948386490345 0.05983864143490791 2.9782750606536865
v 0.18799160420894623 -0.044587213546037674 2.88571834564209
v -0.15462708473205566 -0.0445944182574749 2.887698173522949
v 0.18799160420894623 -0.044587213546037674 2.88571834564209
v 0.19389046728610992 0.059846073389053345 2.9762330055236816
v 0.5279713273048401 -0.04460880160331726 2.8432297706604004
v 0.18799160420894623 -0.044587213546037674 2.88571834564209
v 0.5279713273048401 -0.04460880160331726 2.8432297706604004
v 0.5445429682731628 0.05982380732893944 2.932410717010498
v 0.8605394959449768 -0.04465888440608978 2.760828971862793
v 0.5279713273048401 -0.04460880160331726 2.8432297706604004
v 0.8605394959449768 -0.04465888440608978 2.760828971862793
v 0.8875512480735779 0.059772152453660965 2.8474230766296387
v 1.1810276508331299 -0.044736750423908234 2.6396727561950684
v 0.8605394959449768 -0.04465888440608978 2.760828971862793
v 1.1810276508331299 -0.044736750423908234 2.6396727561950684
v 1.2181003093719482 0.05969184264540672 2.722463369369507
v 1.4849367141723633 -0.04484131187200546 2.481461524963379
v 1.1810276508331299 -0.044736750423908234 2.6396727561950684
v 1.4849367141723633 -0.04484131187200546 2.481461524963379
v 1.5315498113632202 0.05958399549126625 2.5592856407165527
v 1.768000602722168 -0.044971104711294174 2.288416624069214
v 1.4849367141723633 -0.04484131187200546 2.481461524963379
v 1.768000602722168 -0.044971104711294174 2.288416624069214
v 1.8234996795654297 0.05945013090968132 2.360180377960205
v 2.026245594024658 -0.045124299824237823 2.0632479190826416
v 1.768000602722168 -0.044971104711294174 2.288416624069214
v 2.026245594024658 -0.045124299824237823 2.0632479190826416
v 2.0898516178131104 0.05929212644696236 2.1279430389404297
v 2.256046772003174 -0.0452987477183342 1.809116005897522
v 2.026245594024658 -0.045124299824237823 2.0632479190826416
v 2.256046772003174 -0.0452987477183342 1.809116005897522
v 2.326866626739502 0.05911220237612724 1.8658335208892822
v 2.4541776180267334 -0.04549200087785721 1.5295886993408203
v 2.256046772003174 -0.0452987477183342 1.809116005897522
v 2.4541776180267334 -0.04549200087785721 1.5295886993408203
v 2.531217336654663 0.05891288071870804 1.5775309801101685
v 2.6178574562072754 -0.045701347291469574 1.228589653968811
v 2.4541776180267334 -0.04549200087785721 1.5295886993408203
v 2.6178574562072754 -0.045701347291469574 1.228589653968811
v 2.700035572052002 0.058696962893009186 1.267082929611206
v 2.74478816986084 -0.04592385143041611 0.9103444218635559
v 2.6178574562072754 -0.045701347291469574 1.228589653968811
v 2.74478816986084 -0.04592385143041611 0.9103444218635559
v 2.830950975418091 0.058467477560043335 0.9388473033905029
v 2.83318829536438 -0.0461563803255558 0.5793204307556152
v 2.74478816986084 -0.04592385143041611 0.9103444218635559
v 2.83318829536438 -0.0461563803255558 0.5793204307556152
v 2.922126293182373 0.05822764337062836 0.5974316596984863
v 2.8818166255950928 -0.0463956780731678 0.24016450345516205
v 2.83318829536438 -0.0461563803255558 0.5793204307556152
v 2.8818166255950928 -0.0463956780731678 0.24016450345516205
v 2.972280979156494 0.05798083543777466 0.24762877821922302
v 2.8899905681610107 -0.04663838446140289 -0.10236234962940216
v 2.8818166255950928 -0.0463956780731678 0.24016450345516205
v 2.9807116985321045 0.05773051083087921 -0.10565080493688583
v 2.8899905681610107 -0.04663838446140289 -0.10236234962940216
v 2.9472994804382324 0.057480186223983765 -0.4574478566646576
v 2.9807116985321045 0.05773051083087921 -0.10565080493688583
v 2.9472994804382324 0.057480186223983765 -0.4574478566646576
v 3.0145418643951416 0.19404815137386322 -0.4679809808731079
v 2.87251353263855 0.057233378291130066 -0.8028239607810974
v 2.9472994804382324 0.057480186223983765 -0.4574478566646576
v 2.87251353263855 0.057233378291130066 -0.8028239607810974
v 2.938049793243408 0.19379571080207825 -0.8212372064590454
v 2.757404088973999 0.056993547827005386 -1.1369307041168213
v 2.87251353263855 0.057233378291130066 -0.8028239607810974
v 2.757404088973999 0.056993547827005386 -1.1369307041168213
v 2.8203139305114746 0.19355040788650513 -1.1629669666290283
v 2.603586435317993 0.056764062494039536 -1.4550780057907104
v 2.757404088973999 0.056993547827005386 -1.1369307041168213
v 2.603586435317993 0.056764062494039536 -1.4550780057907104
v 2.662986993789673 0.19331568479537964 -1.4883731603622437
v 2.413220167160034 0.05654814466834068 -1.7527997493743896
v 2.603586435317993 0.056764062494039536 -1.4550780057907104
v 2.413220167160034 0.05654814466834068 -1.7527997493743896
v 2.4682772159576416 0.19309484958648682 -1.792887806892395
v 2.1889777183532715 0.05634882301092148 -2.025916576385498
v 2.413220167160034 0.05654814466834068 -1.7527997493743896
v 2.1889777183532715 0.05634882301092148 -2.025916576385498
v 2.2389185428619385 0.1928909718990326 -2.0722360610961914
v 1.9340068101882935 0.056168898940086365 -2.270594596862793
v 2.1889777183532715 0.05634882301092148 -2.025916576385498
v 1.9340068101882935 0.056168898940086365 -2.270594596862793
v 1.9781298637390137 0.19270694255828857 -2.3224966526031494
v 1.6518864631652832 0.0560108944773674 -2.4833991527557373
v 1.9340068101882935 0.056168898940086365 -2.270594596862793
v 1.6518864631652832 0.0560108944773674 -2.4833991527557373
v 1.6895726919174194 0.1925453394651413 -2.540156602859497
v 1.3465772867202759 0.05587702989578247 -2.6613426208496094
v 1.6518864631652832 0.0560108944773674 -2.4833991527557373
v 1.3465772867202759 0.05587702989578247 -2.6613426208496094
v 1.3772976398468018 0.19240841269493103 -2.7221601009368896
v 1.0223652124404907 0.0557691864669323 -2.801927328109741
v 1.3465772867202759 0.05587702989578247 -2.6613426208496094
v 1.0223652124404907 0.0557691864669323 -2.801927328109741
v 1.0456881523132324 0.19229811429977417 -2.865952491760254
v 0.6838012337684631 0.055688876658678055 -2.903179883956909
v 1.0223652124404907 0.0557691864669323 -2.801927328109741
v 0.6838012337684631 0.055688876658678055 -2.903179883956909
v 0.6993995308876038 0.1922159641981125 -2.969514846801758
v 0.33563822507858276 0.05563722178339958 -2.9636783599853516
v 0.6838012337684631 0.055688876658678055 -2.903179883956909
v 0.33563822507858276 0.05563722178339958 -2.9636783599853516
v 0.34329280257225037 0.1921631395816803 -3.0313937664031982
v -0.017236461862921715 0.055614955723285675 -2.982573986053467
v 0.33563822507858276 0.05563722178339958 -2.9636783599853516
v -0.017236461862921715 0.055614955723285675 -2.982573986053467
v -0.01763313077390194 0.1921403706073761 -3.050720691680908
v -0.369869202375412 0.05562238767743111 -2.959601640701294
v -0.017236461862921715 0.055614955723285675 -2.982573986053467
v -0.369869202375412 0.05562238767743111 -2.959601640701294
v -0.3783116042613983 0.19214797019958496 -3.027224063873291
v -0.7173097729682922 0.05565941333770752 -2.89508318901062
v -0.369869202375412 0.05562238767743111 -2.959601640701294
v -0.7173097729682922 0.05565941333770752 -2.89508318901062
v -0.7336794137954712 0.19218583405017853 -2.961233615875244
v -1.0546809434890747 0.05572551116347313 -2.7899248600006104
v -0.7173097729682922 0.05565941333770752 -2.89508318901062
v -1.0546809434890747 0.05572551116347313 -2.7899248600006104
v -1.078748106956482 0.19225344061851501 -2.8536760807037354
v -1.3772467374801636 0.05581975728273392 -2.6456027030944824
v -1.0546809434890747 0.05572551116347313 -2.7899248600006104
v -1.3772467374801636 0.05581975728273392 -2.6456027030944824
v -1.4086735248565674 0.19234983623027802 -2.7060608863830566
v -1.6804790496826172 0.05594082549214363 -2.4641425609588623
v -1.3772467374801636 0.05581975728273392 -2.6456027030944824
v -1.6804790496826172 0.05594082549214363 -2.4641425609588623
v -1.7188245058059692 0.1924736648797989 -2.520460844039917
v -1.9601210355758667 0.05608701333403587 -2.24809193611145
v -1.6804790496826172 0.05594082549214363 -2.4641425609588623
v -1.9601210355758667 0.05608701333403587 -2.24809193611145
v -2.0048468112945557 0.19262319803237915 -2.299480676651001
v -2.212247133255005 0.05625627562403679 -2.000483512878418
v -1.9601210355758667 0.05608701333403587 -2.24809193611145
v -2.212247133255005 0.05625627562403679 -2.000483512878418
v -2.262725591659546 0.19279631972312927 -2.046222686767578
v -2.433318614959717 0.05644623190164566 -1.7247933149337769
v -2.212247133255005 0.05625627562403679 -2.000483512878418
v -2.433318614959717 0.05644623190164566 -1.7247933149337769
v -2.4888408184051514 0.19299061596393585 -1.7642422914505005
v -2.6202311515808105 0.05665421858429909 -1.4248913526535034
v -2.433318614959717 0.05644623190164566 -1.7247933149337769
v -2.6202311515808105 0.05665421858429909 -1.4248913526535034
v -2.680018186569214 0.19320334494113922 -1.4574977159500122
v -2.7703616619110107 0.056877315044403076 -1.104987621307373
v -2.6202311515808105 0.05665421858429909 -1.4248913526535034
v -2.7703616619110107 0.056877315044403076 -1.104987621307373
v -2.833574056625366 0.1934315264225006 -1.1302950382232666
v -2.8816025257110596 0.05711238458752632 -0.7695728540420532
v -2.7703616619110107 0.056877315044403076 -1.104987621307373
v -2.8816025257110596 0.05711238458752632 -0.7695728540420532
v -2.947352647781372 0.19367195665836334 -0.7872273921966553
v -2.9523916244506836 0.05735613405704498 -0.4233555197715759
v -2.8816025257110596 0.05711238458752632 -0.7695728540420532
v -2.9523916244506836 0.05735613405704498 -0.4233555197715759
v -3.0197572708129883 0.1939212679862976 -0.433110773563385
v -2.981735944747925 0.057605136185884476 -0.07119584083557129
v -2.9523916244506836 0.05735613405704498 -0.4233555197715759
v -2.981735944747925 0.057605136185884476 -0.07119584083557129
v -3.0497710704803467 0.19417595863342285 -0.072916179895401
v -2.9692232608795166 0.05785590037703514 0.28196272253990173
v -2.981735944747925 0.057605136185884476 -0.07119584083557129
v -2.9692232608795166 0.05785590037703514 0.28196272253990173
v -3.036972761154175 0.19443243741989136 0.288300096988678
v -2.9150290489196777 0.05810490623116493 0.6311625242233276
v -2.9692232608795166 0.05785590037703514 0.28196272253990173
v -2.9150290489196777 0.05810490623116493 0.6311625242233276
v -2.9815421104431152 0.1946871280670166 0.6454673409461975
v -2.8199143409729004 0.058348651975393295 0.9715017080307007
v -2.9150290489196777 0.05810490623116493 0.6311625242233276
v -2.8199143409729004 0.058348651975393295 0.9715017080307007
v -2.8842570781707764 0.19493643939495087 0.9935716986656189
v -2.685214042663574 0.05858372524380684 1.2982025146484375
v -2.8199143409729004 0.058348651975393295 0.9715017080307007
v -2.685214042663574 0.05858372524380684 1.2982025146484375
v -2.74648380279541 0.1951768696308136 1.3277266025543213
v -2.512819290161133 0.05880681797862053 1.60667884349823
v -2.685214042663574 0.05858372524380684 1.2982025146484375
v -2.512819290161133 0.05880681797862053 1.60667884349823
v -2.570155620574951 0.195405051112175 1.643241047859192
v -2.305150270462036 0.059014804661273956 1.8926002979278564
v -2.512819290161133 0.05880681797862053 1.60667884349823
v -2.305150270462036 0.059014804661273956 1.8926002979278564
v -2.357748508453369 0.19561778008937836 1.9356862306594849
v -2.06512188911438 0.05920476093888283 2.1519532203674316
v -2.305150270462036 0.059014804661273956 1.8926002979278564
v -2.06512188911438 0.05920476093888283 2.1519532203674316
v -2.112243413925171 0.19581207633018494 2.2009565830230713
v -1.796103835105896 0.059374019503593445 2.381096839904785
v -2.06512188911438 0.05920476093888283 2.1519532203674316
v -1.796103835105896 0.059374019503593445 2.381096839904785
v -1.8370875120162964 0.19598519802093506 2.435328483581543
v -1.5018725395202637 0.059520211070775986 2.576814651489258
v -1.796103835105896 0.059374019503593445 2.381096839904785
v -1.5018725395202637 0.059520211070775986 2.576814651489258
v -1.5361428260803223 0.19613471627235413 2.635511875152588
v -1.1865580081939697 0.0596412792801857 2.736358880996704
v -1.5018725395202637 0.059520211070775986 2.576814651489258
v -1.1865580081939697 0.0596412792801857 2.736358880996704
v -1.2136341333389282 0.196258544921875 2.7986960411071777
v -0.8545869588851929 0.05973552167415619 2.857490301132202
v -1.1865580081939697 0.0596412792801857 2.736358880996704
v -0.8545869588851929 0.05973552167415619 2.857490301132202
v -0.8740887641906738 0.196354940533638 2.922591209411621
v -0.5106194019317627 0.0598016194999218 2.9385080337524414
v -0.8545869588851929 0.05973552167415619 2.857490301132202
v -0.5106194019317627 0.0598016194999218 2.9385080337524414
v -0.5222731828689575 0.1964225471019745 3.0054574012756348
v -0.15948386490345 0.05983864143490791 2.9782750606536865
v -0.5106194019317627 0.0598016194999218 2.9385080337524414
v -0.15948386490345 0.05983864143490791 2.9782750606536865
v -0.16312608122825623 0.19646042585372925 3.0461318492889404
v 0.19389046728610992 0.059846073389053345 2.9762330055236816
v -0.15948386490345 0.05983864143490791 2.9782750606536865
v 0.19389046728610992 0.059846073389053345 2.9762330055236816
v 0.19831088185310364 0.1964680254459381 3.0440430641174316
v 0.5445429682731628 0.05982380732893944 2.932410717010498
v 0.19389046728610992 0.059846073389053345 2.9762330055236816
v 0.5445429682731628 0.05982380732893944 2.932410717010498
v 0.5569639205932617 0.19644524157047272 2.999220848083496
v 0.8875512480735779 0.059772152453660965 2.8474230766296387
v 0.5445429682731628 0.05982380732893944 2.932410717010498
v 0.8875512480735779 0.059772152453660965 2.8474230766296387
v 0.9077983498573303 0.19639241695404053 2.9122941493988037
v 1.2181003093719482 0.05969184264540672 2.722463369369507
v 0.8875512480735779 0.059772152453660965 2.8474230766296387
v 1.2181003093719482 0.05969184264540672 2.722463369369507
v 1.2458891868591309 0.19631026685237885 2.7844834327697754
v 1.5315498113632202 0.05958399549126625 2.5592856407165527
v 1.2181003093719482 0.05969184264540672 2.722463369369507
v 1.5315498113632202 0.05958399549126625 2.5592856407165527
v 1.5664904117584229 0.19619996845722198 2.6175825595855713
v 1.8234996795654297 0.05945013090968132 2.360180377960205
v 1.5315498113632202 0.05958399549126625 2.5592856407165527
v 1.8234996795654297 0.05945013090968132 2.360180377960205
v 1.8651015758514404 0.19606304168701172 2.4139347076416016
v 2.0898516178131104 0.05929212644696236 2.1279430389404297
v 1.8234996795654297 0.05945013090968132 2.360180377960205
v 2.0898516178131104 0.05929212644696236 2.1279430389404297
v 2.137530565261841 0.19590143859386444 2.176398515701294
v 2.326866626739502 0.05911220237612724 1.8658335208892822
v 2.0898516178131104 0.05929212644696236 2.1279430389404297
v 2.326866626739502 0.05911220237612724 1.8658335208892822
v 2.379953384399414 0.19571740925312042 1.9083086252212524
v 2.531217336654663 0.05891288071870804 1.5775309801101685
v 2.326866626739502 0.05911220237612724 1.8658335208892822
v 2.531217336654663 0.05891288071870804 1.5775309801101685
v 2.5889668464660645 0.1955135315656662 1.6134283542633057
v 2.700035572052002 0.058696962893009186 1.267082929611206
v 2.531217336654663 0.05891288071870804 1.5775309801101685
v 2.700035572052002 0.058696962893009186 1.267082929611206
v 2.76163649559021 0.19529269635677338 1.2958968877792358
v 2.830950975418091 0.058467477560043335 0.9388473033905029
v 2.700035572052002 0.058696962893009186 1.267082929611206
v 2.830950975418091 0.058467477560043335 0.9388473033905029
v 2.8955390453338623 0.1950579732656479 0.9601722359657288
v 2.922126293182373 0.05822764337062836 0.5974316596984863
v 2.830950975418091 0.058467477560043335 0.9388473033905029
v 2.922126293182373 0.05822764337062836 0.5974316596984863
v 2.9887943267822266 0.19481267035007477 0.6109668016433716
v 2.972280979156494 0.05798083543777466 0.24762877821922302
v 2.922126293182373 0.05822764337062836 0.5974316596984863
v 2.972280979156494 0.05798083543777466 0.24762877821922302
v 3.0400936603546143 0.1945602297782898 0.2531827986240387
v 2.9807116985321045 0.05773051083087921 -0.10565080493688583
v 2.972280979156494 0.05798083543777466 0.24762877821922302
v 3.0487165451049805 0.1943041831254959 -0.10815726220607758
v 2.9807116985321045 0.05773051083087921 -0.10565080493688583
v 3.0145418643951416 0.19404815137386322 -0.4679809808731079
v 3.0487165451049805 0.1943041831254959 -0.10815726220607758
v 3.0145418643951416 0.19404815137386322 -0.4679809808731079
v 3.050201177597046 0.3560502231121063 -0.4736306071281433
v 2.938049793243408 0.19379571080207825 -0.8212372064590454
v 3.0145418643951416 0.19404815137386322 -0.4679809808731079
v 2.938049793243408 0.19379571080207825 -0.8212372064590454
v 2.972804069519043 0.3557947874069214 -0.8310659527778625
v 2.8203139305114746 0.19355040788650513 -1.1629669666290283
v 2.938049793243408 0.19379571080207825 -0.8212372064590454
v 2.8203139305114746 0.19355040788650513 -1.1629669666290283
v 2.853675365447998 0.35554659366607666 -1.1768385171890259
v 2.662986993789673 0.19331568479537964 -1.4883731603622437
v 2.8203139305114746 0.19355040788650513 -1.1629669666290283
v 2.662986993789673 0.19331568479537964 -1.4883731603622437
v 2.6944870948791504 0.3553090989589691 -1.5060944557189941
v 2.4682772159576416 0.19309484958648682 -1.792887806892395
v 2.662986993789673 0.19331568479537964 -1.4883731603622437
v 2.4682772159576416 0.19309484958648682 -1.792887806892395
v 2.49747371673584 0.3550856411457062 -1.8142116069793701
v 2.2389185428619385 0.1928909718990326 -2.0722360610961914
v 2.4682772159576416 0.19309484958648682 -1.792887806892395
v 2.2389185428619385 0.1928909718990326 -2.0722360610961914
v 2.2654013633728027 0.35487934947013855 -2.096864700317383
v 1.9781298637390137 0.19270694255828857 -2.3224966526031494
v 2.2389185428619385 0.1928909718990326 -2.0722360610961914
v 1.9781298637390137 0.19270694255828857 -2.3224966526031494
v 2.001527786254883 0.35469314455986023 -2.350085973739624
v 1.6895726919174194 0.1925453394651413 -2.540156602859497
v 1.9781298637390137 0.19270694255828857 -2.3224966526031494
v 1.6895726919174194 0.1925453394651413 -2.540156602859497
v 1.7095569372177124 0.35452961921691895 -2.5703208446502686
v 1.3772976398468018 0.19240841269493103 -2.7221601009368896
v 1.6895726919174194 0.1925453394651413 -2.540156602859497
v 1.3772976398468018 0.19240841269493103 -2.7221601009368896
v 1.393587589263916 0.35439109802246094 -2.7544777393341064
v 1.0456881523132324 0.19229811429977417 -2.865952491760254
v 1.3772976398468018 0.19240841269493103 -2.7221601009368896
v 1.0456881523132324 0.19229811429977417 -2.865952491760254
v 1.05805504322052 0.354279488325119 -2.899970769882202
v 0.6993995308876038 0.1922159641981125 -2.969514846801758
v 1.0456881523132324 0.19229811429977417 -2.865952491760254
v 0.6993995308876038 0.1922159641981125 -2.969514846801758
v 0.7076696753501892 0.35419636964797974 -3.004758596420288
v 0.34329280257225037 0.1921631395816803 -3.0313937664031982
v 0.6993995308876038 0.1922159641981125 -2.969514846801758
v 0.34329280257225037 0.1921631395816803 -3.0313937664031982
v 0.34735003113746643 0.3541429042816162 -3.0673696994781494
v -0.01763313077390194 0.1921403706073761 -3.050720691680908
v 0.34329280257225037 0.1921631395816803 -3.0313937664031982
v -0.01763313077390194 0.1921403706073761 -3.050720691680908
v -0.017845746129751205 0.3541198670864105 -3.0869250297546387
v -0.3783116042613983 0.19214797019958496 -3.027224063873291
v -0.01763313077390194 0.1921403706073761 -3.050720691680908
v -0.3783116042613983 0.19214797019958496 -3.027224063873291
v -0.3827911615371704 0.35412755608558655 -3.063150405883789
v -0.7336794137954712 0.19218583405017853 -2.961233615875244
v -0.3783116042613983 0.19214797019958496 -3.027224063873291
v -0.7336794137954712 0.19218583405017853 -2.961233615875244
v -0.7423630952835083 0.3541658818721771 -2.9963793754577637
v -1.078748106956482 0.19225344061851501 -2.8536760807037354
v -0.7336794137954712 0.19218583405017853 -2.961233615875244
v -1.078748106956482 0.19225344061851501 -2.8536760807037354
v -1.0915141105651855 0.3542342782020569 -2.8875491619110107
v -1.4086735248565674 0.19234983623027802 -2.7060608863830566
v -1.078748106956482 0.19225344061851501 -2.8536760807037354
v -1.4086735248565674 0.19234983623027802 -2.7060608863830566
v -1.4253426790237427 0.3543318212032318 -2.7381880283355713
v -1.7188245058059692 0.1924736648797989 -2.520460844039917
v -1.4086735248565674 0.19234983623027802 -2.7060608863830566
v -1.7188245058059692 0.1924736648797989 -2.520460844039917
v -1.739162802696228 0.3544571101665497 -2.550391912460327
v -2.0048468112945557 0.19262319803237915 -2.299480676651001
v -1.7188245058059692 0.1924736648797989 -2.520460844039917
v -2.0048468112945557 0.19262319803237915 -2.299480676651001
v -2.028568983078003 0.354608416557312 -2.3267974853515625
v -2.262725591659546 0.19279631972312927 -2.046222686767578
v -2.0048468112945557 0.19262319803237915 -2.299480676651001
v -2.262725591659546 0.19279631972312927 -2.046222686767578
v -2.2894985675811768 0.3547835648059845 -2.0705435276031494
v -2.4888408184051514 0.19299061596393585 -1.7642422914505005
v -2.262725591659546 0.19279631972312927 -2.046222686767578
v -2.4888408184051514 0.19299061596393585 -1.7642422914505005
v -2.5182886123657227 0.3549801707267761 -1.7852271795272827
v -2.680018186569214 0.19320334494113922 -1.4574977159500122
v -2.4888408184051514 0.19299061596393585 -1.7642422914505005
v -2.680018186569214 0.19320334494113922 -1.4574977159500122
v -2.7117278575897217 0.35519540309906006 -1.474853754043579
v -2.833574056625366 0.1934315264225006 -1.1302950382232666
v -2.680018186569214 0.19320334494113922 -1.4574977159500122
v -2.833574056625366 0.1934315264225006 -1.1302950382232666
v -2.867100238800049 0.3554263114929199 -1.1437801122665405
v -2.947352647781372 0.19367195665836334 -0.7872273921966553
v -2.833574056625366 0.1934315264225006 -1.1302950382232666
v -2.947352647781372 0.19367195665836334 -0.7872273921966553
v -2.982224941253662 0.3556695878505707 -0.7966538667678833
v -3.0197572708129883 0.1939212679862976 -0.433110773563385
v -2.947352647781372 0.19367195665836334 -0.7872273921966553
v -3.0197572708129883 0.1939212679862976 -0.433110773563385
v -3.0554862022399902 0.35592183470726013 -0.4383479356765747
v -3.0497710704803467 0.19417595863342285 -0.072916179895401
v -3.0197572708129883 0.1939212679862976 -0.433110773563385
v -3.0497710704803467 0.19417595863342285 -0.072916179895401
v -3.0858547687530518 0.35617953538894653 -0.07389205694198608
v -3.036972761154175 0.19443243741989136 0.288300096988678
v -3.0497710704803467 0.19417595863342285 -0.072916179895401
v -3.036972761154175 0.19443243741989136 0.288300096988678
v -3.0729050636291504 0.3564390540122986 0.29159751534461975
v -2.9815421104431152 0.1946871280670166 0.6454673409461975
v -3.036972761154175 0.19443243741989136 0.288300096988678
v -2.9815421104431152 0.1946871280670166 0.6454673409461975
v -3.0168190002441406 0.356696754693985 0.6529902219772339
v -2.8842570781707764 0.19493643939495087 0.9935716986656189
v -2.9815421104431152 0.1946871280670166 0.6454673409461975
v -2.8842570781707764 0.19493643939495087 0.9935716986656189
v -2.9183828830718994 0.35694900155067444 1.0052127838134766
v -2.74648380279541 0.1951768696308136 1.3277266025543213
v -2.8842570781707764 0.19493643939495087 0.9935716986656189
v -2.74648380279541 0.1951768696308136 1.3277266025543213
v -2.778979539871216 0.3571922779083252 1.3433208465576172
v -2.570155620574951 0.195405051112175 1.643241047859192
v -2.74648380279541 0.1951768696308136 1.3277266025543213
v -2.570155620574951 0.195405051112175 1.643241047859192
v -2.6005656719207764 0.35742318630218506 1.6625679731369019
v -2.357748508453369 0.19561778008937836 1.9356862306594849
v -2.570155620574951 0.195405051112175 1.643241047859192
v -2.357748508453369 0.19561778008937836 1.9356862306594849
v -2.3856453895568848 0.357638418674469 1.9584728479385376
v -2.112243413925171 0.19581207633018494 2.2009565830230713
v -2.357748508453369 0.19561778008937836 1.9356862306594849
v -2.112243413925171 0.19581207633018494 2.2009565830230713
v -2.1372361183166504 0.3578350245952606 2.226881504058838
v -1.8370875120162964 0.19598519802093506 2.435328483581543
v -2.112243413925171 0.19581207633018494 2.2009565830230713
v -1.8370875120162964 0.19598519802093506 2.435328483581543
v -1.8588249683380127 0.3580101728439331 2.4640259742736816
v -1.5361428260803223 0.19613471627235413 2.635511875152588
v -1.8370875120162964 0.19598519802093506 2.435328483581543
v -1.5361428260803223 0.19613471627235413 2.635511875152588
v -1.554319977760315 0.35816147923469543 2.6665775775909424
v -1.2136341333389282 0.196258544921875 2.7986960411071777
v -1.5361428260803223 0.19613471627235413 2.635511875152588
v -1.2136341333389282 0.196258544921875 2.7986960411071777
v -1.2279958724975586 0.3582867681980133 2.831692695617676
v -0.8740887641906738 0.196354940533638 2.922591209411621
v -1.2136341333389282 0.196258544921875 2.7986960411071777
v -0.8740887641906738 0.196354940533638 2.922591209411621
v -0.8844335675239563 0.35838431119918823 2.9570531845092773
v -0.5222731828689575 0.1964225471019745 3.0054574012756348
v -0.8740887641906738 0.196354940533638 2.922591209411621
v -0.5222731828689575 0.1964225471019745 3.0054574012756348
v -0.5284558534622192 0.358452707529068 3.0408997535705566
v -0.16312608122825623 0.19646042585372925 3.0461318492889404
v -0.5222731828689575 0.1964225471019745 3.0054574012756348
v -0.16312608122825623 0.19646042585372925 3.0461318492889404
v -0.1650599241256714 0.35849103331565857 3.0820553302764893
v 0.19831088185310364 0.1964680254459381 3.0440430641174316
v -0.16312608122825623 0.19646042585372925 3.0461318492889404
v 0.19831088185310364 0.1964680254459381 3.0440430641174316
v 0.20065295696258545 0.3584987223148346 3.079941987991333
v 0.5569639205932617 0.19644524157047272 2.999220848083496
v 0.19831088185310364 0.1964680254459381 3.0440430641174316
v 0.5569639205932617 0.19644524157047272 2.999220848083496
v 0.5635489821434021 0.3584756851196289 3.0345895290374756
v 0.9077983498573303 0.19639241695404053 2.9122941493988037
v 0.5569639205932617 0.19644524157047272 2.999220848083496
v 0.9077983498573303 0.19639241695404053 2.9122941493988037
v 0.9185339212417603 0.3584222197532654 2.946634531021118
v 1.2458891868591309 0.19631026685237885 2.7844834327697754
v 0.9077983498573303 0.19639241695404053 2.9122941493988037
v 1.2458891868591309 0.19631026685237885 2.7844834327697754
v 1.2606245279312134 0.3583391010761261 2.8173115253448486
v 1.5664904117584229 0.19619996845722198 2.6175825595855713
v 1.2458891868591309 0.19631026685237885 2.7844834327697754
v 1.5664904117584229 0.19619996845722198 2.6175825595855713
v 1.585018515586853 0.3582274913787842 2.6484363079071045
v 1.8651015758514404 0.19606304168701172 2.4139347076416016
v 1.5664904117584229 0.19619996845722198 2.6175825595855713
v 1.8651015758514404 0.19606304168701172 2.4139347076416016
v 1.887162208557129 0.3580889403820038 2.4423792362213135
v 2.137530565261841 0.19590143859386444 2.176398515701294
v 1.8651015758514404 0.19606304168701172 2.4139347076416016
v 2.137530565261841 0.19590143859386444 2.176398515701294
v 2.1628143787384033 0.3579254150390625 2.2020328044891357
v 2.379953384399414 0.19571740925312042 1.9083086252212524
v 2.137530565261841 0.19590143859386444 2.176398515701294
v 2.379953384399414 0.19571740925312042 1.9083086252212524
v 2.40810489654541 0.3577392101287842 1.9307714700698853
v 2.5889668464660645 0.1955135315656662 1.6134283542633057
v 2.379953384399414 0.19571740925312042 1.9083086252212524
v 2.5889668464660645 0.1955135315656662 1.6134283542633057
v 2.619590997695923 0.35753294825553894 1.6324025392532349
v 2.76163649559021 0.19529269635677338 1.2958968877792358
v 2.5889668464660645 0.1955135315656662 1.6134283542633057
v 2.76163649559021 0.19529269635677338 1.2958968877792358
v 2.7943036556243896 0.357309490442276 1.3111146688461304
v 2.8955390453338623 0.1950579732656479 0.9601722359657288
v 2.76163649559021 0.19529269635677338 1.2958968877792358
v 2.8955390453338623 0.1950579732656479 0.9601722359657288
v 2.9297902584075928 0.35707199573516846 0.9714181423187256
v 2.9887943267822266 0.19481267035007477 0.6109668016433716
v 2.8955390453338623 0.1950579732656479 0.9601722359657288
v 2.9887943267822266 0.19481267035007477 0.6109668016433716
v 3.024148941040039 0.35682377219200134 0.6180814504623413
v 3.0400936603546143 0.1945602297782898 0.2531827986240387
v 2.9887943267822266 0.19481267035007477 0.6109668016433716
v 3.0400936603546143 0.1945602297782898 0.2531827986240387
v 3.0760550498962402 0.3565683364868164 0.256064772605896
v 3.0487165451049805 0.1943041831254959 -0.10815726220607758
v 3.0400936603546143 0.1945602297782898 0.2531827986240387
v 3.084779977798462 0.35630929470062256 -0.10955006629228592
v 3.0487165451049805 0.1943041831254959 -0.10815726220607758
v 3.050201177597046 0.3560502231121063 -0.4736306071281433
v 3.084779977798462 0.35630929470062256 -0.10955006629228592
v 3.050201177597046 0.3560502231121063 -0.4736306071281433
v 3.0473272800445557 0.5342804789543152 -0.4733116626739502
v 2.972804069519043 0.3557947874069214 -0.8310659527778625
v 3.050201177597046 0.3560502231121063 -0.4736306071281433
v 2.972804069519043 0.3557947874069214 -0.8310659527778625
v 2.9700028896331787 0.5340253114700317 -0.8304107785224915
v 2.853675365447998 0.35554659366607666 -1.1768385171890259
v 2.972804069519043 0.3557947874069214 -0.8310659527778625
v 2.853675365447998 0.35554659366607666 -1.1768385171890259
v 2.8509860038757324 0.5337772965431213 -1.1758580207824707
v 2.6944870948791504 0.3553090989589691 -1.5060944557189941
v 2.853675365447998 0.35554659366607666 -1.1768385171890259
v 2.6944870948791504 0.3553090989589691 -1.5060944557189941
v 2.6919476985931396 0.5335400700569153 -1.5048041343688965
v 2.49747371673584 0.3550856411457062 -1.8142116069793701
v 2.6944870948791504 0.3553090989589691 -1.5060944557189941
v 2.49747371673584 0.3550856411457062 -1.8142116069793701
v 2.49511981010437 0.5333167910575867 -1.812631368637085
v 2.2654013633728027 0.35487934947013855 -2.096864700317383
v 2.49747371673584 0.3550856411457062 -1.8142116069793701
v 2.2654013633728027 0.35487934947013855 -2.096864700317383
v 2.26326584815979 0.5331107378005981 -2.0950188636779785
v 2.001527786254883 0.35469314455986023 -2.350085973739624
v 2.2654013633728027 0.35487934947013855 -2.096864700317383
v 2.001527786254883 0.35469314455986023 -2.350085973739624
v 1.9996403455734253 0.5329247117042542 -2.348001718521118
v 1.7095569372177124 0.35452961921691895 -2.5703208446502686
v 2.001527786254883 0.35469314455986023 -2.350085973739624
v 1.7095569372177124 0.35452961921691895 -2.5703208446502686
v 1.7079441547393799 0.5327613353729248 -2.5680294036865234
v 1.393587589263916 0.35439109802246094 -2.7544777393341064
v 1.7095569372177124 0.35452961921691895 -2.5703208446502686
v 1.393587589263916 0.35439109802246094 -2.7544777393341064
v 1.3922721147537231 0.5326229333877563 -2.7520127296447754
v 1.05805504322052 0.354279488325119 -2.899970769882202
v 1.393587589263916 0.35439109802246094 -2.7544777393341064
v 1.05805504322052 0.354279488325119 -2.899970769882202
v 1.0570552349090576 0.5325114130973816 -2.897369146347046
v 0.7076696753501892 0.35419636964797974 -3.004758596420288
v 1.05805504322052 0.354279488325119 -2.899970769882202
v 0.7076696753501892 0.35419636964797974 -3.004758596420288
v 0.7069994211196899 0.5324283838272095 -3.002058506011963
v 0.34735003113746643 0.3541429042816162 -3.0673696994781494
v 0.7076696753501892 0.35419636964797974 -3.004758596420288
v 0.34735003113746643 0.3541429042816162 -3.0673696994781494
v 0.3470187783241272 0.5323749780654907 -3.064610719680786
v -0.017845746129751205 0.3541198670864105 -3.0869250297546387
v 0.34735003113746643 0.3541429042816162 -3.0673696994781494
v -0.017845746129751205 0.3541198670864105 -3.0869250297546387
v -0.017833448946475983 0.5323519110679626 -3.0841476917266846
v -0.3827911615371704 0.35412755608558655 -3.063150405883789
v -0.017845746129751205 0.3541198670864105 -3.0869250297546387
v -0.3827911615371704 0.35412755608558655 -3.063150405883789
v -0.38243553042411804 0.5323596000671387 -3.0603952407836914
v -0.7423630952835083 0.3541658818721771 -2.9963793754577637
v -0.3827911615371704 0.35412755608558655 -3.063150405883789
v -0.7423630952835083 0.3541658818721771 -2.9963793754577637
v -0.741669237613678 0.5323979258537292 -2.993687152862549
v -1.0915141105651855 0.3542342782020569 -2.8875491619110107
v -0.7423630952835083 0.3541658818721771 -2.9963793754577637
v -1.0915141105651855 0.3542342782020569 -2.8875491619110107
v -1.090491771697998 0.5324662327766418 -2.8849594593048096
v -1.4253426790237427 0.3543318212032318 -2.7381880283355713
v -1.0915141105651855 0.3542342782020569 -2.8875491619110107
v -1.4253426790237427 0.3543318212032318 -2.7381880283355713
v -1.4240063428878784 0.5325636863708496 -2.735738515853882
v -1.739162802696228 0.3544571101665497 -2.550391912460327
v -1.4253426790237427 0.3543318212032318 -2.7381880283355713
v -1.739162802696228 0.3544571101665497 -2.550391912460327
v -1.737531065940857 0.5326888561248779 -2.548119306564331
v -2.028568983078003 0.354608416557312 -2.3267974853515625
v -1.739162802696228 0.3544571101665497 -2.550391912460327
v -2.028568983078003 0.354608416557312 -2.3267974853515625
v -2.026664972305298 0.5328400135040283 -2.324734926223755
v -2.2894985675811768 0.3547835648059845 -2.0705435276031494
v -2.028568983078003 0.354608416557312 -2.3267974853515625
v -2.2894985675811768 0.3547835648059845 -2.0705435276031494
v -2.287348985671997 0.5330150127410889 -2.0687222480773926
v -2.5182886123657227 0.3549801707267761 -1.7852271795272827
v -2.2894985675811768 0.3547835648059845 -2.0705435276031494
v -2.5182886123657227 0.3549801707267761 -1.7852271795272827
v -2.5159242153167725 0.5332114100456238 -1.7836742401123047
v -2.7117278575897217 0.35519540309906006 -1.474853754043579
v -2.5182886123657227 0.3549801707267761 -1.7852271795272827
v -2.7117278575897217 0.35519540309906006 -1.474853754043579
v -2.709181308746338 0.5334264636039734 -1.4735928773880005
v -2.867100238800049 0.3554263114929199 -1.1437801122665405
v -2.7117278575897217 0.35519540309906006 -1.474853754043579
v -2.867100238800049 0.3554263114929199 -1.1437801122665405
v -2.864407539367676 0.5336571335792542 -1.142830729484558
v -2.982224941253662 0.3556695878505707 -0.7966538667678833
v -2.867100238800049 0.3554263114929199 -1.1437801122665405
v -2.982224941253662 0.3556695878505707 -0.7966538667678833
v -2.979423999786377 0.5339002013206482 -0.7960309982299805
v -3.0554862022399902 0.35592183470726013 -0.4383479356765747
v -2.982224941253662 0.3556695878505707 -0.7966538667678833
v -3.0554862022399902 0.35592183470726013 -0.4383479356765747
v -3.0526161193847656 0.5341522097587585 -0.4380621612071991
v -3.0858547687530518 0.35617953538894653 -0.07389205694198608
v -3.0554862022399902 0.35592183470726013 -0.4383479356765747
v -3.0858547687530518 0.35617953538894653 -0.07389205694198608
v -3.082956314086914 0.5344097018241882 -0.0739491805434227
v -3.0729050636291504 0.3564390540122986 0.29159751534461975
v -3.0858547687530518 0.35617953538894653 -0.07389205694198608
v -3.0729050636291504 0.3564390540122986 0.29159751534461975
v -3.070018768310547 0.5346689224243164 0.2911965847015381
v -3.0168190002441406 0.356696754693985 0.6529902219772339
v -3.0729050636291504 0.3564390540122986 0.29159751534461975
v -3.0168190002441406 0.356696754693985 0.6529902219772339
v -3.0139851570129395 0.5349264144897461 0.652249276638031
v -2.9183828830718994 0.35694900155067444 1.0052127838134766
v -3.0168190002441406 0.356696754693985 0.6529902219772339
v -2.9183828830718994 0.35694900155067444 1.0052127838134766
v -2.915642023086548 0.5351784229278564 1.0041403770446777
v -2.778979539871216 0.3571922779083252 1.3433208465576172
v -2.9183828830718994 0.35694900155067444 1.0052127838134766
v -2.778979539871216 0.3571922779083252 1.3433208465576172
v -2.77636981010437 0.5354214906692505 1.3419303894042969
v -2.6005656719207764 0.35742318630218506 1.6625679731369019
v -2.778979539871216 0.3571922779083252 1.3433208465576172
v -2.6005656719207764 0.35742318630218506 1.6625679731369019
v -2.598123550415039 0.5356521606445312 1.6608773469924927
v -2.3856453895568848 0.357638418674469 1.9584728479385376
v -2.6005656719207764 0.35742318630218506 1.6625679731369019
v -2.3856453895568848 0.357638418674469 1.9584728479385376
v -2.3834056854248047 0.5358672142028809 1.9565036296844482
v -2.1372361183166504 0.3578350245952606 2.226881504058838
v -2.3856453895568848 0.357638418674469 1.9584728479385376
v -2.1372361183166504 0.3578350245952606 2.226881504058838
v -2.13523006439209 0.5360636115074158 2.2246596813201904
v -1.8588249683380127 0.3580101728439331 2.4640259742736816
v -2.1372361183166504 0.3578350245952606 2.226881504058838
v -1.8588249683380127 0.3580101728439331 2.4640259742736816
v -1.8570806980133057 0.5362386107444763 2.461581230163574
v -1.554319977760315 0.35816147923469543 2.6665775775909424
v -1.8588249683380127 0.3580101728439331 2.4640259742736816
v -1.554319977760315 0.35816147923469543 2.6665775775909424
v -1.5528621673583984 0.5363897681236267 2.663942337036133
v -1.2279958724975586 0.3582867681980133 2.831692695617676
v -1.554319977760315 0.35816147923469543 2.6665775775909424
v -1.2279958724975586 0.3582867681980133 2.831692695617676
v -1.226845145225525 0.536514937877655 2.828902006149292
v -0.8844335675239563 0.35838431119918823 2.9570531845092773
v -1.2279958724975586 0.3582867681980133 2.831692695617676
v -0.8844335675239563 0.35838431119918823 2.9570531845092773
v -0.8836060166358948 0.5366123914718628 2.9541447162628174
v -0.5284558534622192 0.358452707529068 3.0408997535705566
v -0.8844335675239563 0.35838431119918823 2.9570531845092773
v -0.5284558534622192 0.358452707529068 3.0408997535705566
v -0.5279631614685059 0.5366806983947754 3.037912607192993
v -0.1650599241256714 0.35849103331565857 3.0820553302764893
v -0.5284558534622192 0.358452707529068 3.0408997535705566
v -0.1650599241256714 0.35849103331565857 3.0820553302764893
v -0.16490913927555084 0.5367189645767212 3.0790293216705322
v 0.20065295696258545 0.3584987223148346 3.079941987991333
v -0.1650599241256714 0.35849103331565857 3.0820553302764893
v 0.20065295696258545 0.3584987223148346 3.079941987991333
v 0.20045971870422363 0.5367266535758972 3.076917886734009
v 0.5635489821434021 0.3584756851196289 3.0345895290374756
v 0.20065295696258545 0.3584987223148346 3.079941987991333
v 0.5635489821434021 0.3584756851196289 3.0345895290374756
v 0.5630143284797668 0.5367036461830139 3.0316081047058105
v 0.9185339212417603 0.3584222197532654 2.946634531021118
v 0.5635489821434021 0.3584756851196289 3.0345895290374756
v 0.9185339212417603 0.3584222197532654 2.946634531021118
v 0.9176653027534485 0.5366502404212952 2.9437358379364014
v 1.2606245279312134 0.3583391010761261 2.8173115253448486
v 0.9185339212417603 0.3584222197532654 2.946634531021118
v 1.2606245279312134 0.3583391010761261 2.8173115253448486
v 1.2594341039657593 0.536567211151123 2.8145344257354736
v 1.585018515586853 0.3582274913787842 2.6484363079071045
v 1.2606245279312134 0.3583391010761261 2.8173115253448486
v 1.585018515586853 0.3582274913787842 2.6484363079071045
v 1.5835230350494385 0.5364556908607483 2.645817995071411
v 1.887162208557129 0.3580889403820038 2.4423792362213135
v 1.585018515586853 0.3582274913787842 2.6484363079071045
v 1.887162208557129 0.3580889403820038 2.4423792362213135
v 1.8853824138641357 0.5363172888755798 2.4399547576904297
v 2.1628143787384033 0.3579254150390625 2.2020328044891357
v 1.887162208557129 0.3580889403820038 2.4423792362213135
v 2.1628143787384033 0.3579254150390625 2.2020328044891357
v 2.1607751846313477 0.5361539125442505 2.1998348236083984
v 2.40810489654541 0.3577392101287842 1.9307714700698853
v 2.1628143787384033 0.3579254150390625 2.2020328044891357
v 2.40810489654541 0.3577392101287842 1.9307714700698853
v 2.4058351516723633 0.5359678864479065 1.928828477859497
v 2.619590997695923 0.35753294825553894 1.6324025392532349
v 2.40810489654541 0.3577392101287842 1.9307714700698853
v 2.619590997695923 0.35753294825553894 1.6324025392532349
v 2.617122173309326 0.535761833190918 1.6307400465011597
v 2.7943036556243896 0.357309490442276 1.3111146688461304
v 2.619590997695923 0.35753294825553894 1.6324025392532349
v 2.7943036556243896 0.357309490442276 1.3111146688461304
v 2.791670322418213 0.5355385541915894 1.3097546100616455
v 2.9297902584075928 0.35707199573516846 0.9714181423187256
v 2.7943036556243896 0.357309490442276 1.3111146688461304
v 2.9297902584075928 0.35707199573516846 0.9714181423187256
v 2.927029609680176 0.5353012681007385 0.9703776240348816
v 3.024148941040039 0.35682377219200134 0.6180814504623413
v 2.9297902584075928 0.35707199573516846 0.9714181423187256
v 3.024148941040039 0.35682377219200134 0.6180814504623413
v 3.021299362182617 0.5350533127784729 0.6173734068870544
v 3.0760550498962402 0.3565683364868164 0.256064772605896
v 3.024148941040039 0.35682377219200134 0.6180814504623413
v 3.0760550498962402 0.3565683364868164 0.256064772605896
v 3.0731568336486816 0.5347981452941895 0.25569725036621094
v 3.084779977798462 0.35630929470062256 -0.10955006629228592
v 3.0760550498962402 0.3565683364868164 0.256064772605896
v 3.0818731784820557 0.5345392823219299 -0.10957363247871399
v 3.084779977798462 0.35630929470062256 -0.10955006629228592
v 3.0473272800445557 0.5342804789543152 -0.4733116626739502
v 3.0818731784820557 0.5345392823219299 -0.10957363247871399
v 3.0473272800445557 0.5342804789543152 -0.4733116626739502
v 3.001742362976074 0.7178098559379578 -0.46636801958084106
v 2.9700028896331787 0.5340253114700317 -0.8304107785224915
v 3.0473272800445557 0.5342804789543152 -0.4733116626739502
v 2.9700028896331787 0.5340253114700317 -0.8304107785224915
v 2.925574779510498 0.7175585031509399 -0.8181259036064148
v 2.8509860038757324 0.5337772965431213 -1.1758580207824707
v 2.9700028896331787 0.5340253114700317 -0.8304107785224915
v 2.8509860038757324 0.5337772965431213 -1.1758580207824707
v 2.808338165283203 0.7173142433166504 -1.158406138420105
v 2.6919476985931396 0.5335400700569153 -1.5048041343688965
v 2.8509860038757324 0.5337772965431213 -1.1758580207824707
v 2.6919476985931396 0.5335400700569153 -1.5048041343688965
v 2.6516783237457275 0.7170805335044861 -1.4824321269989014
v 2.49511981010437 0.5333167910575867 -1.812631368637085
v 2.6919476985931396 0.5335400700569153 -1.5048041343688965
v 2.49511981010437 0.5333167910575867 -1.812631368637085
v 2.457794666290283 0.7168605923652649 -1.78565514087677
v 2.26326584815979 0.5331107378005981 -2.0950188636779785
v 2.49511981010437 0.5333167910575867 -1.812631368637085
v 2.26326584815979 0.5331107378005981 -2.0950188636779785
v 2.2294087409973145 0.7166576385498047 -2.0638186931610107
v 1.9996403455734253 0.5329247117042542 -2.348001718521118
v 2.26326584815979 0.5331107378005981 -2.0950188636779785
v 1.9996403455734253 0.5329247117042542 -2.348001718521118
v 1.9697262048721313 0.7164743542671204 -2.3130178451538086
v 1.7079441547393799 0.5327613353729248 -2.5680294036865234
v 1.9996403455734253 0.5329247117042542 -2.348001718521118
v 1.7079441547393799 0.5327613353729248 -2.5680294036865234
v 1.6823930740356445 0.7163134217262268 -2.529754400253296
v 1.3922721147537231 0.5326229333877563 -2.7520127296447754
v 1.7079441547393799 0.5327613353729248 -2.5680294036865234
v 1.3922721147537231 0.5326229333877563 -2.7520127296447754
v 1.3714425563812256 0.7161771059036255 -2.7109858989715576
v 1.0570552349090576 0.5325114130973816 -2.897369146347046
v 1.3922721147537231 0.5326229333877563 -2.7520127296447754
v 1.0570552349090576 0.5325114130973816 -2.897369146347046
v 1.0412397384643555 0.7160672545433044 -2.854168176651001
v 0.7069994211196899 0.5324283838272095 -3.002058506011963
v 1.0570552349090576 0.5325114130973816 -2.897369146347046
v 0.7069994211196899 0.5324283838272095 -3.002058506011963
v 0.6964198350906372 0.7159854769706726 -2.957291603088379
v 0.3470187783241272 0.5323749780654907 -3.064610719680786
v 0.7069994211196899 0.5324283838272095 -3.002058506011963
v 0.3470187783241272 0.5323749780654907 -3.064610719680786
v 0.3418234884738922 0.7159328460693359 -3.0189080238342285
v -0.017833448946475983 0.5323519110679626 -3.0841476917266846
v 0.3470187783241272 0.5323749780654907 -3.064610719680786
v -0.017833448946475983 0.5323519110679626 -3.0841476917266846
v -0.017571518197655678 0.7159101963043213 -3.0381529331207275
v -0.38243553042411804 0.5323596000671387 -3.0603952407836914
v -0.017833448946475983 0.5323519110679626 -3.0841476917266846
v -0.38243553042411804 0.5323596000671387 -3.0603952407836914
v -0.376720130443573 0.7159177660942078 -3.0147557258605957
v -0.741669237613678 0.5323979258537292 -2.993687152862549
v -0.38243553042411804 0.5323596000671387 -3.0603952407836914
v -0.741669237613678 0.5323979258537292 -2.993687152862549
v -0.7305806875228882 0.7159554362297058 -2.949045419692993
v -1.090491771697998 0.5324662327766418 -2.8849594593048096
v -0.741669237613678 0.5323979258537292 -2.993687152862549
v -1.090491771697998 0.5324662327766418 -2.8849594593048096
v -1.0741857290267944 0.716022789478302 -2.8419442176818848
v -1.4240063428878784 0.5325636863708496 -2.735738515853882
v -1.090491771697998 0.5324662327766418 -2.8849594593048096
v -1.4240063428878784 0.5325636863708496 -2.735738515853882
v -1.4027117490768433 0.7161187529563904 -2.6949551105499268
v -1.737531065940857 0.5326888561248779 -2.548119306564331
v -1.4240063428878784 0.5325636863708496 -2.735738515853882
v -1.737531065940857 0.5326888561248779 -2.548119306564331
v -1.7115471363067627 0.7162420749664307 -2.5101418495178223
v -2.026664972305298 0.5328400135040283 -2.324734926223755
v -1.737531065940857 0.5326888561248779 -2.548119306564331
v -2.026664972305298 0.5328400135040283 -2.324734926223755
v -1.9963563680648804 0.7163909673690796 -2.2900991439819336
v -2.287348985671997 0.5330150127410889 -2.0687222480773926
v -2.026664972305298 0.5328400135040283 -2.324734926223755
v -2.287348985671997 0.5330150127410889 -2.0687222480773926
v -2.253141403198242 0.71656334400177 -2.0379154682159424
v -2.5159242153167725 0.5332114100456238 -1.7836742401123047
v -2.287348985671997 0.5330150127410889 -2.0687222480773926
v -2.5159242153167725 0.5332114100456238 -1.7836742401123047
v -2.478297472000122 0.7167568206787109 -1.7571312189102173
v -2.709181308746338 0.5334264636039734 -1.4735928773880005
v -2.5159242153167725 0.5332114100456238 -1.7836742401123047
v -2.709181308746338 0.5334264636039734 -1.4735928773880005
v -2.66866397857666 0.7169686555862427 -1.4516876935958862
v -2.864407539367676 0.5336571335792542 -1.142830729484558
v -2.709181308746338 0.5334264636039734 -1.4735928773880005
v -2.864407539367676 0.5336571335792542 -1.142830729484558
v -2.821568489074707 0.7171958684921265 -1.1258728504180908
v -2.979423999786377 0.5339002013206482 -0.7960309982299805
v -2.864407539367676 0.5336571335792542 -1.142830729484558
v -2.979423999786377 0.5339002013206482 -0.7960309982299805
v -2.9348647594451904 0.7174353003501892 -0.7842603325843811
v -3.0526161193847656 0.5341522097587585 -0.4380621612071991
v -2.979423999786377 0.5339002013206482 -0.7960309982299805
v -3.0526161193847656 0.5341522097587585 -0.4380621612071991
v -3.0069620609283447 0.7176835536956787 -0.43164578080177307
v -3.082956314086914 0.5344097018241882 -0.0739491805434227
v -3.0526161193847656 0.5341522097587585 -0.4380621612071991
v -3.082956314086914 0.5344097018241882 -0.0739491805434227
v -3.036848545074463 0.7179371118545532 -0.0729789137840271
v -3.070018768310547 0.5346689224243164 0.2911965847015381
v -3.082956314086914 0.5344097018241882 -0.0739491805434227
v -3.070018768310547 0.5346689224243164 0.2911965847015381
v -3.024104595184326 0.7181925177574158 0.28670525550842285
v -3.0139851570129395 0.5349264144897461 0.652249276638031
v -3.070018768310547 0.5346689224243164 0.2911965847015381
v -3.0139851570129395 0.5349264144897461 0.652249276638031
v -2.9689090251922607 0.7184461355209351 0.642357587814331
v -2.915642023086548 0.5351784229278564 1.0041403770446777
v -3.0139851570129395 0.5349264144897461 0.652249276638031
v -2.915642023086548 0.5351784229278564 1.0041403770446777
v -2.8720366954803467 0.7186943888664246 0.9889853596687317
v -2.77636981010437 0.5354214906692505 1.3419303894042969
v -2.915642023086548 0.5351784229278564 1.0041403770446777
v -2.77636981010437 0.5354214906692505 1.3419303894042969
v -2.7348475456237793 0.7189338207244873 1.3217228651046753
v -2.598123550415039 0.5356521606445312 1.6608773469924927
v -2.77636981010437 0.5354214906692505 1.3419303894042969
v -2.598123550415039 0.5356521606445312 1.6608773469924927
v -2.559267520904541 0.7191610336303711 1.6358991861343384
v -2.3834056854248047 0.5358672142028809 1.9565036296844482
v -2.598123550415039 0.5356521606445312 1.6608773469924927
v -2.3834056854248047 0.5358672142028809 1.9565036296844482
v -2.3477609157562256 0.7193728685379028 1.927103877067566
v -2.13523006439209 0.5360636115074158 2.2246596813201904
v -2.3834056854248047 0.5358672142028809 1.9565036296844482
v -2.13523006439209 0.5360636115074158 2.2246596813201904
v -2.103297710418701 0.7195663452148438 2.191249132156372
v -1.8570806980133057 0.5362386107444763 2.461581230163574
v -2.13523006439209 0.5360636115074158 2.2246596813201904
v -1.8570806980133057 0.5362386107444763 2.461581230163574
v -1.8293085098266602 0.7197387218475342 2.4246268272399902
v -1.5528621673583984 0.5363897681236267 2.663942337036133
v -1.8570806980133057 0.5362386107444763 2.461581230163574
v -1.5528621673583984 0.5363897681236267 2.663942337036133
v -1.5296404361724854 0.7198876142501831 2.6239609718322754
v -1.226845145225525 0.536514937877655 2.828902006149292
v -1.5528621673583984 0.5363897681236267 2.663942337036133
v -1.226845145225525 0.536514937877655 2.828902006149292
v -1.208499550819397 0.7200108766555786 2.7864532470703125
v -0.8836060166358948 0.5366123914718628 2.9541447162628174
v -1.226845145225525 0.536514937877655 2.828902006149292
v -0.8836060166358948 0.5366123914718628 2.9541447162628174
v -0.8703944683074951 0.7201068997383118 2.909822940826416
v -0.5279631614685059 0.5366806983947754 3.037912607192993
v -0.8836060166358948 0.5366123914718628 2.9541447162628174
v -0.5279631614685059 0.5366806983947754 3.037912607192993
v -0.5200710892677307 0.7201741933822632 2.992337703704834
v -0.16490913927555084 0.5367189645767212 3.0790293216705322
v -0.5279631614685059 0.5366806983947754 3.037912607192993
v -0.16490913927555084 0.5367189645767212 3.0790293216705322
v -0.16244736313819885 0.720211923122406 3.032839298248291
v 0.20045971870422363 0.5367266535758972 3.076917886734009
v -0.16490913927555084 0.5367189645767212 3.0790293216705322
v 0.20045971870422363 0.5367266535758972 3.076917886734009
v 0.19745656847953796 0.7202194929122925 3.030759811401367
v 0.5630143284797668 0.5367036461830139 3.0316081047058105
v 0.20045971870422363 0.5367266535758972 3.076917886734009
v 0.5630143284797668 0.5367036461830139 3.0316081047058105
v 0.5545883774757385 0.7201967835426331 2.9861276149749756
v 0.9176653027534485 0.5366502404212952 2.9437358379364014
v 0.5630143284797668 0.5367036461830139 3.0316081047058105
v 0.9176653027534485 0.5366502404212952 2.9437358379364014
v 0.9039347171783447 0.7201442122459412 2.8995697498321533
v 1.2594341039657593 0.536567211151123 2.8145344257354736
v 0.9176653027534485 0.5366502404212952 2.9437358379364014
v 1.2594341039657593 0.536567211151123 2.8145344257354736
v 1.2405915260314941 0.7200623750686646 2.7723007202148438
v 1.5835230350494385 0.5364556908607483 2.645817995071411
v 1.2594341039657593 0.536567211151123 2.8145344257354736
v 1.5835230350494385 0.5364556908607483 2.645817995071411
v 1.5598329305648804 0.7199525833129883 2.6061079502105713
v 1.8853824138641357 0.5363172888755798 2.4399547576904297
v 1.5835230350494385 0.5364556908607483 2.645817995071411
v 1.8853824138641357 0.5363172888755798 2.4399547576904297
v 1.8571773767471313 0.7198162078857422 2.4033238887786865
v 2.1607751846313477 0.5361539125442505 2.1998348236083984
v 1.8853824138641357 0.5363172888755798 2.4399547576904297
v 2.1607751846313477 0.5361539125442505 2.1998348236083984
v 2.128450870513916 0.7196552753448486 2.166795253753662
v 2.4058351516723633 0.5359678864479065 1.928828477859497
v 2.1607751846313477 0.5361539125442505 2.1998348236083984
v 2.4058351516723633 0.5359678864479065 1.928828477859497
v 2.369845390319824 0.7194720506668091 1.899842381477356
v 2.617122173309326 0.535761833190918 1.6307400465011597
v 2.4058351516723633 0.5359678864479065 1.928828477859497
v 2.617122173309326 0.535761833190918 1.6307400465011597
v 2.577972173690796 0.7192690372467041 1.606212854385376
v 2.791670322418213 0.5355385541915894 1.3097546100616455
v 2.617122173309326 0.535761833190918 1.6307400465011597
v 2.791670322418213 0.5355385541915894 1.3097546100616455
v 2.7499096393585205 0.7190491557121277 1.2900283336639404
v 2.927029609680176 0.5353012681007385 0.9703776240348816
v 2.791670322418213 0.5355385541915894 1.3097546100616455
v 2.927029609680176 0.5353012681007385 0.9703776240348816
v 2.883244276046753 0.7188153862953186 0.9557275176048279
v 3.021299362182617 0.5350533127784729 0.6173734068870544
v 2.927029609680176 0.5353012681007385 0.9703776240348816
v 3.021299362182617 0.5350533127784729 0.6173734068870544
v 2.976104259490967 0.718571126461029 0.6080033183097839
v 3.0731568336486816 0.5347981452941895 0.25569725036621094
v 3.021299362182617 0.5350533127784729 0.6173734068870544
v 3.0731568336486816 0.5347981452941895 0.25569725036621094
v 3.0271856784820557 0.7183197736740112 0.2517368793487549
v 3.0818731784820557 0.5345392823219299 -0.10957363247871399
v 3.0731568336486816 0.5347981452941895 0.25569725036621094
v 3.0357718467712402 0.7180648446083069 -0.10807052999734879
v 3.0818731784820557 0.5345392823219299 -0.10957363247871399
v 3.001742362976074 0.7178098559379578 -0.46636801958084106
v 3.0357718467712402 0.7180648446083069 -0.10807052999734879
v 3.001742362976074 0.7178098559379578 -0.46636801958084106
v 2.9124200344085693 0.8948401212692261 -0.4526318609714508
v 2.925574779510498 0.7175585031509399 -0.8181259036064148
v 3.001742362976074 0.7178098559379578 -0.46636801958084106
v 2.925574779510498 0.7175585031509399 -0.8181259036064148
v 2.8385188579559326 0.8945962190628052 -0.7939230799674988
v 2.808338165283203 0.7173142433166504 -1.158406138420105
v 2.925574779510498 0.7175585031509399 -0.8181259036064148
v 2.808338165283203 0.7173142433166504 -1.158406138420105
v 2.7247707843780518 0.8943592309951782 -1.1240782737731934
v 2.6516783237457275 0.7170805335044861 -1.4824321269989014
v 2.808338165283203 0.7173142433166504 -1.158406138420105
v 2.6516783237457275 0.7170805335044861 -1.4824321269989014
v 2.57277250289917 0.8941324949264526 -1.4384628534317017
v 2.457794666290283 0.7168605923652649 -1.78565514087677
v 2.6516783237457275 0.7170805335044861 -1.4824321269989014
v 2.457794666290283 0.7168605923652649 -1.78565514087677
v 2.384657621383667 0.8939191102981567 -1.7326633930206299
v 2.2294087409973145 0.7166576385498047 -2.0638186931610107
v 2.457794666290283 0.7168605923652649 -1.78565514087677
v 2.2294087409973145 0.7166576385498047 -2.0638186931610107
v 2.16306734085083 0.8937221765518188 -2.0025501251220703
v 1.9697262048721313 0.7164743542671204 -2.3130178451538086
v 2.2294087409973145 0.7166576385498047 -2.0638186931610107
v 1.9697262048721313 0.7164743542671204 -2.3130178451538086
v 1.911111831665039 0.8935443758964539 -2.2443342208862305
v 1.6823930740356445 0.7163134217262268 -2.529754400253296
v 1.9697262048721313 0.7164743542671204 -2.3130178451538086
v 1.6823930740356445 0.7163134217262268 -2.529754400253296
v 1.6323282718658447 0.8933882117271423 -2.4546217918395996
v 1.3714425563812256 0.7161771059036255 -2.7109858989715576
v 1.6823930740356445 0.7163134217262268 -2.529754400253296
v 1.3714425563812256 0.7161771059036255 -2.7109858989715576
v 1.3306300640106201 0.8932559490203857 -2.630460739135742
v 1.0412397384643555 0.7160672545433044 -2.854168176651001
v 1.3714425563812256 0.7161771059036255 -2.7109858989715576
v 1.0412397384643555 0.7160672545433044 -2.854168176651001
v 1.0102524757385254 0.8931493759155273 -2.7693827152252197
v 0.6964198350906372 0.7159854769706726 -2.957291603088379
v 1.0412397384643555 0.7160672545433044 -2.854168176651001
v 0.6964198350906372 0.7159854769706726 -2.957291603088379
v 0.6756927371025085 0.8930699825286865 -2.8694376945495605
v 0.3418234884738922 0.7159328460693359 -3.0189080238342285
v 0.6964198350906372 0.7159854769706726 -2.957291603088379
v 0.3418234884738922 0.7159328460693359 -3.0189080238342285
v 0.33164748549461365 0.8930189609527588 -2.929220676422119
v -0.017571518197655678 0.7159101963043213 -3.0381529331207275
v 0.3418234884738922 0.7159328460693359 -3.0189080238342285
v -0.017571518197655678 0.7159101963043213 -3.0381529331207275
v -0.01705366000533104 0.8929969668388367 -2.947892904281616
v -0.376720130443573 0.7159177660942078 -3.0147557258605957
v -0.017571518197655678 0.7159101963043213 -3.0381529331207275
v -0.376720130443573 0.7159177660942078 -3.0147557258605957
v -0.36551573872566223 0.893004298210144 -2.92519211769104
v -0.7305806875228882 0.7159554362297058 -2.949045419692993
v -0.376720130443573 0.7159177660942078 -3.0147557258605957
v -0.7305806875228882 0.7159554362297058 -2.949045419692993
v -0.7088471055030823 0.8930408954620361 -2.861436605453491
v -1.0741857290267944 0.716022789478302 -2.8419442176818848
v -0.7305806875228882 0.7159554362297058 -2.949045419692993
v -1.0741857290267944 0.716022789478302 -2.8419442176818848
v -1.042228102684021 0.89310622215271 -2.7575221061706543
v -1.4027117490768433 0.7161187529563904 -2.6949551105499268
v -1.0741857290267944 0.716022789478302 -2.8419442176818848
v -1.4027117490768433 0.7161187529563904 -2.6949551105499268
v -1.3609788417816162 0.8931993246078491 -2.6149067878723145
v -1.7115471363067627 0.7162420749664307 -2.5101418495178223
v -1.4027117490768433 0.7161187529563904 -2.6949551105499268
v -1.7115471363067627 0.7162420749664307 -2.5101418495178223
v -1.6606247425079346 0.8933189511299133 -2.4355931282043457
v -1.9963563680648804 0.7163909673690796 -2.2900991439819336
v -1.7115471363067627 0.7162420749664307 -2.5101418495178223
v -1.9963563680648804 0.7163909673690796 -2.2900991439819336
v -1.9369593858718872 0.8934634327888489 -2.222097396850586
v -2.253141403198242 0.71656334400177 -2.0379154682159424
v -1.9963563680648804 0.7163909673690796 -2.2900991439819336
v -2.253141403198242 0.71656334400177 -2.0379154682159424
v -2.1861038208007812 0.8936306834220886 -1.9774177074432373
v -2.478297472000122 0.7167568206787109 -1.7571312189102173
v -2.253141403198242 0.71656334400177 -2.0379154682159424
v -2.478297472000122 0.7167568206787109 -1.7571312189102173
v -2.4045603275299072 0.8938183784484863 -1.7049881219863892
v -2.66866397857666 0.7169686555862427 -1.4516876935958862
v -2.478297472000122 0.7167568206787109 -1.7571312189102173
v -2.66866397857666 0.7169686555862427 -1.4516876935958862
v -2.5892622470855713 0.8940239548683167 -1.4086332321166992
v -2.821568489074707 0.7171958684921265 -1.1258728504180908
v -2.66866397857666 0.7169686555862427 -1.4516876935958862
v -2.821568489074707 0.7171958684921265 -1.1258728504180908
v -2.737617015838623 0.894244372844696 -1.0925129652023315
v -2.9348647594451904 0.7174353003501892 -0.7842603325843811
v -2.821568489074707 0.7171958684921265 -1.1258728504180908
v -2.9348647594451904 0.7174353003501892 -0.7842603325843811
v -2.8475420475006104 0.8944766521453857 -0.7610652446746826
v -3.0069620609283447 0.7176835536956787 -0.43164578080177307
v -2.9348647594451904 0.7174353003501892 -0.7842603325843811
v -3.0069620609283447 0.7176835536956787 -0.43164578080177307
v -2.917494297027588 0.8947175741195679 -0.41894274950027466
v -3.036848545074463 0.7179371118545532 -0.0729789137840271
v -3.0069620609283447 0.7176835536956787 -0.43164578080177307
v -3.036848545074463 0.7179371118545532 -0.0729789137840271
v -2.9464914798736572 0.8949636220932007 -0.07094810158014297
v -3.024104595184326 0.7181925177574158 0.28670525550842285
v -3.036848545074463 0.7179371118545532 -0.0729789137840271
v -3.024104595184326 0.7181925177574158 0.28670525550842285
v -2.934126615524292 0.895211398601532 0.278033584356308
v -2.9689090251922607 0.7184461355209351 0.642357587814331
v -3.024104595184326 0.7181925177574158 0.28670525550842285
v -2.9689090251922607 0.7184461355209351 0.642357587814331
v -2.8805735111236572 0.8954574465751648 0.6231033802032471
v -2.8720366954803467 0.7186943888664246 0.9889853596687317
v -2.9689090251922607 0.7184461355209351 0.642357587814331
v -2.8720366954803467 0.7186943888664246 0.9889853596687317
v -2.786583662033081 0.8956983089447021 0.9594172239303589
v -2.7348475456237793 0.7189338207244873 1.3217228651046753
v -2.8720366954803467 0.7186943888664246 0.9889853596687317
v -2.7348475456237793 0.7189338207244873 1.3217228651046753
v -2.6534764766693115 0.8959305882453918 1.2822540998458862
v -2.559267520904541 0.7191610336303711 1.6358991861343384
v -2.7348475456237793 0.7189338207244873 1.3217228651046753
v -2.559267520904541 0.7191610336303711 1.6358991861343384
v -2.483120918273926 0.896151065826416 1.587082028388977
v -2.3477609157562256 0.7193728685379028 1.927103877067566
v -2.559267520904541 0.7191610336303711 1.6358991861343384
v -2.3477609157562256 0.7193728685379028 1.927103877067566
v -2.2779078483581543 0.8963565826416016 1.8696218729019165
v -2.103297710418701 0.7195663452148438 2.191249132156372
v -2.3477609157562256 0.7193728685379028 1.927103877067566
v -2.103297710418701 0.7195663452148438 2.191249132156372
v -2.0407185554504395 0.896544337272644 2.1259074211120605
v -1.8293085098266602 0.7197387218475342 2.4246268272399902
v -2.103297710418701 0.7195663452148438 2.191249132156372
v -1.8293085098266602 0.7197387218475342 2.4246268272399902
v -1.7748820781707764 0.8967115879058838 2.3523409366607666
v -1.5296404361724854 0.7198876142501831 2.6239609718322754
v -1.8293085098266602 0.7197387218475342 2.4246268272399902
v -1.5296404361724854 0.7198876142501831 2.6239609718322754
v -1.484130620956421 0.8968560099601746 2.545743942260742
v -1.208499550819397 0.7200108766555786 2.7864532470703125
v -1.5296404361724854 0.7198876142501831 2.6239609718322754
v -1.208499550819397 0.7200108766555786 2.7864532470703125
v -1.1725454330444336 0.8969756364822388 2.7034010887145996
v -0.8703944683074951 0.7201068997383118 2.909822940826416
v -1.208499550819397 0.7200108766555786 2.7864532470703125
v -0.8703944683074951 0.7201068997383118 2.909822940826416
v -0.8445006608963013 0.8970687985420227 2.8230996131896973
v -0.5200710892677307 0.7201741933822632 2.992337703704834
v -0.8703944683074951 0.7201068997383118 2.909822940826416
v -0.5200710892677307 0.7201741933822632 2.992337703704834
v -0.5046012997627258 0.8971341252326965 2.9031593799591064
v -0.16244736313819885 0.720211923122406 3.032839298248291
v -0.5200710892677307 0.7201741933822632 2.992337703704834
v -0.16244736313819885 0.720211923122406 3.032839298248291
v -0.1576186567544937 0.8971707224845886 2.9424562454223633
v 0.19745656847953796 0.7202194929122925 3.030759811401367
v -0.16244736313819885 0.720211923122406 3.032839298248291
v 0.19745656847953796 0.7202194929122925 3.030759811401367
v 0.19157621264457703 0.897178053855896 2.9404380321502686
v 0.5545883774757385 0.7201967835426331 2.9861276149749756
v 0.19745656847953796 0.7202194929122925 3.030759811401367
v 0.5545883774757385 0.7201967835426331 2.9861276149749756
v 0.5380814671516418 0.8971560597419739 2.8971340656280518
v 0.9039347171783447 0.7201442122459412 2.8995697498321533
v 0.5545883774757385 0.7201967835426331 2.9861276149749756
v 0.9039347171783447 0.7201442122459412 2.8995697498321533
v 0.877032995223999 0.8971049785614014 2.8131518363952637
v 1.2405915260314941 0.7200623750686646 2.7723007202148438
v 0.9039347171783447 0.7201442122459412 2.8995697498321533
v 1.2405915260314941 0.7200623750686646 2.7723007202148438
v 1.2036725282669067 0.8970256447792053 2.6896698474884033
v 1.5598329305648804 0.7199525833129883 2.6061079502105713
v 1.2405915260314941 0.7200623750686646 2.7723007202148438
v 1.5598329305648804 0.7199525833129883 2.6061079502105713
v 1.5134148597717285 0.8969190716743469 2.5284221172332764
v 1.8571773767471313 0.7198162078857422 2.4033238887786865
v 1.5598329305648804 0.7199525833129883 2.6061079502105713
v 1.8571773767471313 0.7198162078857422 2.4033238887786865
v 1.8019118309020996 0.8967867493629456 2.331671953201294
v 2.128450870513916 0.7196552753448486 2.166795253753662
v 1.8571773767471313 0.7198162078857422 2.4033238887786865
v 2.128450870513916 0.7196552753448486 2.166795253753662
v 2.0651135444641113 0.8966306447982788 2.1021811962127686
v 2.369845390319824 0.7194720506668091 1.899842381477356
v 2.128450870513916 0.7196552753448486 2.166795253753662
v 2.369845390319824 0.7194720506668091 1.899842381477356
v 2.2993252277374268 0.8964528441429138 1.8431715965270996
v 2.577972173690796 0.7192690372467041 1.606212854385376
v 2.369845390319824 0.7194720506668091 1.899842381477356
v 2.577972173690796 0.7192690372467041 1.606212854385376
v 2.5012590885162354 0.8962559103965759 1.558279037475586
v 2.7499096393585205 0.7190491557121277 1.2900283336639404
v 2.577972173690796 0.7192690372467041 1.606212854385376
v 2.7499096393585205 0.7190491557121277 1.2900283336639404
v 2.6680808067321777 0.89604252576828 1.2515026330947876
v 2.883244276046753 0.7188153862953186 0.9557275176048279
v 2.7499096393585205 0.7190491557121277 1.2900283336639404
v 2.883244276046753 0.7188153862953186 0.9557275176048279
v 2.797447919845581 0.8958157300949097 0.9271489977836609
v 2.976104259490967 0.718571126461029 0.6080033183097839
v 2.883244276046753 0.7188153862953186 0.9557275176048279
v 2.976104259490967 0.718571126461029 0.6080033183097839
v 2.887544631958008 0.8955787420272827 0.5897713899612427
v 3.0271856784820557 0.7183197736740112 0.2517368793487549
v 2.976104259490967 0.718571126461029 0.6080033183097839
v 3.0271856784820557 0.7183197736740112 0.2517368793487549
v 2.9371063709259033 0.8953348398208618 0.244105726480484
v 3.0357718467712402 0.7180648446083069 -0.10807052999734879
v 3.0271856784820557 0.7183197736740112 0.2517368793487549
v 2.94543719291687 0.895087480545044 -0.10499556362628937
v 3.0357718467712402 0.7180648446083069 -0.10807052999734879
v 2.9124200344085693 0.8948401212692261 -0.4526318609714508
v 2.94543719291687 0.895087480545044 -0.10499556362628937
v 2.9124200344085693 0.8948401212692261 -0.4526318609714508
v 2.781609296798706 1.0536314249038696 -0.43244388699531555
v 2.8385188579559326 0.8945962190628052 -0.7939230799674988
v 2.9124200344085693 0.8948401212692261 -0.4526318609714508
v 2.8385188579559326 0.8945962190628052 -0.7939230799674988
v 2.711027145385742 1.0533984899520874 -0.7584066987037659
v 2.7247707843780518 0.8943592309951782 -1.1240782737731934
v 2.8385188579559326 0.8945962190628052 -0.7939230799674988
v 2.7247707843780518 0.8943592309951782 -1.1240782737731934
v 2.6023879051208496 1.0531721115112305 -1.0737335681915283
v 2.57277250289917 0.8941324949264526 -1.4384628534317017
v 2.7247707843780518 0.8943592309951782 -1.1240782737731934
v 2.57277250289917 0.8941324949264526 -1.4384628534317017
v 2.457216262817383 1.0529555082321167 -1.3739981651306152
v 2.384657621383667 0.8939191102981567 -1.7326633930206299
v 2.57277250289917 0.8941324949264526 -1.4384628534317017
v 2.384657621383667 0.8939191102981567 -1.7326633930206299
v 2.277550220489502 1.0527516603469849 -1.6549853086471558
v 2.16306734085083 0.8937221765518188 -2.0025501251220703
v 2.384657621383667 0.8939191102981567 -1.7326633930206299
v 2.16306734085083 0.8937221765518188 -2.0025501251220703
v 2.0659122467041016 1.0525635480880737 -1.912750482559204
v 1.911111831665039 0.8935443758964539 -2.2443342208862305
v 2.16306734085083 0.8937221765518188 -2.0025501251220703
v 1.911111831665039 0.8935443758964539 -2.2443342208862305
v 1.8252729177474976 1.0523937940597534 -2.1436755657196045
v 1.6323282718658447 0.8933882117271423 -2.4546217918395996
v 1.911111831665039 0.8935443758964539 -2.2443342208862305
v 1.6323282718658447 0.8933882117271423 -2.4546217918395996
v 1.5590102672576904 1.0522446632385254 -2.3445184230804443
v 1.3306300640106201 0.8932559490203857 -2.630460739135742
v 1.6323282718658447 0.8933882117271423 -2.4546217918395996
v 1.3306300640106201 0.8932559490203857 -2.630460739135742
v 1.270862340927124 1.0521183013916016 -2.5124597549438477
v 1.0102524757385254 0.8931493759155273 -2.7693827152252197
v 1.3306300640106201 0.8932559490203857 -2.630460739135742
v 1.0102524757385254 0.8931493759155273 -2.7693827152252197
v 0.9648738503456116 1.0520164966583252 -2.6451423168182373
v 0.6756927371025085 0.8930699825286865 -2.8694376945495605
v 1.0102524757385254 0.8931493759155273 -2.7693827152252197
v 0.6756927371025085 0.8930699825286865 -2.8694376945495605
v 0.6453403234481812 1.0519407987594604 -2.7407033443450928
v 0.33164748549461365 0.8930189609527588 -2.929220676422119
v 0.6756927371025085 0.8930699825286865 -2.8694376945495605
v 0.33164748549461365 0.8930189609527588 -2.929220676422119
v 0.31674718856811523 1.0518920421600342 -2.7978014945983887
v -0.01705366000533104 0.8929969668388367 -2.947892904281616
v 0.33164748549461365 0.8930189609527588 -2.929220676422119
v -0.01705366000533104 0.8929969668388367 -2.947892904281616
v -0.01629272848367691 1.0518709421157837 -2.8156349658966064
v -0.36551573872566223 0.893004298210144 -2.92519211769104
v -0.01705366000533104 0.8929969668388367 -2.947892904281616
v -0.36551573872566223 0.893004298210144 -2.92519211769104
v -0.3491043150424957 1.0518779754638672 -2.7939538955688477
v -0.7088471055030823 0.8930408954620361 -2.861436605453491
v -0.36551573872566223 0.893004298210144 -2.92519211769104
v -0.7088471055030823 0.8930408954620361 -2.861436605453491
v -0.6770156025886536 1.0519129037857056 -2.7330620288848877
v -1.042228102684021 0.89310622215271 -2.7575221061706543
v -0.7088471055030823 0.8930408954620361 -2.861436605453491
v -1.042228102684021 0.89310622215271 -2.7575221061706543
v -0.9954233765602112 1.0519753694534302 -2.6338143348693848
v -1.3609788417816162 0.8931993246078491 -2.6149067878723145
v -1.042228102684021 0.89310622215271 -2.7575221061706543
v -1.3609788417816162 0.8931993246078491 -2.6149067878723145
v -1.2998580932617188 1.052064299583435 -2.4976046085357666
v -1.6606247425079346 0.8933189511299133 -2.4355931282043457
v -1.3609788417816162 0.8931993246078491 -2.6149067878723145
v -1.6606247425079346 0.8933189511299133 -2.4355931282043457
v -1.5860458612442017 1.0521785020828247 -2.3263440132141113
v -1.9369593858718872 0.8934634327888489 -2.222097396850586
v -1.6606247425079346 0.8933189511299133 -2.4355931282043457
v -1.9369593858718872 0.8934634327888489 -2.222097396850586
v -1.8499696254730225 1.0523165464401245 -2.1224374771118164
v -2.1861038208007812 0.8936306834220886 -1.9774177074432373
v -1.9369593858718872 0.8934634327888489 -2.222097396850586
v -2.1861038208007812 0.8936306834220886 -1.9774177074432373
v -2.0879242420196533 1.0524762868881226 -1.8887468576431274
v -2.4045603275299072 0.8938183784484863 -1.7049881219863892
v -2.1861038208007812 0.8936306834220886 -1.9774177074432373
v -2.4045603275299072 0.8938183784484863 -1.7049881219863892
v -2.2965691089630127 1.052655577659607 -1.6285529136657715
v -2.5892622470855713 0.8940239548683167 -1.4086332321166992
v -2.4045603275299072 0.8938183784484863 -1.7049881219863892
v -2.5892622470855713 0.8940239548683167 -1.4086332321166992
v -2.472975492477417 1.0528517961502075 -1.3455082178115845
v -2.737617015838623 0.894244372844696 -1.0925129652023315
v -2.5892622470855713 0.8940239548683167 -1.4086332321166992
v -2.737617015838623 0.894244372844696 -1.0925129652023315
v -2.6146674156188965 1.0530624389648438 -1.043586015701294
v -2.8475420475006104 0.8944766521453857 -0.7610652446746826
v -2.737617015838623 0.894244372844696 -1.0925129652023315
v -2.8475420475006104 0.8944766521453857 -0.7610652446746826
v -2.7196555137634277 1.0532842874526978 -0.7270245552062988
v -2.917494297027588 0.8947175741195679 -0.41894274950027466
v -2.8475420475006104 0.8944766521453857 -0.7610652446746826
v -2.917494297027588 0.8947175741195679 -0.41894274950027466
v -2.786465644836426 1.0535142421722412 -0.4002678692340851
v -2.9464914798736572 0.8949636220932007 -0.07094810158014297
v -2.917494297027588 0.8947175741195679 -0.41894274950027466
v -2.9464914798736572 0.8949636220932007 -0.07094810158014297
v -2.8141603469848633 1.0537493228912354 -0.06790271401405334
v -2.934126615524292 0.895211398601532 0.278033584356308
v -2.9464914798736572 0.8949636220932007 -0.07094810158014297
v -2.934126615524292 0.895211398601532 0.278033584356308
v -2.8023509979248047 1.0539859533309937 0.2654051184654236
v -2.8805735111236572 0.8954574465751648 0.6231033802032471
v -2.934126615524292 0.895211398601532 0.278033584356308
v -2.8805735111236572 0.8954574465751648 0.6231033802032471
v -2.7512030601501465 1.0542209148406982 0.5949767827987671
v -2.786583662033081 0.8956983089447021 0.9594172239303589
v -2.8805735111236572 0.8954574465751648 0.6231033802032471
v -2.786583662033081 0.8956983089447021 0.9594172239303589
v -2.6614346504211426 1.0544509887695312 0.916185736656189
v -2.6534764766693115 0.8959305882453918 1.2822540998458862
v -2.786583662033081 0.8956983089447021 0.9594172239303589
v -2.6534764766693115 0.8959305882453918 1.2822540998458862
v -2.5343058109283447 1.0546728372573853 1.2245230674743652
v -2.483120918273926 0.896151065826416 1.587082028388977
v -2.6534764766693115 0.8959305882453918 1.2822540998458862
v -2.483120918273926 0.896151065826416 1.587082028388977
v -2.3716013431549072 1.0548834800720215 1.515660047531128
v -2.2779078483581543 0.8963565826416016 1.8696218729019165
v -2.483120918273926 0.896151065826416 1.587082028388977
v -2.2779078483581543 0.8963565826416016 1.8696218729019165
v -2.175605058670044 1.055079698562622 1.7855103015899658
v -2.0407185554504395 0.896544337272644 2.1259074211120605
v -2.2779078483581543 0.8963565826416016 1.8696218729019165
v -2.0407185554504395 0.896544337272644 2.1259074211120605
v -1.9490686655044556 1.0552589893341064 2.030285120010376
v -1.7748820781707764 0.8967115879058838 2.3523409366607666
v -2.0407185554504395 0.896544337272644 2.1259074211120605
v -1.7748820781707764 0.8967115879058838 2.3523409366607666
v -1.6951717138290405 1.0554187297821045 2.246549129486084
v -1.484130620956421 0.8968560099601746 2.545743942260742
v -1.7748820781707764 0.8967115879058838 2.3523409366607666
v -1.484130620956421 0.8968560099601746 2.545743942260742
v -1.4174786806106567 1.0555567741394043 2.4312655925750732
v -1.1725454330444336 0.8969756364822388 2.7034010887145996
v -1.484130620956421 0.8968560099601746 2.545743942260742
v -1.1725454330444336 0.8969756364822388 2.7034010887145996
v -1.1198878288269043 1.055670976638794 2.5818421840667725
v -0.8445006608963013 0.8970687985420227 2.8230996131896973
v -1.1725454330444336 0.8969756364822388 2.7034010887145996
v -0.8445006608963013 0.8970687985420227 2.8230996131896973
v -0.8065765500068665 1.0557599067687988 2.696164608001709
v -0.5046012997627258 0.8971341252326965 2.9031593799591064
v -0.8445006608963013 0.8970687985420227 2.8230996131896973
v -0.5046012997627258 0.8971341252326965 2.9031593799591064
v -0.4819430708885193 1.0558223724365234 2.7726285457611084
v -0.1576186567544937 0.8971707224845886 2.9424562454223633
v -0.5046012997627258 0.8971341252326965 2.9031593799591064
v -0.1576186567544937 0.8971707224845886 2.9424562454223633
v -0.15054452419281006 1.0558573007583618 2.8101603984832764
v 0.19157621264457703 0.897178053855896 2.9404380321502686
v -0.1576186567544937 0.8971707224845886 2.9424562454223633
v 0.19157621264457703 0.897178053855896 2.9404380321502686
v 0.182966947555542 1.0558642148971558 2.8082330226898193
v 0.5380814671516418 0.8971560597419739 2.8971340656280518
v 0.19157621264457703 0.897178053855896 2.9404380321502686
v 0.5380814671516418 0.8971560597419739 2.8971340656280518
v 0.5139095783233643 1.0558432340621948 2.766873836517334
v 0.877032995223999 0.8971049785614014 2.8131518363952637
v 0.5380814671516418 0.8971560597419739 2.8971340656280518
v 0.877032995223999 0.8971049785614014 2.8131518363952637
v 0.837637722492218 1.0557944774627686 2.6866631507873535
v 1.2036725282669067 0.8970256447792053 2.6896698474884033
v 0.877032995223999 0.8971049785614014 2.8131518363952637
v 1.2036725282669067 0.8970256447792053 2.6896698474884033
v 1.1496068239212036 1.0557186603546143 2.5687272548675537
v 1.5134148597717285 0.8969190716743469 2.5284221172332764
v 1.2036725282669067 0.8970256447792053 2.6896698474884033
v 1.5134148597717285 0.8969190716743469 2.5284221172332764
v 1.4454376697540283 1.0556169748306274 2.414721727371216
v 1.8019118309020996 0.8967867493629456 2.331671953201294
v 1.5134148597717285 0.8969190716743469 2.5284221172332764
v 1.8019118309020996 0.8967867493629456 2.331671953201294
v 1.7209773063659668 1.0554906129837036 2.2268083095550537
v 2.0651135444641113 0.8966306447982788 2.1021811962127686
v 1.8019118309020996 0.8967867493629456 2.331671953201294
v 2.0651135444641113 0.8966306447982788 2.1021811962127686
v 1.9723578691482544 1.0553414821624756 2.007624626159668
v 2.2993252277374268 0.8964528441429138 1.8431715965270996
v 2.0651135444641113 0.8966306447982788 2.1021811962127686
v 2.2993252277374268 0.8964528441429138 1.8431715965270996
v 2.1960504055023193 1.0551716089248657 1.7602479457855225
v 2.5012590885162354 0.8962559103965759 1.558279037475586
v 2.2993252277374268 0.8964528441429138 1.8431715965270996
v 2.5012590885162354 0.8962559103965759 1.558279037475586
v 2.3889150619506836 1.0549834966659546 1.4881508350372314
v 2.6680808067321777 0.89604252576828 1.2515026330947876
v 2.5012590885162354 0.8962559103965759 1.558279037475586
v 2.6680808067321777 0.89604252576828 1.2515026330947876
v 2.548243999481201 1.0547797679901123 1.1951526403427124
v 2.797447919845581 0.8958157300949097 0.9271489977836609
v 2.6680808067321777 0.89604252576828 1.2515026330947876
v 2.797447919845581 0.8958157300949097 0.9271489977836609
v 2.6718008518218994 1.0545631647109985 0.8853667974472046
v 2.887544631958008 0.8955787420272827 0.5897713899612427
v 2.797447919845581 0.8958157300949097 0.9271489977836609
v 2.887544631958008 0.8955787420272827 0.5897713899612427
v 2.7578511238098145 1.0543367862701416 0.5631418228149414
v 2.9371063709259033 0.8953348398208618 0.244105726480484
v 2.887544631958008 0.8955787420272827 0.5897713899612427
v 2.9371063709259033 0.8953348398208618 0.244105726480484
v 2.8051867485046387 1.0541038513183594 0.23300106823444366
v 2.94543719291687 0.895087480545044 -0.10499556362628937
v 2.9371063709259033 0.8953348398208618 0.244105726480484
v 2.813143491744995 1.0538675785064697 -0.1004210039973259
v 2.94543719291687 0.895087480545044 -0.10499556362628937
v 2.781609296798706 1.0536314249038696 -0.43244388699531555
v 2.813143491744995 1.0538675785064697 -0.1004210039973259
v 2.781609296798706 1.0536314249038696 -0.43244388699531555
v 2.614698886871338 1.1834300756454468 -0.4066326916217804
v 2.711027145385742 1.0533984899520874 -0.7584066987037659
v 2.781609296798706 1.0536314249038696 -0.43244388699531555
v 2.711027145385742 1.0533984899520874 -0.7584066987037659
v 2.548352003097534 1.1832112073898315 -0.7130367159843445
v 2.6023879051208496 1.0531721115112305 -1.0737335681915283
v 2.711027145385742 1.0533984899520874 -0.7584066987037659
v 2.6023879051208496 1.0531721115112305 -1.0737335681915283
v 2.4462311267852783 1.1829984188079834 -1.009442925453186
v 2.457216262817383 1.0529555082321167 -1.3739981651306152
v 2.6023879051208496 1.0531721115112305 -1.0737335681915283
v 2.457216262817383 1.0529555082321167 -1.3739981651306152
v 2.309770345687866 1.1827948093414307 -1.2916905879974365
v 2.277550220489502 1.0527516603469849 -1.6549853086471558
v 2.457216262817383 1.0529555082321167 -1.3739981651306152
v 2.277550220489502 1.0527516603469849 -1.6549853086471558
v 2.1408851146698 1.1826032400131226 -1.5558176040649414
v 2.0659122467041016 1.0525635480880737 -1.912750482559204
v 2.277550220489502 1.0527516603469849 -1.6549853086471558
v 2.0659122467041016 1.0525635480880737 -1.912750482559204
v 1.9419459104537964 1.1824264526367188 -1.7981160879135132
v 1.8252729177474976 1.0523937940597534 -2.1436755657196045
v 2.0659122467041016 1.0525635480880737 -1.912750482559204
v 1.8252729177474976 1.0523937940597534 -2.1436755657196045
v 1.7157456874847412 1.1822668313980103 -2.0151848793029785
v 1.5590102672576904 1.0522446632385254 -2.3445184230804443
v 1.8252729177474976 1.0523937940597534 -2.1436755657196045
v 1.5590102672576904 1.0522446632385254 -2.3445184230804443
v 1.4654597043991089 1.1821266412734985 -2.203976631164551
v 1.270862340927124 1.0521183013916016 -2.5124597549438477
v 1.5590102672576904 1.0522446632385254 -2.3445184230804443
v 1.270862340927124 1.0521183013916016 -2.5124597549438477
v 1.1946016550064087 1.182007908821106 -2.3618409633636475
v 0.9648738503456116 1.0520164966583252 -2.6451423168182373
v 1.270862340927124 1.0521183013916016 -2.5124597549438477
v 0.9648738503456116 1.0520164966583252 -2.6451423168182373
v 0.9069734215736389 1.1819121837615967 -2.4865620136260986
v 0.6453403234481812 1.0519407987594604 -2.7407033443450928
v 0.9648738503456116 1.0520164966583252 -2.6451423168182373
v 0.6453403234481812 1.0519407987594604 -2.7407033443450928
v 0.6066129207611084 1.1818408966064453 -2.5763890743255615
v 0.31674718856811523 1.0518920421600342 -2.7978014945983887
v 0.6453403234481812 1.0519407987594604 -2.7407033443450928
v 0.31674718856811523 1.0518920421600342 -2.7978014945983887
v 0.2977364659309387 1.1817951202392578 -2.630061149597168
v -0.01629272848367691 1.0518709421157837 -2.8156349658966064
v 0.31674718856811523 1.0518920421600342 -2.7978014945983887
v -0.01629272848367691 1.0518709421157837 -2.8156349658966064
v -0.015319960191845894 1.1817753314971924 -2.646824598312378
v -0.3491043150424957 1.0518779754638672 -2.7939538955688477
v -0.01629272848367691 1.0518709421157837 -2.8156349658966064
v -0.3491043150424957 1.0518779754638672 -2.7939538955688477
v -0.32816174626350403 1.1817818880081177 -2.6264443397521973
v -0.6770156025886536 1.0519129037857056 -2.7330620288848877
v -0.3491043150424957 1.0518779754638672 -2.7939538955688477
v -0.6770156025886536 1.0519129037857056 -2.7330620288848877
v -0.6363973021507263 1.1818147897720337 -2.5692062377929688
v -0.9954233765602112 1.0519753694534302 -2.6338143348693848
v -0.6770156025886536 1.0519129037857056 -2.7330620288848877
v -0.9954233765602112 1.0519753694534302 -2.6338143348693848
v -0.9356995820999146 1.1818734407424927 -2.4759137630462646
v -1.2998580932617188 1.052064299583435 -2.4976046085357666
v -0.9954233765602112 1.0519753694534302 -2.6338143348693848
v -1.2998580932617188 1.052064299583435 -2.4976046085357666
v -1.2218672037124634 1.1819570064544678 -2.347876787185669
v -1.5860458612442017 1.0521785020828247 -2.3263440132141113
v -1.2998580932617188 1.052064299583435 -2.4976046085357666
v -1.5860458612442017 1.0521785020828247 -2.3263440132141113
v -1.4908828735351562 1.182064414024353 -2.1868927478790283
v -1.8499696254730225 1.0523165464401245 -2.1224374771118164
v -1.5860458612442017 1.0521785020828247 -2.3263440132141113
v -1.8499696254730225 1.0523165464401245 -2.1224374771118164
v -1.7389702796936035 1.1821941137313843 -1.9952211380004883
v -2.0879242420196533 1.0524762868881226 -1.8887468576431274
v -1.8499696254730225 1.0523165464401245 -2.1224374771118164
v -2.0879242420196533 1.0524762868881226 -1.8887468576431274
v -1.9626466035842896 1.1823443174362183 -1.775552749633789
v -2.2965691089630127 1.052655577659607 -1.6285529136657715
v -2.0879242420196533 1.0524762868881226 -1.8887468576431274
v -2.2965691089630127 1.052655577659607 -1.6285529136657715
v -2.1587722301483154 1.182512879371643 -1.5309714078903198
v -2.472975492477417 1.0528517961502075 -1.3455082178115845
v -2.2965691089630127 1.052655577659607 -1.6285529136657715
v -2.472975492477417 1.0528517961502075 -1.3455082178115845
v -2.3245937824249268 1.1826972961425781 -1.2649102210998535
v -2.6146674156188965 1.0530624389648438 -1.043586015701294
v -2.472975492477417 1.0528517961502075 -1.3455082178115845
v -2.6146674156188965 1.0530624389648438 -1.043586015701294
v -2.4577836990356445 1.182895302772522 -0.98110431432724
v -2.7196555137634277 1.0532842874526978 -0.7270245552062988
v -2.6146674156188965 1.0530624389648438 -1.043586015701294
v -2.7196555137634277 1.0532842874526978 -0.7270245552062988
v -2.556472063064575 1.1831037998199463 -0.6835376620292664
v -2.786465644836426 1.0535142421722412 -0.4002678692340851
v -2.7196555137634277 1.0532842874526978 -0.7270245552062988
v -2.786465644836426 1.0535142421722412 -0.4002678692340851
v -2.6192734241485596 1.1833200454711914 -0.376387357711792
v -2.8141603469848633 1.0537493228912354 -0.06790271401405334
v -2.786465644836426 1.0535142421722412 -0.4002678692340851
v -2.8141603469848633 1.0537493228912354 -0.06790271401405334
v -2.645306348800659 1.183540940284729 -0.06396521627902985
v -2.8023509979248047 1.0539859533309937 0.2654051184654236
v -2.8141603469848633 1.0537493228912354 -0.06790271401405334
v -2.8023509979248047 1.0539859533309937 0.2654051184654236
v -2.6342055797576904 1.1837633848190308 0.24934306740760803
v -2.7512030601501465 1.0542209148406982 0.5949767827987671
v -2.8023509979248047 1.0539859533309937 0.2654051184654236
v -2.7512030601501465 1.0542209148406982 0.5949767827987671
v -2.5861268043518066 1.1839842796325684 0.5591393113136292
v -2.6614346504211426 1.0544509887695312 0.916185736656189
v -2.7512030601501465 1.0542209148406982 0.5949767827987671
v -2.6614346504211426 1.0544509887695312 0.916185736656189
v -2.5017447471618652 1.1842005252838135 0.8610747456550598
v -2.5343058109283447 1.0546728372573853 1.2245230674743652
v -2.6614346504211426 1.0544509887695312 0.916185736656189
v -2.5343058109283447 1.0546728372573853 1.2245230674743652
v -2.382244110107422 1.1844091415405273 1.15091073513031
v -2.3716013431549072 1.0548834800720215 1.515660047531128
v -2.5343058109283447 1.0546728372573853 1.2245230674743652
v -2.3716013431549072 1.0548834800720215 1.515660047531128
v -2.229302167892456 1.1846070289611816 1.4245787858963013
v -2.175605058670044 1.055079698562622 1.7855103015899658
v -2.3716013431549072 1.0548834800720215 1.515660047531128
v -2.175605058670044 1.055079698562622 1.7855103015899658
v -2.0450665950775146 1.1847915649414062 1.678236961364746
v -1.9490686655044556 1.0552589893341064 2.030285120010376
v -2.175605058670044 1.055079698562622 1.7855103015899658
v -1.9490686655044556 1.0552589893341064 2.030285120010376
v -1.8321229219436646 1.184960126876831 1.9083245992660522
v -1.6951717138290405 1.0554187297821045 2.246549129486084
v -1.9490686655044556 1.0552589893341064 2.030285120010376
v -1.6951717138290405 1.0554187297821045 2.246549129486084
v -1.5934607982635498 1.1851102113723755 2.111611843109131
v -1.4174786806106567 1.0555567741394043 2.4312655925750732
v -1.6951717138290405 1.0554187297821045 2.246549129486084
v -1.4174786806106567 1.0555567741394043 2.4312655925750732
v -1.3324302434921265 1.1852399110794067 2.2852447032928467
v -1.1198878288269043 1.055670976638794 2.5818421840667725
v -1.4174786806106567 1.0555567741394043 2.4312655925750732
v -1.1198878288269043 1.055670976638794 2.5818421840667725
v -1.0526957511901855 1.185347318649292 2.426786184310913
v -0.8065765500068665 1.0557599067687988 2.696164608001709
v -1.1198878288269043 1.055670976638794 2.5818421840667725
v -0.8065765500068665 1.0557599067687988 2.696164608001709
v -0.7581841349601746 1.1854310035705566 2.5342490673065186
v -0.4819430708885193 1.0558223724365234 2.7726285457611084
v -0.8065765500068665 1.0557599067687988 2.696164608001709
v -0.4819430708885193 1.0558223724365234 2.7726285457611084
v -0.4530297815799713 1.185489535331726 2.6061248779296875
v -0.15054452419281006 1.0558573007583618 2.8101603984832764
v -0.4819430708885193 1.0558223724365234 2.7726285457611084
v -0.15054452419281006 1.0558573007583618 2.8101603984832764
v -0.14151622354984283 1.185522437095642 2.641404628753662
v 0.182966947555542 1.0558642148971558 2.8082330226898193
v -0.15054452419281006 1.0558573007583618 2.8101603984832764
v 0.182966947555542 1.0558642148971558 2.8082330226898193
v 0.1719834804534912 1.1855289936065674 2.6395928859710693
v 0.5139095783233643 1.0558432340621948 2.766873836517334
v 0.182966947555542 1.0558642148971558 2.8082330226898193
v 0.5139095783233643 1.0558432340621948 2.766873836517334
v 0.4830684959888458 1.1855093240737915 2.600715398788452
v 0.837637722492218 1.0557944774627686 2.6866631507873535
v 0.5139095783233643 1.0558432340621948 2.766873836517334
v 0.837637722492218 1.0557944774627686 2.6866631507873535
v 0.7873718738555908 1.1854634284973145 2.525317668914795
v 1.1496068239212036 1.0557186603546143 2.5687272548675537
v 0.837637722492218 1.0557944774627686 2.6866631507873535
v 1.1496068239212036 1.0557186603546143 2.5687272548675537
v 1.0806218385696411 1.185392141342163 2.4144585132598877
v 1.4454376697540283 1.0556169748306274 2.414721727371216
v 1.1496068239212036 1.0557186603546143 2.5687272548675537
v 1.4454376697540283 1.0556169748306274 2.414721727371216
v 1.3587019443511963 1.1852965354919434 2.2696938514709473
v 1.7209773063659668 1.0554906129837036 2.2268083095550537
v 1.4454376697540283 1.0556169748306274 2.414721727371216
v 1.7209773063659668 1.0554906129837036 2.2268083095550537
v 1.6177082061767578 1.1851778030395508 2.0930557250976562
v 1.9723578691482544 1.0553414821624756 2.007624626159668
v 1.7209773063659668 1.0554906129837036 2.2268083095550537
v 1.9723578691482544 1.0553414821624756 2.007624626159668
v 1.8540050983428955 1.185037612915039 1.8870238065719604
v 2.1960504055023193 1.0551716089248657 1.7602479457855225
v 1.9723578691482544 1.0553414821624756 2.007624626159668
v 2.1960504055023193 1.0551716089248657 1.7602479457855225
v 2.0642755031585693 1.1848779916763306 1.6544904708862305
v 2.3889150619506836 1.0549834966659546 1.4881508350372314
v 2.1960504055023193 1.0551716089248657 1.7602479457855225
v 2.3889150619506836 1.0549834966659546 1.4881508350372314
v 2.245567560195923 1.1847010850906372 1.3987199068069458
v 2.548243999481201 1.0547797679901123 1.1951526403427124
v 2.3889150619506836 1.0549834966659546 1.4881508350372314
v 2.548243999481201 1.0547797679901123 1.1951526403427124
v 2.395336151123047 1.1845096349716187 1.123302698135376
v 2.6718008518218994 1.0545631647109985 0.8853667974472046
v 2.548243999481201 1.0547797679901123 1.1951526403427124
v 2.6718008518218994 1.0545631647109985 0.8853667974472046
v 2.511479139328003 1.184306025505066 0.8321049809455872
v 2.7578511238098145 1.0543367862701416 0.5631418228149414
v 2.6718008518218994 1.0545631647109985 0.8853667974472046
v 2.7578511238098145 1.0543367862701416 0.5631418228149414
v 2.5923662185668945 1.1840932369232178 0.52921462059021
v 2.8051867485046387 1.0541038513183594 0.23300106823444366
v 2.7578511238098145 1.0543367862701416 0.5631418228149414
v 2.8051867485046387 1.0541038513183594 0.23300106823444366
v 2.636861562728882 1.183874249458313 0.21888335049152374
v 2.813143491744995 1.0538675785064697 -0.1004210039973259
v 2.8051867485046387 1.0541038513183594 0.23300106823444366
v 2.644340991973877 1.1836521625518799 -0.0945323035120964
v 2.813143491744995 1.0538675785064697 -0.1004210039973259
v 2.614698886871338 1.1834300756454468 -0.4066326916217804
v 2.644340991973877 1.1836521625518799 -0.0945323035120964
v 2.614698886871338 1.1834300756454468 -0.4066326916217804
v 2.4198272228240967 1.2753206491470337 -0.3764550983905792
v 2.548352003097534 1.1832112073898315 -0.7130367159843445
v 2.614698886871338 1.1834300756454468 -0.4066326916217804
v 2.548352003097534 1.1832112073898315 -0.7130367159843445
v 2.3584249019622803 1.2751179933547974 -0.6600235104560852
v 2.4462311267852783 1.1829984188079834 -1.009442925453186
v 2.548352003097534 1.1832112073898315 -0.7130367159843445
v 2.4462311267852783 1.1829984188079834 -1.009442925453186
v 2.2639153003692627 1.2749210596084595 -0.9343394041061401
v 2.309770345687866 1.1827948093414307 -1.2916905879974365
v 2.4462311267852783 1.1829984188079834 -1.009442925453186
v 2.309770345687866 1.1827948093414307 -1.2916905879974365
v 2.1376242637634277 1.2747327089309692 -1.195551872253418
v 2.1408851146698 1.1826032400131226 -1.5558176040649414
v 2.309770345687866 1.1827948093414307 -1.2916905879974365
v 2.1408851146698 1.1826032400131226 -1.5558176040649414
v 1.981325626373291 1.2745554447174072 -1.4399940967559814
v 1.9419459104537964 1.1824264526367188 -1.7981160879135132
v 2.1408851146698 1.1826032400131226 -1.5558176040649414
v 1.9419459104537964 1.1824264526367188 -1.7981160879135132
v 1.797213077545166 1.274391770362854 -1.6642347574234009
v 1.7157456874847412 1.1822668313980103 -2.0151848793029785
v 1.9419459104537964 1.1824264526367188 -1.7981160879135132
v 1.7157456874847412 1.1822668313980103 -2.0151848793029785
v 1.5878709554672241 1.2742440700531006 -1.8651257753372192
v 1.4654597043991089 1.1821266412734985 -2.203976631164551
v 1.7157456874847412 1.1822668313980103 -2.0151848793029785
v 1.4654597043991089 1.1821266412734985 -2.203976631164551
v 1.3562381267547607 1.2741142511367798 -2.0398471355438232
v 1.1946016550064087 1.182007908821106 -2.3618409633636475
v 1.4654597043991089 1.1821266412734985 -2.203976631164551
v 1.1946016550064087 1.182007908821106 -2.3618409633636475
v 1.105566382408142 1.274004340171814 -2.185946464538574
v 0.9069734215736389 1.1819121837615967 -2.4865620136260986
v 1.1946016550064087 1.182007908821106 -2.3618409633636475
v 0.9069734215736389 1.1819121837615967 -2.4865620136260986
v 0.8393744826316833 1.2739158868789673 -2.301372528076172
v 0.6066129207611084 1.1818408966064453 -2.5763890743255615
v 0.9069734215736389 1.1819121837615967 -2.4865620136260986
v 0.6066129207611084 1.1818408966064453 -2.5763890743255615
v 0.5613991022109985 1.2738498449325562 -2.384505033493042
v 0.2977364659309387 1.1817951202392578 -2.630061149597168
v 0.6066129207611084 1.1818408966064453 -2.5763890743255615
v 0.2977364659309387 1.1817951202392578 -2.630061149597168
v 0.27554240822792053 1.2738075256347656 -2.4341769218444824
v -0.015319960191845894 1.1817753314971924 -2.646824598312378
v 0.2977364659309387 1.1817951202392578 -2.630061149597168
v -0.015319960191845894 1.1817753314971924 -2.646824598312378
v -0.014182724989950657 1.2737891674041748 -2.4496910572052
v -0.32816174626350403 1.1817818880081177 -2.6264443397521973
v -0.015319960191845894 1.1817753314971924 -2.646824598312378
v -0.32816174626350403 1.1817818880081177 -2.6264443397521973
v -0.3037092089653015 1.2737953662872314 -2.4308297634124756
v -0.6363973021507263 1.1818147897720337 -2.5692062377929688
v -0.32816174626350403 1.1817818880081177 -2.6264443397521973
v -0.6363973021507263 1.1818147897720337 -2.5692062377929688
v -0.5889726877212524 1.273825764656067 -2.377857208251953
v -0.9356995820999146 1.1818734407424927 -2.4759137630462646
v -0.6363973021507263 1.1818147897720337 -2.5692062377929688
v -0.9356995820999146 1.1818734407424927 -2.4759137630462646
v -0.8659687638282776 1.2738800048828125 -2.291517972946167
v -1.2218672037124634 1.1819570064544678 -2.347876787185669
v -0.9356995820999146 1.1818734407424927 -2.4759137630462646
v -1.2218672037124634 1.1819570064544678 -2.347876787185669
v -1.1308090686798096 1.273957371711731 -2.173022985458374
v -1.4908828735351562 1.182064414024353 -2.1868927478790283
v -1.2218672037124634 1.1819570064544678 -2.347876787185669
v -1.4908828735351562 1.182064414024353 -2.1868927478790283
v -1.3797756433486938 1.2740567922592163 -2.0240366458892822
v -1.7389702796936035 1.1821941137313843 -1.9952211380004883
v -1.4908828735351562 1.182064414024353 -2.1868927478790283
v -1.7389702796936035 1.1821941137313843 -1.9952211380004883
v -1.6093735694885254 1.274176836013794 -1.8466500043869019
v -1.9626466035842896 1.1823443174362183 -1.775552749633789
v -1.7389702796936035 1.1821941137313843 -1.9952211380004883
v -1.9626466035842896 1.1823443174362183 -1.775552749633789
v -1.8163799047470093 1.2743157148361206 -1.64335298538208
v -2.1587722301483154 1.182512879371643 -1.5309714078903198
v -1.9626466035842896 1.1823443174362183 -1.775552749633789
v -2.1587722301483154 1.182512879371643 -1.5309714078903198
v -1.9978888034820557 1.2744717597961426 -1.4169996976852417
v -2.3245937824249268 1.1826972961425781 -1.2649102210998535
v -2.1587722301483154 1.182512879371643 -1.5309714078903198
v -2.3245937824249268 1.1826972961425781 -1.2649102210998535
v -2.1513521671295166 1.2746424674987793 -1.1707673072814941
v -2.4577836990356445 1.182895302772522 -0.98110431432724
v -2.3245937824249268 1.1826972961425781 -1.2649102210998535
v -2.4577836990356445 1.182895302772522 -0.98110431432724
v -2.274615526199341 1.2748256921768188 -0.9081127643585205
v -2.556472063064575 1.1831037998199463 -0.6835376620292664
v -2.4577836990356445 1.182895302772522 -0.98110431432724
v -2.556472063064575 1.1831037998199463 -0.6835376620292664
v -2.3659489154815674 1.2750186920166016 -0.6327229738235474
v -2.6192734241485596 1.1833200454711914 -0.376387357711792
v -2.556472063064575 1.1831037998199463 -0.6835376620292664
v -2.6192734241485596 1.1833200454711914 -0.376387357711792
v -2.424070119857788 1.2752188444137573 -0.34846386313438416
v -2.645306348800659 1.183540940284729 -0.06396521627902985
v -2.6192734241485596 1.1833200454711914 -0.376387357711792
v -2.645306348800659 1.183540940284729 -0.06396521627902985
v -2.4481630325317383 1.275423288345337 -0.05932576581835747
v -2.6342055797576904 1.1837633848190308 0.24934306740760803
v -2.645306348800659 1.183540940284729 -0.06396521627902985
v -2.6342055797576904 1.1837633848190308 0.24934306740760803
v -2.437889575958252 1.2756291627883911 0.23063243925571442
v -2.5861268043518066 1.1839842796325684 0.5591393113136292
v -2.6342055797576904 1.1837633848190308 0.24934306740760803
v -2.5861268043518066 1.1839842796325684 0.5591393113136292
v -2.3933937549591064 1.2758336067199707 0.517340362071991
v -2.5017447471618652 1.1842005252838135 0.8610747456550598
v -2.5861268043518066 1.1839842796325684 0.5591393113136292
v -2.5017447471618652 1.1842005252838135 0.8610747456550598
v -2.315300226211548 1.276033639907837 0.7967732548713684
v -2.382244110107422 1.1844091415405273 1.15091073513031
v -2.5017447471618652 1.1842005252838135 0.8610747456550598
v -2.382244110107422 1.1844091415405273 1.15091073513031
v -2.2047057151794434 1.2762266397476196 1.065008521080017
v -2.229302167892456 1.1846070289611816 1.4245787858963013
v -2.382244110107422 1.1844091415405273 1.15091073513031
v -2.229302167892456 1.1846070289611816 1.4245787858963013
v -2.0631625652313232 1.2764098644256592 1.3182806968688965
v -2.0450665950775146 1.1847915649414062 1.678236961364746
v -2.229302167892456 1.1846070289611816 1.4245787858963013
v -2.0450665950775146 1.1847915649414062 1.678236961364746
v -1.8926573991775513 1.276580572128296 1.5530344247817993
v -1.8321229219436646 1.184960126876831 1.9083245992660522
v -2.0450665950775146 1.1847915649414062 1.678236961364746
v -1.8321229219436646 1.184960126876831 1.9083245992660522
v -1.6955838203430176 1.2767366170883179 1.7659741640090942
v -1.5934607982635498 1.1851102113723755 2.111611843109131
v -1.8321229219436646 1.184960126876831 1.9083245992660522
v -1.5934607982635498 1.1851102113723755 2.111611843109131
v -1.4747085571289062 1.276875615119934 1.9541109800338745
v -1.3324302434921265 1.1852399110794067 2.2852447032928467
v -1.5934607982635498 1.1851102113723755 2.111611843109131
v -1.3324302434921265 1.1852399110794067 2.2852447032928467
v -1.233132004737854 1.2769955396652222 2.1148035526275635
v -1.0526957511901855 1.185347318649292 2.426786184310913
v -1.3324302434921265 1.1852399110794067 2.2852447032928467
v -1.0526957511901855 1.185347318649292 2.426786184310913
v -0.974245548248291 1.2770949602127075 2.245795965194702
v -0.7581841349601746 1.1854310035705566 2.5342490673065186
v -1.0526957511901855 1.185347318649292 2.426786184310913
v -0.7581841349601746 1.1854310035705566 2.5342490673065186
v -0.7016831040382385 1.277172327041626 2.345250129699707
v -0.4530297815799713 1.185489535331726 2.6061248779296875
v -0.7581841349601746 1.1854310035705566 2.5342490673065186
v -0.4530297815799713 1.185489535331726 2.6061248779296875
v -0.4192710816860199 1.2772266864776611 2.411768913269043
v -0.14151622354984283 1.185522437095642 2.641404628753662
v -0.4530297815799713 1.185489535331726 2.6061248779296875
v -0.14151622354984283 1.185522437095642 2.641404628753662
v -0.13097389042377472 1.2772570848464966 2.4444196224212646
v 0.1719834804534912 1.1855289936065674 2.6395928859710693
v -0.14151622354984283 1.185522437095642 2.641404628753662
v 0.1719834804534912 1.1855289936065674 2.6395928859710693
v 0.15916146337985992 1.2772631645202637 2.4427430629730225
v 0.4830684959888458 1.1855093240737915 2.600715398788452
v 0.1719834804534912 1.1855289936065674 2.6395928859710693
v 0.4830684959888458 1.1855093240737915 2.600715398788452
v 0.44706210494041443 1.2772448062896729 2.4067628383636475
v 0.7873718738555908 1.1854634284973145 2.525317668914795
v 0.4830684959888458 1.1855093240737915 2.600715398788452
v 0.7873718738555908 1.1854634284973145 2.525317668914795
v 0.728686511516571 1.2772024869918823 2.336984395980835
v 1.0806218385696411 1.185392141342163 2.4144585132598877
v 0.7873718738555908 1.1854634284973145 2.525317668914795
v 1.0806218385696411 1.185392141342163 2.4144585132598877
v 1.0000813007354736 1.2771365642547607 2.234387159347534
v 1.3587019443511963 1.1852965354919434 2.2696938514709473
v 1.0806218385696411 1.185392141342163 2.4144585132598877
v 1.3587019443511963 1.1852965354919434 2.2696938514709473
v 1.2574366331100464 1.2770479917526245 2.1004114151000977
v 1.6177082061767578 1.1851778030395508 2.0930557250976562
v 1.3587019443511963 1.1852965354919434 2.2696938514709473
v 1.6177082061767578 1.1851778030395508 2.0930557250976562
v 1.4971399307250977 1.2769380807876587 1.9369375705718994
v 1.8540050983428955 1.185037612915039 1.8870238065719604
v 1.6177082061767578 1.1851778030395508 2.0930557250976562
v 1.8540050983428955 1.185037612915039 1.8870238065719604
v 1.715826153755188 1.2768083810806274 1.7462608814239502
v 2.0642755031585693 1.1848779916763306 1.6544904708862305
v 1.8540050983428955 1.185037612915039 1.8870238065719604
v 2.0642755031585693 1.1848779916763306 1.6544904708862305
v 1.9104256629943848 1.2766605615615845 1.5310577154159546
v 2.245567560195923 1.1847010850906372 1.3987199068069458
v 2.0642755031585693 1.1848779916763306 1.6544904708862305
v 2.245567560195923 1.1847010850906372 1.3987199068069458
v 2.0782063007354736 1.2764970064163208 1.2943490743637085
v 2.395336151123047 1.1845096349716187 1.123302698135376
v 2.245567560195923 1.1847010850906372 1.3987199068069458
v 2.395336151123047 1.1845096349716187 1.123302698135376
v 2.216813087463379 1.2763196229934692 1.0394580364227295
v 2.511479139328003 1.184306025505066 0.8321049809455872
v 2.395336151123047 1.1845096349716187 1.123302698135376
v 2.511479139328003 1.184306025505066 0.8321049809455872
v 2.324300527572632 1.276131272315979 0.7699626088142395
v 2.5923662185668945 1.1840932369232178 0.52921462059021
v 2.511479139328003 1.184306025505066 0.8321049809455872
v 2.5923662185668945 1.1840932369232178 0.52921462059021
v 2.3991589546203613 1.2759343385696411 0.4896458387374878
v 2.636861562728882 1.183874249458313 0.21888335049152374
v 2.5923662185668945 1.1840932369232178 0.52921462059021
v 2.636861562728882 1.183874249458313 0.21888335049152374
v 2.440338134765625 1.2757316827774048 0.20244279503822327
v 2.644340991973877 1.1836521625518799 -0.0945323035120964
v 2.636861562728882 1.183874249458313 0.21888335049152374
v 2.4472601413726807 1.2755261659622192 -0.0876147523522377
v 2.644340991973877 1.1836521625518799 -0.0945323035120964
v 2.4198272228240967 1.2753206491470337 -0.3764550983905792
v 2.4472601413726807 1.2755261659622192 -0.0876147523522377
v 2.4198272228240967 1.2753206491470337 -0.3764550983905792
v 2.20727276802063 1.3229337930679321 -0.34350159764289856
v 2.3584249019622803 1.2751179933547974 -0.6600235104560852
v 2.4198272228240967 1.2753206491470337 -0.3764550983905792
v 2.3584249019622803 1.2751179933547974 -0.6600235104560852
v 2.151263952255249 1.3227490186691284 -0.6021621823310852
v 2.2639153003692627 1.2749210596084595 -0.9343394041061401
v 2.3584249019622803 1.2751179933547974 -0.6600235104560852
v 2.2639153003692627 1.2749210596084595 -0.9343394041061401
v 2.0650553703308105 1.3225693702697754 -0.8523829579353333
v 2.1376242637634277 1.2747327089309692 -1.195551872253418
v 2.2639153003692627 1.2749210596084595 -0.9343394041061401
v 2.1376242637634277 1.2747327089309692 -1.195551872253418
v 1.9498577117919922 1.3223974704742432 -1.090651273727417
v 1.981325626373291 1.2745554447174072 -1.4399940967559814
v 2.1376242637634277 1.2747327089309692 -1.195551872253418
v 1.981325626373291 1.2745554447174072 -1.4399940967559814
v 1.8072876930236816 1.3222358226776123 -1.3136224746704102
v 1.797213077545166 1.274391770362854 -1.6642347574234009
v 1.981325626373291 1.2745554447174072 -1.4399940967559814
v 1.797213077545166 1.274391770362854 -1.6642347574234009
v 1.6393470764160156 1.3220865726470947 -1.518166422843933
v 1.5878709554672241 1.2742440700531006 -1.8651257753372192
v 1.797213077545166 1.274391770362854 -1.6642347574234009
v 1.5878709554672241 1.2742440700531006 -1.8651257753372192
v 1.4483929872512817 1.3219517469406128 -1.7014117240905762
v 1.3562381267547607 1.2741142511367798 -2.0398471355438232
v 1.5878709554672241 1.2742440700531006 -1.8651257753372192
v 1.3562381267547607 1.2741142511367798 -2.0398471355438232
v 1.2371060848236084 1.3218334913253784 -1.8607863187789917
v 1.105566382408142 1.274004340171814 -2.185946464538574
v 1.3562381267547607 1.2741142511367798 -2.0398471355438232
v 1.105566382408142 1.274004340171814 -2.185946464538574
v 1.0084526538848877 1.3217332363128662 -1.994052529335022
v 0.8393744826316833 1.2739158868789673 -2.301372528076172
v 1.105566382408142 1.274004340171814 -2.185946464538574
v 0.8393744826316833 1.2739158868789673 -2.301372528076172
v 0.7656422257423401 1.3216524124145508 -2.0993399620056152
v 0.5613991022109985 1.2738498449325562 -2.384505033493042
v 0.8393744826316833 1.2739158868789673 -2.301372528076172
v 0.5613991022109985 1.2738498449325562 -2.384505033493042
v 0.5120834112167358 1.3215923309326172 -2.1751701831817627
v 0.27554240822792053 1.2738075256347656 -2.4341769218444824
v 0.5613991022109985 1.2738498449325562 -2.384505033493042
v 0.27554240822792053 1.2738075256347656 -2.4341769218444824
v 0.2513355314731598 1.3215535879135132 -2.2204792499542236
v -0.014182724989950657 1.2737891674041748 -2.4496910572052
v 0.27554240822792053 1.2738075256347656 -2.4341769218444824
v -0.014182724989950657 1.2737891674041748 -2.4496910572052
v -0.01294096652418375 1.321536898612976 -2.234630584716797
v -0.3037092089653015 1.2737953662872314 -2.4308297634124756
v -0.014182724989950657 1.2737891674041748 -2.4496910572052
v -0.3037092089653015 1.2737953662872314 -2.4308297634124756
v -0.27703627943992615 1.321542501449585 -2.21742582321167
v -0.5889726877212524 1.273825764656067 -2.377857208251953
v -0.3037092089653015 1.2737953662872314 -2.4308297634124756
v -0.5889726877212524 1.273825764656067 -2.377857208251953
v -0.5372430682182312 1.3215701580047607 -2.1691067218780518
v -0.8659687638282776 1.2738800048828125 -2.291517972946167
v -0.5889726877212524 1.273825764656067 -2.377857208251953
v -0.8659687638282776 1.2738800048828125 -2.291517972946167
v -0.7899085879325867 1.3216197490692139 -2.090350866317749
v -1.1308090686798096 1.273957371711731 -2.173022985458374
v -0.8659687638282776 1.2738800048828125 -2.291517972946167
v -1.1308090686798096 1.273957371711731 -2.173022985458374
v -1.0314860343933105 1.321690320968628 -1.9822643995285034
v -1.3797756433486938 1.2740567922592163 -2.0240366458892822
v -1.1308090686798096 1.273957371711731 -2.173022985458374
v -1.3797756433486938 1.2740567922592163 -2.0240366458892822
v -1.2585841417312622 1.3217809200286865 -1.8463644981384277
v -1.6093735694885254 1.274176836013794 -1.8466500043869019
v -1.3797756433486938 1.2740567922592163 -2.0240366458892822
v -1.6093735694885254 1.274176836013794 -1.8466500043869019
v -1.4680149555206299 1.3218904733657837 -1.6845588684082031
v -1.8163799047470093 1.2743157148361206 -1.64335298538208
v -1.6093735694885254 1.274176836013794 -1.8466500043869019
v -1.8163799047470093 1.2743157148361206 -1.64335298538208
v -1.6568385362625122 1.3220171928405762 -1.4991188049316406
v -1.9978888034820557 1.2744717597961426 -1.4169996976852417
v -1.8163799047470093 1.2743157148361206 -1.64335298538208
v -1.9978888034820557 1.2744717597961426 -1.4169996976852417
v -1.822404146194458 1.3221595287322998 -1.2926476001739502
v -2.1513521671295166 1.2746424674987793 -1.1707673072814941
v -1.9978888034820557 1.2744717597961426 -1.4169996976852417
v -2.1513521671295166 1.2746424674987793 -1.1707673072814941
v -1.9623876810073853 1.3223152160644531 -1.068043828010559
v -2.274615526199341 1.2748256921768188 -0.9081127643585205
v -2.1513521671295166 1.2746424674987793 -1.1707673072814941
v -2.274615526199341 1.2748256921768188 -0.9081127643585205
v -2.074824094772339 1.3224823474884033 -0.8284599781036377
v -2.3659489154815674 1.2750186920166016 -0.6327229738235474
v -2.274615526199341 1.2748256921768188 -0.9081127643585205
v -2.3659489154815674 1.2750186920166016 -0.6327229738235474
v -2.158134937286377 1.3226584196090698 -0.5772596001625061
v -2.424070119857788 1.2752188444137573 -0.34846386313438416
v -2.3659489154815674 1.2750186920166016 -0.6327229738235474
v -2.424070119857788 1.2752188444137573 -0.34846386313438416
v -2.211150884628296 1.322840929031372 -0.31796902418136597
v -2.4481630325317383 1.275423288345337 -0.05932576581835747
v -2.424070119857788 1.2752188444137573 -0.34846386313438416
v -2.4481630325317383 1.275423288345337 -0.05932576581835747
v -2.2331273555755615 1.3230273723602295 -0.054227977991104126
v -2.437889575958252 1.2756291627883911 0.23063243925571442
v -2.4481630325317383 1.275423288345337 -0.05932576581835747
v -2.437889575958252 1.2756291627883911 0.23063243925571442
v -2.2237563133239746 1.3232152462005615 0.21026115119457245
v -2.3933937549591064 1.2758336067199707 0.517340362071991
v -2.437889575958252 1.2756291627883911 0.23063243925571442
v -2.3933937549591064 1.2758336067199707 0.517340362071991
v -2.18316912651062 1.323401689529419 0.4717855155467987
v -2.315300226211548 1.276033639907837 0.7967732548713684
v -2.3933937549591064 1.2758336067199707 0.517340362071991
v -2.315300226211548 1.276033639907837 0.7967732548713684
v -2.1119351387023926 1.3235841989517212 0.7266737818717957
v -2.2047057151794434 1.2762266397476196 1.065008521080017
v -2.315300226211548 1.276033639907837 0.7967732548713684
v -2.2047057151794434 1.2762266397476196 1.065008521080017
v -2.0110549926757812 1.3237602710723877 0.9713481068611145
v -2.0631625652313232 1.2764098644256592 1.3182806968688965
v -2.2047057151794434 1.2762266397476196 1.065008521080017
v -2.0631625652313232 1.2764098644256592 1.3182806968688965
v -1.8819442987442017 1.323927402496338 1.2023736238479614
v -1.8926573991775513 1.276580572128296 1.5530344247817993
v -2.0631625652313232 1.2764098644256592 1.3182806968688965
v -1.8926573991775513 1.276580572128296 1.5530344247817993
v -1.7264158725738525 1.3240830898284912 1.4165071249008179
v -1.6955838203430176 1.2767366170883179 1.7659741640090942
v -1.8926573991775513 1.276580572128296 1.5530344247817993
v -1.6955838203430176 1.2767366170883179 1.7659741640090942
v -1.5466527938842773 1.3242254257202148 1.6107429265975952
v -1.4747085571289062 1.276875615119934 1.9541109800338745
v -1.6955838203430176 1.2767366170883179 1.7659741640090942
v -1.4747085571289062 1.276875615119934 1.9541109800338745
v -1.3451786041259766 1.3243521451950073 1.7823543548583984
v -1.233132004737854 1.2769955396652222 2.1148035526275635
v -1.4747085571289062 1.276875615119934 1.9541109800338745
v -1.233132004737854 1.2769955396652222 2.1148035526275635
v -1.1248213052749634 1.3244616985321045 1.9289321899414062
v -0.974245548248291 1.2770949602127075 2.245795965194702
v -1.233132004737854 1.2769955396652222 2.1148035526275635
v -0.974245548248291 1.2770949602127075 2.245795965194702
v -0.8886746764183044 1.324552297592163 2.0484187602996826
v -0.7016831040382385 1.277172327041626 2.345250129699707
v -0.974245548248291 1.2770949602127075 2.245795965194702
v -0.7016831040382385 1.277172327041626 2.345250129699707
v -0.6400533318519592 1.3246228694915771 2.139136791229248
v -0.4192710816860199 1.2772266864776611 2.411768913269043
v -0.7016831040382385 1.277172327041626 2.345250129699707
v -0.4192710816860199 1.2772266864776611 2.411768913269043
v -0.38244757056236267 1.3246724605560303 2.1998133659362793
v -0.13097389042377472 1.2772570848464966 2.4444196224212646
v -0.4192710816860199 1.2772266864776611 2.411768913269043
v -0.13097389042377472 1.2772570848464966 2.4444196224212646
v -0.11947353184223175 1.324700117111206 2.22959566116333
v 0.15916146337985992 1.2772631645202637 2.4427430629730225
v -0.13097389042377472 1.2772570848464966 2.4444196224212646
v 0.15916146337985992 1.2772631645202637 2.4427430629730225
v 0.14517717063426971 1.324705719947815 2.2280662059783936
v 0.44706210494041443 1.2772448062896729 2.4067628383636475
v 0.15916146337985992 1.2772631645202637 2.4427430629730225
v 0.44706210494041443 1.2772448062896729 2.4067628383636475
v 0.4077894389629364 1.3246890306472778 2.195246696472168
v 0.728686511516571 1.2772024869918823 2.336984395980835
v 0.44706210494041443 1.2772448062896729 2.4067628383636475
v 0.728686511516571 1.2772024869918823 2.336984395980835
v 0.6646767854690552 1.3246502876281738 2.1315972805023193
v 1.0000813007354736 1.2771365642547607 2.234387159347534
v 0.728686511516571 1.2772024869918823 2.336984395980835
v 1.0000813007354736 1.2771365642547607 2.234387159347534
v 0.9122330546379089 1.3245902061462402 2.0380120277404785
v 1.2574366331100464 1.2770479917526245 2.1004114151000977
v 1.0000813007354736 1.2771365642547607 2.234387159347534
v 1.2574366331100464 1.2770479917526245 2.1004114151000977
v 1.1469831466674805 1.3245093822479248 1.915804147720337
v 1.4971399307250977 1.2769380807876587 1.9369375705718994
v 1.2574366331100464 1.2770479917526245 2.1004114151000977
v 1.4971399307250977 1.2769380807876587 1.9369375705718994
v 1.3656314611434937 1.3244091272354126 1.7666895389556885
v 1.715826153755188 1.2768083810806274 1.7462608814239502
v 1.4971399307250977 1.2769380807876587 1.9369375705718994
v 1.715826153755188 1.2768083810806274 1.7462608814239502
v 1.5651090145111084 1.3242908716201782 1.5927611589431763
v 1.9104256629943848 1.2766605615615845 1.5310577154159546
v 1.715826153755188 1.2768083810806274 1.7462608814239502
v 1.9104256629943848 1.2766605615615845 1.5310577154159546
v 1.7426154613494873 1.3241560459136963 1.3964608907699585
v 2.0782063007354736 1.2764970064163208 1.2943490743637085
v 1.9104256629943848 1.2766605615615845 1.5310577154159546
v 2.0782063007354736 1.2764970064163208 1.2943490743637085
v 1.8956587314605713 1.3240067958831787 1.180544137954712
v 2.216813087463379 1.2763196229934692 1.0394580364227295
v 2.0782063007354736 1.2764970064163208 1.2943490743637085
v 2.216813087463379 1.2763196229934692 1.0394580364227295
v 2.0220906734466553 1.3238451480865479 0.9480418562889099
v 2.324300527572632 1.276131272315979 0.7699626088142395
v 2.216813087463379 1.2763196229934692 1.0394580364227295
v 2.324300527572632 1.276131272315979 0.7699626088142395
v 2.1201367378234863 1.3236732482910156 0.7022181153297424
v 2.3991589546203613 1.2759343385696411 0.4896458387374878
v 2.324300527572632 1.276131272315979 0.7699626088142395
v 2.3991589546203613 1.2759343385696411 0.4896458387374878
v 2.188420057296753 1.3234935998916626 0.446523517370224
v 2.440338134765625 1.2757316827774048 0.20244279503822327
v 2.3991589546203613 1.2759343385696411 0.4896458387374878
v 2.440338134765625 1.2757316827774048 0.20244279503822327
v 2.225982189178467 1.3233088254928589 0.18454760313034058
v 2.4472601413726807 1.2755261659622192 -0.0876147523522377
v 2.440338134765625 1.2757316827774048 0.20244279503822327
v 2.2322959899902344 1.3231213092803955 -0.08003214001655579
v 2.4472601413726807 1.2755261659622192 -0.0876147523522377
v 2.20727276802063 1.3229337930679321 -0.34350159764289856
v 2.2322959899902344 1.3231213092803955 -0.08003214001655579
v 2.151263952255249 1.3227490186691284 -0.6021621823310852
v 2.20727276802063 1.3229337930679321 -0.34350159764289856
v 2.0650553703308105 1.3225693702697754 -0.8523829579353333
v 2.151263952255249 1.3227490186691284 -0.6021621823310852
v 1.9498577117919922 1.3223974704742432 -1.090651273727417
v 2.0650553703308105 1.3225693702697754 -0.8523829579353333
v 1.8072876930236816 1.3222358226776123 -1.3136224746704102
v 1.9498577117919922 1.3223974704742432 -1.090651273727417
v 1.6393470764160156 1.3220865726470947 -1.518166422843933
v 1.8072876930236816 1.3222358226776123 -1.3136224746704102
v 1.4483929872512817 1.3219517469406128 -1.7014117240905762
v 1.6393470764160156 1.3220865726470947 -1.518166422843933
v 1.2371060848236084 1.3218334913253784 -1.8607863187789917
v 1.4483929872512817 1.3219517469406128 -1.7014117240905762
v 1.0084526538848877 1.3217332363128662 -1.994052529335022
v 1.2371060848236084 1.3218334913253784 -1.8607863187789917
v 0.7656422257423401 1.3216524124145508 -2.0993399620056152
v 1.0084526538848877 1.3217332363128662 -1.994052529335022
v 0.5120834112167358 1.3215923309326172 -2.1751701831817627
v 0.7656422257423401 1.3216524124145508 -2.0993399620056152
v 0.2513355314731598 1.3215535879135132 -2.2204792499542236
v 0.5120834112167358 1.3215923309326172 -2.1751701831817627
v -0.01294096652418375 1.321536898612976 -2.234630584716797
v 0.2513355314731598 1.3215535879135132 -2.2204792499542236
v -0.27703627943992615 1.321542501449585 -2.21742582321167
v -0.01294096652418375 1.321536898612976 -2.234630584716797
v -0.5372430682182312 1.3215701580047607 -2.1691067218780518
v -0.27703627943992615 1.321542501449585 -2.21742582321167
v -0.7899085879325867 1.3216197490692139 -2.090350866317749
v -0.5372430682182312 1.3215701580047607 -2.1691067218780518
v -1.0314860343933105 1.321690320968628 -1.9822643995285034
v -0.7899085879325867 1.3216197490692139 -2.090350866317749
v -1.2585841417312622 1.3217809200286865 -1.8463644981384277
v -1.0314860343933105 1.321690320968628 -1.9822643995285034
v -1.4680149555206299 1.3218904733657837 -1.6845588684082031
v -1.2585841417312622 1.3217809200286865 -1.8463644981384277
v -1.6568385362625122 1.3220171928405762 -1.4991188049316406
v -1.4680149555206299 1.3218904733657837 -1.6845588684082031
v -1.822404146194458 1.3221595287322998 -1.2926476001739502
v -1.6568385362625122 1.3220171928405762 -1.4991188049316406
v -1.9623876810073853 1.3223152160644531 -1.068043828010559
v -1.822404146194458 1.3221595287322998 -1.2926476001739502
v -2.074824094772339 1.3224823474884033 -0.8284599781036377
v -1.9623876810073853 1.3223152160644531 -1.068043828010559
v -2.158134937286377 1.3226584196090698 -0.5772596001625061
v -2.074824094772339 1.3224823474884033 -0.8284599781036377
v -2.211150884628296 1.322840929031372 -0.31796902418136597
v -2.158134937286377 1.3226584196090698 -0.5772596001625061
v -2.2331273555755615 1.3230273723602295 -0.054227977991104126
v -2.211150884628296 1.322840929031372 -0.31796902418136597
v -2.2237563133239746 1.3232152462005615 0.21026115119457245
v -2.2331273555755615 1.3230273723602295 -0.054227977991104126
v -2.18316912651062 1.323401689529419 0.4717855155467987
v -2.2237563133239746 1.3232152462005615 0.21026115119457245
v -2.1119351387023926 1.3235841989517212 0.7266737818717957
v -2.18316912651062 1.323401689529419 0.4717855155467987
v -2.0110549926757812 1.3237602710723877 0.9713481068611145
v -2.1119351387023926 1.3235841989517212 0.7266737818717957
v -1.8819442987442017 1.323927402496338 1.2023736238479614
v -2.0110549926757812 1.3237602710723877 0.9713481068611145
v -1.7264158725738525 1.3240830898284912 1.4165071249008179
v -1.8819442987442017 1.323927402496338 1.2023736238479614
v -1.5466527938842773 1.3242254257202148 1.6107429265975952
v -1.7264158725738525 1.3240830898284912 1.4165071249008179
v -1.3451786041259766 1.3243521451950073 1.7823543548583984
v -1.5466527938842773 1.3242254257202148 1.6107429265975952
v -1.1248213052749634 1.3244616985321045 1.9289321899414062
v -1.3451786041259766 1.3243521451950073 1.7823543548583984
v -0.8886746764183044 1.324552297592163 2.0484187602996826
v -1.1248213052749634 1.3244616985321045 1.9289321899414062
v -0.6400533318519592 1.3246228694915771 2.139136791229248
v -0.8886746764183044 1.324552297592163 2.0484187602996826
v -0.38244757056236267 1.3246724605560303 2.1998133659362793
v -0.6400533318519592 1.3246228694915771 2.139136791229248
v -0.11947353184223175 1.324700117111206 2.22959566116333
v -0.38244757056236267 1.3246724605560303 2.1998133659362793
v 0.14517717063426971 1.324705719947815 2.2280662059783936
v -0.11947353184223175 1.324700117111206 2.22959566116333
v 0.4077894389629364 1.3246890306472778 2.195246696472168
v 0.14517717063426971 1.324705719947815 2.2280662059783936
v 0.6646767854690552 1.3246502876281738 2.1315972805023193
v 0.4077894389629364 1.3246890306472778 2.195246696472168
v 0.9122330546379089 1.3245902061462402 2.0380120277404785
v 0.6646767854690552 1.3246502876281738 2.1315972805023193
v 1.1469831466674805 1.3245093822479248 1.915804147720337
v 0.9122330546379089 1.3245902061462402 2.0380120277404785
v 1.3656314611434937 1.3244091272354126 1.7666895389556885
v 1.1469831466674805 1.3245093822479248 1.915804147720337
v 1.5651090145111084 1.3242908716201782 1.5927611589431763
v 1.3656314611434937 1.3244091272354126 1.7666895389556885
v 1.7426154613494873 1.3241560459136963 1.3964608907699585
v 1.5651090145111084 1.3242908716201782 1.5927611589431763
v 1.8956587314605713 1.3240067958831787 1.180544137954712
v 1.7426154613494873 1.3241560459136963 1.3964608907699585
v 2.0220906734466553 1.3238451480865479 0.9480418562889099
v 1.8956587314605713 1.3240067958831787 1.180544137954712
v 2.1201367378234863 1.3236732482910156 0.7022181153297424
v 2.0220906734466553 1.3238451480865479 0.9480418562889099
v 2.188420057296753 1.3234935998916626 0.446523517370224
v 2.1201367378234863 1.3236732482910156 0.7022181153297424
v 2.225982189178467 1.3233088254928589 0.18454760313034058
v 2.188420057296753 1.3234935998916626 0.446523517370224
v 2.2322959899902344 1.3231213092803955 -0.08003214001655579
v 2.225982189178467 1.3233088254928589 0.18454760313034058
v 1.9886698722839355 1.322952389717102 -0.30957546830177307
v 2.0112147331237793 1.3231213092803955 -0.07219899445772171
v 1.9886698722839355 1.322952389717102 -0.30957546830177307
v 1.7761175632476807 1.2753753662109375 -0.2765544354915619
v 1.938207745552063 1.3227858543395996 -0.5426193475723267
v 1.9886698722839355 1.322952389717102 -0.30957546830177307
v 1.938207745552063 1.3227858543395996 -0.5426193475723267
v 1.7310489416122437 1.2752265930175781 -0.48469048738479614
v 1.8605371713638306 1.3226240873336792 -0.7680591940879822
v 1.938207745552063 1.3227858543395996 -0.5426193475723267
v 1.8605371713638306 1.3226240873336792 -0.7680591940879822
v 1.661679744720459 1.2750821113586426 -0.6860352158546448
v 1.756748080253601 1.3224692344665527 -0.9827303886413574
v 1.8605371713638306 1.3226240873336792 -0.7680591940879822
v 1.756748080253601 1.3224692344665527 -0.9827303886413574
v 1.568983793258667 1.2749437093734741 -0.8777622580528259
v 1.6282978057861328 1.3223234415054321 -1.1836193799972534
v 1.756748080253601 1.3224692344665527 -0.9827303886413574
v 1.6282978057861328 1.3223234415054321 -1.1836193799972534
v 1.4542622566223145 1.2748136520385742 -1.0571800470352173
v 1.4769891500473022 1.3221889734268188 -1.3679059743881226
v 1.6282978057861328 1.3223234415054321 -1.1836193799972534
v 1.4769891500473022 1.3221889734268188 -1.3679059743881226
v 1.3191255331039429 1.274693489074707 -1.221770167350769
v 1.3049465417861938 1.3220676183700562 -1.533003568649292
v 1.4769891500473022 1.3221889734268188 -1.3679059743881226
v 1.3049465417861938 1.3220676183700562 -1.533003568649292
v 1.165470838546753 1.2745851278305054 -1.3692219257354736
v 1.1145848035812378 1.3219610452651978 -1.6765941381454468
v 1.3049465417861938 1.3220676183700562 -1.533003568649292
v 1.1145848035812378 1.3219610452651978 -1.6765941381454468
v 0.9954551458358765 1.2744898796081543 -1.4974656105041504
v 0.9085761308670044 1.3218706846237183 -1.7966622114181519
v 1.1145848035812378 1.3219610452651978 -1.6765941381454468
v 0.9085761308670044 1.3218706846237183 -1.7966622114181519
v 0.811464786529541 1.2744091749191284 -1.6047008037567139
v 0.6898127198219299 1.3217978477478027 -1.8915222883224487
v 0.9085761308670044 1.3218706846237183 -1.7966622114181519
v 0.6898127198219299 1.3217978477478027 -1.8915222883224487
v 0.6160829067230225 1.2743442058563232 -1.6894221305847168
v 0.46136534214019775 1.3217437267303467 -1.9598426818847656
v 0.6898127198219299 1.3217978477478027 -1.8915222883224487
v 0.46136534214019775 1.3217437267303467 -1.9598426818847656
v 0.41205206513404846 1.2742958068847656 -1.7504404783248901
v 0.22644095122814178 1.3217087984085083 -2.000664472579956
v 0.46136534214019775 1.3217437267303467 -1.9598426818847656
v 0.22644095122814178 1.3217087984085083 -2.000664472579956
v 0.20223650336265564 1.2742646932601929 -1.7868990898132324
v -0.011662633158266544 1.321693778038025 -2.0134143829345703
v 0.22644095122814178 1.3217087984085083 -2.000664472579956
v -0.011662633158266544 1.321693778038025 -2.0134143829345703
v -0.010418483056128025 1.2742512226104736 -1.7982863187789917
v -0.24960297346115112 1.321698784828186 -1.9979134798049927
v -0.011662633158266544 1.321693778038025 -2.0134143829345703
v -0.24960297346115112 1.321698784828186 -1.9979134798049927
v -0.22292765974998474 1.2742557525634766 -1.7844421863555908
v -0.48403990268707275 1.3217238187789917 -1.9543795585632324
v -0.24960297346115112 1.321698784828186 -1.9979134798049927
v -0.48403990268707275 1.3217238187789917 -1.9543795585632324
v -0.4323078691959381 1.2742780447006226 -1.7455612421035767
v -0.7116824388504028 1.3217684030532837 -1.8834235668182373
v -0.48403990268707275 1.3217238187789917 -1.9543795585632324
v -0.7116824388504028 1.3217684030532837 -1.8834235668182373
v -0.6356199383735657 1.2743178606033325 -1.6821889877319336
v -0.9293349981307983 1.3218320608139038 -1.786041498184204
v -0.7116824388504028 1.3217684030532837 -1.8834235668182373
v -0.9293349981307983 1.3218320608139038 -1.786041498184204
v -0.8300096392631531 1.2743747234344482 -1.5952152013778687
v -1.1339421272277832 1.321913719177246 -1.6636006832122803
v -0.9293349981307983 1.3218320608139038 -1.786041498184204
v -1.1339421272277832 1.321913719177246 -1.6636006832122803
v -1.01274836063385 1.2744476795196533 -1.4858609437942505
v -1.3226317167282104 1.3220123052597046 -1.5178195238113403
v -1.1339421272277832 1.321913719177246 -1.6636006832122803
v -1.3226317167282104 1.3220123052597046 -1.5178195238113403
v -1.181270718574524 1.2745357751846313 -1.3556610345840454
v -1.4927549362182617 1.3221265077590942 -1.3507448434829712
v -1.3226317167282104 1.3220123052597046 -1.5178195238113403
v -1.4927549362182617 1.3221265077590942 -1.3507448434829712
v -1.333211064338684 1.2746376991271973 -1.206443190574646
v -1.6419235467910767 1.3222547769546509 -1.1647218465805054
v -1.4927549362182617 1.3221265077590942 -1.3507448434829712
v -1.6419235467910767 1.3222547769546509 -1.1647218465805054
v -1.466436505317688 1.2747522592544556 -1.0403023958206177
v -1.7680437564849854 1.3223950862884521 -0.9623618125915527
v -1.6419235467910767 1.3222547769546509 -1.1647218465805054
v -1.7680437564849854 1.3223950862884521 -0.9623618125915527
v -1.579076886177063 1.2748775482177734 -0.8595707416534424
v -1.86934494972229 1.3225456476211548 -0.7465054988861084
v -1.7680437564849854 1.3223950862884521 -0.9623618125915527
v -1.86934494972229 1.3225456476211548 -0.7465054988861084
v -1.669550895690918 1.2750120162963867 -0.6667852401733398
v -1.94440495967865 1.3227041959762573 -0.5201830267906189
v -1.86934494972229 1.3225456476211548 -0.7465054988861084
v -1.94440495967865 1.3227041959762573 -0.5201830267906189
v -1.736588478088379 1.275153636932373 -0.4646521806716919
v -1.9921703338623047 1.3228687047958374 -0.28657153248786926
v -1.94440495967865 1.3227041959762573 -0.5201830267906189
v -1.9921703338623047 1.3228687047958374 -0.28657153248786926
v -1.7792487144470215 1.2753005027770996 -0.25600919127464294
v -2.0119705200195312 1.3230366706848145 -0.04895037040114403
v -1.9921703338623047 1.3228687047958374 -0.28657153248786926
v -2.0119705200195312 1.3230366706848145 -0.04895037040114403
v -1.796932578086853 1.275450587272644 -0.04378506913781166
v -2.0035274028778076 1.3232059478759766 0.18934477865695953
v -2.0119705200195312 1.3230366706848145 -0.04895037040114403
v -2.0035274028778076 1.3232059478759766 0.18934477865695953
v -1.7893918752670288 1.2756017446517944 0.1690409928560257
v -1.9669597148895264 1.3233739137649536 0.42496874928474426
v -2.0035274028778076 1.3232059478759766 0.18934477865695953
v -1.9669597148895264 1.3233739137649536 0.42496874928474426
v -1.7567325830459595 1.2757518291473389 0.37948140501976013
v -1.9027806520462036 1.3235384225845337 0.6546139717102051
v -1.9669597148895264 1.3233739137649536 0.42496874928474426
v -1.9027806520462036 1.3235384225845337 0.6546139717102051
v -1.6994129419326782 1.2758986949920654 0.5845820307731628
v -1.8118911981582642 1.3236969709396362 0.8750566244125366
v -1.9027806520462036 1.3235384225845337 0.6546139717102051
v -1.8118911981582642 1.3236969709396362 0.8750566244125366
v -1.618237853050232 1.2760403156280518 0.7814636826515198
v -1.69556725025177 1.3238475322723389 1.0832022428512573
v -1.8118911981582642 1.3236969709396362 0.8750566244125366
v -1.69556725025177 1.3238475322723389 1.0832022428512573
v -1.5143465995788574 1.276174783706665 0.967362642288208
v -1.5554416179656982 1.3239878416061401 1.276128888130188
v -1.69556725025177 1.3238475322723389 1.0832022428512573
v -1.5554416179656982 1.3239878416061401 1.276128888130188
v -1.3891977071762085 1.2763001918792725 1.1396691799163818
v -1.3934816122055054 1.3241161108016968 1.4511282444000244
v -1.5554416179656982 1.3239878416061401 1.276128888130188
v -1.3934816122055054 1.3241161108016968 1.4511282444000244
v -1.2445480823516846 1.2764146327972412 1.2959645986557007
v -1.2119605541229248 1.3242303133010864 1.6057438850402832
v -1.3934816122055054 1.3241161108016968 1.4511282444000244
v -1.2119605541229248 1.3242303133010864 1.6057438850402832
v -1.0824280977249146 1.2765165567398071 1.4340548515319824
v -1.013426661491394 1.324328899383545 1.7378052473068237
v -1.2119605541229248 1.3242303133010864 1.6057438850402832
v -1.013426661491394 1.324328899383545 1.7378052473068237
v -0.9051135778427124 1.2766046524047852 1.5520014762878418
v -0.8006670475006104 1.3244105577468872 1.8454583883285522
v -1.013426661491394 1.324328899383545 1.7378052473068237
v -0.8006670475006104 1.3244105577468872 1.8454583883285522
v -0.7150937914848328 1.2766777276992798 1.648148536682129
v -0.5766682028770447 1.3244742155075073 1.927192211151123
v -0.8006670475006104 1.3244105577468872 1.8454583883285522
v -0.5766682028770447 1.3244742155075073 1.927192211151123
v -0.5150361061096191 1.276734471321106 1.721146583557129
v -0.3445747494697571 1.3245187997817993 1.9818593263626099
v -0.5766682028770447 1.3244742155075073 1.927192211151123
v -0.3445747494697571 1.3245187997817993 1.9818593263626099
v -0.30774879455566406 1.276774287223816 1.7699707746505737
v -0.10764464735984802 1.324543833732605 2.0086922645568848
v -0.3445747494697571 1.3245187997817993 1.9818593263626099
v -0.10764464735984802 1.324543833732605 2.0086922645568848
v -0.09614188969135284 1.276796579360962 1.793935775756836
v 0.13079610466957092 1.3245488405227661 2.007314443588257
v -0.10764464735984802 1.324543833732605 2.0086922645568848
v 0.13079610466957092 1.3245488405227661 2.007314443588257
v 0.11681419610977173 1.2768011093139648 1.7927051782608032
v 0.36740025877952576 1.3245338201522827 1.9777449369430542
v 0.13079610466957092 1.3245488405227661 2.007314443588257
v 0.36740025877952576 1.3245338201522827 1.9777449369430542
v 0.32813000679016113 1.2767876386642456 1.7662962675094604
v 0.5988464951515198 1.3244988918304443 1.9203993082046509
v 0.36740025877952576 1.3245338201522827 1.9777449369430542
v 0.5988464951515198 1.3244988918304443 1.9203993082046509
v 0.5348391532897949 1.2767565250396729 1.7150797843933105
v 0.8218857645988464 1.3244447708129883 1.8360822200775146
v 0.5988464951515198 1.3244988918304443 1.9203993082046509
v 0.8218857645988464 1.3244447708129883 1.8360822200775146
v 0.7340399026870728 1.2767081260681152 1.6397744417190552
v 1.0333870649337769 1.3243719339370728 1.7259773015975952
v 0.8218857645988464 1.3244447708129883 1.8360822200775146
v 1.0333870649337769 1.3243719339370728 1.7259773015975952
v 0.9229359030723572 1.27664315700531 1.5414377450942993
v 1.2303814888000488 1.3242815732955933 1.591630458831787
v 1.0333870649337769 1.3243719339370728 1.7259773015975952
v 1.2303814888000488 1.3242815732955933 1.591630458831787
v 1.0988754034042358 1.2765624523162842 1.4214497804641724
v 1.4101035594940186 1.3241750001907349 1.4349273443222046
v 1.2303814888000488 1.3242815732955933 1.591630458831787
v 1.4101035594940186 1.3241750001907349 1.4349273443222046
v 1.2593886852264404 1.276467204093933 1.281495213508606
v 1.5700302124023438 1.3240536451339722 1.2580678462982178
v 1.4101035594940186 1.3241750001907349 1.4349273443222046
v 1.5700302124023438 1.3240536451339722 1.2580678462982178
v 1.4022223949432373 1.2763588428497314 1.1235384941101074
v 1.7079168558120728 1.3239190578460693 1.0635346174240112
v 1.5700302124023438 1.3240536451339722 1.2580678462982178
v 1.7079168558120728 1.3239190578460693 1.0635346174240112
v 1.5253715515136719 1.2762386798858643 0.9497970938682556
v 1.8218274116516113 1.3237733840942383 0.8540586233139038
v 1.7079168558120728 1.3239190578460693 1.0635346174240112
v 1.8218274116516113 1.3237733840942383 0.8540586233139038
v 1.6271075010299683 1.2761086225509644 0.76270991563797
v 1.9101632833480835 1.3236185312271118 0.6325802206993103
v 1.8218274116516113 1.3237733840942383 0.8540586233139038
v 1.9101632833480835 1.3236185312271118 0.6325802206993103
v 1.706001877784729 1.2759703397750854 0.5649032592773438
v 1.9716839790344238 1.3234567642211914 0.40220868587493896
v 1.9101632833480835 1.3236185312271118 0.6325802206993103
v 1.9716839790344238 1.3234567642211914 0.40220868587493896
v 1.7609472274780273 1.2758257389068604 0.3591539263725281
v 2.005526304244995 1.323290228843689 0.16617780923843384
v 1.9716839790344238 1.3234567642211914 0.40220868587493896
v 2.005526304244995 1.323290228843689 0.16617780923843384
v 1.7911723852157593 1.2756770849227905 0.14835011959075928
v 2.0112147331237793 1.3231213092803955 -0.07219899445772171
v 2.005526304244995 1.323290228843689 0.16617780923843384
v 1.796252965927124 1.2755261659622192 -0.06454887241125107
v 2.0112147331237793 1.3231213092803955 -0.07219899445772171
v 1.7761175632476807 1.2753753662109375 -0.2765544354915619
v 1.796252965927124 1.2755261659622192 -0.06454887241125107
v 1.7761175632476807 1.2753753662109375 -0.2765544354915619
v 1.5812506675720215 1.1835179328918457 -0.24624653160572052
v 1.7310489416122437 1.2752265930175781 -0.48469048738479614
v 1.7761175632476807 1.2753753662109375 -0.2765544354915619
v 1.7310489416122437 1.2752265930175781 -0.48469048738479614
v 1.5411267280578613 1.1833854913711548 -0.43154704570770264
v 1.661679744720459 1.2750821113586426 -0.6860352158546448
v 1.7310489416122437 1.2752265930175781 -0.48469048738479614
v 1.661679744720459 1.2750821113586426 -0.6860352158546448
v 1.4793683290481567 1.18325674533844 -0.6108013987541199
v 1.568983793258667 1.2749437093734741 -0.8777622580528259
v 1.661679744720459 1.2750821113586426 -0.6860352158546448
v 1.568983793258667 1.2749437093734741 -0.8777622580528259
v 1.396842360496521 1.1831337213516235 -0.7814931273460388
v 1.4542622566223145 1.2748136520385742 -1.0571800470352173
v 1.568983793258667 1.2749437093734741 -0.8777622580528259
v 1.4542622566223145 1.2748136520385742 -1.0571800470352173
v 1.2947075366973877 1.1830178499221802 -0.9412263035774231
v 1.3191255331039429 1.274693489074707 -1.221770167350769
v 1.4542622566223145 1.2748136520385742 -1.0571800470352173
v 1.3191255331039429 1.274693489074707 -1.221770167350769
v 1.174397349357605 1.1829109191894531 -1.0877585411071777
v 1.165470838546753 1.2745851278305054 -1.3692219257354736
v 1.3191255331039429 1.274693489074707 -1.221770167350769
v 1.165470838546753 1.2745851278305054 -1.3692219257354736
v 1.0376007556915283 1.182814359664917 -1.219032645225525
v 0.9954551458358765 1.2744898796081543 -1.4974656105041504
v 1.165470838546753 1.2745851278305054 -1.3692219257354736
v 0.9954551458358765 1.2744898796081543 -1.4974656105041504
v 0.8862380981445312 1.1827296018600464 -1.333206057548523
v 0.811464786529541 1.2744091749191284 -1.6047008037567139
v 0.9954551458358765 1.2744898796081543 -1.4974656105041504
v 0.811464786529541 1.2744091749191284 -1.6047008037567139
v 0.7224341630935669 1.1826577186584473 -1.4286760091781616
v 0.6160829067230225 1.2743442058563232 -1.6894221305847168
v 0.811464786529541 1.2744091749191284 -1.6047008037567139
v 0.6160829067230225 1.2743442058563232 -1.6894221305847168
v 0.5484885573387146 1.1825999021530151 -1.504102349281311
v 0.41205206513404846 1.2742958068847656 -1.7504404783248901
v 0.6160829067230225 1.2743442058563232 -1.6894221305847168
v 0.41205206513404846 1.2742958068847656 -1.7504404783248901
v 0.3668428361415863 1.1825568675994873 -1.558426022529602
v 0.20223650336265564 1.2742646932601929 -1.7868990898132324
v 0.41205206513404846 1.2742958068847656 -1.7504404783248901
v 0.20223650336265564 1.2742646932601929 -1.7868990898132324
v 0.18004703521728516 1.182529091835022 -1.5908846855163574
v -0.010418483056128025 1.2742512226104736 -1.7982863187789917
v 0.20223650336265564 1.2742646932601929 -1.7868990898132324
v -0.010418483056128025 1.2742512226104736 -1.7982863187789917
v -0.00927663128823042 1.182517170906067 -1.601022481918335
v -0.22292765974998474 1.2742557525634766 -1.7844421863555908
v -0.010418483056128025 1.2742512226104736 -1.7982863187789917
v -0.22292765974998474 1.2742557525634766 -1.7844421863555908
v -0.19847048819065094 1.182521104812622 -1.5886973142623901
v -0.4323078691959381 1.2742780447006226 -1.7455612421035767
v -0.22292765974998474 1.2742557525634766 -1.7844421863555908
v -0.4323078691959381 1.2742780447006226 -1.7455612421035767
v -0.38487866520881653 1.182541012763977 -1.5540821552276611
v -0.6356199383735657 1.2743178606033325 -1.6821889877319336
v -0.4323078691959381 1.2742780447006226 -1.7455612421035767
v -0.6356199383735657 1.2743178606033325 -1.6821889877319336
v -0.5658844113349915 1.1825764179229736 -1.4976627826690674
v -0.8300096392631531 1.2743747234344482 -1.5952152013778687
v -0.6356199383735657 1.2743178606033325 -1.6821889877319336
v -0.8300096392631531 1.2743747234344482 -1.5952152013778687
v -0.7389468550682068 1.1826270818710327 -1.4202313423156738
v -1.01274836063385 1.2744476795196533 -1.4858609437942505
v -0.8300096392631531 1.2743747234344482 -1.5952152013778687
v -1.01274836063385 1.2744476795196533 -1.4858609437942505
v -0.9016364216804504 1.1826919317245483 -1.322874665260315
v -1.181270718574524 1.2745357751846313 -1.3556610345840454
v -1.01274836063385 1.2744476795196533 -1.4858609437942505
v -1.181270718574524 1.2745357751846313 -1.3556610345840454
v -1.0516693592071533 1.1827703714370728 -1.20695960521698
v -1.333211064338684 1.2746376991271973 -1.206443190574646
v -1.181270718574524 1.2745357751846313 -1.3556610345840454
v -1.333211064338684 1.2746376991271973 -1.206443190574646
v -1.1869398355484009 1.1828612089157104 -1.074113130569458
v -1.466436505317688 1.2747522592544556 -1.0403023958206177
v -1.333211064338684 1.2746376991271973 -1.206443190574646
v -1.466436505317688 1.2747522592544556 -1.0403023958206177
v -1.3055485486984253 1.1829631328582764 -0.926200270652771
v -1.579076886177063 1.2748775482177734 -0.8595707416534424
v -1.466436505317688 1.2747522592544556 -1.0403023958206177
v -1.579076886177063 1.2748775482177734 -0.8595707416534424
v -1.4058305025100708 1.183074712753296 -0.7652974724769592
v -1.669550895690918 1.2750120162963867 -0.6667852401733398
v -1.579076886177063 1.2748775482177734 -0.8595707416534424
v -1.669550895690918 1.2750120162963867 -0.6667852401733398
v -1.4863783121109009 1.1831943988800049 -0.5936633348464966
v -1.736588478088379 1.275153636932373 -0.4646521806716919
v -1.669550895690918 1.2750120162963867 -0.6667852401733398
v -1.736588478088379 1.275153636932373 -0.4646521806716919
v -1.5460609197616577 1.1833205223083496 -0.41370725631713867
v -1.7792487144470215 1.2753005027770996 -0.25600919127464294
v -1.736588478088379 1.275153636932373 -0.4646521806716919
v -1.7792487144470215 1.2753005027770996 -0.25600919127464294
v -1.584040641784668 1.1834512948989868 -0.22795535624027252
v -1.796932578086853 1.275450587272644 -0.04378506913781166
v -1.7792487144470215 1.2753005027770996 -0.25600919127464294
v -1.796932578086853 1.275450587272644 -0.04378506913781166
v -1.5997843742370605 1.1835849285125732 -0.039015308022499084
v -1.7893918752670288 1.2756017446517944 0.1690409928560257
v -1.796932578086853 1.275450587272644 -0.04378506913781166
v -1.7893918752670288 1.2756017446517944 0.1690409928560257
v -1.5930711030960083 1.183719515800476 0.15046067535877228
v -1.7567325830459595 1.2757518291473389 0.37948140501976013
v -1.7893918752670288 1.2756017446517944 0.1690409928560257
v -1.7567325830459595 1.2757518291473389 0.37948140501976013
v -1.5639948844909668 1.183853030204773 0.33781272172927856
v -1.6994129419326782 1.2758986949920654 0.5845820307731628
v -1.7567325830459595 1.2757518291473389 0.37948140501976013
v -1.6994129419326782 1.2758986949920654 0.5845820307731628
v -1.5129640102386475 1.1839838027954102 0.5204108357429504
v -1.618237853050232 1.2760403156280518 0.7814636826515198
v -1.6994129419326782 1.2758986949920654 0.5845820307731628
v -1.618237853050232 1.2760403156280518 0.7814636826515198
v -1.44069504737854 1.1841099262237549 0.6956917643547058
v -1.5143465995788574 1.276174783706665 0.967362642288208
v -1.618237853050232 1.2760403156280518 0.7814636826515198
v -1.5143465995788574 1.276174783706665 0.967362642288208
v -1.348202109336853 1.1842296123504639 0.861194908618927
v -1.3891977071762085 1.2763001918792725 1.1396691799163818
v -1.5143465995788574 1.276174783706665 0.967362642288208
v -1.3891977071762085 1.2763001918792725 1.1396691799163818
v -1.2367839813232422 1.1843411922454834 1.014596939086914
v -1.2445480823516846 1.2764146327972412 1.2959645986557007
v -1.3891977071762085 1.2763001918792725 1.1396691799163818
v -1.2445480823516846 1.2764146327972412 1.2959645986557007
v -1.1080044507980347 1.1844431161880493 1.1537444591522217
v -1.0824280977249146 1.2765165567398071 1.4340548515319824
v -1.2445480823516846 1.2764146327972412 1.2959645986557007
v -1.0824280977249146 1.2765165567398071 1.4340548515319824
v -0.9636712670326233 1.184533953666687 1.276684284210205
v -0.9051135778427124 1.2766046524047852 1.5520014762878418
v -1.0824280977249146 1.2765165567398071 1.4340548515319824
v -0.9051135778427124 1.2766046524047852 1.5520014762878418
v -0.805810809135437 1.1846123933792114 1.3816903829574585
v -0.7150937914848328 1.2766777276992798 1.648148536682129
v -0.9051135778427124 1.2766046524047852 1.5520014762878418
v -0.7150937914848328 1.2766777276992798 1.648148536682129
v -0.636638879776001 1.1846773624420166 1.467288851737976
v -0.5150361061096191 1.276734471321106 1.721146583557129
v -0.7150937914848328 1.2766777276992798 1.648148536682129
v -0.5150361061096191 1.276734471321106 1.721146583557129
v -0.45853036642074585 1.1847279071807861 1.5322779417037964
v -0.30774879455566406 1.276774287223816 1.7699707746505737
v -0.5150361061096191 1.276734471321106 1.721146583557129
v -0.30774879455566406 1.276774287223816 1.7699707746505737
v -0.27398553490638733 1.1847634315490723 1.5757454633712769
v -0.09614188969135284 1.276796579360962 1.793935775756836
v -0.30774879455566406 1.276774287223816 1.7699707746505737
v -0.09614188969135284 1.276796579360962 1.793935775756836
v -0.08559495210647583 1.1847832202911377 1.5970810651779175
v 0.11681419610977173 1.2768011093139648 1.7927051782608032
v -0.09614188969135284 1.276796579360962 1.793935775756836
v 0.11681419610977173 1.2768011093139648 1.7927051782608032
v 0.10399679094552994 1.1847872734069824 1.5959855318069458
v 0.32813000679016113 1.2767876386642456 1.7662962675094604
v 0.11681419610977173 1.2768011093139648 1.7927051782608032
v 0.32813000679016113 1.2767876386642456 1.7662962675094604
v 0.29212823510169983 1.1847752332687378 1.5724740028381348
v 0.5348391532897949 1.2767565250396729 1.7150797843933105
v 0.32813000679016113 1.2767876386642456 1.7662962675094604
v 0.5348391532897949 1.2767565250396729 1.7150797843933105
v 0.47615841031074524 1.184747576713562 1.52687668800354
v 0.7340399026870728 1.2767081260681152 1.6397744417190552
v 0.5348391532897949 1.2767565250396729 1.7150797843933105
v 0.7340399026870728 1.2767081260681152 1.6397744417190552
v 0.653503954410553 1.1847044229507446 1.4598335027694702
v 0.9229359030723572 1.27664315700531 1.5414377450942993
v 0.7340399026870728 1.2767081260681152 1.6397744417190552
v 0.9229359030723572 1.27664315700531 1.5414377450942993
v 0.8216752409934998 1.1846466064453125 1.3722857236862183
v 1.0988754034042358 1.2765624523162842 1.4214497804641724
v 0.9229359030723572 1.27664315700531 1.5414377450942993
v 1.0988754034042358 1.2765624523162842 1.4214497804641724
v 0.9783117175102234 1.184574842453003 1.2654621601104736
v 1.2593886852264404 1.276467204093933 1.281495213508606
v 1.0988754034042358 1.2765624523162842 1.4214497804641724
v 1.2593886852264404 1.276467204093933 1.281495213508606
v 1.1212143898010254 1.1844899654388428 1.1408625841140747
v 1.4022223949432373 1.2763588428497314 1.1235384941101074
v 1.2593886852264404 1.276467204093933 1.281495213508606
v 1.4022223949432373 1.2763588428497314 1.1235384941101074
v 1.2483772039413452 1.1843935251235962 1.0002360343933105
v 1.5253715515136719 1.2762386798858643 0.9497970938682556
v 1.4022223949432373 1.2763588428497314 1.1235384941101074
v 1.5253715515136719 1.2762386798858643 0.9497970938682556
v 1.3580151796340942 1.1842865943908691 0.8455565571784973
v 1.6271075010299683 1.2761086225509644 0.76270991563797
v 1.5253715515136719 1.2762386798858643 0.9497970938682556
v 1.6271075010299683 1.2761086225509644 0.76270991563797
v 1.4485890865325928 1.1841707229614258 0.6789955496788025
v 1.706001877784729 1.2759703397750854 0.5649032592773438
v 1.6271075010299683 1.2761086225509644 0.76270991563797
v 1.706001877784729 1.2759703397750854 0.5649032592773438
v 1.5188276767730713 1.1840475797653198 0.5028911232948303
v 1.7609472274780273 1.2758257389068604 0.3591539263725281
v 1.706001877784729 1.2759703397750854 0.5649032592773438
v 1.7609472274780273 1.2758257389068604 0.3591539263725281
v 1.5677447319030762 1.1839189529418945 0.3197154700756073
v 1.7911723852157593 1.2756770849227905 0.14835011959075928
v 1.7609472274780273 1.2758257389068604 0.3591539263725281
v 1.7911723852157593 1.2756770849227905 0.14835011959075928
v 1.5946537256240845 1.1837865114212036 0.1320398896932602
v 1.796252965927124 1.2755261659622192 -0.06454887241125107
v 1.7911723852157593 1.2756770849227905 0.14835011959075928
v 1.5991768836975098 1.1836521625518799 -0.057501018047332764
v 1.796252965927124 1.2755261659622192 -0.06454887241125107
v 1.5812506675720215 1.1835179328918457 -0.24624653160572052
v 1.5991768836975098 1.1836521625518799 -0.057501018047332764
v 1.5812506675720215 1.1835179328918457 -0.24624653160572052
v 1.4143468141555786 1.053747534751892 -0.22025127708911896
v 1.5411267280578613 1.1833854913711548 -0.43154704570770264
v 1.5812506675720215 1.1835179328918457 -0.24624653160572052
v 1.5411267280578613 1.1833854913711548 -0.43154704570770264
v 1.3784579038619995 1.0536290407180786 -0.38599297404289246
v 1.4793683290481567 1.18325674533844 -0.6108013987541199
v 1.5411267280578613 1.1833854913711548 -0.43154704570770264
v 1.4793683290481567 1.18325674533844 -0.6108013987541199
v 1.3232183456420898 1.053514003753662 -0.5463266968727112
v 1.396842360496521 1.1831337213516235 -0.7814931273460388
v 1.4793683290481567 1.18325674533844 -0.6108013987541199
v 1.396842360496521 1.1831337213516235 -0.7814931273460388
v 1.2494031190872192 1.0534038543701172 -0.699001669883728
v 1.2947075366973877 1.1830178499221802 -0.9412263035774231
v 1.396842360496521 1.1831337213516235 -0.7814931273460388
v 1.2947075366973877 1.1830178499221802 -0.9412263035774231
v 1.1580487489700317 1.0533002614974976 -0.8418745994567871
v 1.174397349357605 1.1829109191894531 -1.0877585411071777
v 1.2947075366973877 1.1830178499221802 -0.9412263035774231
v 1.174397349357605 1.1829109191894531 -1.0877585411071777
v 1.0504374504089355 1.0532045364379883 -0.9729400277137756
v 1.0376007556915283 1.182814359664917 -1.219032645225525
v 1.174397349357605 1.1829109191894531 -1.0877585411071777
v 1.0376007556915283 1.182814359664917 -1.219032645225525
v 0.9280800819396973 1.0531182289123535 -1.090358018875122
v 0.8862380981445312 1.1827296018600464 -1.333206057548523
v 1.0376007556915283 1.182814359664917 -1.219032645225525
v 0.8862380981445312 1.1827296018600464 -1.333206057548523
v 0.792694091796875 1.0530424118041992 -1.192480206489563
v 0.7224341630935669 1.1826577186584473 -1.4286760091781616
v 0.8862380981445312 1.1827296018600464 -1.333206057548523
v 0.7224341630935669 1.1826577186584473 -1.4286760091781616
v 0.6461800336837769 1.0529781579971313 -1.2778730392456055
v 0.5484885573387146 1.1825999021530151 -1.504102349281311
v 0.7224341630935669 1.1826577186584473 -1.4286760091781616
v 0.5484885573387146 1.1825999021530151 -1.504102349281311
v 0.4905945956707001 1.0529264211654663 -1.345337986946106
v 0.3668428361415863 1.1825568675994873 -1.558426022529602
v 0.5484885573387146 1.1825999021530151 -1.504102349281311
v 0.3668428361415863 1.1825568675994873 -1.558426022529602
v 0.32812196016311646 1.0528879165649414 -1.3939276933670044
v 0.18004703521728516 1.182529091835022 -1.5908846855163574
v 0.3668428361415863 1.1825568675994873 -1.558426022529602
v 0.18004703521728516 1.182529091835022 -1.5908846855163574
v 0.16104283928871155 1.0528631210327148 -1.4229601621627808
v -0.00927663128823042 1.182517170906067 -1.601022481918335
v 0.18004703521728516 1.182529091835022 -1.5908846855163574
v -0.00927663128823042 1.182517170906067 -1.601022481918335
v -0.00829734280705452 1.0528523921966553 -1.43202805519104
v -0.19847048819065094 1.182521104812622 -1.5886973142623901
v -0.00927663128823042 1.182517170906067 -1.601022481918335
v -0.19847048819065094 1.182521104812622 -1.5886973142623901
v -0.17752143740653992 1.0528559684753418 -1.421003818511963
v -0.38487866520881653 1.182541012763977 -1.5540821552276611
v -0.19847048819065094 1.182521104812622 -1.5886973142623901
v -0.38487866520881653 1.182541012763977 -1.5540821552276611
v -0.34425386786460876 1.0528737306594849 -1.3900421857833862
v -0.5658844113349915 1.1825764179229736 -1.4976627826690674
v -0.38487866520881653 1.182541012763977 -1.5540821552276611
v -0.5658844113349915 1.1825764179229736 -1.4976627826690674
v -0.5061541199684143 1.0529054403305054 -1.3395780324935913
v -0.7389468550682068 1.1826270818710327 -1.4202313423156738
v -0.5658844113349915 1.1825764179229736 -1.4976627826690674
v -0.7389468550682068 1.1826270818710327 -1.4202313423156738
v -0.6609494090080261 1.0529506206512451 -1.2703195810317993
v -0.9016364216804504 1.1826919317245483 -1.322874665260315
v -0.7389468550682068 1.1826270818710327 -1.4202313423156738
v -0.9016364216804504 1.1826919317245483 -1.322874665260315
v -0.806466817855835 1.053008794784546 -1.183239221572876
v -1.0516693592071533 1.1827703714370728 -1.20695960521698
v -0.9016364216804504 1.1826919317245483 -1.322874665260315
v -1.0516693592071533 1.1827703714370728 -1.20695960521698
v -0.9406635761260986 1.0530788898468018 -1.079559087753296
v -1.1869398355484009 1.1828612089157104 -1.074113130569458
v -1.0516693592071533 1.1827703714370728 -1.20695960521698
v -1.1869398355484009 1.1828612089157104 -1.074113130569458
v -1.061655879020691 1.0531601905822754 -0.9607349634170532
v -1.3055485486984253 1.1829631328582764 -0.926200270652771
v -1.1869398355484009 1.1828612089157104 -1.074113130569458
v -1.3055485486984253 1.1829631328582764 -0.926200270652771
v -1.1677451133728027 1.0532512664794922 -0.8284346461296082
v -1.4058305025100708 1.183074712753296 -0.7652974724769592
v -1.3055485486984253 1.1829631328582764 -0.926200270652771
v -1.4058305025100708 1.183074712753296 -0.7652974724769592
v -1.2574423551559448 1.0533511638641357 -0.6845154166221619
v -1.4863783121109009 1.1831943988800049 -0.5936633348464966
v -1.4058305025100708 1.183074712753296 -0.7652974724769592
v -1.4863783121109009 1.1831943988800049 -0.5936633348464966
v -1.3294880390167236 1.0534582138061523 -0.5309975743293762
v -1.5460609197616577 1.1833205223083496 -0.41370725631713867
v -1.4863783121109009 1.1831943988800049 -0.5936633348464966
v -1.5460609197616577 1.1833205223083496 -0.41370725631713867
v -1.382871150970459 1.0535709857940674 -0.37003621459007263
v -1.584040641784668 1.1834512948989868 -0.22795535624027252
v -1.5460609197616577 1.1833205223083496 -0.41370725631713867
v -1.584040641784668 1.1834512948989868 -0.22795535624027252
v -1.416841983795166 1.0536879301071167 -0.20389080047607422
v -1.5997843742370605 1.1835849285125732 -0.039015308022499084
v -1.584040641784668 1.1834512948989868 -0.22795535624027252
v -1.5997843742370605 1.1835849285125732 -0.039015308022499084
v -1.4309239387512207 1.0538074970245361 -0.03489372879266739
v -1.5930711030960083 1.183719515800476 0.15046067535877228
v -1.5997843742370605 1.1835849285125732 -0.039015308022499084
v -1.5930711030960083 1.183719515800476 0.15046067535877228
v -1.4249191284179688 1.0539277791976929 0.13458269834518433
v -1.5639948844909668 1.183853030204773 0.33781272172927856
v -1.5930711030960083 1.183719515800476 0.15046067535877228
v -1.5639948844909668 1.183853030204773 0.33781272172927856
v -1.3989120721817017 1.0540473461151123 0.3021593689918518
v -1.5129640102386475 1.1839838027954102 0.5204108357429504
v -1.5639948844909668 1.183853030204773 0.33781272172927856
v -1.5129640102386475 1.1839838027954102 0.5204108357429504
v -1.3532676696777344 1.0541642904281616 0.4654839038848877
v -1.44069504737854 1.1841099262237549 0.6956917643547058
v -1.5129640102386475 1.1839838027954102 0.5204108357429504
v -1.44069504737854 1.1841099262237549 0.6956917643547058
v -1.288626790046692 1.0542770624160767 0.6222635507583618
v -1.348202109336853 1.1842296123504639 0.861194908618927
v -1.44069504737854 1.1841099262237549 0.6956917643547058
v -1.348202109336853 1.1842296123504639 0.861194908618927
v -1.2058967351913452 1.0543841123580933 0.7702975869178772
v -1.2367839813232422 1.1843411922454834 1.014596939086914
v -1.348202109336853 1.1842296123504639 0.861194908618927
v -1.2367839813232422 1.1843411922454834 1.014596939086914
v -1.106238842010498 1.0544838905334473 0.9075077176094055
v -1.1080044507980347 1.1844431161880493 1.1537444591522217
v -1.2367839813232422 1.1843411922454834 1.014596939086914
v -1.1080044507980347 1.1844431161880493 1.1537444591522217
v -0.9910522103309631 1.0545750856399536 1.0319679975509644
v -0.9636712670326233 1.184533953666687 1.276684284210205
v -1.1080044507980347 1.1844431161880493 1.1537444591522217
v -0.9636712670326233 1.184533953666687 1.276684284210205
v -0.8619537949562073 1.0546562671661377 1.141931176185608
v -0.805810809135437 1.1846123933792114 1.3816903829574585
v -0.9636712670326233 1.184533953666687 1.276684284210205
v -0.805810809135437 1.1846123933792114 1.3816903829574585
v -0.7207557559013367 1.054726481437683 1.2358537912368774
v -0.636638879776001 1.1846773624420166 1.467288851737976
v -0.805810809135437 1.1846123933792114 1.3816903829574585
v -0.636638879776001 1.1846773624420166 1.467288851737976
v -0.5694403052330017 1.0547845363616943 1.3124170303344727
v -0.45853036642074585 1.1847279071807861 1.5322779417037964
v -0.636638879776001 1.1846773624420166 1.467288851737976
v -0.45853036642074585 1.1847279071807861 1.5322779417037964
v -0.4101314842700958 1.0548298358917236 1.3705464601516724
v -0.27398553490638733 1.1847634315490723 1.5757454633712769
v -0.45853036642074585 1.1847279071807861 1.5322779417037964
v -0.27398553490638733 1.1847634315490723 1.5757454633712769
v -0.24506570398807526 1.0548615455627441 1.4094258546829224
v -0.08559495210647583 1.1847832202911377 1.5970810651779175
v -0.27398553490638733 1.1847634315490723 1.5757454633712769
v -0.08559495210647583 1.1847832202911377 1.5970810651779175
v -0.0765601173043251 1.0548793077468872 1.4285095930099487
v 0.10399679094552994 1.1847872734069824 1.5959855318069458
v -0.08559495210647583 1.1847832202911377 1.5970810651779175
v 0.10399679094552994 1.1847872734069824 1.5959855318069458
v 0.09301985055208206 1.0548828840255737 1.4275295734405518
v 0.29212823510169983 1.1847752332687378 1.5724740028381348
v 0.10399679094552994 1.1847872734069824 1.5959855318069458
v 0.29212823510169983 1.1847752332687378 1.5724740028381348
v 0.2612936496734619 1.0548721551895142 1.4064997434616089
v 0.47615841031074524 1.184747576713562 1.52687668800354
v 0.29212823510169983 1.1847752332687378 1.5724740028381348
v 0.47615841031074524 1.184747576713562 1.52687668800354
v 0.42589908838272095 1.0548473596572876 1.3657152652740479
v 0.653503954410553 1.1847044229507446 1.4598335027694702
v 0.47615841031074524 1.184747576713562 1.52687668800354
v 0.653503954410553 1.1847044229507446 1.4598335027694702
v 0.5845254063606262 1.0548088550567627 1.305748701095581
v 0.8216752409934998 1.1846466064453125 1.3722857236862183
v 0.653503954410553 1.1847044229507446 1.4598335027694702
v 0.8216752409934998 1.1846466064453125 1.3722857236862183
v 0.7349460124969482 1.0547571182250977 1.227441668510437
v 0.9783117175102234 1.184574842453003 1.2654621601104736
v 0.8216752409934998 1.1846466064453125 1.3722857236862183
v 0.9783117175102234 1.184574842453003 1.2654621601104736
v 0.8750491142272949 1.0546928644180298 1.1318936347961426
v 1.1212143898010254 1.1844899654388428 1.1408625841140747
v 0.9783117175102234 1.184574842453003 1.2654621601104736
v 1.1212143898010254 1.1844899654388428 1.1408625841140747
v 1.0028680562973022 1.0546170473098755 1.0204458236694336
v 1.2483772039413452 1.1843935251235962 1.0002360343933105
v 1.1212143898010254 1.1844899654388428 1.1408625841140747
v 1.2483772039413452 1.1843935251235962 1.0002360343933105
v 1.1166086196899414 1.0545307397842407 0.894662618637085
v 1.3580151796340942 1.1842865943908691 0.8455565571784973
v 1.2483772039413452 1.1843935251235962 1.0002360343933105
v 1.3580151796340942 1.1842865943908691 0.8455565571784973
v 1.2146741151809692 1.0544350147247314 0.7563098669052124
v 1.4485890865325928 1.1841707229614258 0.6789955496788025
v 1.3580151796340942 1.1842865943908691 0.8455565571784973
v 1.4485890865325928 1.1841707229614258 0.6789955496788025
v 1.2956879138946533 1.0543314218521118 0.6073297262191772
v 1.5188276767730713 1.1840475797653198 0.5028911232948303
v 1.4485890865325928 1.1841707229614258 0.6789955496788025
v 1.5188276767730713 1.1840475797653198 0.5028911232948303
v 1.3585126399993896 1.054221272468567 0.44981345534324646
v 1.5677447319030762 1.1839189529418945 0.3197154700756073
v 1.5188276767730713 1.1840475797653198 0.5028911232948303
v 1.5677447319030762 1.1839189529418945 0.3197154700756073
v 1.4022663831710815 1.0541062355041504 0.2859722971916199
v 1.5946537256240845 1.1837865114212036 0.1320398896932602
v 1.5677447319030762 1.1839189529418945 0.3197154700756073
v 1.5946537256240845 1.1837865114212036 0.1320398896932602
v 1.426335096359253 1.053987741470337 0.11810625344514847
v 1.5991768836975098 1.1836521625518799 -0.057501018047332764
v 1.5946537256240845 1.1837865114212036 0.1320398896932602
v 1.4303808212280273 1.0538675785064697 -0.051428236067295074
v 1.5991768836975098 1.1836521625518799 -0.057501018047332764
v 1.4143468141555786 1.053747534751892 -0.22025127708911896
v 1.4303808212280273 1.0538675785064697 -0.051428236067295074
v 1.4143468141555786 1.053747534751892 -0.22025127708911896
v 1.2835439443588257 0.8949784636497498 -0.19983810186386108
v 1.3784579038619995 1.0536290407180786 -0.38599297404289246
v 1.4143468141555786 1.053747534751892 -0.22025127708911896
v 1.3784579038619995 1.0536290407180786 -0.38599297404289246
v 1.2509742975234985 0.8948709964752197 -0.35025134682655334
v 1.3232183456420898 1.053514003753662 -0.5463266968727112
v 1.3784579038619995 1.0536290407180786 -0.38599297404289246
v 1.3232183456420898 1.053514003753662 -0.5463266968727112
v 1.2008434534072876 0.8947665691375732 -0.49575674533843994
v 1.2494031190872192 1.0534038543701172 -0.699001669883728
v 1.3232183456420898 1.053514003753662 -0.5463266968727112
v 1.2494031190872192 1.0534038543701172 -0.699001669883728
v 1.1338549852371216 0.8946666121482849 -0.6343117356300354
v 1.1580487489700317 1.0533002614974976 -0.8418745994567871
v 1.2494031190872192 1.0534038543701172 -0.699001669883728
v 1.1580487489700317 1.0533002614974976 -0.8418745994567871
v 1.0509493350982666 0.8945725560188293 -0.7639712691307068
v 1.0504374504089355 1.0532045364379883 -0.9729400277137756
v 1.1580487489700317 1.0533002614974976 -0.8418745994567871
v 1.0504374504089355 1.0532045364379883 -0.9729400277137756
v 0.9532904624938965 0.8944857716560364 -0.882915198802948
v 0.9280800819396973 1.0531182289123535 -1.090358018875122
v 1.0504374504089355 1.0532045364379883 -0.9729400277137756
v 0.9280800819396973 1.0531182289123535 -1.090358018875122
v 0.8422491550445557 0.8944073915481567 -0.9894739389419556
v 0.792694091796875 1.0530424118041992 -1.192480206489563
v 0.9280800819396973 1.0531182289123535 -1.090358018875122
v 0.792694091796875 1.0530424118041992 -1.192480206489563
v 0.7193841338157654 0.8943386077880859 -1.0821514129638672
v 0.6461800336837769 1.0529781579971313 -1.2778730392456055
v 0.792694091796875 1.0530424118041992 -1.192480206489563
v 0.6461800336837769 1.0529781579971313 -1.2778730392456055
v 0.5864202380180359 0.8942803144454956 -1.159646987915039
v 0.4905945956707001 1.0529264211654663 -1.345337986946106
v 0.6461800336837769 1.0529781579971313 -1.2778730392456055
v 0.4905945956707001 1.0529264211654663 -1.345337986946106
v 0.44522401690483093 0.8942333459854126 -1.220872402191162
v 0.32812196016311646 1.0528879165649414 -1.3939276933670044
v 0.4905945956707001 1.0529264211654663 -1.345337986946106
v 0.32812196016311646 1.0528879165649414 -1.3939276933670044
v 0.2977775037288666 0.8941983580589294 -1.2649683952331543
v 0.16104283928871155 1.0528631210327148 -1.4229601621627808
v 0.32812196016311646 1.0528879165649414 -1.3939276933670044
v 0.16104283928871155 1.0528631210327148 -1.4229601621627808
v 0.14615051448345184 0.8941758871078491 -1.2913157939910889
v -0.00829734280705452 1.0528523921966553 -1.43202805519104
v 0.16104283928871155 1.0528631210327148 -1.4229601621627808
v -0.00829734280705452 1.0528523921966553 -1.43202805519104
v -0.007528433110564947 0.8941661715507507 -1.2995449304580688
v -0.17752143740653992 1.0528559684753418 -1.421003818511963
v -0.00829734280705452 1.0528523921966553 -1.43202805519104
v -0.17752143740653992 1.0528559684753418 -1.421003818511963
v -0.16110201179981232 0.8941693902015686 -1.2895402908325195
v -0.34425386786460876 1.0528737306594849 -1.3900421857833862
v -0.17752143740653992 1.0528559684753418 -1.421003818511963
v -0.34425386786460876 1.0528737306594849 -1.3900421857833862
v -0.31241437792778015 0.8941855430603027 -1.2614421844482422
v -0.5061541199684143 1.0529054403305054 -1.3395780324935913
v -0.34425386786460876 1.0528737306594849 -1.3900421857833862
v -0.5061541199684143 1.0529054403305054 -1.3395780324935913
v -0.459341436624527 0.8942143321037292 -1.2156450748443604
v -0.6609494090080261 1.0529506206512451 -1.2703195810317993
v -0.5061541199684143 1.0529054403305054 -1.3395780324935913
v -0.6609494090080261 1.0529506206512451 -1.2703195810317993
v -0.5998206734657288 0.8942553400993347 -1.152791976928711
v -0.806466817855835 1.053008794784546 -1.183239221572876
v -0.6609494090080261 1.0529506206512451 -1.2703195810317993
v -0.806466817855835 1.053008794784546 -1.183239221572876
v -0.7318800687789917 0.8943080902099609 -1.0737651586532593
v -0.9406635761260986 1.0530788898468018 -1.079559087753296
v -0.806466817855835 1.053008794784546 -1.183239221572876
v -0.9406635761260986 1.0530788898468018 -1.079559087753296
v -0.8536657691001892 0.894371747970581 -0.9796738624572754
v -1.061655879020691 1.0531601905822754 -0.9607349634170532
v -0.9406635761260986 1.0530788898468018 -1.079559087753296
v -1.061655879020691 1.0531601905822754 -0.9607349634170532
v -0.9634682536125183 0.8944454789161682 -0.8718389272689819
v -1.1677451133728027 1.0532512664794922 -0.8284346461296082
v -1.061655879020691 1.0531601905822754 -0.9607349634170532
v -1.1677451133728027 1.0532512664794922 -0.8284346461296082
v -1.0597460269927979 0.8945282101631165 -0.751774251461029
v -1.2574423551559448 1.0533511638641357 -0.6845154166221619
v -1.1677451133728027 1.0532512664794922 -0.8284346461296082
v -1.2574423551559448 1.0533511638641357 -0.6845154166221619
v -1.1411476135253906 0.8946187496185303 -0.6211652755737305
v -1.3294880390167236 1.0534582138061523 -0.5309975743293762
v -1.2574423551559448 1.0533511638641357 -0.6845154166221619
v -1.3294880390167236 1.0534582138061523 -0.5309975743293762
v -1.2065303325653076 0.8947159051895142 -0.48184534907341003
v -1.382871150970459 1.0535709857940674 -0.37003621459007263
v -1.3294880390167236 1.0534582138061523 -0.5309975743293762
v -1.382871150970459 1.0535709857940674 -0.37003621459007263
v -1.2549762725830078 0.8948183059692383 -0.33577030897140503
v -1.416841983795166 1.0536879301071167 -0.20389080047607422
v -1.382871150970459 1.0535709857940674 -0.37003621459007263
v -1.416841983795166 1.0536879301071167 -0.20389080047607422
v -1.285805344581604 0.8949244618415833 -0.18499070405960083
v -1.4309239387512207 1.0538074970245361 -0.03489372879266739
v -1.416841983795166 1.0536879301071167 -0.20389080047607422
v -1.4309239387512207 1.0538074970245361 -0.03489372879266739
v -1.2985849380493164 0.8950328826904297 -0.03162313625216484
v -1.4249191284179688 1.0539277791976929 0.13458269834518433
v -1.4309239387512207 1.0538074970245361 -0.03489372879266739
v -1.4249191284179688 1.0539277791976929 0.13458269834518433
v -1.2931355237960815 0.8951420783996582 0.12217944115400314
v -1.3989120721817017 1.0540473461151123 0.3021593689918518
v -1.4249191284179688 1.0539277791976929 0.13458269834518433
v -1.3989120721817017 1.0540473461151123 0.3021593689918518
v -1.269533634185791 0.8952505588531494 0.27425798773765564
v -1.3532676696777344 1.0541642904281616 0.4654839038848877
v -1.3989120721817017 1.0540473461151123 0.3021593689918518
v -1.3532676696777344 1.0541642904281616 0.4654839038848877
v -1.228110671043396 0.8953567147254944 0.4224776029586792
v -1.288626790046692 1.0542770624160767 0.6222635507583618
v -1.3532676696777344 1.0541642904281616 0.4654839038848877
v -1.288626790046692 1.0542770624160767 0.6222635507583618
v -1.1694480180740356 0.8954590559005737 0.5647576451301575
v -1.2058967351913452 1.0543841123580933 0.7702975869178772
v -1.288626790046692 1.0542770624160767 0.6222635507583618
v -1.2058967351913452 1.0543841123580933 0.7702975869178772
v -1.0943691730499268 0.8955562114715576 0.699100911617279
v -1.106238842010498 1.0544838905334473 0.9075077176094055
v -1.2058967351913452 1.0543841123580933 0.7702975869178772
v -1.106238842010498 1.0544838905334473 0.9075077176094055
v -1.0039280652999878 0.8956468105316162 0.8236213326454163
v -0.9910522103309631 1.0545750856399536 1.0319679975509644
v -1.106238842010498 1.0544838905334473 0.9075077176094055
v -0.9910522103309631 1.0545750856399536 1.0319679975509644
v -0.8993943333625793 0.8957295417785645 0.9365710020065308
v -0.8619537949562073 1.0546562671661377 1.141931176185608
v -0.9910522103309631 1.0545750856399536 1.0319679975509644
v -0.8619537949562073 1.0546562671661377 1.141931176185608
v -0.7822353839874268 0.8958032727241516 1.0363644361495972
v -0.7207557559013367 1.054726481437683 1.2358537912368774
v -0.8619537949562073 1.0546562671661377 1.141931176185608
v -0.7207557559013367 1.054726481437683 1.2358537912368774
v -0.6540958881378174 0.8958669304847717 1.12160062789917
v -0.5694403052330017 1.0547845363616943 1.3124170303344727
v -0.7207557559013367 1.054726481437683 1.2358537912368774
v -0.5694403052330017 1.0547845363616943 1.3124170303344727
v -0.5167747139930725 0.8959196209907532 1.1910830736160278
v -0.4101314842700958 1.0548298358917236 1.3705464601516724
v -0.5694403052330017 1.0547845363616943 1.3124170303344727
v -0.4101314842700958 1.0548298358917236 1.3705464601516724
v -0.3721993863582611 0.8959606885910034 1.2438364028930664
v -0.24506570398807526 1.0548615455627441 1.4094258546829224
v -0.4101314842700958 1.0548298358917236 1.3705464601516724
v -0.24506570398807526 1.0548615455627441 1.4094258546829224
v -0.2223995327949524 0.8959894776344299 1.2791200876235962
v -0.0765601173043251 1.0548793077468872 1.4285095930099487
v -0.24506570398807526 1.0548615455627441 1.4094258546829224
v -0.0765601173043251 1.0548793077468872 1.4285095930099487
v -0.06947799026966095 0.8960056304931641 1.2964389324188232
v 0.09301985055208206 1.0548828840255737 1.4275295734405518
v -0.0765601173043251 1.0548793077468872 1.4285095930099487
v 0.09301985055208206 1.0548828840255737 1.4275295734405518
v 0.08441854268312454 0.8960088491439819 1.2955495119094849
v 0.2612936496734619 1.0548721551895142 1.4064997434616089
v 0.09301985055208206 1.0548828840255737 1.4275295734405518
v 0.2612936496734619 1.0548721551895142 1.4064997434616089
v 0.23712973296642303 0.8959991335868835 1.2764647006988525
v 0.42589908838272095 1.0548473596572876 1.3657152652740479
v 0.2612936496734619 1.0548721551895142 1.4064997434616089
v 0.42589908838272095 1.0548473596572876 1.3657152652740479
v 0.38651180267333984 0.8959766626358032 1.2394521236419678
v 0.5845254063606262 1.0548088550567627 1.305748701095581
v 0.42589908838272095 1.0548473596572876 1.3657152652740479
v 0.5845254063606262 1.0548088550567627 1.305748701095581
v 0.5304678082466125 0.8959416747093201 1.1850314140319824
v 0.7349460124969482 1.0547571182250977 1.227441668510437
v 0.5845254063606262 1.0548088550567627 1.305748701095581
v 0.7349460124969482 1.0547571182250977 1.227441668510437
v 0.666976809501648 0.8958947062492371 1.1139665842056274
v 0.8750491142272949 1.0546928644180298 1.1318936347961426
v 0.7349460124969482 1.0547571182250977 1.227441668510437
v 0.8750491142272949 1.0546928644180298 1.1318936347961426
v 0.7941226959228516 0.8958364129066467 1.0272551774978638
v 1.0028680562973022 1.0546170473098755 1.0204458236694336
v 0.8750491142272949 1.0546928644180298 1.1318936347961426
v 1.0028680562973022 1.0546170473098755 1.0204458236694336
v 0.9101205468177795 0.8957675695419312 0.9261144399642944
v 1.1166086196899414 1.0545307397842407 0.894662618637085
v 1.0028680562973022 1.0546170473098755 1.0204458236694336
v 1.1166086196899414 1.0545307397842407 0.894662618637085
v 1.0133419036865234 0.8956892490386963 0.811964213848114
v 1.2146741151809692 1.0544350147247314 0.7563098669052124
v 1.1166086196899414 1.0545307397842407 0.894662618637085
v 1.2146741151809692 1.0544350147247314 0.7563098669052124
v 1.1023378372192383 0.8956024050712585 0.6864068508148193
v 1.2956879138946533 1.0543314218521118 0.6073297262191772
v 1.2146741151809692 1.0544350147247314 0.7563098669052124
v 1.2956879138946533 1.0543314218521118 0.6073297262191772
v 1.1758590936660767 0.8955084085464478 0.5512049794197083
v 1.3585126399993896 1.054221272468567 0.44981345534324646
v 1.2956879138946533 1.0543314218521118 0.6073297262191772
v 1.3585126399993896 1.054221272468567 0.44981345534324646
v 1.232873558998108 0.8954084515571594 0.4082564115524292
v 1.4022663831710815 1.0541062355041504 0.2859722971916199
v 1.3585126399993896 1.054221272468567 0.44981345534324646
v 1.4022663831710815 1.0541062355041504 0.2859722971916199
v 1.272580862045288 0.8953040242195129 0.2595679461956024
v 1.426335096359253 1.053987741470337 0.11810625344514847
v 1.4022663831710815 1.0541062355041504 0.2859722971916199
v 1.426335096359253 1.053987741470337 0.11810625344514847
v 1.2944235801696777 0.8951964974403381 0.10722681134939194
v 1.4303808212280273 1.0538675785064697 -0.051428236067295074
v 1.426335096359253 1.053987741470337 0.11810625344514847
v 1.2980951070785522 0.895087480545044 -0.046628471463918686
v 1.4303808212280273 1.0538675785064697 -0.051428236067295074
v 1.2835439443588257 0.8949784636497498 -0.19983810186386108
v 1.2980951070785522 0.895087480545044 -0.046628471463918686
v 1.2835439443588257 0.8949784636497498 -0.19983810186386108
v 1.194230556488037 0.7179633975028992 -0.1858508586883545
v 1.2509742975234985 0.8948709964752197 -0.35025134682655334
v 1.2835439443588257 0.8949784636497498 -0.19983810186386108
v 1.2509742975234985 0.8948709964752197 -0.35025134682655334
v 1.1639271974563599 0.7178633809089661 -0.32579749822616577
v 1.2008434534072876 0.8947665691375732 -0.49575674533843994
v 1.2509742975234985 0.8948709964752197 -0.35025134682655334
v 1.2008434534072876 0.8947665691375732 -0.49575674533843994
v 1.1172846555709839 0.7177662253379822 -0.461177796125412
v 1.1338549852371216 0.8946666121482849 -0.6343117356300354
v 1.2008434534072876 0.8947665691375732 -0.49575674533843994
v 1.1338549852371216 0.8946666121482849 -0.6343117356300354
v 1.0549577474594116 0.7176732420921326 -0.590091347694397
v 1.0509493350982666 0.8945725560188293 -0.7639712691307068
v 1.1338549852371216 0.8946666121482849 -0.6343117356300354
v 1.0509493350982666 0.8945725560188293 -0.7639712691307068
v 0.9778211712837219 0.7175857424736023 -0.7107284069061279
v 0.9532904624938965 0.8944857716560364 -0.882915198802948
v 1.0509493350982666 0.8945725560188293 -0.7639712691307068
v 0.9532904624938965 0.8944857716560364 -0.882915198802948
v 0.8869579434394836 0.7175049781799316 -0.8213955760002136
v 0.8422491550445557 0.8944073915481567 -0.9894739389419556
v 0.9532904624938965 0.8944857716560364 -0.882915198802948
v 0.8422491550445557 0.8944073915481567 -0.9894739389419556
v 0.7836434841156006 0.7174320816993713 -0.9205393195152283
v 0.7193841338157654 0.8943386077880859 -1.0821514129638672
v 0.8422491550445557 0.8944073915481567 -0.9894739389419556
v 0.7193841338157654 0.8943386077880859 -1.0821514129638672
v 0.6693281531333923 0.7173680663108826 -1.0067678689956665
v 0.5864202380180359 0.8942803144454956 -1.159646987915039
v 0.7193841338157654 0.8943386077880859 -1.0821514129638672
v 0.5864202380180359 0.8942803144454956 -1.159646987915039
v 0.5456166863441467 0.717313826084137 -1.0788706541061401
v 0.44522401690483093 0.8942333459854126 -1.220872402191162
v 0.5864202380180359 0.8942803144454956 -1.159646987915039
v 0.44522401690483093 0.8942333459854126 -1.220872402191162
v 0.41424569487571716 0.7172700762748718 -1.1358356475830078
v 0.2977775037288666 0.8941983580589294 -1.2649683952331543
v 0.44522401690483093 0.8942333459854126 -1.220872402191162
v 0.2977775037288666 0.8941983580589294 -1.2649683952331543
v 0.27705931663513184 0.7172375321388245 -1.176863193511963
v 0.14615051448345184 0.8941758871078491 -1.2913157939910889
v 0.2977775037288666 0.8941983580589294 -1.2649683952331543
v 0.14615051448345184 0.8941758871078491 -1.2913157939910889
v 0.1359833925962448 0.7172166109085083 -1.2013773918151855
v -0.007528433110564947 0.8941661715507507 -1.2995449304580688
v 0.14615051448345184 0.8941758871078491 -1.2913157939910889
v -0.007528433110564947 0.8941661715507507 -1.2995449304580688
v -0.007001680787652731 0.7172076106071472 -1.2090338468551636
v -0.16110201179981232 0.8941693902015686 -1.2895402908325195
v -0.007528433110564947 0.8941661715507507 -1.2995449304580688
v -0.16110201179981232 0.8941693902015686 -1.2895402908325195
v -0.14988872408866882 0.7172106504440308 -1.1997253894805908
v -0.31241437792778015 0.8941855430603027 -1.2614421844482422
v -0.16110201179981232 0.8941693902015686 -1.2895402908325195
v -0.31241437792778015 0.8941855430603027 -1.2614421844482422
v -0.2906719148159027 0.7172256112098694 -1.1735824346542358
v -0.459341436624527 0.8942143321037292 -1.2156450748443604
v -0.31241437792778015 0.8941855430603027 -1.2614421844482422
v -0.459341436624527 0.8942143321037292 -1.2156450748443604
v -0.4273749589920044 0.7172524333000183 -1.130972146987915
v -0.5998206734657288 0.8942553400993347 -1.152791976928711
v -0.459341436624527 0.8942143321037292 -1.2156450748443604
v -0.5998206734657288 0.8942553400993347 -1.152791976928711
v -0.5580788850784302 0.7172905802726746 -1.0724928379058838
v -0.7318800687789917 0.8943080902099609 -1.0737651586532593
v -0.5998206734657288 0.8942553400993347 -1.152791976928711
v -0.7318800687789917 0.8943080902099609 -1.0737651586532593
v -0.680948793888092 0.7173396348953247 -0.9989650249481201
v -0.8536657691001892 0.894371747970581 -0.9796738624572754
v -0.7318800687789917 0.8943080902099609 -1.0737651586532593
v -0.8536657691001892 0.894371747970581 -0.9796738624572754
v -0.7942599654197693 0.7173988819122314 -0.9114211201667786
v -0.9634682536125183 0.8944454789161682 -0.8718389272689819
v -0.8536657691001892 0.894371747970581 -0.9796738624572754
v -0.9634682536125183 0.8944454789161682 -0.8718389272689819
v -0.8964217305183411 0.7174674868583679 -0.8110899925231934
v -1.0597460269927979 0.8945282101631165 -0.751774251461029
v -0.9634682536125183 0.8944454789161682 -0.8718389272689819
v -1.0597460269927979 0.8945282101631165 -0.751774251461029
v -0.9859998822212219 0.717544436454773 -0.699380099773407
v -1.1411476135253906 0.8946187496185303 -0.6211652755737305
v -1.0597460269927979 0.8945282101631165 -0.751774251461029
v -1.1411476135253906 0.8946187496185303 -0.6211652755737305
v -1.061737060546875 0.7176287174224854 -0.57785964012146
v -1.2065303325653076 0.8947159051895142 -0.48184534907341003
v -1.1411476135253906 0.8946187496185303 -0.6211652755737305
v -1.2065303325653076 0.8947159051895142 -0.48184534907341003
v -1.1225701570510864 0.7177191376686096 -0.4482344388961792
v -1.2549762725830078 0.8948183059692383 -0.33577030897140503
v -1.2065303325653076 0.8947159051895142 -0.48184534907341003
v -1.2549762725830078 0.8948183059692383 -0.33577030897140503
v -1.1676448583602905 0.7178143858909607 -0.3123241066932678
v -1.285805344581604 0.8949244618415833 -0.18499070405960083
v -1.2549762725830078 0.8948183059692383 -0.33577030897140503
v -1.285805344581604 0.8949244618415833 -0.18499070405960083
v -1.1963287591934204 0.7179131507873535 -0.17203661799430847
v -1.2985849380493164 0.8950328826904297 -0.03162313625216484
v -1.285805344581604 0.8949244618415833 -0.18499070405960083
v -1.2985849380493164 0.8950328826904297 -0.03162313625216484
v -1.208219051361084 0.7180140614509583 -0.02934124507009983
v -1.2931355237960815 0.8951420783996582 0.12217944115400314
v -1.2985849380493164 0.8950328826904297 -0.03162313625216484
v -1.2931355237960815 0.8951420783996582 0.12217944115400314
v -1.2031488418579102 0.7181156277656555 0.11375885456800461
v -1.269533634185791 0.8952505588531494 0.27425798773765564
v -1.2931355237960815 0.8951420783996582 0.12217944115400314
v -1.269533634185791 0.8952505588531494 0.27425798773765564
v -1.1811894178390503 0.7182165384292603 0.2552548944950104
v -1.228110671043396 0.8953567147254944 0.4224776029586792
v -1.269533634185791 0.8952505588531494 0.27425798773765564
v -1.228110671043396 0.8953567147254944 0.4224776029586792
v -1.1426488161087036 0.7183153033256531 0.39316055178642273
v -1.1694480180740356 0.8954590559005737 0.5647576451301575
v -1.228110671043396 0.8953567147254944 0.4224776029586792
v -1.1694480180740356 0.8954590559005737 0.5647576451301575
v -1.0880682468414307 0.7184105515480042 0.5255399942398071
v -1.0943691730499268 0.8955562114715576 0.699100911617279
v -1.1694480180740356 0.8954590559005737 0.5647576451301575
v -1.0943691730499268 0.8955562114715576 0.699100911617279
v -1.0182137489318848 0.7185009717941284 0.6505347490310669
v -1.0039280652999878 0.8956468105316162 0.8236213326454163
v -1.0943691730499268 0.8955562114715576 0.699100911617279
v -1.0039280652999878 0.8956468105316162 0.8236213326454163
v -0.934066116809845 0.7185852527618408 0.7663903832435608
v -0.8993943333625793 0.8957295417785645 0.9365710020065308
v -1.0039280652999878 0.8956468105316162 0.8236213326454163
v -0.8993943333625793 0.8957295417785645 0.9365710020065308
v -0.8368064165115356 0.7186622023582458 0.871480405330658
v -0.7822353839874268 0.8958032727241516 1.0363644361495972
v -0.8993943333625793 0.8957295417785645 0.9365710020065308
v -0.7822353839874268 0.8958032727241516 1.0363644361495972
v -0.7278000712394714 0.7187308073043823 0.9643296003341675
v -0.6540958881378174 0.8958669304847717 1.12160062789917
v -0.7822353839874268 0.8958032727241516 1.0363644361495972
v -0.6540958881378174 0.8958669304847717 1.12160062789917
v -0.608577311038971 0.7187899947166443 1.0436345338821411
v -0.5167747139930725 0.8959196209907532 1.1910830736160278
v -0.6540958881378174 0.8958669304847717 1.12160062789917
v -0.5167747139930725 0.8959196209907532 1.1910830736160278
v -0.4808116555213928 0.7188390493392944 1.1082820892333984
v -0.3721993863582611 0.8959606885910034 1.2438364028930664
v -0.5167747139930725 0.8959196209907532 1.1910830736160278
v -0.3721993863582611 0.8959606885910034 1.2438364028930664
v -0.3462967276573181 0.7188772559165955 1.1573644876480103
v -0.2223995327949524 0.8959894776344299 1.2791200876235962
v -0.3721993863582611 0.8959606885910034 1.2438364028930664
v -0.2223995327949524 0.8959894776344299 1.2791200876235962
v -0.2069208174943924 0.7189040184020996 1.1901930570602417
v -0.06947799026966095 0.8960056304931641 1.2964389324188232
v -0.2223995327949524 0.8959894776344299 1.2791200876235962
v -0.06947799026966095 0.8960056304931641 1.2964389324188232
v -0.06464043259620667 0.718919038772583 1.2063066959381104
v 0.08441854268312454 0.8960088491439819 1.2955495119094849
v -0.06947799026966095 0.8960056304931641 1.2964389324188232
v 0.08441854268312454 0.8960088491439819 1.2955495119094849
v 0.07854710519313812 0.7189220786094666 1.2054791450500488
v 0.23712973296642303 0.8959991335868835 1.2764647006988525
v 0.08441854268312454 0.8960088491439819 1.2955495119094849
v 0.23712973296642303 0.8959991335868835 1.2764647006988525
v 0.22063176333904266 0.7189130187034607 1.1877223253250122
v 0.38651180267333984 0.8959766626358032 1.2394521236419678
v 0.23712973296642303 0.8959991335868835 1.2764647006988525
v 0.38651180267333984 0.8959766626358032 1.2394521236419678
v 0.35961899161338806 0.7188920974731445 1.153285264968872
v 0.5304678082466125 0.8959416747093201 1.1850314140319824
v 0.38651180267333984 0.8959766626358032 1.2394521236419678
v 0.5304678082466125 0.8959416747093201 1.1850314140319824
v 0.4935576915740967 0.7188595533370972 1.1026514768600464
v 0.666976809501648 0.8958947062492371 1.1139665842056274
v 0.5304678082466125 0.8959416747093201 1.1850314140319824
v 0.666976809501648 0.8958947062492371 1.1139665842056274
v 0.6205676794052124 0.7188158631324768 1.0365318059921265
v 0.7941226959228516 0.8958364129066467 1.0272551774978638
v 0.666976809501648 0.8958947062492371 1.1139665842056274
v 0.7941226959228516 0.8958364129066467 1.0272551774978638
v 0.7388659715652466 0.7187616229057312 0.9558542370796204
v 0.9101205468177795 0.8957675695419312 0.9261144399642944
v 0.7941226959228516 0.8958364129066467 1.0272551774978638
v 0.9101205468177795 0.8957675695419312 0.9261144399642944
v 0.8467919826507568 0.7186976075172424 0.8617514967918396
v 1.0133419036865234 0.8956892490386963 0.811964213848114
v 0.9101205468177795 0.8957675695419312 0.9261144399642944
v 1.0133419036865234 0.8956892490386963 0.811964213848114
v 0.9428306221961975 0.7186247110366821 0.7555444836616516
v 1.1023378372192383 0.8956024050712585 0.6864068508148193
v 1.0133419036865234 0.8956892490386963 0.811964213848114
v 1.1023378372192383 0.8956024050712585 0.6864068508148193
v 1.025633692741394 0.7185439467430115 0.6387240886688232
v 1.1758590936660767 0.8955084085464478 0.5512049794197083
v 1.1023378372192383 0.8956024050712585 0.6864068508148193
v 1.1758590936660767 0.8955084085464478 0.5512049794197083
v 1.094038963317871 0.7184564471244812 0.5129303336143494
v 1.232873558998108 0.8954084515571594 0.4082564115524292
v 1.1758590936660767 0.8955084085464478 0.5512049794197083
v 1.232873558998108 0.8954084515571594 0.4082564115524292
v 1.1470860242843628 0.7183634638786316 0.37992897629737854
v 1.272580862045288 0.8953040242195129 0.2595679461956024
v 1.232873558998108 0.8954084515571594 0.4082564115524292
v 1.272580862045288 0.8953040242195129 0.2595679461956024
v 1.1840301752090454 0.7182662487030029 0.2415871024131775
v 1.2944235801696777 0.8951964974403381 0.10722681134939194
v 1.272580862045288 0.8953040242195129 0.2595679461956024
v 1.2944235801696777 0.8951964974403381 0.10722681134939194
v 1.2043530941009521 0.7181662917137146 0.0998467206954956
v 1.2980951070785522 0.895087480545044 -0.046628471463918686
v 1.2944235801696777 0.8951964974403381 0.10722681134939194
v 1.2077690362930298 0.7180648446083069 -0.043302424252033234
v 1.2980951070785522 0.895087480545044 -0.046628471463918686
v 1.194230556488037 0.7179633975028992 -0.1858508586883545
v 1.2077690362930298 0.7180648446083069 -0.043302424252033234
v 1.194230556488037 0.7179633975028992 -0.1858508586883545
v 1.1486550569534302 0.5344417691230774 -0.17864689230918884
v 1.1639271974563599 0.7178633809089661 -0.32579749822616577
v 1.194230556488037 0.7179633975028992 -0.1858508586883545
v 1.1639271974563599 0.7178633809089661 -0.32579749822616577
v 1.1195082664489746 0.5343455672264099 -0.3132523000240326
v 1.1172846555709839 0.7177662253379822 -0.461177796125412
v 1.1639271974563599 0.7178633809089661 -0.32579749822616577
v 1.1172846555709839 0.7177662253379822 -0.461177796125412
v 1.07464599609375 0.5342521071434021 -0.44346562027931213
v 1.0549577474594116 0.7176732420921326 -0.590091347694397
v 1.1172846555709839 0.7177662253379822 -0.461177796125412
v 1.0549577474594116 0.7176732420921326 -0.590091347694397
v 1.0146979093551636 0.5341626405715942 -0.5674590468406677
v 0.9778211712837219 0.7175857424736023 -0.7107284069061279
v 1.0549577474594116 0.7176732420921326 -0.590091347694397
v 0.9778211712837219 0.7175857424736023 -0.7107284069061279
v 0.9405052661895752 0.5340784788131714 -0.6834918260574341
v 0.8869579434394836 0.7175049781799316 -0.8213955760002136
v 0.9778211712837219 0.7175857424736023 -0.7107284069061279
v 0.8869579434394836 0.7175049781799316 -0.8213955760002136
v 0.8531100153923035 0.534000813961029 -0.7899351716041565
v 0.7836434841156006 0.7174320816993713 -0.9205393195152283
v 0.8869579434394836 0.7175049781799316 -0.8213955760002136
v 0.7836434841156006 0.7174320816993713 -0.9205393195152283
v 0.7537387013435364 0.5339306592941284 -0.885295033454895
v 0.6693281531333923 0.7173680663108826 -1.0067678689956665
v 0.7836434841156006 0.7174320816993713 -0.9205393195152283
v 0.6693281531333923 0.7173680663108826 -1.0067678689956665
v 0.6437863111495972 0.5338690876960754 -0.9682324528694153
v 0.5456166863441467 0.717313826084137 -1.0788706541061401
v 0.6693281531333923 0.7173680663108826 -1.0067678689956665
v 0.5456166863441467 0.717313826084137 -1.0788706541061401
v 0.5247964262962341 0.533816933631897 -1.0375834703445435
v 0.41424569487571716 0.7172700762748718 -1.1358356475830078
v 0.5456166863441467 0.717313826084137 -1.0788706541061401
v 0.41424569487571716 0.7172700762748718 -1.1358356475830078
v 0.3984393775463104 0.5337749123573303 -1.092374324798584
v 0.27705931663513184 0.7172375321388245 -1.176863193511963
v 0.41424569487571716 0.7172700762748718 -1.1358356475830078
v 0.27705931663513184 0.7172375321388245 -1.176863193511963
v 0.2664889097213745 0.5337436199188232 -1.1318360567092896
v 0.1359833925962448 0.7172166109085083 -1.2013773918151855
v 0.27705931663513184 0.7172375321388245 -1.176863193511963
v 0.1359833925962448 0.7172166109085083 -1.2013773918151855
v 0.13079734146595 0.5337234735488892 -1.1554144620895386
v -0.007001680787652731 0.7172076106071472 -1.2090338468551636
v 0.1359833925962448 0.7172166109085083 -1.2013773918151855
v -0.007001680787652731 0.7172076106071472 -1.2090338468551636
v -0.006730532273650169 0.533714771270752 -1.1627788543701172
v -0.14988872408866882 0.7172106504440308 -1.1997253894805908
v -0.007001680787652731 0.7172076106071472 -1.2090338468551636
v -0.14988872408866882 0.7172106504440308 -1.1997253894805908
v -0.1441641002893448 0.533717691898346 -1.1538255214691162
v -0.2906719148159027 0.7172256112098694 -1.1735824346542358
v -0.14988872408866882 0.7172106504440308 -1.1997253894805908
v -0.2906719148159027 0.7172256112098694 -1.1735824346542358
v -0.27957412600517273 0.5337321162223816 -1.1286804676055908
v -0.4273749589920044 0.7172524333000183 -1.130972146987915
v -0.2906719148159027 0.7172256112098694 -1.1735824346542358
v -0.4273749589920044 0.7172524333000183 -1.130972146987915
v -0.411059707403183 0.5337578654289246 -1.0876964330673218
v -0.5580788850784302 0.7172905802726746 -1.0724928379058838
v -0.4273749589920044 0.7172524333000183 -1.130972146987915
v -0.5580788850784302 0.7172905802726746 -1.0724928379058838
v -0.5367751121520996 0.533794641494751 -1.0314489603042603
v -0.680948793888092 0.7173396348953247 -0.9989650249481201
v -0.5580788850784302 0.7172905802726746 -1.0724928379058838
v -0.680948793888092 0.7173396348953247 -0.9989650249481201
v -0.6549555659294128 0.5338417887687683 -0.9607275128364563
v -0.7942599654197693 0.7173988819122314 -0.9114211201667786
v -0.680948793888092 0.7173396348953247 -0.9989650249481201
v -0.7942599654197693 0.7173988819122314 -0.9114211201667786
v -0.7639420628547668 0.5338987708091736 -0.8765248656272888
v -0.8964217305183411 0.7174674868583679 -0.8110899925231934
v -0.7942599654197693 0.7173988819122314 -0.9114211201667786
v -0.8964217305183411 0.7174674868583679 -0.8110899925231934
v -0.8622046709060669 0.5339647531509399 -0.7800230383872986
v -0.9859998822212219 0.717544436454773 -0.699380099773407
v -0.8964217305183411 0.7174674868583679 -0.8110899925231934
v -0.9859998822212219 0.717544436454773 -0.699380099773407
v -0.9483640789985657 0.534038782119751 -0.6725767254829407
v -1.061737060546875 0.7176287174224854 -0.57785964012146
v -0.9859998822212219 0.717544436454773 -0.699380099773407
v -1.061737060546875 0.7176287174224854 -0.57785964012146
v -1.0212105512619019 0.5341198444366455 -0.5556941628456116
v -1.1225701570510864 0.7177191376686096 -0.4482344388961792
v -1.061737060546875 0.7176287174224854 -0.57785964012146
v -1.1225701570510864 0.7177191376686096 -0.4482344388961792
v -1.0797218084335327 0.5342068076133728 -0.4310162663459778
v -1.1676448583602905 0.7178143858909607 -0.3123241066932678
v -1.1225701570510864 0.7177191376686096 -0.4482344388961792
v -1.1676448583602905 0.7178143858909607 -0.3123241066932678
v -1.123076319694519 0.5342984199523926 -0.3002931475639343
v -1.1963287591934204 0.7179131507873535 -0.17203661799430847
v -1.1676448583602905 0.7178143858909607 -0.3123241066932678
v -1.1963287591934204 0.7179131507873535 -0.17203661799430847
v -1.1506654024124146 0.5343933701515198 -0.16535989940166473
v -1.208219051361084 0.7180140614509583 -0.02934124507009983
v -1.1963287591934204 0.7179131507873535 -0.17203661799430847
v -1.208219051361084 0.7180140614509583 -0.02934124507009983
v -1.1621019840240479 0.5344904661178589 -0.02811068668961525
v -1.2031488418579102 0.7181156277656555 0.11375885456800461
v -1.208219051361084 0.7180140614509583 -0.02934124507009983
v -1.2031488418579102 0.7181156277656555 0.11375885456800461
v -1.157225251197815 0.5345881581306458 0.1095278263092041
v -1.1811894178390503 0.7182165384292603 0.2552548944950104
v -1.2031488418579102 0.7181156277656555 0.11375885456800461
v -1.1811894178390503 0.7182165384292603 0.2552548944950104
v -1.1361037492752075 0.5346851944923401 0.24562348425388336
v -1.1426488161087036 0.7183153033256531 0.39316055178642273
v -1.1811894178390503 0.7182165384292603 0.2552548944950104
v -1.1426488161087036 0.7183153033256531 0.39316055178642273
v -1.099034309387207 0.5347802042961121 0.3782657980918884
v -1.0880682468414307 0.7184105515480042 0.5255399942398071
v -1.1426488161087036 0.7183153033256531 0.39316055178642273
v -1.0880682468414307 0.7184105515480042 0.5255399942398071
v -1.0465366840362549 0.5348718166351318 0.5055927634239197
v -1.0182137489318848 0.7185009717941284 0.6505347490310669
v -1.0880682468414307 0.7184105515480042 0.5255399942398071
v -1.0182137489318848 0.7185009717941284 0.6505347490310669
v -0.979348361492157 0.5349587798118591 0.6258170008659363
v -0.934066116809845 0.7185852527618408 0.7663903832435608
v -1.0182137489318848 0.7185009717941284 0.6505347490310669
v -0.934066116809845 0.7185852527618408 0.7663903832435608
v -0.8984123468399048 0.5350398421287537 0.7372508645057678
v -0.8368064165115356 0.7186622023582458 0.871480405330658
v -0.934066116809845 0.7185852527618408 0.7663903832435608
v -0.8368064165115356 0.7186622023582458 0.871480405330658
v -0.8048647046089172 0.5351138710975647 0.8383299708366394
v -0.7278000712394714 0.7187308073043823 0.9643296003341675
v -0.8368064165115356 0.7186622023582458 0.871480405330658
v -0.7278000712394714 0.7187308073043823 0.9643296003341675
v -0.7000187635421753 0.535179853439331 0.9276354312896729
v -0.608577311038971 0.7187899947166443 1.0436345338821411
v -0.7278000712394714 0.7187308073043823 0.9643296003341675
v -0.608577311038971 0.7187899947166443 1.0436345338821411
v -0.5853462219238281 0.5352368354797363 1.0039136409759521
v -0.4808116555213928 0.7188390493392944 1.1082820892333984
v -0.608577311038971 0.7187899947166443 1.0436345338821411
v -0.4808116555213928 0.7188390493392944 1.1082820892333984
v -0.46245694160461426 0.5352839827537537 1.0660938024520874
v -0.3462967276573181 0.7188772559165955 1.1573644876480103
v -0.4808116555213928 0.7188390493392944 1.1082820892333984
v -0.3462967276573181 0.7188772559165955 1.1573644876480103
v -0.33307594060897827 0.5353206992149353 1.1133029460906982
v -0.2069208174943924 0.7189040184020996 1.1901930570602417
v -0.3462967276573181 0.7188772559165955 1.1573644876480103
v -0.2069208174943924 0.7189040184020996 1.1901930570602417
v -0.19901949167251587 0.535346508026123 1.1448785066604614
v -0.06464043259620667 0.718919038772583 1.2063066959381104
v -0.2069208174943924 0.7189040184020996 1.1901930570602417
v -0.06464043259620667 0.718919038772583 1.2063066959381104
v -0.06216942518949509 0.5353609323501587 1.1603771448135376
v 0.07854710519313812 0.7189220786094666 1.2054791450500488
v -0.06464043259620667 0.718919038772583 1.2063066959381104
v 0.07854710519313812 0.7189220786094666 1.2054791450500488
v 0.07555317133665085 0.5353637933731079 1.159581184387207
v 0.22063176333904266 0.7189130187034607 1.1877223253250122
v 0.07854710519313812 0.7189220786094666 1.2054791450500488
v 0.22063176333904266 0.7189130187034607 1.1877223253250122
v 0.21221499145030975 0.5353551506996155 1.1425020694732666
v 0.35961899161338806 0.7188920974731445 1.153285264968872
v 0.22063176333904266 0.7189130187034607 1.1877223253250122
v 0.35961899161338806 0.7188920974731445 1.153285264968872
v 0.3458975553512573 0.5353350043296814 1.1093794107437134
v 0.4935576915740967 0.7188595533370972 1.1026514768600464
v 0.35961899161338806 0.7188920974731445 1.153285264968872
v 0.4935576915740967 0.7188595533370972 1.1026514768600464
v 0.47472432255744934 0.5353037118911743 1.0606781244277954
v 0.6205676794052124 0.7188158631324768 1.0365318059921265
v 0.4935576915740967 0.7188595533370972 1.1026514768600464
v 0.6205676794052124 0.7188158631324768 1.0365318059921265
v 0.5968868136405945 0.5352616906166077 0.9970819354057312
v 0.7388659715652466 0.7187616229057312 0.9558542370796204
v 0.6205676794052124 0.7188158631324768 1.0365318059921265
v 0.7388659715652466 0.7187616229057312 0.9558542370796204
v 0.7106701135635376 0.5352094769477844 0.9194835424423218
v 0.8467919826507568 0.7186976075172424 0.8617514967918396
v 0.7388659715652466 0.7187616229057312 0.9558542370796204
v 0.8467919826507568 0.7186976075172424 0.8617514967918396
v 0.8144770264625549 0.5351479053497314 0.828972339630127
v 0.9428306221961975 0.7186247110366821 0.7555444836616516
v 0.8467919826507568 0.7186976075172424 0.8617514967918396
v 0.9428306221961975 0.7186247110366821 0.7555444836616516
v 0.9068502187728882 0.5350778102874756 0.7268187999725342
v 1.025633692741394 0.7185439467430115 0.6387240886688232
v 0.9428306221961975 0.7186247110366821 0.7555444836616516
v 1.025633692741394 0.7185439467430115 0.6387240886688232
v 0.9864929914474487 0.5350001454353333 0.6144571304321289
v 1.094038963317871 0.7184564471244812 0.5129303336143494
v 1.025633692741394 0.7185439467430115 0.6387240886688232
v 1.094038963317871 0.7184564471244812 0.5129303336143494
v 1.0522875785827637 0.5349159836769104 0.4934644103050232
v 1.1470860242843628 0.7183634638786316 0.37992897629737854
v 1.094038963317871 0.7184564471244812 0.5129303336143494
v 1.1470860242843628 0.7183634638786316 0.37992897629737854
v 1.1033098697662354 0.5348265171051025 0.36553919315338135
v 1.1840301752090454 0.7182662487030029 0.2415871024131775
v 1.1470860242843628 0.7183634638786316 0.37992897629737854
v 1.1840301752090454 0.7182662487030029 0.2415871024131775
v 1.1388441324234009 0.5347330570220947 0.2324773371219635
v 1.2043530941009521 0.7181662917137146 0.0998467206954956
v 1.1840301752090454 0.7182662487030029 0.2415871024131775
v 1.2043530941009521 0.7181662917137146 0.0998467206954956
v 1.1583912372589111 0.5346368551254272 0.09614665806293488
v 1.2077690362930298 0.7180648446083069 -0.043302424252033234
v 1.2043530941009521 0.7181662917137146 0.0998467206954956
v 1.1616768836975098 0.5345392823219299 -0.041539017111063004
v 1.2077690362930298 0.7180648446083069 -0.043302424252033234
v 1.1486550569534302 0.5344417691230774 -0.17864689230918884
v 1.1616768836975098 0.5345392823219299 -0.041539017111063004
v 1.1486550569534302 0.5344417691230774 -0.17864689230918884
v 1.1457899808883667 0.35621196031570435 -0.1780751794576645
v 1.1195082664489746 0.5343455672264099 -0.3132523000240326
v 1.1486550569534302 0.5344417691230774 -0.17864689230918884
v 1.1195082664489746 0.5343455672264099 -0.3132523000240326
v 1.1167160272598267 0.35611602663993835 -0.3123443126678467
v 1.07464599609375 0.5342521071434021 -0.44346562027931213
v 1.1195082664489746 0.5343455672264099 -0.3132523000240326
v 1.07464599609375 0.5342521071434021 -0.44346562027931213
v 1.0719658136367798 0.35602277517318726 -0.4422323405742645
v 1.0146979093551636 0.5341626405715942 -0.5674590468406677
v 1.07464599609375 0.5342521071434021 -0.44346562027931213
v 1.0146979093551636 0.5341626405715942 -0.5674590468406677
v 1.0121674537658691 0.3559335768222809 -0.5659159421920776
v 0.9405052661895752 0.5340784788131714 -0.6834918260574341
v 1.0146979093551636 0.5341626405715942 -0.5674590468406677
v 0.9405052661895752 0.5340784788131714 -0.6834918260574341
v 0.938160240650177 0.35584962368011475 -0.681658923625946
v 0.8531100153923035 0.534000813961029 -0.7899351716041565
v 0.9405052661895752 0.5340784788131714 -0.6834918260574341
v 0.8531100153923035 0.534000813961029 -0.7899351716041565
v 0.850983202457428 0.35577213764190674 -0.7878364324569702
v 0.7537387013435364 0.5339306592941284 -0.885295033454895
v 0.8531100153923035 0.534000813961029 -0.7899351716041565
v 0.7537387013435364 0.5339306592941284 -0.885295033454895
v 0.7518601417541504 0.3557021915912628 -0.882957935333252
v 0.6437863111495972 0.5338690876960754 -0.9682324528694153
v 0.7537387013435364 0.5339306592941284 -0.885295033454895
v 0.6437863111495972 0.5338690876960754 -0.9682324528694153
v 0.642182469367981 0.3556407690048218 -0.9656882882118225
v 0.5247964262962341 0.533816933631897 -1.0375834703445435
v 0.6437863111495972 0.5338690876960754 -0.9682324528694153
v 0.5247964262962341 0.533816933631897 -1.0375834703445435
v 0.5234898924827576 0.35558873414993286 -1.0348659753799438
v 0.3984393775463104 0.5337749123573303 -1.092374324798584
v 0.5247964262962341 0.533816933631897 -1.0375834703445435
v 0.3984393775463104 0.5337749123573303 -1.092374324798584
v 0.39744848012924194 0.3555468022823334 -1.08951997756958
v 0.2664889097213745 0.5337436199188232 -1.1318360567092896
v 0.3984393775463104 0.5337749123573303 -1.092374324798584
v 0.2664889097213745 0.5337436199188232 -1.1318360567092896
v 0.26582762598991394 0.35551556944847107 -1.1288831233978271
v 0.13079734146595 0.5337234735488892 -1.1554144620895386
v 0.2664889097213745 0.5337436199188232 -1.1318360567092896
v 0.13079734146595 0.5337234735488892 -1.1554144620895386
v 0.1304750293493271 0.35549551248550415 -1.152402639389038
v -0.006730532273650169 0.533714771270752 -1.1627788543701172
v 0.13079734146595 0.5337234735488892 -1.1554144620895386
v -0.006730532273650169 0.533714771270752 -1.1627788543701172
v -0.0067092725075781345 0.35548684000968933 -1.1597485542297363
v -0.1441641002893448 0.533717691898346 -1.1538255214691162
v -0.006730532273650169 0.533714771270752 -1.1627788543701172
v -0.1441641002893448 0.533717691898346 -1.1538255214691162
v -0.1437995284795761 0.35548973083496094 -1.1508177518844604
v -0.27957412600517273 0.5337321162223816 -1.1286804676055908
v -0.1441641002893448 0.533717691898346 -1.1538255214691162
v -0.27957412600517273 0.5337321162223816 -1.1286804676055908
v -0.2788712680339813 0.3555041253566742 -1.1257355213165283
v -0.411059707403183 0.5337578654289246 -1.0876964330673218
v -0.27957412600517273 0.5337321162223816 -1.1286804676055908
v -0.411059707403183 0.5337578654289246 -1.0876964330673218
v -0.4100283980369568 0.3555298149585724 -1.0848538875579834
v -0.5367751121520996 0.533794641494751 -1.0314489603042603
v -0.411059707403183 0.5337578654289246 -1.0876964330673218
v -0.5367751121520996 0.533794641494751 -1.0314489603042603
v -0.5354297161102295 0.35556647181510925 -1.0287468433380127
v -0.6549555659294128 0.5338417887687683 -0.9607275128364563
v -0.5367751121520996 0.533794641494751 -1.0314489603042603
v -0.6549555659294128 0.5338417887687683 -0.9607275128364563
v -0.653315007686615 0.3556135296821594 -0.9582020044326782
v -0.7639420628547668 0.5338987708091736 -0.8765248656272888
v -0.6549555659294128 0.5338417887687683 -0.9607275128364563
v -0.7639420628547668 0.5338987708091736 -0.8765248656272888
v -0.762029230594635 0.35567036271095276 -0.8742097020149231
v -0.8622046709060669 0.5339647531509399 -0.7800230383872986
v -0.7639420628547668 0.5338987708091736 -0.8765248656272888
v -0.8622046709060669 0.5339647531509399 -0.7800230383872986
v -0.8600463271141052 0.3557361662387848 -0.7779489755630493
v -0.9483640789985657 0.534038782119751 -0.6725767254829407
v -0.8622046709060669 0.5339647531509399 -0.7800230383872986
v -0.9483640789985657 0.534038782119751 -0.6725767254829407
v -0.9459904432296753 0.3558100163936615 -0.670771062374115
v -1.0212105512619019 0.5341198444366455 -0.5556941628456116
v -0.9483640789985657 0.534038782119751 -0.6725767254829407
v -1.0212105512619019 0.5341198444366455 -0.5556941628456116
v -1.0186550617218018 0.3558908700942993 -0.5541805028915405
v -1.0797218084335327 0.5342068076133728 -0.4310162663459778
v -1.0212105512619019 0.5341198444366455 -0.5556941628456116
v -1.0797218084335327 0.5342068076133728 -0.4310162663459778
v -1.0770201683044434 0.3559775948524475 -0.42981410026550293
v -1.123076319694519 0.5342984199523926 -0.3002931475639343
v -1.0797218084335327 0.5342068076133728 -0.4310162663459778
v -1.123076319694519 0.5342984199523926 -0.3002931475639343
v -1.1202661991119385 0.35606899857521057 -0.29941752552986145
v -1.1506654024124146 0.5343933701515198 -0.16535989940166473
v -1.123076319694519 0.5342984199523926 -0.3002931475639343
v -1.1506654024124146 0.5343933701515198 -0.16535989940166473
v -1.1477864980697632 0.35616374015808105 -0.16482135653495789
v -1.1621019840240479 0.5344904661178589 -0.02811068668961525
v -1.1506654024124146 0.5343933701515198 -0.16535989940166473
v -1.1621019840240479 0.5344904661178589 -0.02811068668961525
v -1.1591943502426147 0.3562605381011963 -0.027915015816688538
v -1.157225251197815 0.5345881581306458 0.1095278263092041
v -1.1621019840240479 0.5344904661178589 -0.02811068668961525
v -1.157225251197815 0.5345881581306458 0.1095278263092041
v -1.1543298959732056 0.35635802149772644 0.10937966406345367
v -1.1361037492752075 0.5346851944923401 0.24562348425388336
v -1.157225251197815 0.5345881581306458 0.1095278263092041
v -1.1361037492752075 0.5346851944923401 0.24562348425388336
v -1.1332613229751587 0.35645484924316406 0.2451353222131729
v -1.099034309387207 0.5347802042961121 0.3782657980918884
v -1.1361037492752075 0.5346851944923401 0.24562348425388336
v -1.099034309387207 0.5347802042961121 0.3782657980918884
v -1.09628427028656 0.35654959082603455 0.3774462938308716
v -1.0465366840362549 0.5348718166351318 0.5055927634239197
v -1.099034309387207 0.5347802042961121 0.3782657980918884
v -1.0465366840362549 0.5348718166351318 0.5055927634239197
v -1.0439180135726929 0.3566409945487976 0.5044552087783813
v -0.979348361492157 0.5349587798118591 0.6258170008659363
v -1.0465366840362549 0.5348718166351318 0.5055927634239197
v -0.979348361492157 0.5349587798118591 0.6258170008659363
v -0.9768974184989929 0.3567277193069458 0.6243790984153748
v -0.8984123468399048 0.5350398421287537 0.7372508645057678
v -0.979348361492157 0.5349587798118591 0.6258170008659363
v -0.8984123468399048 0.5350398421287537 0.7372508645057678
v -0.8961635231971741 0.3568085730075836 0.7355345487594604
v -0.8048647046089172 0.5351138710975647 0.8383299708366394
v -0.8984123468399048 0.5350398421287537 0.7372508645057678
v -0.8048647046089172 0.5351138710975647 0.8383299708366394
v -0.8028495907783508 0.3568824231624603 0.8363611698150635
v -0.7000187635421753 0.535179853439331 0.9276354312896729
v -0.8048647046089172 0.5351138710975647 0.8383299708366394
v -0.7000187635421753 0.535179853439331 0.9276354312896729
v -0.698265552520752 0.35694822669029236 0.9254435300827026
v -0.5853462219238281 0.5352368354797363 1.0039136409759521
v -0.7000187635421753 0.535179853439331 0.9276354312896729
v -0.5853462219238281 0.5352368354797363 1.0039136409759521
v -0.5838795304298401 0.3570050597190857 1.0015311241149902
v -0.46245694160461426 0.5352839827537537 1.0660938024520874
v -0.5853462219238281 0.5352368354797363 1.0039136409759521
v -0.46245694160461426 0.5352839827537537 1.0660938024520874
v -0.4612972140312195 0.35705211758613586 1.0635559558868408
v -0.33307594060897827 0.5353206992149353 1.1133029460906982
v -0.46245694160461426 0.5352839827537537 1.0660938024520874
v -0.33307594060897827 0.5353206992149353 1.1133029460906982
v -0.33223944902420044 0.35708877444267273 1.110647201538086
v -0.19901949167251587 0.535346508026123 1.1448785066604614
v -0.33307594060897827 0.5353206992149353 1.1133029460906982
v -0.19901949167251587 0.535346508026123 1.1448785066604614
v -0.19851787388324738 0.3571144640445709 1.1421438455581665
v -0.06216942518949509 0.5353609323501587 1.1603771448135376
v -0.19901949167251587 0.535346508026123 1.1448785066604614
v -0.06216942518949509 0.5353609323501587 1.1603771448135376
v -0.062009673565626144 0.3571288585662842 1.1576037406921387
v 0.07555317133665085 0.5353637933731079 1.159581184387207
v -0.06216942518949509 0.5353609323501587 1.1603771448135376
v 0.07555317133665085 0.5353637933731079 1.159581184387207
v 0.07536887377500534 0.3571317493915558 1.15680992603302
v 0.21221499145030975 0.5353551506996155 1.1425020694732666
v 0.07555317133665085 0.5353637933731079 1.159581184387207
v 0.21221499145030975 0.5353551506996155 1.1425020694732666
v 0.211689293384552 0.35712307691574097 1.1397734880447388
v 0.3458975553512573 0.5353350043296814 1.1093794107437134
v 0.21221499145030975 0.5353551506996155 1.1425020694732666
v 0.3458975553512573 0.5353350043296814 1.1093794107437134
v 0.34503793716430664 0.35710299015045166 1.1067334413528442
v 0.47472432255744934 0.5353037118911743 1.0606781244277954
v 0.3458975553512573 0.5353350043296814 1.1093794107437134
v 0.47472432255744934 0.5353037118911743 1.0606781244277954
v 0.47354286909103394 0.35707178711891174 1.0581538677215576
v 0.5968868136405945 0.5352616906166077 0.9970819354057312
v 0.47472432255744934 0.5353037118911743 1.0606781244277954
v 0.5968868136405945 0.5352616906166077 0.9970819354057312
v 0.5954001545906067 0.35702985525131226 0.994716465473175
v 0.7106701135635376 0.5352094769477844 0.9194835424423218
v 0.5968868136405945 0.5352616906166077 0.9970819354057312
v 0.7106701135635376 0.5352094769477844 0.9194835424423218
v 0.708899199962616 0.35697782039642334 0.9173120260238647
v 0.8144770264625549 0.5351479053497314 0.828972339630127
v 0.7106701135635376 0.5352094769477844 0.9194835424423218
v 0.8144770264625549 0.5351479053497314 0.828972339630127
v 0.8124467730522156 0.3569163978099823 0.827026903629303
v 0.9068502187728882 0.5350778102874756 0.7268187999725342
v 0.8144770264625549 0.5351479053497314 0.828972339630127
v 0.9068502187728882 0.5350778102874756 0.7268187999725342
v 0.9045891761779785 0.3568464517593384 0.7251285910606384
v 0.9864929914474487 0.5350001454353333 0.6144571304321289
v 0.9068502187728882 0.5350778102874756 0.7268187999725342
v 0.9864929914474487 0.5350001454353333 0.6144571304321289
v 0.9840331077575684 0.356768935918808 0.6130475401878357
v 1.0522875785827637 0.5349159836769104 0.4934644103050232
v 0.9864929914474487 0.5350001454353333 0.6144571304321289
v 1.0522875785827637 0.5349159836769104 0.4934644103050232
v 1.0496631860733032 0.35668501257896423 0.4923571050167084
v 1.1033098697662354 0.5348265171051025 0.36553919315338135
v 1.0522875785827637 0.5349159836769104 0.4934644103050232
v 1.1033098697662354 0.5348265171051025 0.36553919315338135
v 1.1005581617355347 0.3565957844257355 0.3647514879703522
v 1.1388441324234009 0.5347330570220947 0.2324773371219635
v 1.1033098697662354 0.5348265171051025 0.36553919315338135
v 1.1388441324234009 0.5347330570220947 0.2324773371219635
v 1.1360034942626953 0.35650256276130676 0.23202203214168549
v 1.1583912372589111 0.5346368551254272 0.09614665806293488
v 1.1388441324234009 0.5347330570220947 0.2324773371219635
v 1.1583912372589111 0.5346368551254272 0.09614665806293488
v 1.1555019617080688 0.3564065992832184 0.09603192657232285
v 1.1616768836975098 0.5345392823219299 -0.041539017111063004
v 1.1583912372589111 0.5346368551254272 0.09614665806293488
v 1.1587793827056885 0.35630929470062256 -0.04130979999899864
v 1.1616768836975098 0.5345392823219299 -0.041539017111063004
v 1.1457899808883667 0.35621196031570435 -0.1780751794576645
v 1.1587793827056885 0.35630929470062256 -0.04130979999899864
v 1.1457899808883667 0.35621196031570435 -0.1780751794576645
v 1.1814571619033813 0.19420383870601654 -0.18349502980709076
v 1.1167160272598267 0.35611602663993835 -0.3123443126678467
v 1.1457899808883667 0.35621196031570435 -0.1780751794576645
v 1.1167160272598267 0.35611602663993835 -0.3123443126678467
v 1.1514784097671509 0.19410490989685059 -0.3219433128833771
v 1.0719658136367798 0.35602277517318726 -0.4422323405742645
v 1.1167160272598267 0.35611602663993835 -0.3123443126678467
v 1.0719658136367798 0.35602277517318726 -0.4422323405742645
v 1.1053353548049927 0.19400876760482788 -0.45587414503097534
v 1.0121674537658691 0.3559335768222809 -0.5659159421920776
v 1.0719658136367798 0.35602277517318726 -0.4422323405742645
v 1.0121674537658691 0.3559335768222809 -0.5659159421920776
v 1.0436756610870361 0.19391678273677826 -0.583407461643219
v 0.938160240650177 0.35584962368011475 -0.681658923625946
v 1.0121674537658691 0.3559335768222809 -0.5659159421920776
v 0.938160240650177 0.35584962368011475 -0.681658923625946
v 0.967365026473999 0.1938302218914032 -0.7027528882026672
v 0.850983202457428 0.35577213764190674 -0.7878364324569702
v 0.938160240650177 0.35584962368011475 -0.681658923625946
v 0.850983202457428 0.35577213764190674 -0.7878364324569702
v 0.8774746060371399 0.1937503218650818 -0.8122351765632629
v 0.7518601417541504 0.3557021915912628 -0.882957935333252
v 0.850983202457428 0.35577213764190674 -0.7878364324569702
v 0.7518601417541504 0.3557021915912628 -0.882957935333252
v 0.7752662897109985 0.19367820024490356 -0.9103174209594727
v 0.642182469367981 0.3556407690048218 -0.9656882882118225
v 0.7518601417541504 0.3557021915912628 -0.882957935333252
v 0.642182469367981 0.3556407690048218 -0.9656882882118225
v 0.6621748805046082 0.19361485540866852 -0.9956227540969849
v 0.5234898924827576 0.35558873414993286 -1.0348659753799438
v 0.642182469367981 0.3556407690048218 -0.9656882882118225
v 0.5234898924827576 0.35558873414993286 -1.0348659753799438
v 0.5397878885269165 0.19356119632720947 -1.0669535398483276
v 0.39744848012924194 0.3555468022823334 -1.08951997756958
v 0.5234898924827576 0.35558873414993286 -1.0348659753799438
v 0.39744848012924194 0.3555468022823334 -1.08951997756958
v 0.4098234474658966 0.19351796805858612 -1.1233086585998535
v 0.26582762598991394 0.35551556944847107 -1.1288831233978271
v 0.39744848012924194 0.3555468022823334 -1.08951997756958
v 0.26582762598991394 0.35551556944847107 -1.1288831233978271
v 0.27410590648651123 0.1934857815504074 -1.163896918296814
v 0.1304750293493271 0.35549551248550415 -1.152402639389038
v 0.26582762598991394 0.35551556944847107 -1.1288831233978271
v 0.1304750293493271 0.35549551248550415 -1.152402639389038
v 0.13454043865203857 0.19346506893634796 -1.1881486177444458
v -0.0067092725075781345 0.35548684000968933 -1.1597485542297363
v 0.1304750293493271 0.35549551248550415 -1.152402639389038
v -0.0067092725075781345 0.35548684000968933 -1.1597485542297363
v -0.006913750898092985 0.19345614314079285 -1.1957231760025024
v -0.1437995284795761 0.35548973083496094 -1.1508177518844604
v -0.0067092725075781345 0.35548684000968933 -1.1597485542297363
v -0.1437995284795761 0.35548973083496094 -1.1508177518844604
v -0.14827094972133636 0.19345912337303162 -1.1865142583847046
v -0.2788712680339813 0.3555041253566742 -1.1257355213165283
v -0.1437995284795761 0.35548973083496094 -1.1508177518844604
v -0.2788712680339813 0.3555041253566742 -1.1257355213165283
v -0.287546843290329 0.1934739649295807 -1.1606513261795044
v -0.4100283980369568 0.3555298149585724 -1.0848538875579834
v -0.2788712680339813 0.3555041253566742 -1.1257355213165283
v -0.4100283980369568 0.3555298149585724 -1.0848538875579834
v -0.42278623580932617 0.19350045919418335 -1.118497371673584
v -0.5354297161102295 0.35556647181510925 -1.0287468433380127
v -0.4100283980369568 0.3555298149585724 -1.0848538875579834
v -0.5354297161102295 0.35556647181510925 -1.0287468433380127
v -0.5520907640457153 0.19353824853897095 -1.0606439113616943
v -0.653315007686615 0.3556135296821594 -0.9582020044326782
v -0.5354297161102295 0.35556647181510925 -1.0287468433380127
v -0.653315007686615 0.3556135296821594 -0.9582020044326782
v -0.6736451387405396 0.19358676671981812 -0.9879035353660583
v -0.762029230594635 0.35567036271095276 -0.8742097020149231
v -0.653315007686615 0.3556135296821594 -0.9582020044326782
v -0.762029230594635 0.35567036271095276 -0.8742097020149231
v -0.7857431769371033 0.19364537298679352 -0.9012969136238098
v -0.8600463271141052 0.3557361662387848 -0.7779489755630493
v -0.762029230594635 0.35567036271095276 -0.8742097020149231
v -0.8600463271141052 0.3557361662387848 -0.7779489755630493
v -0.8868110775947571 0.1937132328748703 -0.8020399808883667
v -0.9459904432296753 0.3558100163936615 -0.670771062374115
v -0.8600463271141052 0.3557361662387848 -0.7779489755630493
v -0.9459904432296753 0.3558100163936615 -0.670771062374115
v -0.9754302501678467 0.19378937780857086 -0.6915261149406433
v -1.0186550617218018 0.3558908700942993 -0.5541805028915405
v -0.9459904432296753 0.3558100163936615 -0.670771062374115
v -1.0186550617218018 0.3558908700942993 -0.5541805028915405
v -1.0503565073013306 0.19387274980545044 -0.5713067054748535
v -1.0770201683044434 0.3559775948524475 -0.42981410026550293
v -1.0186550617218018 0.3558908700942993 -0.5541805028915405
v -1.0770201683044434 0.3559775948524475 -0.42981410026550293
v -1.110538125038147 0.19396217167377472 -0.44306933879852295
v -1.1202661991119385 0.35606899857521057 -0.29941752552986145
v -1.0770201683044434 0.3559775948524475 -0.42981410026550293
v -1.1202661991119385 0.35606899857521057 -0.29941752552986145
v -1.1551302671432495 0.1940564066171646 -0.30861419439315796
v -1.1477864980697632 0.35616374015808105 -0.16482135653495789
v -1.1202661991119385 0.35606899857521057 -0.29941752552986145
v -1.1477864980697632 0.35616374015808105 -0.16482135653495789
v -1.1835070848464966 0.19415411353111267 -0.16982869803905487
v -1.1591943502426147 0.3562605381011963 -0.027915015816688538
v -1.1477864980697632 0.35616374015808105 -0.16482135653495789
v -1.1591943502426147 0.3562605381011963 -0.027915015816688538
v -1.1952701807022095 0.19425393640995026 -0.02866111695766449
v -1.1543298959732056 0.35635802149772644 0.10937966406345367
v -1.1591943502426147 0.3562605381011963 -0.027915015816688538
v -1.1543298959732056 0.35635802149772644 0.10937966406345367
v -1.1902542114257812 0.19435445964336395 0.11290687322616577
v -1.1332613229751587 0.35645484924316406 0.2451353222131729
v -1.1543298959732056 0.35635802149772644 0.10937966406345367
v -1.1332613229751587 0.35645484924316406 0.2451353222131729
v -1.168529748916626 0.19445426762104034 0.2528879642486572
v -1.09628427028656 0.35654959082603455 0.3774462938308716
v -1.1332613229751587 0.35645484924316406 0.2451353222131729
v -1.09628427028656 0.35654959082603455 0.3774462938308716
v -1.130401849746704 0.1945519745349884 0.389317125082016
v -1.0439180135726929 0.3566409945487976 0.5044552087783813
v -1.09628427028656 0.35654959082603455 0.3774462938308716
v -1.0439180135726929 0.3566409945487976 0.5044552087783813
v -1.076405644416809 0.1946462094783783 0.5202791690826416
v -0.9768974184989929 0.3567277193069458 0.6243790984153748
v -1.0439180135726929 0.3566409945487976 0.5044552087783813
v -0.9768974184989929 0.3567277193069458 0.6243790984153748
v -1.0072991847991943 0.19473564624786377 0.6439357399940491
v -0.8961635231971741 0.3568085730075836 0.7355345487594604
v -0.9768974184989929 0.3567277193069458 0.6243790984153748
v -0.8961635231971741 0.3568085730075836 0.7355345487594604
v -0.9240524172782898 0.19481901824474335 0.7585508823394775
v -0.8028495907783508 0.3568824231624603 0.8363611698150635
v -0.8961635231971741 0.3568085730075836 0.7355345487594604
v -0.8028495907783508 0.3568824231624603 0.8363611698150635
v -0.8278341293334961 0.1948951631784439 0.8625157475471497
v -0.698265552520752 0.35694822669029236 0.9254435300827026
v -0.8028495907783508 0.3568824231624603 0.8363611698150635
v -0.698265552520752 0.35694822669029236 0.9254435300827026
v -0.719994843006134 0.1949630081653595 0.9543708562850952
v -0.5838795304298401 0.3570050597190857 1.0015311241149902
v -0.698265552520752 0.35694822669029236 0.9254435300827026
v -0.5838795304298401 0.3570050597190857 1.0015311241149902
v -0.6020485162734985 0.1950216144323349 1.0328267812728882
v -0.4612972140312195 0.35705211758613586 1.0635559558868408
v -0.5838795304298401 0.3570050597190857 1.0015311241149902
v -0.4612972140312195 0.35705211758613586 1.0635559558868408
v -0.475650817155838 0.19507014751434326 1.0967819690704346
v -0.33223944902420044 0.35708877444267273 1.110647201538086
v -0.4612972140312195 0.35705211758613586 1.0635559558868408
v -0.33223944902420044 0.35708877444267273 1.110647201538086
v -0.3425760865211487 0.19510792195796967 1.145339012145996
v -0.19851787388324738 0.3571144640445709 1.1421438455581665
v -0.33223944902420044 0.35708877444267273 1.110647201538086
v -0.19851787388324738 0.3571144640445709 1.1421438455581665
v -0.20469242334365845 0.19513441622257233 1.1778159141540527
v -0.062009673565626144 0.3571288585662842 1.1576037406921387
v -0.19851787388324738 0.3571144640445709 1.1421438455581665
v -0.062009673565626144 0.3571288585662842 1.1576037406921387
v -0.06393538415431976 0.1951492577791214 1.1937570571899414
v 0.07536887377500534 0.3571317493915558 1.15680992603302
v -0.062009673565626144 0.3571288585662842 1.1576037406921387
v 0.07536887377500534 0.3571317493915558 1.15680992603302
v 0.07771909236907959 0.19515223801136017 1.1929385662078857
v 0.211689293384552 0.35712307691574097 1.1397734880447388
v 0.07536887377500534 0.3571317493915558 1.15680992603302
v 0.211689293384552 0.35712307691574097 1.1397734880447388
v 0.21828250586986542 0.19514331221580505 1.175371766090393
v 0.34503793716430664 0.35710299015045166 1.1067334413528442
v 0.211689293384552 0.35712307691574097 1.1397734880447388
v 0.34503793716430664 0.35710299015045166 1.1067334413528442
v 0.355781614780426 0.1951226145029068 1.1413034200668335
v 0.47354286909103394 0.35707178711891174 1.0581538677215576
v 0.34503793716430664 0.35710299015045166 1.1067334413528442
v 0.47354286909103394 0.35707178711891174 1.0581538677215576
v 0.4882862865924835 0.1950904130935669 1.0912117958068848
v 0.5954001545906067 0.35702985525131226 0.994716465473175
v 0.47354286909103394 0.35707178711891174 1.0581538677215576
v 0.5954001545906067 0.35702985525131226 0.994716465473175
v 0.6139364242553711 0.19504718482494354 1.0257999897003174
v 0.708899199962616 0.35697782039642334 0.9173120260238647
v 0.5954001545906067 0.35702985525131226 0.994716465473175
v 0.708899199962616 0.35697782039642334 0.9173120260238647
v 0.730968177318573 0.1949935257434845 0.945986270904541
v 0.8124467730522156 0.3569163978099823 0.827026903629303
v 0.708899199962616 0.35697782039642334 0.9173120260238647
v 0.8124467730522156 0.3569163978099823 0.827026903629303
v 0.8377386927604675 0.19493018090724945 0.8528909683227539
v 0.9045891761779785 0.3568464517593384 0.7251285910606384
v 0.8124467730522156 0.3569163978099823 0.827026903629303
v 0.9045891761779785 0.3568464517593384 0.7251285910606384
v 0.9327490329742432 0.19485805928707123 0.7478210926055908
v 0.9840331077575684 0.356768935918808 0.6130475401878357
v 0.9045891761779785 0.3568464517593384 0.7251285910606384
v 0.9840331077575684 0.356768935918808 0.6130475401878357
v 1.0146656036376953 0.19477815926074982 0.632251501083374
v 1.0496631860733032 0.35668501257896423 0.4923571050167084
v 0.9840331077575684 0.356768935918808 0.6130475401878357
v 1.0496631860733032 0.35668501257896423 0.4923571050167084
v 1.0823384523391724 0.19469159841537476 0.5078045129776001
v 1.1005581617355347 0.3565957844257355 0.3647514879703522
v 1.0496631860733032 0.35668501257896423 0.4923571050167084
v 1.1005581617355347 0.3565957844257355 0.3647514879703522
v 1.1348176002502441 0.19459961354732513 0.37622717022895813
v 1.1360034942626953 0.35650256276130676 0.23202203214168549
v 1.1005581617355347 0.3565957844257355 0.3647514879703522
v 1.1360034942626953 0.35650256276130676 0.23202203214168549
v 1.1713662147521973 0.19450347125530243 0.23936650156974792
v 1.1555019617080688 0.3564065992832184 0.09603192657232285
v 1.1360034942626953 0.35650256276130676 0.23202203214168549
v 1.1555019617080688 0.3564065992832184 0.09603192657232285
v 1.1914713382720947 0.19440454244613647 0.09914368391036987
v 1.1587793827056885 0.35630929470062256 -0.04130979999899864
v 1.1555019617080688 0.3564065992832184 0.09603192657232285
v 1.1948509216308594 0.1943041980266571 -0.04247281700372696
v 1.1587793827056885 0.35630929470062256 -0.04130979999899864
v 1.1814571619033813 0.19420383870601654 -0.18349502980709076
v 1.1948509216308594 0.1943041980266571 -0.04247281700372696
v 1.1814571619033813 0.19420383870601654 -0.18349502980709076
v 1.2487066984176636 0.0576244555413723 -0.19383442401885986
v 1.1514784097671509 0.19410490989685059 -0.3219433128833771
v 1.1814571619033813 0.19420383870601654 -0.18349502980709076
v 1.1514784097671509 0.19410490989685059 -0.3219433128833771
v 1.2170215845108032 0.05751989036798477 -0.34016287326812744
v 1.1053353548049927 0.19400876760482788 -0.45587414503097534
v 1.1514784097671509 0.19410490989685059 -0.3219433128833771
v 1.1053353548049927 0.19400876760482788 -0.45587414503097534
v 1.1682521104812622 0.057418279349803925 -0.48171672224998474
v 1.0436756610870361 0.19391678273677826 -0.583407461643219
v 1.1053353548049927 0.19400876760482788 -0.45587414503097534
v 1.0436756610870361 0.19391678273677826 -0.583407461643219
v 1.1030828952789307 0.05732104927301407 -0.6165089011192322
v 0.967365026473999 0.1938302218914032 -0.7027528882026672
v 1.0436756610870361 0.19391678273677826 -0.583407461643219
v 0.967365026473999 0.1938302218914032 -0.7027528882026672
v 1.0224287509918213 0.05722957104444504 -0.7426472306251526
v 0.8774746060371399 0.1937503218650818 -0.8122351765632629
v 0.967365026473999 0.1938302218914032 -0.7027528882026672
v 0.8774746060371399 0.1937503218650818 -0.8122351765632629
v 0.927422046661377 0.057145122438669205 -0.858361005783081
v 0.7752662897109985 0.19367820024490356 -0.9103174209594727
v 0.8774746060371399 0.1937503218650818 -0.8122351765632629
v 0.7752662897109985 0.19367820024490356 -0.9103174209594727
v 0.8193963170051575 0.05706889182329178 -0.9620258212089539
v 0.6621748805046082 0.19361485540866852 -0.9956227540969849
v 0.7752662897109985 0.19367820024490356 -0.9103174209594727
v 0.6621748805046082 0.19361485540866852 -0.9956227540969849
v 0.6998680233955383 0.05700194835662842 -1.0521864891052246
v 0.5397878885269165 0.19356119632720947 -1.0669535398483276
v 0.6621748805046082 0.19361485540866852 -0.9956227540969849
v 0.5397878885269165 0.19356119632720947 -1.0669535398483276
v 0.5705150365829468 0.056945234537124634 -1.127577304840088
v 0.4098234474658966 0.19351796805858612 -1.1233086585998535
v 0.5397878885269165 0.19356119632720947 -1.0669535398483276
v 0.4098234474658966 0.19351796805858612 -1.1233086585998535
v 0.433153361082077 0.056899543851614 -1.1871401071548462
v 0.27410590648651123 0.1934857815504074 -1.163896918296814
v 0.4098234474658966 0.19351796805858612 -1.1233086585998535
v 0.27410590648651123 0.1934857815504074 -1.163896918296814
v 0.2897110879421234 0.05686551705002785 -1.2300384044647217
v 0.13454043865203857 0.19346506893634796 -1.1881486177444458
v 0.27410590648651123 0.1934857815504074 -1.163896918296814
v 0.13454043865203857 0.19346506893634796 -1.1881486177444458
v 0.14220187067985535 0.056843630969524384 -1.255670428276062
v -0.006913750898092985 0.19345614314079285 -1.1957231760025024
v 0.13454043865203857 0.19346506893634796 -1.1881486177444458
v -0.006913750898092985 0.19345614314079285 -1.1957231760025024
v -0.007303553633391857 0.05683419853448868 -1.2636761665344238
v -0.14827094972133636 0.19345912337303162 -1.1865142583847046
v -0.006913750898092985 0.19345614314079285 -1.1957231760025024
v -0.14827094972133636 0.19345912337303162 -1.1865142583847046
v -0.15670648217201233 0.05683734640479088 -1.2539432048797607
v -0.287546843290329 0.1934739649295807 -1.1606513261795044
v -0.14827094972133636 0.19345912337303162 -1.1865142583847046
v -0.287546843290329 0.1934739649295807 -1.1606513261795044
v -0.3039095997810364 0.0568530336022377 -1.2266082763671875
v -0.42278623580932617 0.19350045919418335 -1.118497371673584
v -0.287546843290329 0.1934739649295807 -1.1606513261795044
v -0.42278623580932617 0.19350045919418335 -1.118497371673584
v -0.44684651494026184 0.05688104033470154 -1.182054877281189
v -0.5520907640457153 0.19353824853897095 -1.0606439113616943
v -0.42278623580932617 0.19350045919418335 -1.118497371673584
v -0.5520907640457153 0.19353824853897095 -1.0606439113616943
v -0.58351069688797 0.05692096799612045 -1.1209087371826172
v -0.6736451387405396 0.19358676671981812 -0.9879035353660583
v -0.5520907640457153 0.19353824853897095 -1.0606439113616943
v -0.6736451387405396 0.19358676671981812 -0.9879035353660583
v -0.7119837403297424 0.056972261518239975 -1.0440279245376587
v -0.7857431769371033 0.19364537298679352 -0.9012969136238098
v -0.6736451387405396 0.19358676671981812 -0.9879035353660583
v -0.7857431769371033 0.19364537298679352 -0.9012969136238098
v -0.8304620385169983 0.0570341981947422 -0.952491819858551
v -0.8868110775947571 0.1937132328748703 -0.8020399808883667
v -0.7857431769371033 0.19364537298679352 -0.9012969136238098
v -0.8868110775947571 0.1937132328748703 -0.8020399808883667
v -0.9372825026512146 0.05710591375827789 -0.8475854992866516
v -0.9754302501678467 0.19378937780857086 -0.6915261149406433
v -0.8868110775947571 0.1937132328748703 -0.8020399808883667
v -0.9754302501678467 0.19378937780857086 -0.6915261149406433
v -1.0309456586837769 0.057186391204595566 -0.7307814955711365
v -1.0503565073013306 0.19387274980545044 -0.5713067054748535
v -0.9754302501678467 0.19378937780857086 -0.6915261149406433
v -1.0503565073013306 0.19387274980545044 -0.5713067054748535
v -1.1101365089416504 0.05727451294660568 -0.6037194728851318
v -1.110538125038147 0.19396217167377472 -0.44306933879852295
v -1.0503565073013306 0.19387274980545044 -0.5713067054748535
v -1.110538125038147 0.19396217167377472 -0.44306933879852295
v -1.1737436056137085 0.05736903101205826 -0.46818310022354126
v -1.1551302671432495 0.1940564066171646 -0.30861419439315796
v -1.110538125038147 0.19396217167377472 -0.44306933879852295
v -1.1551302671432495 0.1940564066171646 -0.30861419439315796
v -1.2208739519119263 0.05746862664818764 -0.32607507705688477
v -1.1835070848464966 0.19415411353111267 -0.16982869803905487
v -1.1551302671432495 0.1940564066171646 -0.30861419439315796
v -1.1835070848464966 0.19415411353111267 -0.16982869803905487
v -1.2508658170700073 0.0575718991458416 -0.17939025163650513
v -1.1952701807022095 0.19425393640995026 -0.02866111695766449
v -1.1835070848464966 0.19415411353111267 -0.16982869803905487
v -1.1952701807022095 0.19425393640995026 -0.02866111695766449
v -1.2632983922958374 0.05767739564180374 -0.030187739059329033
v -1.1902542114257812 0.19435445964336395 0.11290687322616577
v -1.1952701807022095 0.19425393640995026 -0.02866111695766449
v -1.1902542114257812 0.19435445964336395 0.11290687322616577
v -1.2579970359802246 0.05778363719582558 0.11943795531988144
v -1.168529748916626 0.19445426762104034 0.2528879642486572
v -1.1902542114257812 0.19435445964336395 0.11290687322616577
v -1.168529748916626 0.19445426762104034 0.2528879642486572
v -1.2350361347198486 0.05788913741707802 0.26738643646240234
v -1.130401849746704 0.1945519745349884 0.389317125082016
v -1.168529748916626 0.19445426762104034 0.2528879642486572
v -1.130401849746704 0.1945519745349884 0.389317125082016
v -1.1947379112243652 0.05799240618944168 0.41158080101013184
v -1.076405644416809 0.1946462094783783 0.5202791690826416
v -1.130401849746704 0.1945519745349884 0.389317125082016
v -1.076405644416809 0.1946462094783783 0.5202791690826416
v -1.1376683712005615 0.05809200182557106 0.5499969124794006
v -1.0072991847991943 0.19473564624786377 0.6439357399940491
v -1.076405644416809 0.1946462094783783 0.5202791690826416
v -1.0072991847991943 0.19473564624786377 0.6439357399940491
v -1.0646284818649292 0.058186523616313934 0.6806917190551758
v -0.9240524172782898 0.19481901824474335 0.7585508823394775
v -1.0072991847991943 0.19473564624786377 0.6439357399940491
v -0.9240524172782898 0.19481901824474335 0.7585508823394775
v -0.9766435623168945 0.05827464163303375 0.801830530166626
v -0.8278341293334961 0.1948951631784439 0.8625157475471497
v -0.9240524172782898 0.19481901824474335 0.7585508823394775
v -0.8278341293334961 0.1948951631784439 0.8625157475471497
v -0.8749486804008484 0.058355122804641724 0.9117128252983093
v -0.719994843006134 0.1949630081653595 0.9543708562850952
v -0.8278341293334961 0.1948951631784439 0.8625157475471497
v -0.719994843006134 0.1949630081653595 0.9543708562850952
v -0.7609715461730957 0.058426834642887115 1.0087960958480835
v -0.6020485162734985 0.1950216144323349 1.0328267812728882
v -0.719994843006134 0.1949630081653595 0.9543708562850952
v -0.6020485162734985 0.1950216144323349 1.0328267812728882
v -0.6363120079040527 0.05848877131938934 1.0917174816131592
v -0.475650817155838 0.19507014751434326 1.0967819690704346
v -0.6020485162734985 0.1950216144323349 1.0328267812728882
v -0.475650817155838 0.19507014751434326 1.0967819690704346
v -0.5027199983596802 0.058540064841508865 1.1593129634857178
v -0.3425760865211487 0.19510792195796967 1.145339012145996
v -0.475650817155838 0.19507014751434326 1.0967819690704346
v -0.3425760865211487 0.19510792195796967 1.145339012145996
v -0.3620710074901581 0.05857999250292778 1.210633635520935
v -0.20469242334365845 0.19513441622257233 1.1778159141540527
v -0.3425760865211487 0.19510792195796967 1.145339012145996
v -0.20469242334365845 0.19513441622257233 1.1778159141540527
v -0.2163393199443817 0.05860799923539162 1.2449592351913452
v -0.06393538415431976 0.1951492577791214 1.1937570571899414
v -0.20469242334365845 0.19513441622257233 1.1778159141540527
v -0.06393538415431976 0.1951492577791214 1.1937570571899414
v -0.06757072359323502 0.05862368270754814 1.2618076801300049
v 0.07771909236907959 0.19515223801136017 1.1929385662078857
v -0.06393538415431976 0.1951492577791214 1.1937570571899414
v 0.07771909236907959 0.19515223801136017 1.1929385662078857
v 0.08214638382196426 0.05862683057785034 1.2609423398971558
v 0.21828250586986542 0.19514331221580505 1.175371766090393
v 0.07771909236907959 0.19515223801136017 1.1929385662078857
v 0.21828250586986542 0.19514331221580505 1.175371766090393
v 0.23071032762527466 0.058617398142814636 1.2423758506774902
v 0.355781614780426 0.1951226145029068 1.1413034200668335
v 0.21828250586986542 0.19514331221580505 1.175371766090393
v 0.355781614780426 0.1951226145029068 1.1413034200668335
v 0.37603557109832764 0.05859551206231117 1.206368327140808
v 0.4882862865924835 0.1950904130935669 1.0912117958068848
v 0.355781614780426 0.1951226145029068 1.1413034200668335
v 0.4882862865924835 0.1950904130935669 1.0912117958068848
v 0.5160821080207825 0.05856148526072502 1.153425693511963
v 0.6139364242553711 0.19504718482494354 1.0257999897003174
v 0.4882862865924835 0.1950904130935669 1.0912117958068848
v 0.6139364242553711 0.19504718482494354 1.0257999897003174
v 0.6488839387893677 0.058515794575214386 1.0842907428741455
v 0.730968177318573 0.1949935257434845 0.945986270904541
v 0.6139364242553711 0.19504718482494354 1.0257999897003174
v 0.730968177318573 0.1949935257434845 0.945986270904541
v 0.7725768685340881 0.0584590807557106 0.9999342560768127
v 0.8377386927604675 0.19493018090724945 0.8528909683227539
v 0.730968177318573 0.1949935257434845 0.945986270904541
v 0.8377386927604675 0.19493018090724945 0.8528909683227539
v 0.8854244351387024 0.05839213728904724 0.901540219783783
v 0.9327490329742432 0.19485805928707123 0.7478210926055908
v 0.8377386927604675 0.19493018090724945 0.8528909683227539
v 0.9327490329742432 0.19485805928707123 0.7478210926055908
v 0.9858426451683044 0.058315906673669815 0.7904899716377258
v 1.0146656036376953 0.19477815926074982 0.632251501083374
v 0.9327490329742432 0.19485805928707123 0.7478210926055908
v 1.0146656036376953 0.19477815926074982 0.632251501083374
v 1.072421669960022 0.05823145806789398 0.6683424711227417
v 1.0823384523391724 0.19469159841537476 0.5078045129776001
v 1.0146656036376953 0.19477815926074982 0.632251501083374
v 1.0823384523391724 0.19469159841537476 0.5078045129776001
v 1.1439462900161743 0.05813997983932495 0.5368123054504395
v 1.1348176002502441 0.19459961354732513 0.37622717022895813
v 1.0823384523391724 0.19469159841537476 0.5078045129776001
v 1.1348176002502441 0.19459961354732513 0.37622717022895813
v 1.1994123458862305 0.058042749762535095 0.39774584770202637
v 1.1713662147521973 0.19450347125530243 0.23936650156974792
v 1.1348176002502441 0.19459961354732513 0.37622717022895813
v 1.1713662147521973 0.19450347125530243 0.23936650156974792
v 1.2380414009094238 0.05794113874435425 0.2530953586101532
v 1.1914713382720947 0.19440454244613647 0.09914368391036987
v 1.1713662147521973 0.19450347125530243 0.23936650156974792
v 1.1914713382720947 0.19440454244613647 0.09914368391036987
v 1.2592908143997192 0.05783656984567642 0.10489139705896378
v 1.1948509216308594 0.1943041980266571 -0.04247281700372696
v 1.1914713382720947 0.19440454244613647 0.09914368391036987
v 1.2628626823425293 0.05773051455616951 -0.044785574078559875
v 1.1948509216308594 0.1943041980266571 -0.04247281700372696
v 1.2487066984176636 0.0576244555413723 -0.19383442401885986
v 1.2628626823425293 0.05773051455616951 -0.044785574078559875
v 1.2487066984176636 0.0576244555413723 -0.19383442401885986
v 1.3384159803390503 -0.04675205796957016 -0.20768246054649353
v 1.2170215845108032 0.05751989036798477 -0.34016287326812744
v 1.2487066984176636 0.0576244555413723 -0.19383442401885986
v 1.2170215845108032 0.05751989036798477 -0.34016287326812744
v 1.3044546842575073 -0.046864137053489685 -0.3645230829715729
v 1.1682521104812622 0.057418279349803925 -0.48171672224998474
v 1.2170215845108032 0.05751989036798477 -0.34016287326812744
v 1.1682521104812622 0.057418279349803925 -0.48171672224998474
v 1.2521816492080688 -0.04697304964065552 -0.5162461400032043
v 1.1030828952789307 0.05732104927301407 -0.6165089011192322
v 1.1682521104812622 0.057418279349803925 -0.48171672224998474
v 1.1030828952789307 0.05732104927301407 -0.6165089011192322
v 1.1823307275772095 -0.04707726091146469 -0.6607217192649841
v 1.0224287509918213 0.05722957104444504 -0.7426472306251526
v 1.1030828952789307 0.05732104927301407 -0.6165089011192322
v 1.0224287509918213 0.05722957104444504 -0.7426472306251526
v 1.0958824157714844 -0.04717531427741051 -0.795921802520752
v 0.927422046661377 0.057145122438669205 -0.858361005783081
v 1.0224287509918213 0.05722957104444504 -0.7426472306251526
v 0.927422046661377 0.057145122438669205 -0.858361005783081
v 0.9940505027770996 -0.047265827655792236 -0.919948399066925
v 0.8193963170051575 0.05706889182329178 -0.9620258212089539
v 0.927422046661377 0.057145122438669205 -0.858361005783081
v 0.8193963170051575 0.05706889182329178 -0.9620258212089539
v 0.8782641887664795 -0.0473475344479084 -1.0310604572296143
v 0.6998680233955383 0.05700194835662842 -1.0521864891052246
v 0.8193963170051575 0.05706889182329178 -0.9620258212089539
v 0.6998680233955383 0.05700194835662842 -1.0521864891052246
v 0.7501489520072937 -0.047419287264347076 -1.1276981830596924
v 0.5705150365829468 0.056945234537124634 -1.127577304840088
v 0.6998680233955383 0.05700194835662842 -1.0521864891052246
v 0.5705150365829468 0.056945234537124634 -1.127577304840088
v 0.6115033626556396 -0.04748007655143738 -1.2085051536560059
v 0.433153361082077 0.056899543851614 -1.1871401071548462
v 0.5705150365829468 0.056945234537124634 -1.127577304840088
v 0.433153361082077 0.056899543851614 -1.1871401071548462
v 0.4642736613750458 -0.04752904921770096 -1.2723468542099
v 0.2897110879421234 0.05686551705002785 -1.2300384044647217
v 0.433153361082077 0.056899543851614 -1.1871401071548462
v 0.2897110879421234 0.05686551705002785 -1.2300384044647217
v 0.3105265498161316 -0.0475655198097229 -1.3183270692825317
v 0.14220187067985535 0.056843630969524384 -1.255670428276062
v 0.2897110879421234 0.05686551705002785 -1.2300384044647217
v 0.14220187067985535 0.056843630969524384 -1.255670428276062
v 0.15242032706737518 -0.04758897423744202 -1.3458003997802734
v -0.007303553633391857 0.05683419853448868 -1.2636761665344238
v 0.14220187067985535 0.056843630969524384 -1.255670428276062
v -0.007303553633391857 0.05683419853448868 -1.2636761665344238
v -0.007825513370335102 -0.04759908840060234 -1.3543812036514282
v -0.15670648217201233 0.05683734640479088 -1.2539432048797607
v -0.007303553633391857 0.05683419853448868 -1.2636761665344238
v -0.15670648217201233 0.05683734640479088 -1.2539432048797607
v -0.1679614931344986 -0.047595713287591934 -1.3439490795135498
v -0.3039095997810364 0.0568530336022377 -1.2266082763671875
v -0.15670648217201233 0.05683734640479088 -1.2539432048797607
v -0.3039095997810364 0.0568530336022377 -1.2266082763671875
v -0.32573965191841125 -0.047578901052474976 -1.314650297164917
v -0.44684651494026184 0.05688104033470154 -1.182054877281189
v -0.3039095997810364 0.0568530336022377 -1.2266082763671875
v -0.44684651494026184 0.05688104033470154 -1.182054877281189
v -0.4789450764656067 -0.04754888266324997 -1.2668962478637695
v -0.58351069688797 0.05692096799612045 -1.1209087371826172
v -0.44684651494026184 0.05688104033470154 -1.182054877281189
v -0.58351069688797 0.05692096799612045 -1.1209087371826172
v -0.6254271864891052 -0.04750608652830124 -1.201357364654541
v -0.7119837403297424 0.056972261518239975 -1.0440279245376587
v -0.58351069688797 0.05692096799612045 -1.1209087371826172
v -0.7119837403297424 0.056972261518239975 -1.0440279245376587
v -0.7631296515464783 -0.04745110496878624 -1.1189535856246948
v -0.8304620385169983 0.0570341981947422 -0.952491819858551
v -0.7119837403297424 0.056972261518239975 -1.0440279245376587
v -0.8304620385169983 0.0570341981947422 -0.952491819858551
v -0.8901194334030151 -0.04738472029566765 -1.0208415985107422
v -0.9372825026512146 0.05710591375827789 -0.8475854992866516
v -0.8304620385169983 0.0570341981947422 -0.952491819858551
v -0.9372825026512146 0.05710591375827789 -0.8475854992866516
v -1.0046138763427734 -0.047307852655649185 -0.9083988070487976
v -1.0309456586837769 0.057186391204595566 -0.7307814955711365
v -0.9372825026512146 0.05710591375827789 -0.8475854992866516
v -1.0309456586837769 0.057186391204595566 -0.7307814955711365
v -1.1050056219100952 -0.0472215935587883 -0.7832036018371582
v -1.1101365089416504 0.05727451294660568 -0.6037194728851318
v -1.0309456586837769 0.057186391204595566 -0.7307814955711365
v -1.1101365089416504 0.05727451294660568 -0.6037194728851318
v -1.1898856163024902 -0.047127142548561096 -0.6470134854316711
v -1.1737436056137085 0.05736903101205826 -0.46818310022354126
v -1.1101365089416504 0.05727451294660568 -0.6037194728851318
v -1.1737436056137085 0.05736903101205826 -0.46818310022354126
v -1.2580622434616089 -0.047025833278894424 -0.5017402768135071
v -1.2208739519119263 0.05746862664818764 -0.32607507705688477
v -1.1737436056137085 0.05736903101205826 -0.46818310022354126
v -1.2208739519119263 0.05746862664818764 -0.32607507705688477
v -1.308578372001648 -0.0469190813601017 -0.34942325949668884
v -1.2508658170700073 0.0575718991458416 -0.17939025163650513
v -1.2208739519119263 0.05746862664818764 -0.32607507705688477
v -1.2508658170700073 0.0575718991458416 -0.17939025163650513
v -1.3407248258590698 -0.0468083918094635 -0.19220063090324402
v -1.2632983922958374 0.05767739564180374 -0.030187739059329033
v -1.2508658170700073 0.0575718991458416 -0.17939025163650513
v -1.2632983922958374 0.05767739564180374 -0.030187739059329033
v -1.3540505170822144 -0.04669531434774399 -0.03227946162223816
v -1.2579970359802246 0.05778363719582558 0.11943795531988144
v -1.2632983922958374 0.05767739564180374 -0.030187739059329033
v -1.2579970359802246 0.05778363719582558 0.11943795531988144
v -1.3483682870864868 -0.046581439673900604 0.12809529900550842
v -1.2350361347198486 0.05788913741707802 0.26738643646240234
v -1.2579970359802246 0.05778363719582558 0.11943795531988144
v -1.2350361347198486 0.05788913741707802 0.26738643646240234
v -1.3237578868865967 -0.04646836221218109 0.28667235374450684
v -1.1947379112243652 0.05799240618944168 0.41158080101013184
v -1.2350361347198486 0.05788913741707802 0.26738643646240234
v -1.1947379112243652 0.05799240618944168 0.41158080101013184
v -1.2805649042129517 -0.04635767266154289 0.4412256181240082
v -1.1376683712005615 0.05809200182557106 0.5499969124794006
v -1.1947379112243652 0.05799240618944168 0.41158080101013184
v -1.1376683712005615 0.05809200182557106 0.5499969124794006
v -1.219395399093628 -0.046250924468040466 0.5895854830741882
v -1.0646284818649292 0.058186523616313934 0.6806917190551758
v -1.1376683712005615 0.05809200182557106 0.5499969124794006
v -1.0646284818649292 0.058186523616313934 0.6806917190551758
v -1.1411082744598389 -0.046149615198373795 0.7296693325042725
v -0.9766435623168945 0.05827464163303375 0.801830530166626
v -1.0646284818649292 0.058186523616313934 0.6806917190551758
v -0.9766435623168945 0.05827464163303375 0.801830530166626
v -1.0468025207519531 -0.04605516418814659 0.8595107197761536
v -0.8749486804008484 0.058355122804641724 0.9117128252983093
v -0.9766435623168945 0.05827464163303375 0.801830530166626
v -0.8749486804008484 0.058355122804641724 0.9117128252983093
v -0.9378019571304321 -0.04596890136599541 0.9772869348526001
v -0.7609715461730957 0.058426834642887115 1.0087960958480835
v -0.8749486804008484 0.058355122804641724 0.9117128252983093
v -0.7609715461730957 0.058426834642887115 1.0087960958480835
v -0.8156366944313049 -0.04589203745126724 1.0813446044921875
v -0.6363120079040527 0.05848877131938934 1.0917174816131592
v -0.7609715461730957 0.058426834642887115 1.0087960958480835
v -0.6363120079040527 0.05848877131938934 1.0917174816131592
v -0.6820216774940491 -0.04582565277814865 1.1702229976654053
v -0.5027199983596802 0.058540064841508865 1.1593129634857178
v -0.6363120079040527 0.05848877131938934 1.0917174816131592
v -0.5027199983596802 0.058540064841508865 1.1593129634857178
v -0.5388324856758118 -0.04577067494392395 1.2426745891571045
v -0.3620710074901581 0.05857999250292778 1.210633635520935
v -0.5027199983596802 0.058540064841508865 1.1593129634857178
v -0.3620710074901581 0.05857999250292778 1.210633635520935
v -0.38807931542396545 -0.04572787508368492 1.2976821660995483
v -0.2163393199443817 0.05860799923539162 1.2449592351913452
v -0.3620710074901581 0.05857999250292778 1.210633635520935
v -0.2163393199443817 0.05860799923539162 1.2449592351913452
v -0.2318783402442932 -0.045697860419750214 1.3344734907150269
v -0.06757072359323502 0.05862368270754814 1.2618076801300049
v -0.2163393199443817 0.05860799923539162 1.2449592351913452
v -0.06757072359323502 0.05862368270754814 1.2618076801300049
v -0.07242225855588913 -0.045681048184633255 1.3525323867797852
v 0.08214638382196426 0.05862683057785034 1.2609423398971558
v -0.06757072359323502 0.05862368270754814 1.2618076801300049
v 0.08214638382196426 0.05862683057785034 1.2609423398971558
v 0.0880504846572876 -0.04567767307162285 1.3516050577163696
v 0.23071032762527466 0.058617398142814636 1.2423758506774902
v 0.08214638382196426 0.05862683057785034 1.2609423398971558
v 0.23071032762527466 0.058617398142814636 1.2423758506774902
v 0.24728719890117645 -0.045687783509492874 1.3317046165466309
v 0.37603557109832764 0.05859551206231117 1.206368327140808
v 0.23071032762527466 0.058617398142814636 1.2423758506774902
v 0.37603557109832764 0.05859551206231117 1.206368327140808
v 0.40305256843566895 -0.04571124166250229 1.2931104898452759
v 0.5160821080207825 0.05856148526072502 1.153425693511963
v 0.37603557109832764 0.05859551206231117 1.206368327140808
v 0.5160821080207825 0.05856148526072502 1.153425693511963
v 0.5531600117683411 -0.04574771225452423 1.2363643646240234
v 0.6488839387893677 0.058515794575214386 1.0842907428741455
v 0.5160821080207825 0.05856148526072502 1.153425693511963
v 0.6488839387893677 0.058515794575214386 1.0842907428741455
v 0.6955022215843201 -0.04579668492078781 1.1622627973556519
v 0.7725768685340881 0.0584590807557106 0.9999342560768127
v 0.6488839387893677 0.058515794575214386 1.0842907428741455
v 0.7725768685340881 0.0584590807557106 0.9999342560768127
v 0.8280811905860901 -0.04585747420787811 1.0718460083007812
v 0.8854244351387024 0.05839213728904724 0.901540219783783
v 0.7725768685340881 0.0584590807557106 0.9999342560768127
v 0.8854244351387024 0.05839213728904724 0.901540219783783
v 0.9490357637405396 -0.04592922702431679 0.9663835167884827
v 0.9858426451683044 0.058315906673669815 0.7904899716377258
v 0.8854244351387024 0.05839213728904724 0.901540219783783
v 0.9858426451683044 0.058315906673669815 0.7904899716377258
v 1.0566679239273071 -0.04601093381643295 0.8473554849624634
v 1.072421669960022 0.05823145806789398 0.6683424711227417
v 0.9858426451683044 0.058315906673669815 0.7904899716377258
v 1.072421669960022 0.05823145806789398 0.6683424711227417
v 1.1494667530059814 -0.04610145092010498 0.7164329290390015
v 1.1439462900161743 0.05813997983932495 0.5368123054504395
v 1.072421669960022 0.05823145806789398 0.6683424711227417
v 1.1439462900161743 0.05813997983932495 0.5368123054504395
v 1.2261296510696411 -0.0461995005607605 0.5754535794258118
v 1.1994123458862305 0.058042749762535095 0.39774584770202637
v 1.1439462900161743 0.05813997983932495 0.5368123054504395
v 1.1994123458862305 0.058042749762535095 0.39774584770202637
v 1.2855805158615112 -0.04630371555685997 0.4263967275619507
v 1.2380414009094238 0.05794113874435425 0.2530953586101532
v 1.1994123458862305 0.058042749762535095 0.39774584770202637
v 1.2380414009094238 0.05794113874435425 0.2530953586101532
v 1.3269845247268677 -0.046412624418735504 0.2713545858860016
v 1.2592908143997192 0.05783656984567642 0.10489139705896378
v 1.2380414009094238 0.05794113874435425 0.2530953586101532
v 1.2592908143997192 0.05783656984567642 0.10489139705896378
v 1.3497605323791504 -0.04652470722794533 0.11250371485948563
v 1.2628626823425293 0.05773051455616951 -0.044785574078559875
v 1.2592908143997192 0.05783656984567642 0.10489139705896378
v 1.3535890579223633 -0.046638380736112595 -0.04792599752545357
v 1.2628626823425293 0.05773051455616951 -0.044785574078559875
v 1.3384159803390503 -0.04675205796957016 -0.20768246054649353
v 1.3535890579223633 -0.046638380736112595 -0.04792599752545357
v 1.3384159803390503 -0.04675205796957016 -0.20768246054649353
v 1.440063238143921 -0.11509449779987335 -0.22340890765190125
v 1.3044546842575073 -0.046864137053489685 -0.3645230829715729
v 1.3384159803390503 -0.04675205796957016 -0.20768246054649353
v 1.3044546842575073 -0.046864137053489685 -0.3645230829715729
v 1.4035226106643677 -0.11521508544683456 -0.39216071367263794
v 1.2521816492080688 -0.04697304964065552 -0.5162461400032043
v 1.3044546842575073 -0.046864137053489685 -0.3645230829715729
v 1.2521816492080688 -0.04697304964065552 -0.5162461400032043
v 1.3472797870635986 -0.11533226817846298 -0.5554063320159912
v 1.1823307275772095 -0.04707726091146469 -0.6607217192649841
v 1.2521816492080688 -0.04697304964065552 -0.5162461400032043
v 1.1823307275772095 -0.04707726091146469 -0.6607217192649841
v 1.2721240520477295 -0.11544439941644669 -0.7108540534973145
v 1.0958824157714844 -0.04717531427741051 -0.795921802520752
v 1.1823307275772095 -0.04707726091146469 -0.6607217192649841
v 1.0958824157714844 -0.04717531427741051 -0.795921802520752
v 1.1791105270385742 -0.11554989218711853 -0.8563218712806702
v 0.9940505027770996 -0.047265827655792236 -0.919948399066925
v 1.0958824157714844 -0.04717531427741051 -0.795921802520752
v 0.9940505027770996 -0.047265827655792236 -0.919948399066925
v 1.0695449113845825 -0.11564728617668152 -0.9897676110267639
v 0.8782641887664795 -0.0473475344479084 -1.0310604572296143
v 0.9940505027770996 -0.047265827655792236 -0.919948399066925
v 0.8782641887664795 -0.0473475344479084 -1.0310604572296143
v 0.9449653029441833 -0.11573519557714462 -1.1093180179595947
v 0.7501489520072937 -0.047419287264347076 -1.1276981830596924
v 0.8782641887664795 -0.0473475344479084 -1.0310604572296143
v 0.7501489520072937 -0.047419287264347076 -1.1276981830596924
v 0.8071204423904419 -0.11581239849328995 -1.2132949829101562
v 0.6115033626556396 -0.04748007655143738 -1.2085051536560059
v 0.7501489520072937 -0.047419287264347076 -1.1276981830596924
v 0.6115033626556396 -0.04748007655143738 -1.2085051536560059
v 0.657945454120636 -0.11587779968976974 -1.3002387285232544
v 0.4642736613750458 -0.04752904921770096 -1.2723468542099
v 0.6115033626556396 -0.04748007655143738 -1.2085051536560059
v 0.4642736613750458 -0.04752904921770096 -1.2723468542099
v 0.4995344281196594 -0.11593049764633179 -1.3689289093017578
v 0.3105265498161316 -0.0475655198097229 -1.3183270692825317
v 0.4642736613750458 -0.04752904921770096 -1.2723468542099
v 0.3105265498161316 -0.0475655198097229 -1.3183270692825317
v 0.3341110050678253 -0.11596973240375519 -1.4184010028839111
v 0.15242032706737518 -0.04758897423744202 -1.3458003997802734
v 0.3105265498161316 -0.0475655198097229 -1.3183270692825317
v 0.15242032706737518 -0.04758897423744202 -1.3458003997802734
v 0.16399747133255005 -0.11599497497081757 -1.4479609727859497
v -0.007825513370335102 -0.04759908840060234 -1.3543812036514282
v 0.15242032706737518 -0.04758897423744202 -1.3458003997802734
v -0.007825513370335102 -0.04759908840060234 -1.3543812036514282
v -0.008418194018304348 -0.11600585281848907 -1.457193374633789
v -0.1679614931344986 -0.047595713287591934 -1.3439490795135498
v -0.007825513370335102 -0.04759908840060234 -1.3543812036514282
v -0.1679614931344986 -0.047595713287591934 -1.3439490795135498
v -0.1807156503200531 -0.11600222438573837 -1.4459689855575562
v -0.32573965191841125 -0.047578901052474976 -1.314650297164917
v -0.1679614931344986 -0.047595713287591934 -1.3439490795135498
v -0.32573965191841125 -0.047578901052474976 -1.314650297164917
v -0.3504762053489685 -0.11598412692546844 -1.414445161819458
v -0.4789450764656067 -0.04754888266324997 -1.2668962478637695
v -0.32573965191841125 -0.047578901052474976 -1.314650297164917
v -0.4789450764656067 -0.04754888266324997 -1.2668962478637695
v -0.5153167843818665 -0.11595183610916138 -1.3630644083023071
v -0.6254271864891052 -0.04750608652830124 -1.201357364654541
v -0.4789450764656067 -0.04754888266324997 -1.2668962478637695
v -0.6254271864891052 -0.04750608652830124 -1.201357364654541
v -0.6729233860969543 -0.11590578407049179 -1.2925481796264648
v -0.7631296515464783 -0.04745110496878624 -1.1189535856246948
v -0.6254271864891052 -0.04750608652830124 -1.201357364654541
v -0.7631296515464783 -0.04745110496878624 -1.1189535856246948
v -0.821083664894104 -0.11584663391113281 -1.2038861513137817
v -0.8901194334030151 -0.04738472029566765 -1.0208415985107422
v -0.7631296515464783 -0.04745110496878624 -1.1189535856246948
v -0.8901194334030151 -0.04738472029566765 -1.0208415985107422
v -0.9577176570892334 -0.1157752051949501 -1.098323106765747
v -1.0046138763427734 -0.047307852655649185 -0.9083988070487976
v -0.8901194334030151 -0.04738472029566765 -1.0208415985107422
v -1.0046138763427734 -0.047307852655649185 -0.9083988070487976
v -1.0809072256088257 -0.11569250375032425 -0.977340817451477
v -1.1050056219100952 -0.0472215935587883 -0.7832036018371582
v -1.0046138763427734 -0.047307852655649185 -0.9083988070487976
v -1.1050056219100952 -0.0472215935587883 -0.7832036018371582
v -1.1889233589172363 -0.11559968441724777 -0.8426377773284912
v -1.1898856163024902 -0.047127142548561096 -0.6470134854316711
v -1.1050056219100952 -0.0472215935587883 -0.7832036018371582
v -1.1898856163024902 -0.047127142548561096 -0.6470134854316711
v -1.2802494764328003 -0.11549806594848633 -0.6961047649383545
v -1.2580622434616089 -0.047025833278894424 -0.5017402768135071
v -1.1898856163024902 -0.047127142548561096 -0.6470134854316711
v -1.2580622434616089 -0.047025833278894424 -0.5017402768135071
v -1.353603720664978 -0.11538906395435333 -0.5397988557815552
v -1.308578372001648 -0.0469190813601017 -0.34942325949668884
v -1.2580622434616089 -0.047025833278894424 -0.5017402768135071
v -1.308578372001648 -0.0469190813601017 -0.34942325949668884
v -1.4079562425613403 -0.11527420580387115 -0.3759141266345978
v -1.3407248258590698 -0.0468083918094635 -0.19220063090324402
v -1.308578372001648 -0.0469190813601017 -0.34942325949668884
v -1.3407248258590698 -0.0468083918094635 -0.19220063090324402
v -1.4425442218780518 -0.11515510827302933 -0.20675128698349
v -1.3540505170822144 -0.04669531434774399 -0.03227946162223816
v -1.3407248258590698 -0.0468083918094635 -0.19220063090324402
v -1.3540505170822144 -0.04669531434774399 -0.03227946162223816
v -1.4568817615509033 -0.11503344029188156 -0.03468497097492218
v -1.3483682870864868 -0.046581439673900604 0.12809529900550842
v -1.3540505170822144 -0.04669531434774399 -0.03227946162223816
v -1.3483682870864868 -0.046581439673900604 0.12809529900550842
v -1.450767993927002 -0.11491092294454575 0.13786940276622772
v -1.3237578868865967 -0.04646836221218109 0.28667235374450684
v -1.3483682870864868 -0.046581439673900604 0.12809529900550842
v -1.3237578868865967 -0.04646836221218109 0.28667235374450684
v -1.4242886304855347 -0.11478925496339798 0.30848953127861023
v -1.2805649042129517 -0.04635767266154289 0.4412256181240082
v -1.3237578868865967 -0.04646836221218109 0.28667235374450684
v -1.2805649042129517 -0.04635767266154289 0.4412256181240082
v -1.3778152465820312 -0.11467015743255615 0.47478026151657104
v -1.219395399093628 -0.046250924468040466 0.5895854830741882
v -1.2805649042129517 -0.04635767266154289 0.4412256181240082
v -1.219395399093628 -0.046250924468040466 0.5895854830741882
v -1.3120003938674927 -0.11455529928207397 0.6344073414802551
v -1.1411082744598389 -0.046149615198373795 0.7296693325042725
v -1.219395399093628 -0.046250924468040466 0.5895854830741882
v -1.1411082744598389 -0.046149615198373795 0.7296693325042725
v -1.227767825126648 -0.11444629728794098 0.7851297855377197
v -1.0468025207519531 -0.04605516418814659 0.8595107197761536
v -1.1411082744598389 -0.046149615198373795 0.7296693325042725
v -1.0468025207519531 -0.04605516418814659 0.8595107197761536
v -1.1262999773025513 -0.11434467881917953 0.9248319268226624
v -0.9378019571304321 -0.04596890136599541 0.9772869348526001
v -1.0468025207519531 -0.04605516418814659 0.8595107197761536
v -0.9378019571304321 -0.04596890136599541 0.9772869348526001
v -1.0090214014053345 -0.11425185948610306 1.0515525341033936
v -0.8156366944313049 -0.04589203745126724 1.0813446044921875
v -0.9378019571304321 -0.04596890136599541 0.9772869348526001
v -0.8156366944313049 -0.04589203745126724 1.0813446044921875
v -0.8775783777236938 -0.1141691580414772 1.1635128259658813
v -0.6820216774940491 -0.04582565277814865 1.1702229976654053
v -0.8156366944313049 -0.04589203745126724 1.0813446044921875
v -0.6820216774940491 -0.04582565277814865 1.1702229976654053
v -0.7338159680366516 -0.1140977293252945 1.259141206741333
v -0.5388324856758118 -0.04577067494392395 1.2426745891571045
v -0.6820216774940491 -0.04582565277814865 1.1702229976654053
v -0.5388324856758118 -0.04577067494392395 1.2426745891571045
v -0.5797523260116577 -0.11403857916593552 1.337095022201538
v -0.38807931542396545 -0.04572787508368492 1.2976821660995483
v -0.5388324856758118 -0.04577067494392395 1.2426745891571045
v -0.38807931542396545 -0.04572787508368492 1.2976821660995483
v -0.417550265789032 -0.11399253457784653 1.3962801694869995
v -0.2318783402442932 -0.045697860419750214 1.3344734907150269
v -0.38807931542396545 -0.04572787508368492 1.2976821660995483
v -0.2318783402442932 -0.045697860419750214 1.3344734907150269
v -0.24948662519454956 -0.11396023631095886 1.4358657598495483
v -0.07242225855588913 -0.045681048184633255 1.3525323867797852
v -0.2318783402442932 -0.045697860419750214 1.3344734907150269
v -0.07242225855588913 -0.045681048184633255 1.3525323867797852
v -0.07792071998119354 -0.11394214630126953 1.4552959203720093
v 0.0880504846572876 -0.04567767307162285 1.3516050577163696
v -0.07242225855588913 -0.045681048184633255 1.3525323867797852
v 0.0880504846572876 -0.04567767307162285 1.3516050577163696
v 0.09473907947540283 -0.11393851786851883 1.4542982578277588
v 0.24728719890117645 -0.045687783509492874 1.3317046165466309
v 0.0880504846572876 -0.04567767307162285 1.3516050577163696
v 0.24728719890117645 -0.045687783509492874 1.3317046165466309
v 0.2660689949989319 -0.11394939571619034 1.4328864812850952
v 0.40305256843566895 -0.04571124166250229 1.2931104898452759
v 0.24728719890117645 -0.045687783509492874 1.3317046165466309
v 0.40305256843566895 -0.04571124166250229 1.2931104898452759
v 0.43366387486457825 -0.11397463083267212 1.3913612365722656
v 0.5531600117683411 -0.04574771225452423 1.2363643646240234
v 0.40305256843566895 -0.04571124166250229 1.2931104898452759
v 0.5531600117683411 -0.04574771225452423 1.2363643646240234
v 0.5951712131500244 -0.11401387304067612 1.330305576324463
v 0.6955022215843201 -0.04579668492078781 1.1622627973556519
v 0.5531600117683411 -0.04574771225452423 1.2363643646240234
v 0.6955022215843201 -0.04579668492078781 1.1622627973556519
v 0.7483235597610474 -0.11406656354665756 1.250576376914978
v 0.8280811905860901 -0.04585747420787811 1.0718460083007812
v 0.6955022215843201 -0.04579668492078781 1.1622627973556519
v 0.8280811905860901 -0.04585747420787811 1.0718460083007812
v 0.8909711837768555 -0.11413197219371796 1.1532930135726929
v 0.9490357637405396 -0.04592922702431679 0.9663835167884827
v 0.8280811905860901 -0.04585747420787811 1.0718460083007812
v 0.9490357637405396 -0.04592922702431679 0.9663835167884827
v 1.0211116075515747 -0.11420917510986328 1.0398211479187012
v 1.0566679239273071 -0.04601093381643295 0.8473554849624634
v 0.9490357637405396 -0.04592922702431679 0.9663835167884827
v 1.0566679239273071 -0.04601093381643295 0.8473554849624634
v 1.1369179487228394 -0.11429708451032639 0.9117535352706909
v 1.1494667530059814 -0.04610145092010498 0.7164329290390015
v 1.0566679239273071 -0.04601093381643295 0.8473554849624634
v 1.1494667530059814 -0.04610145092010498 0.7164329290390015
v 1.2367643117904663 -0.11439447849988937 0.770888090133667
v 1.2261296510696411 -0.0461995005607605 0.5754535794258118
v 1.1494667530059814 -0.04610145092010498 0.7164329290390015
v 1.2261296510696411 -0.0461995005607605 0.5754535794258118
v 1.3192493915557861 -0.11449997127056122 0.619202196598053
v 1.2855805158615112 -0.04630371555685997 0.4263967275619507
v 1.2261296510696411 -0.0461995005607605 0.5754535794258118
v 1.2855805158615112 -0.04630371555685997 0.4263967275619507
v 1.383215069770813 -0.11461210250854492 0.4588252305984497
v 1.3269845247268677 -0.046412624418735504 0.2713545858860016
v 1.2855805158615112 -0.04630371555685997 0.4263967275619507
v 1.3269845247268677 -0.046412624418735504 0.2713545858860016
v 1.4277634620666504 -0.11472928524017334 0.29200848937034607
v 1.3497605323791504 -0.04652470722794533 0.11250371485948563
v 1.3269845247268677 -0.046412624418735504 0.2713545858860016
v 1.3497605323791504 -0.04652470722794533 0.11250371485948563
v 1.4522693157196045 -0.11484987288713455 0.1210937350988388
v 1.3535890579223633 -0.046638380736112595 -0.04792599752545357
v 1.3497605323791504 -0.04652470722794533 0.11250371485948563
v 1.4563884735107422 -0.11497218906879425 -0.05151977017521858
v 1.3535890579223633 -0.046638380736112595 -0.04792599752545357
v 1.440063238143921 -0.11509449779987335 -0.22340890765190125
v 1.4563884735107422 -0.11497218906879425 -0.05151977017521858
v 1.440063238143921 -0.11509449779987335 -0.22340890765190125
v 1.5426082611083984 -0.14678306877613068 -0.23930078744888306
v 1.4035226106643677 -0.11521508544683456 -0.39216071367263794
v 1.440063238143921 -0.11509449779987335 -0.22340890765190125
v 1.4035226106643677 -0.11521508544683456 -0.39216071367263794
v 1.5034656524658203 -0.14691224694252014 -0.4200691282749176
v 1.3472797870635986 -0.11533226817846298 -0.5554063320159912
v 1.4035226106643677 -0.11521508544683456 -0.39216071367263794
v 1.3472797870635986 -0.11533226817846298 -0.5554063320159912
v 1.4432177543640137 -0.14703777432441711 -0.594939112663269
v 1.2721240520477295 -0.11544439941644669 -0.7108540534973145
v 1.3472797870635986 -0.11533226817846298 -0.5554063320159912
v 1.2721240520477295 -0.11544439941644669 -0.7108540534973145
v 1.3627103567123413 -0.14715787768363953 -0.7614560723304749
v 1.1791105270385742 -0.11554989218711853 -0.8563218712806702
v 1.2721240520477295 -0.11544439941644669 -0.7108540534973145
v 1.1791105270385742 -0.11554989218711853 -0.8563218712806702
v 1.263073444366455 -0.14727088809013367 -0.9172824025154114
v 1.0695449113845825 -0.11564728617668152 -0.9897676110267639
v 1.1791105270385742 -0.11554989218711853 -0.8563218712806702
v 1.0695449113845825 -0.11564728617668152 -0.9897676110267639
v 1.1457058191299438 -0.147375226020813 -1.0602306127548218
v 0.9449653029441833 -0.11573519557714462 -1.1093180179595947
v 1.0695449113845825 -0.11564728617668152 -0.9897676110267639
v 0.9449653029441833 -0.11573519557714462 -1.1093180179595947
v 1.0122551918029785 -0.1474693864583969 -1.1882939338684082
v 0.8071204423904419 -0.11581239849328995 -1.2132949829101562
v 0.9449653029441833 -0.11573519557714462 -1.1093180179595947
v 0.8071204423904419 -0.11581239849328995 -1.2132949829101562
v 0.8645946979522705 -0.14755208790302277 -1.2996748685836792
v 0.657945454120636 -0.11587779968976974 -1.3002387285232544
v 0.8071204423904419 -0.11581239849328995 -1.2132949829101562
v 0.657945454120636 -0.11587779968976974 -1.3002387285232544
v 0.7047972083091736 -0.14762215316295624 -1.3928097486495972
v 0.4995344281196594 -0.11593049764633179 -1.3689289093017578
v 0.657945454120636 -0.11587779968976974 -1.3002387285232544
v 0.4995344281196594 -0.11593049764633179 -1.3689289093017578
v 0.5351059436798096 -0.14767859876155853 -1.4663912057876587
v 0.3341110050678253 -0.11596973240375519 -1.4184010028839111
v 0.4995344281196594 -0.11593049764633179 -1.3689289093017578
v 0.3341110050678253 -0.11596973240375519 -1.4184010028839111
v 0.35790303349494934 -0.14772063493728638 -1.5193862915039062
v 0.16399747133255005 -0.11599497497081757 -1.4479609727859497
v 0.3341110050678253 -0.11596973240375519 -1.4184010028839111
v 0.16399747133255005 -0.11599497497081757 -1.4479609727859497
v 0.17567603290081024 -0.14774766564369202 -1.5510510206222534
v -0.008418194018304348 -0.11600585281848907 -1.457193374633789
v 0.16399747133255005 -0.11599497497081757 -1.4479609727859497
v -0.008418194018304348 -0.11600585281848907 -1.457193374633789
v -0.009017049334943295 -0.1477593183517456 -1.5609408617019653
v -0.1807156503200531 -0.11600222438573837 -1.4459689855575562
v -0.008418194018304348 -0.11600585281848907 -1.457193374633789
v -0.1807156503200531 -0.11600222438573837 -1.4459689855575562
v -0.19358348846435547 -0.147755429148674 -1.5489170551300049
v -0.3504762053489685 -0.11598412692546844 -1.414445161819458
v -0.1807156503200531 -0.11600222438573837 -1.4459689855575562
v -0.3504762053489685 -0.11598412692546844 -1.414445161819458
v -0.37543240189552307 -0.147736057639122 -1.5151485204696655
v -0.5153167843818665 -0.11595183610916138 -1.3630644083023071
v -0.3504762053489685 -0.11598412692546844 -1.414445161819458
v -0.5153167843818665 -0.11595183610916138 -1.3630644083023071
v -0.5520110130310059 -0.1477014571428299 -1.4601091146469116
v -0.6729233860969543 -0.11590578407049179 -1.2925481796264648
v -0.5153167843818665 -0.11595183610916138 -1.3630644083023071
v -0.6729233860969543 -0.11590578407049179 -1.2925481796264648
v -0.7208405137062073 -0.14765213429927826 -1.3845714330673218
v -0.821083664894104 -0.11584663391113281 -1.2038861513137817
v -0.6729233860969543 -0.11590578407049179 -1.2925481796264648
v -0.821083664894104 -0.11584663391113281 -1.2038861513137817
v -0.8795509338378906 -0.14758875966072083 -1.2895960807800293
v -0.9577176570892334 -0.1157752051949501 -1.098323106765747
v -0.821083664894104 -0.11584663391113281 -1.2038861513137817
v -0.9577176570892334 -0.1157752051949501 -1.098323106765747
v -1.0259144306182861 -0.14751224219799042 -1.1765161752700806
v -1.0809072256088257 -0.11569250375032425 -0.977340817451477
v -0.9577176570892334 -0.1157752051949501 -1.098323106765747
v -1.0809072256088257 -0.11569250375032425 -0.977340817451477
v -1.1578762531280518 -0.147423654794693 -1.0469188690185547
v -1.1889233589172363 -0.11559968441724777 -0.8426377773284912
v -1.0809072256088257 -0.11569250375032425 -0.977340817451477
v -1.1889233589172363 -0.11559968441724777 -0.8426377773284912
v -1.273584008216858 -0.14732423424720764 -0.9026238918304443
v -1.2802494764328003 -0.11549806594848633 -0.6961047649383545
v -1.1889233589172363 -0.11559968441724777 -0.8426377773284912
v -1.2802494764328003 -0.11549806594848633 -0.6961047649383545
v -1.371413230895996 -0.14721538126468658 -0.7456564903259277
v -1.353603720664978 -0.11538906395435333 -0.5397988557815552
v -1.2802494764328003 -0.11549806594848633 -0.6961047649383545
v -1.353603720664978 -0.11538906395435333 -0.5397988557815552
v -1.4499908685684204 -0.1470986157655716 -0.5782203078269958
v -1.4079562425613403 -0.11527420580387115 -0.3759141266345978
v -1.353603720664978 -0.11538906395435333 -0.5397988557815552
v -1.4079562425613403 -0.11527420580387115 -0.3759141266345978
v -1.508213758468628 -0.146975576877594 -0.4026656448841095
v -1.4425442218780518 -0.11515510827302933 -0.20675128698349
v -1.4079562425613403 -0.11527420580387115 -0.3759141266345978
v -1.4425442218780518 -0.11515510827302933 -0.20675128698349
v -1.5452646017074585 -0.14684799313545227 -0.22145700454711914
v -1.4568817615509033 -0.11503344029188156 -0.03468497097492218
v -1.4425442218780518 -0.11515510827302933 -0.20675128698349
v -1.4568817615509033 -0.11503344029188156 -0.03468497097492218
v -1.560623288154602 -0.14671766757965088 -0.037138164043426514
v -1.450767993927002 -0.11491092294454575 0.13786940276622772
v -1.4568817615509033 -0.11503344029188156 -0.03468497097492218
v -1.450767993927002 -0.11491092294454575 0.13786940276622772
v -1.5540740489959717 -0.14658641815185547 0.14770349860191345
v -1.4242886304855347 -0.11478925496339798 0.30848953127861023
v -1.450767993927002 -0.11491092294454575 0.13786940276622772
v -1.4242886304855347 -0.11478925496339798 0.30848953127861023
v -1.5257091522216797 -0.14645609259605408 0.3304731845855713
v -1.3778152465820312 -0.11467015743255615 0.47478026151657104
v -1.4242886304855347 -0.11478925496339798 0.30848953127861023
v -1.3778152465820312 -0.11467015743255615 0.47478026151657104
v -1.475926399230957 -0.14632850885391235 0.5086051821708679
v -1.3120003938674927 -0.11455529928207397 0.6344073414802551
v -1.3778152465820312 -0.11467015743255615 0.47478026151657104
v -1.3120003938674927 -0.11455529928207397 0.6344073414802551
v -1.405424952507019 -0.14620548486709595 0.6795989871025085
v -1.227767825126648 -0.11444629728794098 0.7851297855377197
v -1.3120003938674927 -0.11455529928207397 0.6344073414802551
v -1.227767825126648 -0.11444629728794098 0.7851297855377197
v -1.3151943683624268 -0.14608871936798096 0.8410541415214539
v -1.1262999773025513 -0.11434467881917953 0.9248319268226624
v -1.227767825126648 -0.11444629728794098 0.7851297855377197
v -1.1262999773025513 -0.11434467881917953 0.9248319268226624
v -1.2065013647079468 -0.1459798514842987 0.9907042384147644
v -1.0090214014053345 -0.11425185948610306 1.0515525341033936
v -1.1262999773025513 -0.11434467881917953 0.9248319268226624
v -1.0090214014053345 -0.11425185948610306 1.0515525341033936
v -1.08087158203125 -0.14588043093681335 1.126448392868042
v -0.8775783777236938 -0.1141691580414772 1.1635128259658813
v -1.0090214014053345 -0.11425185948610306 1.0515525341033936
v -0.8775783777236938 -0.1141691580414772 1.1635128259658813
v -0.9400685429573059 -0.14579184353351593 1.2463812828063965
v -0.7338159680366516 -0.1140977293252945 1.259141206741333
v -0.8775783777236938 -0.1141691580414772 1.1635128259658813
v -0.7338159680366516 -0.1140977293252945 1.259141206741333
v -0.7860690951347351 -0.14571532607078552 1.3488190174102783
v -0.5797523260116577 -0.11403857916593552 1.337095022201538
v -0.7338159680366516 -0.1140977293252945 1.259141206741333
v -0.5797523260116577 -0.11403857916593552 1.337095022201538
v -0.6210349202156067 -0.14565196633338928 1.4323238134384155
v -0.417550265789032 -0.11399253457784653 1.3962801694869995
v -0.5797523260116577 -0.11403857916593552 1.337095022201538
v -0.417550265789032 -0.11399253457784653 1.3962801694869995
v -0.44728270173072815 -0.14560262858867645 1.4957234859466553
v -0.24948662519454956 -0.11396023631095886 1.4358657598495483
v -0.417550265789032 -0.11399253457784653 1.3962801694869995
v -0.24948662519454956 -0.11396023631095886 1.4358657598495483
v -0.26725155115127563 -0.14556804299354553 1.5381277799606323
v -0.07792071998119354 -0.11394214630126953 1.4552959203720093
v -0.24948662519454956 -0.11396023631095886 1.4358657598495483
v -0.07792071998119354 -0.11394214630126953 1.4552959203720093
v -0.0834687203168869 -0.14554865658283234 1.5589416027069092
v 0.09473907947540283 -0.11393851786851883 1.4542982578277588
v -0.07792071998119354 -0.11394214630126953 1.4552959203720093
v 0.09473907947540283 -0.11393851786851883 1.4542982578277588
v 0.10148587077856064 -0.14554476737976074 1.5578728914260864
v 0.2660689949989319 -0.11394939571619034 1.4328864812850952
v 0.09473907947540283 -0.11393851786851883 1.4542982578277588
v 0.2660689949989319 -0.11394939571619034 1.4328864812850952
v 0.28501588106155396 -0.14555642008781433 1.5349364280700684
v 0.43366387486457825 -0.11397463083267212 1.3913612365722656
v 0.2660689949989319 -0.11394939571619034 1.4328864812850952
v 0.43366387486457825 -0.11397463083267212 1.3913612365722656
v 0.4645449221134186 -0.14558346569538116 1.4904543161392212
v 0.5951712131500244 -0.11401387304067612 1.330305576324463
v 0.43366387486457825 -0.11397463083267212 1.3913612365722656
v 0.5951712131500244 -0.11401387304067612 1.330305576324463
v 0.6375528573989868 -0.145625501871109 1.4250508546829224
v 0.7483235597610474 -0.11406656354665756 1.250576376914978
v 0.5951712131500244 -0.11401387304067612 1.330305576324463
v 0.7483235597610474 -0.11406656354665756 1.250576376914978
v 0.8016109466552734 -0.1456819474697113 1.339644432067871
v 0.8909711837768555 -0.11413197219371796 1.1532930135726929
v 0.7483235597610474 -0.11406656354665756 1.250576376914978
v 0.8909711837768555 -0.11413197219371796 1.1532930135726929
v 0.9544162750244141 -0.14575201272964478 1.2354336977005005
v 1.0211116075515747 -0.11420917510986328 1.0398211479187012
v 0.8909711837768555 -0.11413197219371796 1.1532930135726929
v 1.0211116075515747 -0.11420917510986328 1.0398211479187012
v 1.0938236713409424 -0.14583469927310944 1.1138815879821777
v 1.1369179487228394 -0.11429708451032639 0.9117535352706909
v 1.0211116075515747 -0.11420917510986328 1.0398211479187012
v 1.1369179487228394 -0.11429708451032639 0.9117535352706909
v 1.2178763151168823 -0.14592887461185455 0.9766945838928223
v 1.2367643117904663 -0.11439447849988937 0.770888090133667
v 1.1369179487228394 -0.11429708451032639 0.9117535352706909
v 1.2367643117904663 -0.11439447849988937 0.770888090133667
v 1.3248326778411865 -0.14603319764137268 0.8257983922958374
v 1.3192493915557861 -0.11449997127056122 0.619202196598053
v 1.2367643117904663 -0.11439447849988937 0.770888090133667
v 1.3192493915557861 -0.11449997127056122 0.619202196598053
v 1.4131914377212524 -0.14614620804786682 0.6633111834526062
v 1.383215069770813 -0.11461210250854492 0.4588252305984497
v 1.3192493915557861 -0.11449997127056122 0.619202196598053
v 1.383215069770813 -0.11461210250854492 0.4588252305984497
v 1.481711983680725 -0.14626632630825043 0.4915139973163605
v 1.4277634620666504 -0.11472928524017334 0.29200848937034607
v 1.383215069770813 -0.11461210250854492 0.4588252305984497
v 1.4277634620666504 -0.11472928524017334 0.29200848937034607
v 1.5294326543807983 -0.1463918536901474 0.3128185570240021
v 1.4522693157196045 -0.11484987288713455 0.1210937350988388
v 1.4277634620666504 -0.11472928524017334 0.29200848937034607
v 1.4522693157196045 -0.11484987288713455 0.1210937350988388
v 1.5556834936141968 -0.14652103185653687 0.12973324954509735
v 1.4563884735107422 -0.11497218906879425 -0.05151977017521858
v 1.4522693157196045 -0.11484987288713455 0.1210937350988388
v 1.560096025466919 -0.14665204286575317 -0.05517174303531647
v 1.4563884735107422 -0.11497218906879425 -0.05151977017521858
v 1.5426082611083984 -0.14678306877613068 -0.23930078744888306
v 1.560096025466919 -0.14665204286575317 -0.05517174303531647
v 1.5034656524658203 -0.14691224694252014 -0.4200691282749176
v 1.5426082611083984 -0.14678306877613068 -0.23930078744888306
v 1.4432177543640137 -0.14703777432441711 -0.594939112663269
v 1.5034656524658203 -0.14691224694252014 -0.4200691282749176
v 1.3627103567123413 -0.14715787768363953 -0.7614560723304749
v 1.4432177543640137 -0.14703777432441711 -0.594939112663269
v 1.263073444366455 -0.14727088809013367 -0.9172824025154114
v 1.3627103567123413 -0.14715787768363953 -0.7614560723304749
v 1.1457058191299438 -0.147375226020813 -1.0602306127548218
v 1.263073444366455 -0.14727088809013367 -0.9172824025154114
v 1.0122551918029785 -0.1474693864583969 -1.1882939338684082
v 1.1457058191299438 -0.147375226020813 -1.0602306127548218
v 0.8645946979522705 -0.14755208790302277 -1.2996748685836792
v 1.0122551918029785 -0.1474693864583969 -1.1882939338684082
v 0.7047972083091736 -0.14762215316295624 -1.3928097486495972
v 0.8645946979522705 -0.14755208790302277 -1.2996748685836792
v 0.5351059436798096 -0.14767859876155853 -1.4663912057876587
v 0.7047972083091736 -0.14762215316295624 -1.3928097486495972
v 0.35790303349494934 -0.14772063493728638 -1.5193862915039062
v 0.5351059436798096 -0.14767859876155853 -1.4663912057876587
v 0.17567603290081024 -0.14774766564369202 -1.5510510206222534
v 0.35790303349494934 -0.14772063493728638 -1.5193862915039062
v -0.009017049334943295 -0.1477593183517456 -1.5609408617019653
v 0.17567603290081024 -0.14774766564369202 -1.5510510206222534
v -0.19358348846435547 -0.147755429148674 -1.5489170551300049
v -0.009017049334943295 -0.1477593183517456 -1.5609408617019653
v -0.37543240189552307 -0.147736057639122 -1.5151485204696655
v -0.19358348846435547 -0.147755429148674 -1.5489170551300049
v -0.5520110130310059 -0.1477014571428299 -1.4601091146469116
v -0.37543240189552307 -0.147736057639122 -1.5151485204696655
v -0.7208405137062073 -0.14765213429927826 -1.3845714330673218
v -0.5520110130310059 -0.1477014571428299 -1.4601091146469116
v -0.8795509338378906 -0.14758875966072083 -1.2895960807800293
v -0.7208405137062073 -0.14765213429927826 -1.3845714330673218
v -1.0259144306182861 -0.14751224219799042 -1.1765161752700806
v -0.8795509338378906 -0.14758875966072083 -1.2895960807800293
v -1.1578762531280518 -0.147423654794693 -1.0469188690185547
v -1.0259144306182861 -0.14751224219799042 -1.1765161752700806
v -1.273584008216858 -0.14732423424720764 -0.9026238918304443
v -1.1578762531280518 -0.147423654794693 -1.0469188690185547
v -1.371413230895996 -0.14721538126468658 -0.7456564903259277
v -1.273584008216858 -0.14732423424720764 -0.9026238918304443
v -1.4499908685684204 -0.1470986157655716 -0.5782203078269958
v -1.371413230895996 -0.14721538126468658 -0.7456564903259277
v -1.508213758468628 -0.146975576877594 -0.4026656448841095
v -1.4499908685684204 -0.1470986157655716 -0.5782203078269958
v -1.5452646017074585 -0.14684799313545227 -0.22145700454711914
v -1.508213758468628 -0.146975576877594 -0.4026656448841095
v -1.560623288154602 -0.14671766757965088 -0.037138164043426514
v -1.5452646017074585 -0.14684799313545227 -0.22145700454711914
v -1.5540740489959717 -0.14658641815185547 0.14770349860191345
v -1.560623288154602 -0.14671766757965088 -0.037138164043426514
v -1.5257091522216797 -0.14645609259605408 0.3304731845855713
v -1.5540740489959717 -0.14658641815185547 0.14770349860191345
v -1.475926399230957 -0.14632850885391235 0.5086051821708679
v -1.5257091522216797 -0.14645609259605408 0.3304731845855713
v -1.405424952507019 -0.14620548486709595 0.6795989871025085
v -1.475926399230957 -0.14632850885391235 0.5086051821708679
v -1.3151943683624268 -0.14608871936798096 0.8410541415214539
v -1.405424952507019 -0.14620548486709595 0.6795989871025085
v -1.2065013647079468 -0.1459798514842987 0.9907042384147644
v -1.3151943683624268 -0.14608871936798096 0.8410541415214539
v -1.08087158203125 -0.14588043093681335 1.126448392868042
v -1.2065013647079468 -0.1459798514842987 0.9907042384147644
v -0.9400685429573059 -0.14579184353351593 1.2463812828063965
v -1.08087158203125 -0.14588043093681335 1.126448392868042
v -0.7860690951347351 -0.14571532607078552 1.3488190174102783
v -0.9400685429573059 -0.14579184353351593 1.2463812828063965
v -0.6210349202156067 -0.14565196633338928 1.4323238134384155
v -0.7860690951347351 -0.14571532607078552 1.3488190174102783
v -0.44728270173072815 -0.14560262858867645 1.4957234859466553
v -0.6210349202156067 -0.14565196633338928 1.4323238134384155
v -0.26725155115127563 -0.14556804299354553 1.5381277799606323
v -0.44728270173072815 -0.14560262858867645 1.4957234859466553
v -0.0834687203168869 -0.14554865658283234 1.5589416027069092
v -0.26725155115127563 -0.14556804299354553 1.5381277799606323
v 0.10148587077856064 -0.14554476737976074 1.5578728914260864
v -0.0834687203168869 -0.14554865658283234 1.5589416027069092
v 0.28501588106155396 -0.14555642008781433 1.5349364280700684
v 0.10148587077856064 -0.14554476737976074 1.5578728914260864
v 0.4645449221134186 -0.14558346569538116 1.4904543161392212
v 0.28501588106155396 -0.14555642008781433 1.5349364280700684
v 0.6375528573989868 -0.145625501871109 1.4250508546829224
v 0.4645449221134186 -0.14558346569538116 1.4904543161392212
v 0.8016109466552734 -0.1456819474697113 1.339644432067871
v 0.6375528573989868 -0.145625501871109 1.4250508546829224
v 0.9544162750244141 -0.14575201272964478 1.2354336977005005
v 0.8016109466552734 -0.1456819474697113 1.339644432067871
v 1.0938236713409424 -0.14583469927310944 1.1138815879821777
v 0.9544162750244141 -0.14575201272964478 1.2354336977005005
v 1.2178763151168823 -0.14592887461185455 0.9766945838928223
v 1.0938236713409424 -0.14583469927310944 1.1138815879821777
v 1.3248326778411865 -0.14603319764137268 0.8257983922958374
v 1.2178763151168823 -0.14592887461185455 0.9766945838928223
v 1.4131914377212524 -0.14614620804786682 0.6633111834526062
v 1.3248326778411865 -0.14603319764137268 0.8257983922958374
v 1.481711983680725 -0.14626632630825043 0.4915139973163605
v 1.4131914377212524 -0.14614620804786682 0.6633111834526062
v 1.5294326543807983 -0.1463918536901474 0.3128185570240021
v 1.481711983680725 -0.14626632630825043 0.4915139973163605
v 1.5556834936141968 -0.14652103185653687 0.12973324954509735
v 1.5294326543807983 -0.1463918536901474 0.3128185570240021
v 1.560096025466919 -0.14665204286575317 -0.05517174303531647
v 1.5556834936141968 -0.14652103185653687 0.12973324954509735
v 1.6354126930236816 -0.14441511034965515 -0.25370529294013977
v 1.6539524793624878 -0.1442762017250061 -0.058498866856098175
v 1.6354126930236816 -0.14441511034965515 -0.25370529294013977
v 1.7091233730316162 -0.11354788392782211 -0.26516684889793396
v 1.5939152240753174 -0.1445520520210266 -0.4453488290309906
v 1.6354126930236816 -0.14441511034965515 -0.25370529294013977
v 1.5939152240753174 -0.1445520520210266 -0.4453488290309906
v 1.6657555103302002 -0.11369100213050842 -0.46544817090034485
v 1.5300427675247192 -0.14468513429164886 -0.6307392120361328
v 1.5939152240753174 -0.1445520520210266 -0.4453488290309906
v 1.5300427675247192 -0.14468513429164886 -0.6307392120361328
v 1.5990042686462402 -0.1138300821185112 -0.6591944694519043
v 1.4446920156478882 -0.1448124796152115 -0.8072739839553833
v 1.5300427675247192 -0.14468513429164886 -0.6307392120361328
v 1.4446920156478882 -0.1448124796152115 -0.8072739839553833
v 1.5098063945770264 -0.11396315693855286 -0.8436859846115112
v 1.33906090259552 -0.14493228495121002 -0.9724748730659485
v 1.4446920156478882 -0.1448124796152115 -0.8072739839553833
v 1.33906090259552 -0.14493228495121002 -0.9724748730659485
v 1.399414300918579 -0.11408837139606476 -1.016332983970642
v 1.2146323919296265 -0.14504288136959076 -1.1240229606628418
v 1.33906090259552 -0.14493228495121002 -0.9724748730659485
v 1.2146323919296265 -0.14504288136959076 -1.1240229606628418
v 1.269377589225769 -0.11420395225286484 -1.1747115850448608
v 1.0731531381607056 -0.14514271914958954 -1.2597907781600952
v 1.2146323919296265 -0.14504288136959076 -1.1240229606628418
v 1.0731531381607056 -0.14514271914958954 -1.2597907781600952
v 1.1215215921401978 -0.11430829018354416 -1.3165987730026245
v 0.9166092276573181 -0.14523039758205414 -1.3778725862503052
v 1.0731531381607056 -0.14514271914958954 -1.2597907781600952
v 0.9166092276573181 -0.14523039758205414 -1.3778725862503052
v 0.9579218029975891 -0.11439991742372513 -1.440002679824829
v 0.7471981644630432 -0.14530467987060547 -1.4766104221343994
v 0.9166092276573181 -0.14523039758205414 -1.3778725862503052
v 0.7471981644630432 -0.14530467987060547 -1.4766104221343994
v 0.780875027179718 -0.11447754502296448 -1.5431909561157227
v 0.567298173904419 -0.14536450803279877 -1.5546185970306396
v 0.7471981644630432 -0.14530467987060547 -1.4766104221343994
v 0.567298173904419 -0.14536450803279877 -1.5546185970306396
v 0.5928665995597839 -0.11454007774591446 -1.6247152090072632
v 0.3794345557689667 -0.14540907740592957 -1.6108019351959229
v 0.567298173904419 -0.14536450803279877 -1.5546185970306396
v 0.3794345557689667 -0.14540907740592957 -1.6108019351959229
v 0.3965355455875397 -0.11458665132522583 -1.6834306716918945
v 0.18624459207057953 -0.14543773233890533 -1.6443716287612915
v 0.3794345557689667 -0.14540907740592957 -1.6108019351959229
v 0.18624459207057953 -0.14543773233890533 -1.6443716287612915
v 0.19463808834552765 -0.11461660265922546 -1.7185134887695312
v -0.009559801779687405 -0.14545010030269623 -1.6548564434051514
v 0.18624459207057953 -0.14543773233890533 -1.6443716287612915
v -0.009559801779687405 -0.14545010030269623 -1.6548564434051514
v -0.009991622529923916 -0.11462951451539993 -1.72947096824646
v -0.20522993803024292 -0.14544597268104553 -1.6421093940734863
v -0.009559801779687405 -0.14545010030269623 -1.6548564434051514
v -0.20522993803024292 -0.14544597268104553 -1.6421093940734863
v -0.21448102593421936 -0.11462520807981491 -1.7161493301391602
v -0.39801904559135437 -0.14542542397975922 -1.606309175491333
v -0.20522993803024292 -0.14544597268104553 -1.6421093940734863
v -0.39801904559135437 -0.14542542397975922 -1.606309175491333
v -0.41595956683158875 -0.11460373550653458 -1.678735613822937
v -0.5852207541465759 -0.14538875222206116 -1.5479586124420166
v -0.39801904559135437 -0.14542542397975922 -1.606309175491333
v -0.5852207541465759 -0.14538875222206116 -1.5479586124420166
v -0.6115989089012146 -0.114565409719944 -1.6177550554275513
v -0.7642073035240173 -0.14533644914627075 -1.4678765535354614
v -0.5852207541465759 -0.14538875222206116 -1.5479586124420166
v -0.7642073035240173 -0.14533644914627075 -1.4678765535354614
v -0.7986526489257812 -0.11451075226068497 -1.534063458442688
v -0.9324659109115601 -0.1452692747116089 -1.3671873807907104
v -0.7642073035240173 -0.14533644914627075 -1.4678765535354614
v -0.9324659109115601 -0.1452692747116089 -1.3671873807907104
v -0.9744950532913208 -0.11444055289030075 -1.4288359880447388
v -1.0876346826553345 -0.14518815279006958 -1.2473043203353882
v -0.9324659109115601 -0.1452692747116089 -1.3671873807907104
v -1.0876346826553345 -0.14518815279006958 -1.2473043203353882
v -1.13665771484375 -0.11435577273368835 -1.3035495281219482
v -1.2275354862213135 -0.14509423077106476 -1.109910488128662
v -1.0876346826553345 -0.14518815279006958 -1.2473043203353882
v -1.2275354862213135 -0.14509423077106476 -1.109910488128662
v -1.282863974571228 -0.11425761878490448 -1.1599631309509277
v -1.3502042293548584 -0.14498883485794067 -0.9569345712661743
v -1.2275354862213135 -0.14509423077106476 -1.109910488128662
v -1.3502042293548584 -0.14498883485794067 -0.9569345712661743
v -1.4110617637634277 -0.11414746195077896 -1.0000921487808228
v -1.4539190530776978 -0.14487342536449432 -0.790523886680603
v -1.3502042293548584 -0.14498883485794067 -0.9569345712661743
v -1.4539190530776978 -0.14487342536449432 -0.790523886680603
v -1.5194512605667114 -0.11402685940265656 -0.8261809945106506
v -1.5372240543365479 -0.14474962651729584 -0.6130145192146301
v -1.4539190530776978 -0.14487342536449432 -0.790523886680603
v -1.5372240543365479 -0.14474962651729584 -0.6130145192146301
v -1.6065109968185425 -0.11389748752117157 -0.640670895576477
v -1.598949670791626 -0.1446191966533661 -0.42689836025238037
v -1.5372240543365479 -0.14474962651729584 -0.6130145192146301
v -1.598949670791626 -0.1446191966533661 -0.42689836025238037
v -1.6710186004638672 -0.11376117169857025 -0.446166068315506
v -1.638229489326477 -0.14448393881320953 -0.23478804528713226
v -1.598949670791626 -0.1446191966533661 -0.42689836025238037
v -1.638229489326477 -0.14448393881320953 -0.23478804528713226
v -1.712069034576416 -0.11361981928348541 -0.2453969419002533
v -1.6545120477676392 -0.14434577524662018 -0.03938037529587746
v -1.638229489326477 -0.14448393881320953 -0.23478804528713226
v -1.6545120477676392 -0.14434577524662018 -0.03938037529587746
v -1.7290854454040527 -0.11347542703151703 -0.041181840002536774
v -1.647568941116333 -0.14420662820339203 0.15658153593540192
v -1.6545120477676392 -0.14434577524662018 -0.03938037529587746
v -1.647568941116333 -0.14420662820339203 0.15658153593540192
v -1.7218292951583862 -0.11333000659942627 0.163612499833107
v -1.6174975633621216 -0.14406846463680267 0.3503468334674835
v -1.647568941116333 -0.14420662820339203 0.15658153593540192
v -1.6174975633621216 -0.14406846463680267 0.3503468334674835
v -1.690402626991272 -0.11318561434745789 0.36611121892929077
v -1.5647199153900146 -0.14393320679664612 0.5391954779624939
v -1.6174975633621216 -0.14406846463680267 0.3503468334674835
v -1.5647199153900146 -0.14393320679664612 0.5391954779624939
v -1.6352460384368896 -0.11304426193237305 0.5634716153144836
v -1.4899770021438599 -0.14380277693271637 0.7204763889312744
v -1.5647199153900146 -0.14393320679664612 0.5391954779624939
v -1.4899770021438599 -0.14380277693271637 0.7204763889312744
v -1.5571343898773193 -0.11290794610977173 0.752923309803009
v -1.3943179845809937 -0.14367897808551788 0.8916448354721069
v -1.4899770021438599 -0.14380277693271637 0.7204763889312744
v -1.3943179845809937 -0.14367897808551788 0.8916448354721069
v -1.45716392993927 -0.11277857422828674 0.9318066835403442
v -1.2790857553482056 -0.14356356859207153 1.0502979755401611
v -1.3943179845809937 -0.14367897808551788 0.8916448354721069
v -1.2790857553482056 -0.14356356859207153 1.0502979755401611
v -1.336737871170044 -0.11265797168016434 1.0976107120513916
v -1.1458981037139893 -0.14345817267894745 1.1942086219787598
v -1.2790857553482056 -0.14356356859207153 1.0502979755401611
v -1.1458981037139893 -0.14345817267894745 1.1942086219787598
v -1.1975470781326294 -0.11254781484603882 1.2480077743530273
v -0.9966242909431458 -0.14336425065994263 1.3213567733764648
v -1.1458981037139893 -0.14345817267894745 1.1942086219787598
v -0.9966242909431458 -0.14336425065994263 1.3213567733764648
v -1.0415452718734741 -0.11244966089725494 1.3808866739273071
v -0.8333600759506226 -0.14328312873840332 1.429957389831543
v -0.9966242909431458 -0.14336425065994263 1.3213567733764648
v -0.8333600759506226 -0.14328312873840332 1.429957389831543
v -0.870922327041626 -0.11236488819122314 1.4943821430206299
v -0.6583972573280334 -0.14321595430374146 1.5184859037399292
v -0.8333600759506226 -0.14328312873840332 1.429957389831543
v -0.6583972573280334 -0.14321595430374146 1.5184859037399292
v -0.6880735754966736 -0.11229468137025833 1.5869008302688599
v -0.47419190406799316 -0.14316366612911224 1.5856995582580566
v -0.6583972573280334 -0.14321595430374146 1.5184859037399292
v -0.47419190406799316 -0.14316366612911224 1.5856995582580566
v -0.4955657422542572 -0.1122400313615799 1.6571440696716309
v -0.28332993388175964 -0.143126979470253 1.63065505027771
v -0.47419190406799316 -0.14316366612911224 1.5856995582580566
v -0.28332993388175964 -0.143126979470253 1.63065505027771
v -0.2961011826992035 -0.11220169812440872 1.7041257619857788
v -0.0884905532002449 -0.14310644567012787 1.6527211666107178
v -0.28332993388175964 -0.143126979470253 1.63065505027771
v -0.0884905532002449 -0.14310644567012787 1.6527211666107178
v -0.09247995167970657 -0.11218023300170898 1.7271863222122192
v 0.10759107023477554 -0.14310231804847717 1.651587963104248
v -0.0884905532002449 -0.14310644567012787 1.6527211666107178
v 0.10759107023477554 -0.14310231804847717 1.651587963104248
v 0.11243949830532074 -0.11217591911554337 1.7260022163391113
v 0.30216240882873535 -0.14311467111110687 1.6272717714309692
v 0.10759107023477554 -0.14310231804847717 1.651587963104248
v 0.30216240882873535 -0.14311467111110687 1.6272717714309692
v 0.3157805800437927 -0.11218883097171783 1.700589895248413
v 0.49249210953712463 -0.14314334094524384 1.5801135301589966
v 0.30216240882873535 -0.14311467111110687 1.6272717714309692
v 0.49249210953712463 -0.14314334094524384 1.5801135301589966
v 0.5146888494491577 -0.11221878975629807 1.6513060331344604
v 0.6759083271026611 -0.14318789541721344 1.5107753276824951
v 0.49249210953712463 -0.14314334094524384 1.5801135301589966
v 0.6759083271026611 -0.14318789541721344 1.5107753276824951
v 0.706372082233429 -0.11226535588502884 1.5788427591323853
v 0.8498363494873047 -0.14324773848056793 1.420230746269226
v 0.6759083271026611 -0.14318789541721344 1.5107753276824951
v 0.8498363494873047 -0.14324773848056793 1.420230746269226
v 0.8881393671035767 -0.11232789605855942 1.4842170476913452
v 1.0118346214294434 -0.14332202076911926 1.3097505569458008
v 0.8498363494873047 -0.14324773848056793 1.420230746269226
v 1.0118346214294434 -0.14332202076911926 1.3097505569458008
v 1.0574392080307007 -0.11240552365779877 1.3687573671340942
v 1.159628987312317 -0.14340969920158386 1.1808857917785645
v 1.0118346214294434 -0.14332202076911926 1.3097505569458008
v 1.159628987312317 -0.14340969920158386 1.1808857917785645
v 1.2118949890136719 -0.11249715089797974 1.2340843677520752
v 1.291144609451294 -0.14350953698158264 1.0354454517364502
v 1.159628987312317 -0.14340969920158386 1.1808857917785645
v 1.291144609451294 -0.14350953698158264 1.0354454517364502
v 1.349338412284851 -0.11260148882865906 1.0820887088775635
v 1.4045355319976807 -0.14362013339996338 0.8754711747169495
v 1.291144609451294 -0.14350953698158264 1.0354454517364502
v 1.4045355319976807 -0.14362013339996338 0.8754711747169495
v 1.4678400754928589 -0.11271706968545914 0.9149041175842285
v 1.498210072517395 -0.14373993873596191 0.7032086849212646
v 1.4045355319976807 -0.14362013339996338 0.8754711747169495
v 1.498210072517395 -0.14373993873596191 0.7032086849212646
v 1.5657366514205933 -0.11284228414297104 0.7348772287368774
v 1.5708528757095337 -0.14386728405952454 0.5210760235786438
v 1.498210072517395 -0.14373993873596191 0.7032086849212646
v 1.5708528757095337 -0.14386728405952454 0.5210760235786438
v 1.6416537761688232 -0.1129753589630127 0.5445355176925659
v 1.6214444637298584 -0.1440003514289856 0.33163008093833923
v 1.5708528757095337 -0.14386728405952454 0.5210760235786438
v 1.6214444637298584 -0.1440003514289856 0.33163008093833923
v 1.6945254802703857 -0.11311443895101547 0.346550852060318
v 1.6492745876312256 -0.14413730800151825 0.13753019273281097
v 1.6214444637298584 -0.1440003514289856 0.33163008093833923
v 1.6492745876312256 -0.14413730800151825 0.13753019273281097
v 1.7236100435256958 -0.11325755715370178 0.1437024623155594
v 1.6539524793624878 -0.1442762017250061 -0.058498866856098175
v 1.6492745876312256 -0.14413730800151825 0.13753019273281097
v 1.7284988164901733 -0.11340272426605225 -0.06116204708814621
v 1.6539524793624878 -0.1442762017250061 -0.058498866856098175
v 1.7091233730316162 -0.11354788392782211 -0.26516684889793396
v 1.7284988164901733 -0.11340272426605225 -0.06116204708814621
v 1.7091233730316162 -0.11354788392782211 -0.26516684889793396
v 1.7564458847045898 -0.062199730426073074 -0.27254772186279297
v 1.6657555103302002 -0.11369100213050842 -0.46544817090034485
v 1.7091233730316162 -0.11354788392782211 -0.26516684889793396
v 1.6657555103302002 -0.11369100213050842 -0.46544817090034485
v 1.7118772268295288 -0.062346816062927246 -0.4783746004104614
v 1.5990042686462402 -0.1138300821185112 -0.6591944694519043
v 1.6657555103302002 -0.11369100213050842 -0.46544817090034485
v 1.5990042686462402 -0.1138300821185112 -0.6591944694519043
v 1.643277645111084 -0.062489744275808334 -0.6774855852127075
v 1.5098063945770264 -0.11396315693855286 -0.8436859846115112
v 1.5990042686462402 -0.1138300821185112 -0.6591944694519043
v 1.5098063945770264 -0.11396315693855286 -0.8436859846115112
v 1.5516101121902466 -0.06262650340795517 -0.8670855164527893
v 1.399414300918579 -0.11408837139606476 -1.016332983970642
v 1.5098063945770264 -0.11396315693855286 -0.8436859846115112
v 1.399414300918579 -0.11408837139606476 -1.016332983970642
v 1.4381613731384277 -0.06275518238544464 -1.0445128679275513
v 1.269377589225769 -0.11420395225286484 -1.1747115850448608
v 1.399414300918579 -0.11408837139606476 -1.016332983970642
v 1.269377589225769 -0.11420395225286484 -1.1747115850448608
v 1.3045240640640259 -0.0628739669919014 -1.2072769403457642
v 1.1215215921401978 -0.11430829018354416 -1.3165987730026245
v 1.269377589225769 -0.11420395225286484 -1.1747115850448608
v 1.1215215921401978 -0.11430829018354416 -1.3165987730026245
v 1.1525739431381226 -0.06298119574785233 -1.3530927896499634
v 0.9579218029975891 -0.11439991742372513 -1.440002679824829
v 1.1215215921401978 -0.11430829018354416 -1.3165987730026245
v 0.9579218029975891 -0.11439991742372513 -1.440002679824829
v 0.9844444394111633 -0.06307535618543625 -1.479913592338562
v 0.780875027179718 -0.11447754502296448 -1.5431909561157227
v 0.9579218029975891 -0.11439991742372513 -1.440002679824829
v 0.780875027179718 -0.11447754502296448 -1.5431909561157227
v 0.8024953603744507 -0.06315512955188751 -1.5859590768814087
v 0.5928665995597839 -0.11454007774591446 -1.6247152090072632
v 0.780875027179718 -0.11447754502296448 -1.5431909561157227
v 0.5928665995597839 -0.11454007774591446 -1.6247152090072632
v 0.6092811226844788 -0.06321939826011658 -1.6697405576705933
v 0.3965355455875397 -0.11458665132522583 -1.6834306716918945
v 0.5928665995597839 -0.11454007774591446 -1.6247152090072632
v 0.3965355455875397 -0.11458665132522583 -1.6834306716918945
v 0.4075138568878174 -0.06326726078987122 -1.7300819158554077
v 0.19463808834552765 -0.11461660265922546 -1.7185134887695312
v 0.3965355455875397 -0.11458665132522583 -1.6834306716918945
v 0.19463808834552765 -0.11461660265922546 -1.7185134887695312
v 0.2000260353088379 -0.0632980465888977 -1.7661360502243042
v -0.009991622529923916 -0.11462951451539993 -1.72947096824646
v 0.19463808834552765 -0.11461660265922546 -1.7185134887695312
v -0.009991622529923916 -0.11462951451539993 -1.72947096824646
v -0.010269650258123875 -0.06331131607294083 -1.7773969173431396
v -0.21448102593421936 -0.11462520807981491 -1.7161493301391602
v -0.009991622529923916 -0.11462951451539993 -1.72947096824646
v -0.21448102593421936 -0.11462520807981491 -1.7161493301391602
v -0.2204211801290512 -0.06330688297748566 -1.7637064456939697
v -0.41595956683158875 -0.11460373550653458 -1.678735613822937
v -0.21448102593421936 -0.11462520807981491 -1.7161493301391602
v -0.41595956683158875 -0.11460373550653458 -1.678735613822937
v -0.42747846245765686 -0.06328482180833817 -1.7252566814422607
v -0.6115989089012146 -0.114565409719944 -1.6177550554275513
v -0.41595956683158875 -0.11460373550653458 -1.678735613822937
v -0.6115989089012146 -0.114565409719944 -1.6177550554275513
v -0.6285348534584045 -0.06324543058872223 -1.6625876426696777
v -0.7986526489257812 -0.11451075226068497 -1.534063458442688
v -0.6115989089012146 -0.114565409719944 -1.6177550554275513
v -0.7986526489257812 -0.11451075226068497 -1.534063458442688
v -0.8207679390907288 -0.06318926811218262 -1.5765787363052368
v -0.9744950532913208 -0.11444055289030075 -1.4288359880447388
v -0.7986526489257812 -0.11451075226068497 -1.534063458442688
v -0.9744950532913208 -0.11444055289030075 -1.4288359880447388
v -1.0014792680740356 -0.063117116689682 -1.4684375524520874
v -1.13665771484375 -0.11435577273368835 -1.3035495281219482
v -0.9744950532913208 -0.11444055289030075 -1.4288359880447388
v -1.13665771484375 -0.11435577273368835 -1.3035495281219482
v -1.168131947517395 -0.06302998960018158 -1.3396821022033691
v -1.282863974571228 -0.11425761878490448 -1.1599631309509277
v -1.13665771484375 -0.11435577273368835 -1.3035495281219482
v -1.282863974571228 -0.11425761878490448 -1.1599631309509277
v -1.3183866739273071 -0.06292912364006042 -1.1921199560165405
v -1.4110617637634277 -0.11414746195077896 -1.0000921487808228
v -1.282863974571228 -0.11425761878490448 -1.1599631309509277
v -1.4110617637634277 -0.11414746195077896 -1.0000921487808228
v -1.450134038925171 -0.06281591206789017 -1.0278223752975464
v -1.5194512605667114 -0.11402685940265656 -0.8261809945106506
v -1.4110617637634277 -0.11414746195077896 -1.0000921487808228
v -1.5194512605667114 -0.11402685940265656 -0.8261809945106506
v -1.561524748802185 -0.06269196420907974 -0.8490957617759705
v -1.6065109968185425 -0.11389748752117157 -0.640670895576477
v -1.5194512605667114 -0.11402685940265656 -0.8261809945106506
v -1.6065109968185425 -0.11389748752117157 -0.640670895576477
v -1.6509950160980225 -0.06255901604890823 -0.6584490537643433
v -1.6710186004638672 -0.11376117169857025 -0.446166068315506
v -1.6065109968185425 -0.11389748752117157 -0.640670895576477
v -1.6710186004638672 -0.11376117169857025 -0.446166068315506
v -1.7172889709472656 -0.062418922781944275 -0.4585586190223694
v -1.712069034576416 -0.11361981928348541 -0.2453969419002533
v -1.6710186004638672 -0.11376117169857025 -0.446166068315506
v -1.712069034576416 -0.11361981928348541 -0.2453969419002533
v -1.759475827217102 -0.06227365881204605 -0.25223037600517273
v -1.7290854454040527 -0.11347542703151703 -0.041181840002536774
v -1.712069034576416 -0.11361981928348541 -0.2453969419002533
v -1.7290854454040527 -0.11347542703151703 -0.041181840002536774
v -1.776963472366333 -0.06212526559829712 -0.04236076772212982
v -1.7218292951583862 -0.11333000659942627 0.163612499833107
v -1.7290854454040527 -0.11347542703151703 -0.041181840002536774
v -1.7218292951583862 -0.11333000659942627 0.163612499833107
v -1.7695064544677734 -0.06197582185268402 0.1681041270494461
v -1.690402626991272 -0.11318561434745789 0.36611121892929077
v -1.7218292951583862 -0.11333000659942627 0.163612499833107
v -1.690402626991272 -0.11318561434745789 0.36611121892929077
v -1.737209439277649 -0.06182742863893509 0.3762098252773285
v -1.6352460384368896 -0.11304426193237305 0.5634716153144836
v -1.690402626991272 -0.11318561434745789 0.36611121892929077
v -1.6352460384368896 -0.11304426193237305 0.5634716153144836
v -1.6805258989334106 -0.061682168394327164 0.5790349841117859
v -1.5571343898773193 -0.11290794610977173 0.752923309803009
v -1.6352460384368896 -0.11304426193237305 0.5634716153144836
v -1.5571343898773193 -0.11290794610977173 0.752923309803009
v -1.6002511978149414 -0.0615420788526535 0.7737323045730591
v -1.45716392993927 -0.11277857422828674 0.9318066835403442
v -1.5571343898773193 -0.11290794610977173 0.752923309803009
v -1.45716392993927 -0.11277857422828674 0.9318066835403442
v -1.497512698173523 -0.0614091232419014 0.957568883895874
v -1.336737871170044 -0.11265797168016434 1.0976107120513916
v -1.45716392993927 -0.11277857422828674 0.9318066835403442
v -1.336737871170044 -0.11265797168016434 1.0976107120513916
v -1.373752236366272 -0.06128517538309097 1.1279637813568115
v -1.1975470781326294 -0.11254781484603882 1.2480077743530273
v -1.336737871170044 -0.11265797168016434 1.0976107120513916
v -1.1975470781326294 -0.11254781484603882 1.2480077743530273
v -1.2307072877883911 -0.06117197126150131 1.2825251817703247
v -1.0415452718734741 -0.11244966089725494 1.3808866739273071
v -1.1975470781326294 -0.11254781484603882 1.2480077743530273
v -1.0415452718734741 -0.11244966089725494 1.3808866739273071
v -1.0703859329223633 -0.06107110157608986 1.4190833568572998
v -0.870922327041626 -0.11236488819122314 1.4943821430206299
v -1.0415452718734741 -0.11244966089725494 1.3808866739273071
v -0.870922327041626 -0.11236488819122314 1.4943821430206299
v -0.8950386643409729 -0.06098397821187973 1.5357214212417603
v -0.6880735754966736 -0.11229468137025833 1.5869008302688599
v -0.870922327041626 -0.11236488819122314 1.4943821430206299
v -0.6880735754966736 -0.11229468137025833 1.5869008302688599
v -0.7071269750595093 -0.06091182678937912 1.630801796913147
v -0.4955657422542572 -0.1122400313615799 1.6571440696716309
v -0.6880735754966736 -0.11229468137025833 1.5869008302688599
v -0.4955657422542572 -0.1122400313615799 1.6571440696716309
v -0.5092887878417969 -0.06085566431283951 1.7029900550842285
v -0.2961011826992035 -0.11220169812440872 1.7041257619857788
v -0.4955657422542572 -0.1122400313615799 1.6571440696716309
v -0.2961011826992035 -0.11220169812440872 1.7041257619857788
v -0.30430129170417786 -0.06081627309322357 1.7512725591659546
v -0.09247995167970657 -0.11218023300170898 1.7271863222122192
v -0.2961011826992035 -0.11220169812440872 1.7041257619857788
v -0.09247995167970657 -0.11218023300170898 1.7271863222122192
v -0.09504201263189316 -0.06079420819878578 1.7749717235565186
v 0.11243949830532074 -0.11217591911554337 1.7260022163391113
v -0.09247995167970657 -0.11218023300170898 1.7271863222122192
v 0.11243949830532074 -0.11217591911554337 1.7260022163391113
v 0.11555146425962448 -0.06078977882862091 1.7737548351287842
v 0.3157805800437927 -0.11218883097171783 1.700589895248413
v 0.11243949830532074 -0.11217591911554337 1.7260022163391113
v 0.3157805800437927 -0.11218883097171783 1.700589895248413
v 0.32452285289764404 -0.06080305203795433 1.7476389408111572
v 0.5146888494491577 -0.11221878975629807 1.6513060331344604
v 0.3157805800437927 -0.11218883097171783 1.700589895248413
v 0.5146888494491577 -0.11221878975629807 1.6513060331344604
v 0.5289387106895447 -0.06083383411169052 1.6969904899597168
v 0.706372082233429 -0.11226535588502884 1.5788427591323853
v 0.5146888494491577 -0.11221878975629807 1.6513060331344604
v 0.706372082233429 -0.11226535588502884 1.5788427591323853
v 0.7259294390678406 -0.06088169664144516 1.6225206851959229
v 0.8881393671035767 -0.11232789605855942 1.4842170476913452
v 0.706372082233429 -0.11226535588502884 1.5788427591323853
v 0.8881393671035767 -0.11232789605855942 1.4842170476913452
v 0.9127296805381775 -0.060945965349674225 1.5252748727798462
v 1.0574392080307007 -0.11240552365779877 1.3687573671340942
v 0.8881393671035767 -0.11232789605855942 1.4842170476913452
v 1.0574392080307007 -0.11240552365779877 1.3687573671340942
v 1.0867173671722412 -0.06102574244141579 1.4066182374954224
v 1.2118949890136719 -0.11249715089797974 1.2340843677520752
v 1.0574392080307007 -0.11240552365779877 1.3687573671340942
v 1.2118949890136719 -0.11249715089797974 1.2340843677520752
v 1.2454497814178467 -0.06111990287899971 1.2682162523269653
v 1.349338412284851 -0.11260148882865906 1.0820887088775635
v 1.2118949890136719 -0.11249715089797974 1.2340843677520752
v 1.349338412284851 -0.11260148882865906 1.0820887088775635
v 1.3866989612579346 -0.06122713163495064 1.1120121479034424
v 1.4678400754928589 -0.11271706968545914 0.9149041175842285
v 1.349338412284851 -0.11260148882865906 1.0820887088775635
v 1.4678400754928589 -0.11271706968545914 0.9149041175842285
v 1.508481740951538 -0.061345916241407394 0.9401982426643372
v 1.5657366514205933 -0.11284228414297104 0.7348772287368774
v 1.4678400754928589 -0.11271706968545914 0.9149041175842285
v 1.5657366514205933 -0.11284228414297104 0.7348772287368774
v 1.6090888977050781 -0.061474595218896866 0.7551866769790649
v 1.6416537761688232 -0.1129753589630127 0.5445355176925659
v 1.5657366514205933 -0.11284228414297104 0.7348772287368774
v 1.6416537761688232 -0.1129753589630127 0.5445355176925659
v 1.687108039855957 -0.0616113543510437 0.559574544429779
v 1.6945254802703857 -0.11311443895101547 0.346550852060318
v 1.6416537761688232 -0.1129753589630127 0.5445355176925659
v 1.6945254802703857 -0.11311443895101547 0.346550852060318
v 1.7414438724517822 -0.06175428256392479 0.3561078608036041
v 1.7236100435256958 -0.11325755715370178 0.1437024623155594
v 1.6945254802703857 -0.11311443895101547 0.346550852060318
v 1.7236100435256958 -0.11325755715370178 0.1437024623155594
v 1.7713336944580078 -0.06190136820077896 0.1476428061723709
v 1.7284988164901733 -0.11340272426605225 -0.06116204708814621
v 1.7236100435256958 -0.11325755715370178 0.1437024623155594
v 1.776357889175415 -0.06205055117607117 -0.06289420276880264
v 1.7284988164901733 -0.11340272426605225 -0.06116204708814621
v 1.7564458847045898 -0.062199730426073074 -0.27254772186279297
v 1.776357889175415 -0.06205055117607117 -0.06289420276880264
v 1.7928450107574463 -2.408480748172792e-9 -0.06352242082357407
v 1.7727481126785278 -0.0001505675754742697 -0.2751219868659973
v 1.7564458847045898 -0.062199730426073074 -0.27254772186279297
v 1.7727481126785278 -0.0001505675754742697 -0.2751219868659973
v 1.7118772268295288 -0.062346816062927246 -0.4783746004104614
v 1.7564458847045898 -0.062199730426073074 -0.27254772186279297
v 1.7727481126785278 -0.0001505675754742697 -0.2751219868659973
v 1.7277657985687256 -0.00029901909874752164 -0.48285946249961853
v 1.7118772268295288 -0.062346816062927246 -0.4783746004104614
v 1.7277657985687256 -0.00029901909874752164 -0.48285946249961853
v 1.643277645111084 -0.062489744275808334 -0.6774855852127075
v 1.7118772268295288 -0.062346816062927246 -0.4783746004104614
v 1.7277657985687256 -0.00029901909874752164 -0.48285946249961853
v 1.65852952003479 -0.0004432730784174055 -0.6838186383247375
v 1.643277645111084 -0.062489744275808334 -0.6774855852127075
v 1.65852952003479 -0.0004432730784174055 -0.6838186383247375
v 1.5516101121902466 -0.06262650340795517 -0.8670855164527893
v 1.643277645111084 -0.062489744275808334 -0.6774855852127075
v 1.65852952003479 -0.0004432730784174055 -0.6838186383247375
v 1.5660110712051392 -0.0005813044845126569 -0.8751785159111023
v 1.5516101121902466 -0.06262650340795517 -0.8670855164527893
v 1.5660110712051392 -0.0005813044845126569 -0.8751785159111023
v 1.4381613731384277 -0.06275518238544464 -1.0445128679275513
v 1.5516101121902466 -0.06262650340795517 -0.8670855164527893
v 1.5660110712051392 -0.0005813044845126569 -0.8751785159111023
v 1.4515092372894287 -0.0007111756131052971 -1.0542527437210083
v 1.4381613731384277 -0.06275518238544464 -1.0445128679275513
v 1.4515092372894287 -0.0007111756131052971 -1.0542527437210083
v 1.3045240640640259 -0.0628739669919014 -1.2072769403457642
v 1.4381613731384277 -0.06275518238544464 -1.0445128679275513
v 1.4515092372894287 -0.0007111756131052971 -1.0542527437210083
v 1.3166313171386719 -0.0008310633711516857 -1.2185275554656982
v 1.3045240640640259 -0.0628739669919014 -1.2072769403457642
v 1.3166313171386719 -0.0008310633711516857 -1.2185275554656982
v 1.1525739431381226 -0.06298119574785233 -1.3530927896499634
v 1.3045240640640259 -0.0628739669919014 -1.2072769403457642
v 1.3166313171386719 -0.0008310633711516857 -1.2185275554656982
v 1.1632709503173828 -0.0009392848005518317 -1.3656970262527466
v 1.1525739431381226 -0.06298119574785233 -1.3530927896499634
v 1.1632709503173828 -0.0009392848005518317 -1.3656970262527466
v 0.9844444394111633 -0.06307535618543625 -1.479913592338562
v 1.1525739431381226 -0.06298119574785233 -1.3530927896499634
v 1.1632709503173828 -0.0009392848005518317 -1.3656970262527466
v 0.99358069896698 -0.0010343207977712154 -1.4936950206756592
v 0.9844444394111633 -0.06307535618543625 -1.479913592338562
v 0.99358069896698 -0.0010343207977712154 -1.4936950206756592
v 0.8024953603744507 -0.06315512955188751 -1.5859590768814087
v 0.9844444394111633 -0.06307535618543625 -1.479913592338562
v 0.99358069896698 -0.0010343207977712154 -1.4936950206756592
v 0.8099427819252014 -0.0011148372432217002 -1.6007248163223267
v 0.8024953603744507 -0.06315512955188751 -1.5859590768814087
v 0.8099427819252014 -0.0011148372432217002 -1.6007248163223267
v 0.6092811226844788 -0.06321939826011658 -1.6697405576705933
v 0.8024953603744507 -0.06315512955188751 -1.5859590768814087
v 0.8099427819252014 -0.0011148372432217002 -1.6007248163223267
v 0.614935040473938 -0.0011797037441283464 -1.6852840185165405
v 0.6092811226844788 -0.06321939826011658 -1.6697405576705933
v 0.614935040473938 -0.0011797037441283464 -1.6852840185165405
v 0.4075138568878174 -0.06326726078987122 -1.7300819158554077
v 0.6092811226844788 -0.06321939826011658 -1.6697405576705933
v 0.614935040473938 -0.0011797037441283464 -1.6852840185165405
v 0.41129493713378906 -0.0012280098162591457 -1.7461854219436646
v 0.4075138568878174 -0.06326726078987122 -1.7300819158554077
v 0.41129493713378906 -0.0012280098162591457 -1.7461854219436646
v 0.2000260353088379 -0.0632980465888977 -1.7661360502243042
v 0.4075138568878174 -0.06326726078987122 -1.7300819158554077
v 0.41129493713378906 -0.0012280098162591457 -1.7461854219436646
v 0.20188118517398834 -0.0012590773403644562 -1.7825742959976196
v 0.2000260353088379 -0.0632980465888977 -1.7661360502243042
v 0.20188118517398834 -0.0012590773403644562 -1.7825742959976196
v -0.010269650258123875 -0.06331131607294083 -1.7773969173431396
v 0.2000260353088379 -0.0632980465888977 -1.7661360502243042
v 0.20188118517398834 -0.0012590773403644562 -1.7825742959976196
v -0.010366548784077168 -0.0012724701082333922 -1.7939397096633911
v -0.010269650258123875 -0.06331131607294083 -1.7773969173431396
v -0.010366548784077168 -0.0012724701082333922 -1.7939397096633911
v -0.2204211801290512 -0.06330688297748566 -1.7637064456939697
v -0.010269650258123875 -0.06331131607294083 -1.7773969173431396
v -0.010366548784077168 -0.0012724701082333922 -1.7939397096633911
v -0.222468763589859 -0.0012680002255365252 -1.78012216091156
v -0.2204211801290512 -0.06330688297748566 -1.7637064456939697
v -0.222468763589859 -0.0012680002255365252 -1.78012216091156
v -0.42747846245765686 -0.06328482180833817 -1.7252566814422607
v -0.2204211801290512 -0.06330688297748566 -1.7637064456939697
v -0.222468763589859 -0.0012680002255365252 -1.78012216091156
v -0.4314480125904083 -0.00124573044013232 -1.7413156032562256
v -0.42747846245765686 -0.06328482180833817 -1.7252566814422607
v -0.4314480125904083 -0.00124573044013232 -1.7413156032562256
v -0.6285348534584045 -0.06324543058872223 -1.6625876426696777
v -0.42747846245765686 -0.06328482180833817 -1.7252566814422607
v -0.4314480125904083 -0.00124573044013232 -1.7413156032562256
v -0.6343706250190735 -0.0012059732107445598 -1.6780647039413452
v -0.6285348534584045 -0.06324543058872223 -1.6625876426696777
v -0.6343706250190735 -0.0012059732107445598 -1.6780647039413452
v -0.8207679390907288 -0.06318926811218262 -1.5765787363052368
v -0.6285348534584045 -0.06324543058872223 -1.6625876426696777
v -0.6343706250190735 -0.0012059732107445598 -1.6780647039413452
v -0.8283881545066833 -0.0011492868652567267 -1.5912574529647827
v -0.8207679390907288 -0.06318926811218262 -1.5765787363052368
v -0.8283881545066833 -0.0011492868652567267 -1.5912574529647827
v -1.0014792680740356 -0.063117116689682 -1.4684375524520874
v -0.8207679390907288 -0.06318926811218262 -1.5765787363052368
v -0.8283881545066833 -0.0011492868652567267 -1.5912574529647827
v -1.0107768774032593 -0.0010764669859781861 -1.4821125268936157
v -1.0014792680740356 -0.063117116689682 -1.4684375524520874
v -1.0107768774032593 -0.0010764669859781861 -1.4821125268936157
v -1.168131947517395 -0.06302998960018158 -1.3396821022033691
v -1.0014792680740356 -0.063117116689682 -1.4684375524520874
v -1.0107768774032593 -0.0010764669859781861 -1.4821125268936157
v -1.1789765357971191 -0.000988535932265222 -1.3521620035171509
v -1.168131947517395 -0.06302998960018158 -1.3396821022033691
v -1.1789765357971191 -0.000988535932265222 -1.3521620035171509
v -1.3183866739273071 -0.06292912364006042 -1.1921199560165405
v -1.168131947517395 -0.06302998960018158 -1.3396821022033691
v -1.1789765357971191 -0.000988535932265222 -1.3521620035171509
v -1.3306258916854858 -0.0008867280557751656 -1.2032300233840942
v -1.3183866739273071 -0.06292912364006042 -1.1921199560165405
v -1.3306258916854858 -0.0008867280557751656 -1.2032300233840942
v -1.450134038925171 -0.06281591206789017 -1.0278223752975464
v -1.3183866739273071 -0.06292912364006042 -1.1921199560165405
v -1.3306258916854858 -0.0008867280557751656 -1.2032300233840942
v -1.463596224784851 -0.0007724722963757813 -1.0374072790145874
v -1.450134038925171 -0.06281591206789017 -1.0278223752975464
v -1.463596224784851 -0.0007724722963757813 -1.0374072790145874
v -1.561524748802185 -0.06269196420907974 -0.8490957617759705
v -1.450134038925171 -0.06281591206789017 -1.0278223752975464
v -1.463596224784851 -0.0007724722963757813 -1.0374072790145874
v -1.5760208368301392 -0.0006473727989941835 -0.8570217490196228
v -1.561524748802185 -0.06269196420907974 -0.8490957617759705
v -1.5760208368301392 -0.0006473727989941835 -0.8570217490196228
v -1.6509950160980225 -0.06255901604890823 -0.6584490537643433
v -1.561524748802185 -0.06269196420907974 -0.8490957617759705
v -1.5760208368301392 -0.0006473727989941835 -0.8570217490196228
v -1.6663216352462769 -0.0005131856305524707 -0.664605438709259
v -1.6509950160980225 -0.06255901604890823 -0.6584490537643433
v -1.6663216352462769 -0.0005131856305524707 -0.664605438709259
v -1.7172889709472656 -0.062418922781944275 -0.4585586190223694
v -1.6509950160980225 -0.06255901604890823 -0.6584490537643433
v -1.6663216352462769 -0.0005131856305524707 -0.664605438709259
v -1.7332308292388916 -0.0003717944782692939 -0.46285954117774963
v -1.7172889709472656 -0.062418922781944275 -0.4585586190223694
v -1.7332308292388916 -0.0003717944782692939 -0.46285954117774963
v -1.759475827217102 -0.06227365881204605 -0.25223037600517273
v -1.7172889709472656 -0.062418922781944275 -0.4585586190223694
v -1.7332308292388916 -0.0003717944782692939 -0.46285954117774963
v -1.7758092880249023 -0.00022518409241456538 -0.2546160817146301
v -1.759475827217102 -0.06227365881204605 -0.25223037600517273
v -1.7758092880249023 -0.00022518409241456538 -0.2546160817146301
v -1.776963472366333 -0.06212526559829712 -0.04236076772212982
v -1.759475827217102 -0.06227365881204605 -0.25223037600517273
v -1.7758092880249023 -0.00022518409241456538 -0.2546160817146301
v -1.793459415435791 -0.00007541263767052442 -0.04279838502407074
v -1.776963472366333 -0.06212526559829712 -0.04236076772212982
v -1.793459415435791 -0.00007541263767052442 -0.04279838502407074
v -1.7695064544677734 -0.06197582185268402 0.1681041270494461
v -1.776963472366333 -0.06212526559829712 -0.04236076772212982
v -1.793459415435791 -0.00007541263767052442 -0.04279838502407074
v -1.7859331369400024 0.0000754174470785074 0.1696200966835022
v -1.7695064544677734 -0.06197582185268402 0.1681041270494461
v -1.7859331369400024 0.0000754174470785074 0.1696200966835022
v -1.737209439277649 -0.06182742863893509 0.3762098252773285
v -1.7695064544677734 -0.06197582185268402 0.1681041270494461
v -1.7859331369400024 0.0000754174470785074 0.1696200966835022
v -1.7533363103866577 0.00022518883633892983 0.379657506942749
v -1.737209439277649 -0.06182742863893509 0.3762098252773285
v -1.7533363103866577 0.00022518883633892983 0.379657506942749
v -1.6805258989334106 -0.061682168394327164 0.5790349841117859
v -1.737209439277649 -0.06182742863893509 0.3762098252773285
v -1.7533363103866577 0.00022518883633892983 0.379657506942749
v -1.6961265802383423 0.00037179907667450607 0.5843653678894043
v -1.6805258989334106 -0.061682168394327164 0.5790349841117859
v -1.6961265802383423 0.00037179907667450607 0.5843653678894043
v -1.6002511978149414 -0.0615420788526535 0.7737323045730591
v -1.6805258989334106 -0.061682168394327164 0.5790349841117859
v -1.6961265802383423 0.00037179907667450607 0.5843653678894043
v -1.6151068210601807 0.0005131900543347001 0.7808699607849121
v -1.6002511978149414 -0.0615420788526535 0.7737323045730591
v -1.6151068210601807 0.0005131900543347001 0.7808699607849121
v -1.497512698173523 -0.0614091232419014 0.957568883895874
v -1.6002511978149414 -0.0615420788526535 0.7737323045730591
v -1.6151068210601807 0.0005131900543347001 0.7808699607849121
v -1.511414647102356 0.0006473769899457693 0.9664129018783569
v -1.497512698173523 -0.0614091232419014 0.957568883895874
v -1.511414647102356 0.0006473769899457693 0.9664129018783569
v -1.373752236366272 -0.06128517538309097 1.1279637813568115
v -1.497512698173523 -0.0614091232419014 0.957568883895874
v -1.511414647102356 0.0006473769899457693 0.9664129018783569
v -1.3865054845809937 0.0007724760798737407 1.1383894681930542
v -1.373752236366272 -0.06128517538309097 1.1279637813568115
v -1.3865054845809937 0.0007724760798737407 1.1383894681930542
v -1.2307072877883911 -0.06117197126150131 1.2825251817703247
v -1.373752236366272 -0.06128517538309097 1.1279637813568115
v -1.3865054845809937 0.0007724760798737407 1.1383894681930542
v -1.2421326637268066 0.0008867314900271595 1.2943856716156006
v -1.2307072877883911 -0.06117197126150131 1.2825251817703247
v -1.2421326637268066 0.0008867314900271595 1.2943856716156006
v -1.0703859329223633 -0.06107110157608986 1.4190833568572998
v -1.2307072877883911 -0.06117197126150131 1.2825251817703247
v -1.2421326637268066 0.0008867314900271595 1.2943856716156006
v -1.0803232192993164 0.0009885389590635896 1.4322113990783691
v -1.0703859329223633 -0.06107110157608986 1.4190833568572998
v -1.0803232192993164 0.0009885389590635896 1.4322113990783691
v -0.8950386643409729 -0.06098397821187973 1.5357214212417603
v -1.0703859329223633 -0.06107110157608986 1.4190833568572998
v -1.0803232192993164 0.0009885389590635896 1.4322113990783691
v -0.9033482670783997 0.0010764695471152663 1.5499320030212402
v -0.8950386643409729 -0.06098397821187973 1.5357214212417603
v -0.9033482670783997 0.0010764695471152663 1.5499320030212402
v -0.7071269750595093 -0.06091182678937912 1.630801796913147
v -0.8950386643409729 -0.06098397821187973 1.5357214212417603
v -0.9033482670783997 0.0010764695471152663 1.5499320030212402
v -0.7136923670768738 0.0011492888443171978 1.645895004272461
v -0.7071269750595093 -0.06091182678937912 1.630801796913147
v -0.7136923670768738 0.0011492888443171978 1.645895004272461
v -0.5092887878417969 -0.06085566431283951 1.7029900550842285
v -0.7071269750595093 -0.06091182678937912 1.630801796913147
v -0.7136923670768738 0.0011492888443171978 1.645895004272461
v -0.5140177607536316 0.0012059747241437435 1.7187533378601074
v -0.5092887878417969 -0.06085566431283951 1.7029900550842285
v -0.5140177607536316 0.0012059747241437435 1.7187533378601074
v -0.30430129170417786 -0.06081627309322357 1.7512725591659546
v -0.5092887878417969 -0.06085566431283951 1.7029900550842285
v -0.5140177607536316 0.0012059747241437435 1.7187533378601074
v -0.3071274757385254 0.0012457313714548945 1.7674840688705444
v -0.30430129170417786 -0.06081627309322357 1.7512725591659546
v -0.3071274757385254 0.0012457313714548945 1.7674840688705444
v -0.09504201263189316 -0.06079420819878578 1.7749717235565186
v -0.30430129170417786 -0.06081627309322357 1.7512725591659546
v -0.3071274757385254 0.0012457313714548945 1.7674840688705444
v -0.09592578560113907 0.0012680006911978126 1.7914032936096191
v -0.09504201263189316 -0.06079420819878578 1.7749717235565186
v -0.09592578560113907 0.0012680006911978126 1.7914032936096191
v 0.11555146425962448 -0.06078977882862091 1.7737548351287842
v -0.09504201263189316 -0.06079420819878578 1.7749717235565186
v -0.09592578560113907 0.0012680006911978126 1.7914032936096191
v 0.11662247776985168 0.0012724698754027486 1.790174961090088
v 0.11555146425962448 -0.06078977882862091 1.7737548351287842
v 0.11662247776985168 0.0012724698754027486 1.790174961090088
v 0.32452285289764404 -0.06080305203795433 1.7476389408111572
v 0.11555146425962448 -0.06078977882862091 1.7737548351287842
v 0.11662247776985168 0.0012724698754027486 1.790174961090088
v 0.32753363251686096 0.0012590765254572034 1.7638165950775146
v 0.32452285289764404 -0.06080305203795433 1.7476389408111572
v 0.32753363251686096 0.0012590765254572034 1.7638165950775146
v 0.5289387106895447 -0.06083383411169052 1.6969904899597168
v 0.32452285289764404 -0.06080305203795433 1.7476389408111572
v 0.32753363251686096 0.0012590765254572034 1.7638165950775146
v 0.533846914768219 0.0012280085356906056 1.7126981019973755
v 0.5289387106895447 -0.06083383411169052 1.6969904899597168
v 0.533846914768219 0.0012280085356906056 1.7126981019973755
v 0.7259294390678406 -0.06088169664144516 1.6225206851959229
v 0.5289387106895447 -0.06083383411169052 1.6969904899597168
v 0.533846914768219 0.0012280085356906056 1.7126981019973755
v 0.7326661944389343 0.001179701997898519 1.6375371217727661
v 0.7259294390678406 -0.06088169664144516 1.6225206851959229
v 0.7326661944389343 0.001179701997898519 1.6375371217727661
v 0.9127296805381775 -0.060945965349674225 1.5252748727798462
v 0.7259294390678406 -0.06088169664144516 1.6225206851959229
v 0.7326661944389343 0.001179701997898519 1.6375371217727661
v 0.9212003946304321 0.0011148349149152637 1.5393885374069214
v 0.9127296805381775 -0.060945965349674225 1.5252748727798462
v 0.9212003946304321 0.0011148349149152637 1.5393885374069214
v 1.0867173671722412 -0.06102574244141579 1.4066182374954224
v 0.9127296805381775 -0.060945965349674225 1.5252748727798462
v 0.9212003946304321 0.0011148349149152637 1.5393885374069214
v 1.0968029499053955 0.0010343180038034916 1.419630527496338
v 1.0867173671722412 -0.06102574244141579 1.4066182374954224
v 1.0968029499053955 0.0010343180038034916 1.419630527496338
v 1.2454497814178467 -0.06111990287899971 1.2682162523269653
v 1.0867173671722412 -0.06102574244141579 1.4066182374954224
v 1.0968029499053955 0.0010343180038034916 1.419630527496338
v 1.2570087909698486 0.0009392815409228206 1.279943823814392
v 1.2454497814178467 -0.06111990287899971 1.2682162523269653
v 1.2570087909698486 0.0009392815409228206 1.279943823814392
v 1.3866989612579346 -0.06122713163495064 1.1120121479034424
v 1.2454497814178467 -0.06111990287899971 1.2682162523269653
v 1.2570087909698486 0.0009392815409228206 1.279943823814392
v 1.399569034576416 0.0008310597040690482 1.1222896575927734
v 1.3866989612579346 -0.06122713163495064 1.1120121479034424
v 1.399569034576416 0.0008310597040690482 1.1222896575927734
v 1.508481740951538 -0.061345916241407394 0.9401982426643372
v 1.3866989612579346 -0.06122713163495064 1.1120121479034424
v 1.399569034576416 0.0008310597040690482 1.1222896575927734
v 1.5224823951721191 0.0007111715967766941 0.9488810896873474
v 1.508481740951538 -0.061345916241407394 0.9401982426643372
v 1.5224823951721191 0.0007111715967766941 0.9488810896873474
v 1.6090888977050781 -0.061474595218896866 0.7551866769790649
v 1.508481740951538 -0.061345916241407394 0.9401982426643372
v 1.5224823951721191 0.0007111715967766941 0.9488810896873474
v 1.6240234375 0.0005813001771457493 0.7621521353721619
v 1.6090888977050781 -0.061474595218896866 0.7551866769790649
v 1.6240234375 0.0005813001771457493 0.7621521353721619
v 1.687108039855957 -0.0616113543510437 0.559574544429779
v 1.6090888977050781 -0.061474595218896866 0.7551866769790649
v 1.6240234375 0.0005813001771457493 0.7621521353721619
v 1.7027667760849 0.0004432685673236847 0.5647242665290833
v 1.687108039855957 -0.0616113543510437 0.559574544429779
v 1.7027667760849 0.0004432685673236847 0.5647242665290833
v 1.7414438724517822 -0.06175428256392479 0.3561078608036041
v 1.687108039855957 -0.0616113543510437 0.559574544429779
v 1.7027667760849 0.0004432685673236847 0.5647242665290833
v 1.757606863975525 0.00029901444213464856 0.3593689501285553
v 1.7414438724517822 -0.06175428256392479 0.3561078608036041
v 1.757606863975525 0.00029901444213464856 0.3593689501285553
v 1.7713336944580078 -0.06190136820077896 0.1476428061723709
v 1.7414438724517822 -0.06175428256392479 0.3561078608036041
v 1.757606863975525 0.00029901444213464856 0.3593689501285553
v 1.7877742052078247 0.00015056278789415956 0.1489688605070114
v 1.7713336944580078 -0.06190136820077896 0.1476428061723709
v 1.7877742052078247 0.00015056278789415956 0.1489688605070114
v 1.776357889175415 -0.06205055117607117 -0.06289420276880264
v 1.7713336944580078 -0.06190136820077896 0.1476428061723709
v 1.7877742052078247 0.00015056278789415956 0.1489688605070114
v 1.7928450107574463 -2.408480748172792e-9 -0.06352242082357407
v 1.7928450107574463 -2.408480748172792e-9 -0.06352242082357407
v 1.776357889175415 -0.06205055117607117 -0.06289420276880264
f 1 2 3
f 4 5 6
f 7 8 9
f 10 11 12
f 13 14 15
f 16 17 18
f 19 20 21
f 22 23 24
f 25 26 27
f 28 29 30
f 31 32 33
f 34 35 36
f 37 38 39
f 40 41 42
f 43 44 45
f 46 47 48
f 49 50 51
f 52 53 54
f 55 56 57
f 58 59 60
f 61 62 63
f 64 65 66
f 67 68 69
f 70 71 72
f 73 74 75
f 76 77 78
f 79 80 81
f 82 83 84
f 85 86 87
f 88 89 90
f 91 92 93
f 94 95 96
f 97 98 99
f 100 101 102
f 103 104 105
f 106 107 108
f 109 110 111
f 112 113 114
f 115 116 117
f 118 119 120
f 121 122 123
f 124 125 126
f 127 128 129
f 130 131 132
f 133 134 135
f 136 137 138
f 139 140 141
f 142 143 144
f 145 146 147
f 148 149 150
f 151 152 153
f 154 155 156
f 157 158 159
f 160 161 162
f 163 164 165
f 166 167 168
f 169 170 171
f 172 173 174
f 175 176 177
f 178 179 180
f 181 182 183
f 184 185 186
f 187 188 189
f 190 191 192
f 193 194 195
f 196 197 198
f 199 200 201
f 202 203 204
f 205 206 207
f 208 209 210
f 211 212 213
f 214 215 216
f 217 218 219
f 220 221 222
f 223 224 225
f 226 227 228
f 229 230 231
f 232 233 234
f 235 236 237
f 238 239 240
f 241 242 243
f 244 245 246
f 247 248 249
f 250 251 252
f 253 254 255
f 256 257 258
f 259 260 261
f 262 263 264
f 265 266 267
f 268 269 270
f 271 272 273
f 274 275 276
f 277 278 279
f 280 281 282
f 283 284 285
f 286 287 288
f 289 290 291
f 292 293 294
f 295 296 297
f 298 299 300
f 301 302 303
f 304 305 306
f 307 308 309
f 310 311 312
f 313 314 315
f 316 317 318
f 319 320 321
f 322 323 324
f 325 326 327
f 328 329 330
f 331 332 333
f 334 335 336
f 337 338 339
f 340 341 342
f 343 344 345
f 346 347 348
f 349 350 351
f 352 353 354
f 355 356 357
f 358 359 360
f 361 362 363
f 364 365 366
f 367 368 369
f 370 371 372
f 373 374 375
f 376 377 378
f 379 380 381
f 382 383 384
f 385 386 387
f 388 389 390
f 391 392 393
f 394 395 396
f 397 398 399
f 400 401 402
f 403 404 405
f 406 407 408
f 409 410 411
f 412 413 414
f 415 416 417
f 418 419 420
f 421 422 423
f 424 425 426
f 427 428 429
f 430 431 432
f 433 434 435
f 436 437 438
f 439 440 441
f 442 443 444
f 445 446 447
f 448 449 450
f 451 452 453
f 454 455 456
f 457 458 459
f 460 461 462
f 463 464 465
f 466 467 468
f 469 470 471
f 472 473 474
f 475 476 477
f 478 479 480
f 481 482 483
f 484 485 486
f 487 488 489
f 490 491 492
f 493 494 495
f 496 497 498
f 499 500 501
f 502 503 504
f 505 506 507
f 508 509 510
f 511 512 513
f 514 515 516
f 517 518 519
f 520 521 522
f 523 524 525
f 526 527 528
f 529 530 531
f 532 533 534
f 535 536 537
f 538 539 540
f 541 542 543
f 544 545 546
f 547 548 549
f 550 551 552
f 553 554 555
f 556 557 558
f 559 560 561
f 562 563 564
f 565 566 567
f 568 569 570
f 571 572 573
f 574 575 576
f 577 578 579
f 580 581 582
f 583 584 585
f 586 587 588
f 589 590 591
f 592 593 594
f 595 596 597
f 598 599 600
f 601 602 603
f 604 605 606
f 607 608 609
f 610 611 612
f 613 614 615
f 616 617 618
f 619 620 621
f 622 623 624
f 625 626 627
f 628 629 630
f 631 632 633
f 634 635 636
f 637 638 639
f 640 641 642
f 643 644 645
f 646 647 648
f 649 650 651
f 652 653 654
f 655 656 657
f 658 659 660
f 661 662 663
f 664 665 666
f 667 668 669
f 670 671 672
f 673 674 675
f 676 677 678
f 679 680 681
f 682 683 684
f 685 686 687
f 688 689 690
f 691 692 693
f 694 695 696
f 697 698 699
f 700 701 702
f 703 704 705
f 706 707 708
f 709 710 711
f 712 713 714
f 715 716 717
f 718 719 720
f 721 722 723
f 724 725 726
f 727 728 729
f 730 731 732
f 733 734 735
f 736 737 738
f 739 740 741
f 742 743 744
f 745 746 747
f 748 749 750
f 751 752 753
f 754 755 756
f 757 758 759
f 760 761 762
f 763 764 765
f 766 767 768
f 769 770 771
f 772 773 774
f 775 776 777
f 778 779 780
f 781 782 783
f 784 785 786
f 787 788 789
f 790 791 792
f 793 794 795
f 796 797 798
f 799 800 801
f 802 803 804
f 805 806 807
f 808 809 810
f 811 812 813
f 814 815 816
f 817 818 819
f 820 821 822
f 823 824 825
f 826 827 828
f 829 830 831
f 832 833 834
f 835 836 837
f 838 839 840
f 841 842 843
f 844 845 846
f 847 848 849
f 850 851 852
f 853 854 855
f 856 857 858
f 859 860 861
f 862 863 864
f 865 866 867
f 868 869 870
f 871 872 873
f 874 875 876
f 877 878 879
f 880 881 882
f 883 884 885
f 886 887 888
f 889 890 891
f 892 893 894
f 895 896 897
f 898 899 900
f 901 902 903
f 904 905 906
f 907 908 909
f 910 911 912
f 913 914 915
f 916 917 918
f 919 920 921
f 922 923 924
f 925 926 927
f 928 929 930
f 931 932 933
f 934 935 936
f 937 938 939
f 940 941 942
f 943 944 945
f 946 947 948
f 949 950 951
f 952 953 954
f 955 956 957
f 958 959 960
f 961 962 963
f 964 965 966
f 967 968 969
f 970 971 972
f 973 974 975
f 976 977 978
f 979 980 981
f 982 983 984
f 985 986 987
f 988 989 990
f 991 992 993
f 994 995 996
f 997 998 999
f 1000 1001 1002
f 1003 1004 1005
f 1006 1007 1008
f 1009 1010 1011
f 1012 1013 1014
f 1015 1016 1017
f 1018 1019 1020
f 1021 1022 1023
f 1024 1025 1026
f 1027 1028 1029
f 1030 1031 1032
f 1033 1034 1035
f 1036 1037 1038
f 1039 1040 1041
f 1042 1043 1044
f 1045 1046 1047
f 1048 1049 1050
f 1051 1052 1053
f 1054 1055 1056
f 1057 1058 1059
f 1060 1061 1062
f 1063 1064 1065
f 1066 1067 1068
f 1069 1070 1071
f 1072 1073 1074
f 1075 1076 1077
f 1078 1079 1080
f 1081 1082 1083
f 1084 1085 1086
f 1087 1088 1089
f 1090 1091 1092
f 1093 1094 1095
f 1096 1097 1098
f 1099 1100 1101
f 1102 1103 1104
f 1105 1106 1107
f 1108 1109 1110
f 1111 1112 1113
f 1114 1115 1116
f 1117 1118 1119
f 1120 1121 1122
f 1123 1124 1125
f 1126 1127 1128
f 1129 1130 1131
f 1132 1133 1134
f 1135 1136 1137
f 1138 1139 1140
f 1141 1142 1143
f 1144 1145 1146
f 1147 1148 1149
f 1150 1151 1152
f 1153 1154 1155
f 1156 1157 1158
f 1159 1160 1161
f 1162 1163 1164
f 1165 1166 1167
f 1168 1169 1170
f 1171 1172 1173
f 1174 1175 1176
f 1177 1178 1179
f 1180 1181 1182
f 1183 1184 1185
f 1186 1187 1188
f 1189 1190 1191
f 1192 1193 1194
f 1195 1196 1197
f 1198 1199 1200
f 1201 1202 1203
f 1204 1205 1206
f 1207 1208 1209
f 1210 1211 1212
f 1213 1214 1215
f 1216 1217 1218
f 1219 1220 1221
f 1222 1223 1224
f 1225 1226 1227
f 1228 1229 1230
f 1231 1232 1233
f 1234 1235 1236
f 1237 1238 1239
f 1240 1241 1242
f 1243 1244 1245
f 1246 1247 1248
f 1249 1250 1251
f 1252 1253 1254
f 1255 1256 1257
f 1258 1259 1260
f 1261 1262 1263
f 1264 1265 1266
f 1267 1268 1269
f 1270 1271 1272
f 1273 1274 1275
f 1276 1277 1278
f 1279 1280 1281
f 1282 1283 1284
f 1285 1286 1287
f 1288 1289 1290
f 1291 1292 1293
f 1294 1295 1296
f 1297 1298 1299
f 1300 1301 1302
f 1303 1304 1305
f 1306 1307 1308
f 1309 1310 1311
f 1312 1313 1314
f 1315 1316 1317
f 1318 1319 1320
f 1321 1322 1323
f 1324 1325 1326
f 1327 1328 1329
f 1330 1331 1332
f 1333 1334 1335
f 1336 1337 1338
f 1339 1340 1341
f 1342 1343 1344
f 1345 1346 1347
f 1348 1349 1350
f 1351 1352 1353
f 1354 1355 1356
f 1357 1358 1359
f 1360 1361 1362
f 1363 1364 1365
f 1366 1367 1368
f 1369 1370 1371
f 1372 1373 1374
f 1375 1376 1377
f 1378 1379 1380
f 1381 1382 1383
f 1384 1385 1386
f 1387 1388 1389
f 1390 1391 1392
f 1393 1394 1395
f 1396 1397 1398
f 1399 1400 1401
f 1402 1403 1404
f 1405 1406 1407
f 1408 1409 1410
f 1411 1412 1413
f 1414 1415 1416
f 1417 1418 1419
f 1420 1421 1422
f 1423 1424 1425
f 1426 1427 1428
f 1429 1430 1431
f 1432 1433 1434
f 1435 1436 1437
f 1438 1439 1440
f 1441 1442 1443
f 1444 1445 1446
f 1447 1448 1449
f 1450 1451 1452
f 1453 1454 1455
f 1456 1457 1458
f 1459 1460 1461
f 1462 1463 1464
f 1465 1466 1467
f 1468 1469 1470
f 1471 1472 1473
f 1474 1475 1476
f 1477 1478 1479
f 1480 1481 1482
f 1483 1484 1485
f 1486 1487 1488
f 1489 1490 1491
f 1492 1493 1494
f 1495 1496 1497
f 1498 1499 1500
f 1501 1502 1503
f 1504 1505 1506
f 1507 1508 1509
f 1510 1511 1512
f 1513 1514 1515
f 1516 1517 1518
f 1519 1520 1521
f 1522 1523 1524
f 1525 1526 1527
f 1528 1529 1530
f 1531 1532 1533
f 1534 1535 1536
f 1537 1538 1539
f 1540 1541 1542
f 1543 1544 1545
f 1546 1547 1548
f 1549 1550 1551
f 1552 1553 1554
f 1555 1556 1557
f 1558 1559 1560
f 1561 1562 1563
f 1564 1565 1566
f 1567 1568 1569
f 1570 1571 1572
f 1573 1574 1575
f 1576 1577 1578
f 1579 1580 1581
f 1582 1583 1584
f 1585 1586 1587
f 1588 1589 1590
f 1591 1592 1593
f 1594 1595 1596
f 1597 1598 1599
f 1600 1601 1602
f 1603 1604 1605
f 1606 1607 1608
f 1609 1610 1611
f 1612 1613 1614
f 1615 1616 1617
f 1618 1619 1620
f 1621 1622 1623
f 1624 1625 1626
f 1627 1628 1629
f 1630 1631 1632
f 1633 1634 1635
f 1636 1637 1638
f 1639 1640 1641
f 1642 1643 1644
f 1645 1646 1647
f 1648 1649 1650
f 1651 1652 1653
f 1654 1655 1656
f 1657 1658 1659
f 1660 1661 1662
f 1663 1664 1665
f 1666 1667 1668
f 1669 1670 1671
f 1672 1673 1674
f 1675 1676 1677
f 1678 1679 1680
f 1681 1682 1683
f 1684 1685 1686
f 1687 1688 1689
f 1690 1691 1692
f 1693 1694 1695
f 1696 1697 1698
f 1699 1700 1701
f 1702 1703 1704
f 1705 1706 1707
f 1708 1709 1710
f 1711 1712 1713
f 1714 1715 1716
f 1717 1718 1719
f 1720 1721 1722
f 1723 1724 1725
f 1726 1727 1728
f 1729 1730 1731
f 1732 1733 1734
f 1735 1736 1737
f 1738 1739 1740
f 1741 1742 1743
f 1744 1745 1746
f 1747 1748 1749
f 1750 1751 1752
f 1753 1754 1755
f 1756 1757 1758
f 1759 1760 1761
f 1762 1763 1764
f 1765 1766 1767
f 1768 1769 1770
f 1771 1772 1773
f 1774 1775 1776
f 1777 1778 1779
f 1780 1781 1782
f 1783 1784 1785
f 1786 1787 1788
f 1789 1790 1791
f 1792 1793 1794
f 1795 1796 1797
f 1798 1799 1800
f 1801 1802 1803
f 1804 1805 1806
f 1807 1808 1809
f 1810 1811 1812
f 1813 1814 1815
f 1816 1817 1818
f 1819 1820 1821
f 1822 1823 1824
f 1825 1826 1827
f 1828 1829 1830
f 1831 1832 1833
f 1834 1835 1836
f 1837 1838 1839
f 1840 1841 1842
f 1843 1844 1845
f 1846 1847 1848
f 1849 1850 1851
f 1852 1853 1854
f 1855 1856 1857
f 1858 1859 1860
f 1861 1862 1863
f 1864 1865 1866
f 1867 1868 1869
f 1870 1871 1872
f 1873 1874 1875
f 1876 1877 1878
f 1879 1880 1881
f 1882 1883 1884
f 1885 1886 1887
f 1888 1889 1890
f 1891 1892 1893
f 1894 1895 1896
f 1897 1898 1899
f 1900 1901 1902
f 1903 1904 1905
f 1906 1907 1908
f 1909 1910 1911
f 1912 1913 1914
f 1915 1916 1917
f 1918 1919 1920
f 1921 1922 1923
f 1924 1925 1926
f 1927 1928 1929
f 1930 1931 1932
f 1933 1934 1935
f 1936 1937 1938
f 1939 1940 1941
f 1942 1943 1944
f 1945 1946 1947
f 1948 1949 1950
f 1951 1952 1953
f 1954 1955 1956
f 1957 1958 1959
f 1960 1961 1962
f 1963 1964 1965
f 1966 1967 1968
f 1969 1970 1971
f 1972 1973 1974
f 1975 1976 1977
f 1978 1979 1980
f 1981 1982 1983
f 1984 1985 1986
f 1987 1988 1989
f 1990 1991 1992
f 1993 1994 1995
f 1996 1997 1998
f 1999 2000 2001
f 2002 2003 2004
f 2005 2006 2007
f 2008 2009 2010
f 2011 2012 2013
f 2014 2015 2016
f 2017 2018 2019
f 2020 2021 2022
f 2023 2024 2025
f 2026 2027 2028
f 2029 2030 2031
f 2032 2033 2034
f 2035 2036 2037
f 2038 2039 2040
f 2041 2042 2043
f 2044 2045 2046
f 2047 2048 2049
f 2050 2051 2052
f 2053 2054 2055
f 2056 2057 2058
f 2059 2060 2061
f 2062 2063 2064
f 2065 2066 2067
f 2068 2069 2070
f 2071 2072 2073
f 2074 2075 2076
f 2077 2078 2079
f 2080 2081 2082
f 2083 2084 2085
f 2086 2087 2088
f 2089 2090 2091
f 2092 2093 2094
f 2095 2096 2097
f 2098 2099 2100
f 2101 2102 2103
f 2104 2105 2106
f 2107 2108 2109
f 2110 2111 2112
f 2113 2114 2115
f 2116 2117 2118
f 2119 2120 2121
f 2122 2123 2124
f 2125 2126 2127
f 2128 2129 2130
f 2131 2132 2133
f 2134 2135 2136
f 2137 2138 2139
f 2140 2141 2142
f 2143 2144 2145
f 2146 2147 2148
f 2149 2150 2151
f 2152 2153 2154
f 2155 2156 2157
f 2158 2159 2160
f 2161 2162 2163
f 2164 2165 2166
f 2167 2168 2169
f 2170 2171 2172
f 2173 2174 2175
f 2176 2177 2178
f 2179 2180 2181
f 2182 2183 2184
f 2185 2186 2187
f 2188 2189 2190
f 2191 2192 2193
f 2194 2195 2196
f 2197 2198 2199
f 2200 2201 2202
f 2203 2204 2205
f 2206 2207 2208
f 2209 2210 2211
f 2212 2213 2214
f 2215 2216 2217
f 2218 2219 2220
f 2221 2222 2223
f 2224 2225 2226
f 2227 2228 2229
f 2230 2231 2232
f 2233 2234 2235
f 2236 2237 2238
f 2239 2240 2241
f 2242 2243 2244
f 2245 2246 2247
f 2248 2249 2250
f 2251 2252 2253
f 2254 2255 2256
f 2257 2258 2259
f 2260 2261 2262
f 2263 2264 2265
f 2266 2267 2268
f 2269 2270 2271
f 2272 2273 2274
f 2275 2276 2277
f 2278 2279 2280
f 2281 2282 2283
f 2284 2285 2286
f 2287 2288 2289
f 2290 2291 2292
f 2293 2294 2295
f 2296 2297 2298
f 2299 2300 2301
f 2302 2303 2304
f 2305 2306 2307
f 2308 2309 2310
f 2311 2312 2313
f 2314 2315 2316
f 2317 2318 2319
f 2320 2321 2322
f 2323 2324 2325
f 2326 2327 2328
f 2329 2330 2331
f 2332 2333 2334
f 2335 2336 2337
f 2338 2339 2340
f 2341 2342 2343
f 2344 2345 2346
f 2347 2348 2349
f 2350 2351 2352
f 2353 2354 2355
f 2356 2357 2358
f 2359 2360 2361
f 2362 2363 2364
f 2365 2366 2367
f 2368 2369 2370
f 2371 2372 2373
f 2374 2375 2376
f 2377 2378 2379
f 2380 2381 2382
f 2383 2384 2385
f 2386 2387 2388
f 2389 2390 2391
f 2392 2393 2394
f 2395 2396 2397
f 2398 2399 2400
f 2401 2402 2403
f 2404 2405 2406
f 2407 2408 2409
f 2410 2411 2412
f 2413 2414 2415
f 2416 2417 2418
f 2419 2420 2421
f 2422 2423 2424
f 2425 2426 2427
f 2428 2429 2430
f 2431 2432 2433
f 2434 2435 2436
f 2437 2438 2439
f 2440 2441 2442
f 2443 2444 2445
f 2446 2447 2448
f 2449 2450 2451
f 2452 2453 2454
f 2455 2456 2457
f 2458 2459 2460
f 2461 2462 2463
f 2464 2465 2466
f 2467 2468 2469
f 2470 2471 2472
f 2473 2474 2475
f 2476 2477 2478
f 2479 2480 2481
f 2482 2483 2484
f 2485 2486 2487
f 2488 2489 2490
f 2491 2492 2493
f 2494 2495 2496
f 2497 2498 2499
f 2500 2501 2502
f 2503 2504 2505
f 2506 2507 2508
f 2509 2510 2511
f 2512 2513 2514
f 2515 2516 2517
f 2518 2519 2520
f 2521 2522 2523
f 2524 2525 2526
f 2527 2528 2529
f 2530 2531 2532
f 2533 2534 2535
f 2536 2537 2538
f 2539 2540 2541
f 2542 2543 2544
f 2545 2546 2547
f 2548 2549 2550
f 2551 2552 2553
f 2554 2555 2556
f 2557 2558 2559
f 2560 2561 2562
f 2563 2564 2565
f 2566 2567 2568
f 2569 2570 2571
f 2572 2573 2574
f 2575 2576 2577
f 2578 2579 2580
f 2581 2582 2583
f 2584 2585 2586
f 2587 2588 2589
f 2590 2591 2592
f 2593 2594 2595
f 2596 2597 2598
f 2599 2600 2601
f 2602 2603 2604
f 2605 2606 2607
f 2608 2609 2610
f 2611 2612 2613
f 2614 2615 2616
f 2617 2618 2619
f 2620 2621 2622
f 2623 2624 2625
f 2626 2627 2628
f 2629 2630 2631
f 2632 2633 2634
f 2635 2636 2637
f 2638 2639 2640
f 2641 2642 2643
f 2644 2645 2646
f 2647 2648 2649
f 2650 2651 2652
f 2653 2654 2655
f 2656 2657 2658
f 2659 2660 2661
f 2662 2663 2664
f 2665 2666 2667
f 2668 2669 2670
f 2671 2672 2673
f 2674 2675 2676
f 2677 2678 2679
f 2680 2681 2682
f 2683 2684 2685
f 2686 2687 2688
f 2689 2690 2691
f 2692 2693 2694
f 2695 2696 2697
f 2698 2699 2700
f 2701 2702 2703
f 2704 2705 2706
f 2707 2708 2709
f 2710 2711 2712
f 2713 2714 2715
f 2716 2717 2718
f 2719 2720 2721
f 2722 2723 2724
f 2725 2726 2727
f 2728 2729 2730
f 2731 2732 2733
f 2734 2735 2736
f 2737 2738 2739
f 2740 2741 2742
f 2743 2744 2745
f 2746 2747 2748
f 2749 2750 2751
f 2752 2753 2754
f 2755 2756 2757
f 2758 2759 2760
f 2761 2762 2763
f 2764 2765 2766
f 2767 2768 2769
f 2770 2771 2772
f 2773 2774 2775
f 2776 2777 2778
f 2779 2780 2781
f 2782 2783 2784
f 2785 2786 2787
f 2788 2789 2790
f 2791 2792 2793
f 2794 2795 2796
f 2797 2798 2799
f 2800 2801 2802
f 2803 2804 2805
f 2806 2807 2808
f 2809 2810 2811
f 2812 2813 2814
f 2815 2816 2817
f 2818 2819 2820
f 2821 2822 2823
f 2824 2825 2826
f 2827 2828 2829
f 2830 2831 2832
f 2833 2834 2835
f 2836 2837 2838
f 2839 2840 2841
f 2842 2843 2844
f 2845 2846 2847
f 2848 2849 2850
f 2851 2852 2853
f 2854 2855 2856
f 2857 2858 2859
f 2860 2861 2862
f 2863 2864 2865
f 2866 2867 2868
f 2869 2870 2871
f 2872 2873 2874
f 2875 2876 2877
f 2878 2879 2880
f 2881 2882 2883
f 2884 2885 2886
f 2887 2888 2889
f 2890 2891 2892
f 2893 2894 2895
f 2896 2897 2898
f 2899 2900 2901
f 2902 2903 2904
f 2905 2906 2907
f 2908 2909 2910
f 2911 2912 2913
f 2914 2915 2916
f 2917 2918 2919
f 2920 2921 2922
f 2923 2924 2925
f 2926 2927 2928
f 2929 2930 2931
f 2932 2933 2934
f 2935 2936 2937
f 2938 2939 2940
f 2941 2942 2943
f 2944 2945 2946
f 2947 2948 2949
f 2950 2951 2952
f 2953 2954 2955
f 2956 2957 2958
f 2959 2960 2961
f 2962 2963 2964
f 2965 2966 2967
f 2968 2969 2970
f 2971 2972 2973
f 2974 2975 2976
f 2977 2978 2979
f 2980 2981 2982
f 2983 2984 2985
f 2986 2987 2988
f 2989 2990 2991
f 2992 2993 2994
f 2995 2996 2997
f 2998 2999 3000
f 3001 3002 3003
f 3004 3005 3006
f 3007 3008 3009
f 3010 3011 3012
f 3013 3014 3015
f 3016 3017 3018
f 3019 3020 3021
f 3022 3023 3024
f 3025 3026 3027
f 3028 3029 3030
f 3031 3032 3033
f 3034 3035 3036
f 3037 3038 3039
f 3040 3041 3042
f 3043 3044 3045
f 3046 3047 3048
f 3049 3050 3051
f 3052 3053 3054
f 3055 3056 3057
f 3058 3059 3060
f 3061 3062 3063
f 3064 3065 3066
f 3067 3068 3069
f 3070 3071 3072
f 3073 3074 3075
f 3076 3077 3078
f 3079 3080 3081
f 3082 3083 3084
f 3085 3086 3087
f 3088 3089 3090
f 3091 3092 3093
f 3094 3095 3096
f 3097 3098 3099
f 3100 3101 3102
f 3103 3104 3105
f 3106 3107 3108
f 3109 3110 3111
f 3112 3113 3114
f 3115 3116 3117
f 3118 3119 3120
f 3121 3122 3123
f 3124 3125 3126
f 3127 3128 3129
f 3130 3131 3132
f 3133 3134 3135
f 3136 3137 3138
f 3139 3140 3141
f 3142 3143 3144
f 3145 3146 3147
f 3148 3149 3150
f 3151 3152 3153
f 3154 3155 3156
f 3157 3158 3159
f 3160 3161 3162
f 3163 3164 3165
f 3166 3167 3168
f 3169 3170 3171
f 3172 3173 3174
f 3175 3176 3177
f 3178 3179 3180
f 3181 3182 3183
f 3184 3185 3186
f 3187 3188 3189
f 3190 3191 3192
f 3193 3194 3195
f 3196 3197 3198
f 3199 3200 3201
f 3202 3203 3204
f 3205 3206 3207
f 3208 3209 3210
f 3211 3212 3213
f 3214 3215 3216
f 3217 3218 3219
f 3220 3221 3222
f 3223 3224 3225
f 3226 3227 3228
f 3229 3230 3231
f 3232 3233 3234
f 3235 3236 3237
f 3238 3239 3240
f 3241 3242 3243
f 3244 3245 3246
f 3247 3248 3249
f 3250 3251 3252
f 3253 3254 3255
f 3256 3257 3258
f 3259 3260 3261
f 3262 3263 3264
f 3265 3266 3267
f 3268 3269 3270
f 3271 3272 3273
f 3274 3275 3276
f 3277 3278 3279
f 3280 3281 3282
f 3283 3284 3285
f 3286 3287 3288
f 3289 3290 3291
f 3292 3293 3294
f 3295 3296 3297
f 3298 3299 3300
f 3301 3302 3303
f 3304 3305 3306
f 3307 3308 3309
f 3310 3311 3312
f 3313 3314 3315
f 3316 3317 3318
f 3319 3320 3321
f 3322 3323 3324
f 3325 3326 3327
f 3328 3329 3330
f 3331 3332 3333
f 3334 3335 3336
f 3337 3338 3339
f 3340 3341 3342
f 3343 3344 3345
f 3346 3347 3348
f 3349 3350 3351
f 3352 3353 3354
f 3355 3356 3357
f 3358 3359 3360
f 3361 3362 3363
f 3364 3365 3366
f 3367 3368 3369
f 3370 3371 3372
f 3373 3374 3375
f 3376 3377 3378
f 3379 3380 3381
f 3382 3383 3384
f 3385 3386 3387
f 3388 3389 3390
f 3391 3392 3393
f 3394 3395 3396
f 3397 3398 3399
f 3400 3401 3402
f 3403 3404 3405
f 3406 3407 3408
f 3409 3410 3411
f 3412 3413 3414
f 3415 3416 3417
f 3418 3419 3420
f 3421 3422 3423
f 3424 3425 3426
f 3427 3428 3429
f 3430 3431 3432
f 3433 3434 3435
f 3436 3437 3438
f 3439 3440 3441
f 3442 3443 3444
f 3445 3446 3447
f 3448 3449 3450
f 3451 3452 3453
f 3454 3455 3456
f 3457 3458 3459
f 3460 3461 3462
f 3463 3464 3465
f 3466 3467 3468
f 3469 3470 3471
f 3472 3473 3474
f 3475 3476 3477
f 3478 3479 3480
f 3481 3482 3483
f 3484 3485 3486
f 3487 3488 3489
f 3490 3491 3492
f 3493 3494 3495
f 3496 3497 3498
f 3499 3500 3501
f 3502 3503 3504
f 3505 3506 3507
f 3508 3509 3510
f 3511 3512 3513
f 3514 3515 3516
f 3517 3518 3519
f 3520 3521 3522
f 3523 3524 3525
f 3526 3527 3528
f 3529 3530 3531
f 3532 3533 3534
f 3535 3536 3537
f 3538 3539 3540
f 3541 3542 3543
f 3544 3545 3546
f 3547 3548 3549
f 3550 3551 3552
f 3553 3554 3555
f 3556 3557 3558
f 3559 3560 3561
f 3562 3563 3564
f 3565 3566 3567
f 3568 3569 3570
f 3571 3572 3573
f 3574 3575 3576
f 3577 3578 3579
f 3580 3581 3582
f 3583 3584 3585
f 3586 3587 3588
f 3589 3590 3591
f 3592 3593 3594
f 3595 3596 3597
f 3598 3599 3600
f 3601 3602 3603
f 3604 3605 3606
f 3607 3608 3609
f 3610 3611 3612
f 3613 3614 3615
f 3616 3617 3618
f 3619 3620 3621
f 3622 3623 3624
f 3625 3626 3627
f 3628 3629 3630
f 3631 3632 3633
f 3634 3635 3636
f 3637 3638 3639
f 3640 3641 3642
f 3643 3644 3645
f 3646 3647 3648
f 3649 3650 3651
f 3652 3653 3654
f 3655 3656 3657
f 3658 3659 3660
f 3661 3662 3663
f 3664 3665 3666
f 3667 3668 3669
f 3670 3671 3672
f 3673 3674 3675
f 3676 3677 3678
f 3679 3680 3681
f 3682 3683 3684
f 3685 3686 3687
f 3688 3689 3690
f 3691 3692 3693
f 3694 3695 3696
f 3697 3698 3699
f 3700 3701 3702
f 3703 3704 3705
f 3706 3707 3708
f 3709 3710 3711
f 3712 3713 3714
f 3715 3716 3717
f 3718 3719 3720
f 3721 3722 3723
f 3724 3725 3726
f 3727 3728 3729
f 3730 3731 3732
f 3733 3734 3735
f 3736 3737 3738
f 3739 3740 3741
f 3742 3743 3744
f 3745 3746 3747
f 3748 3749 3750
f 3751 3752 3753
f 3754 3755 3756
f 3757 3758 3759
f 3760 3761 3762
f 3763 3764 3765
f 3766 3767 3768
f 3769 3770 3771
f 3772 3773 3774
f 3775 3776 3777
f 3778 3779 3780
f 3781 3782 3783
f 3784 3785 3786
f 3787 3788 3789
f 3790 3791 3792
f 3793 3794 3795
f 3796 3797 3798
f 3799 3800 3801
f 3802 3803 3804
f 3805 3806 3807
f 3808 3809 3810
f 3811 3812 3813
f 3814 3815 3816
f 3817 3818 3819
f 3820 3821 3822
f 3823 3824 3825
f 3826 3827 3828
f 3829 3830 3831
f 3832 3833 3834
f 3835 3836 3837
f 3838 3839 3840
f 3841 3842 3843
f 3844 3845 3846
f 3847 3848 3849
f 3850 3851 3852
f 3853 3854 3855
f 3856 3857 3858
f 3859 3860 3861
f 3862 3863 3864
f 3865 3866 3867
f 3868 3869 3870
f 3871 3872 3873
f 3874 3875 3876
f 3877 3878 3879
f 3880 3881 3882
f 3883 3884 3885
f 3886 3887 3888
f 3889 3890 3891
f 3892 3893 3894
f 3895 3896 3897
f 3898 3899 3900
f 3901 3902 3903
f 3904 3905 3906
f 3907 3908 3909
f 3910 3911 3912
f 3913 3914 3915
f 3916 3917 3918
f 3919 3920 3921
f 3922 3923 3924
f 3925 3926 3927
f 3928 3929 3930
f 3931 3932 3933
f 3934 3935 3936
f 3937 3938 3939
f 3940 3941 3942
f 3943 3944 3945
f 3946 3947 3948
f 3949 3950 3951
f 3952 3953 3954
f 3955 3956 3957
f 3958 3959 3960
f 3961 3962 3963
f 3964 3965 3966
f 3967 3968 3969
f 3970 3971 3972
f 3973 3974 3975
f 3976 3977 3978
f 3979 3980 3981
f 3982 3983 3984
f 3985 3986 3987
f 3988 3989 3990
f 3991 3992 3993
f 3994 3995 3996
f 3997 3998 3999
f 4000 4001 4002
f 4003 4004 4005
f 4006 4007 4008
f 4009 4010 4011
f 4012 4013 4014
f 4015 4016 4017
f 4018 4019 4020
f 4021 4022 4023
f 4024 4025 4026
f 4027 4028 4029
f 4030 4031 4032
f 4033 4034 4035
f 4036 4037 4038
f 4039 4040 4041
f 4042 4043 4044
f 4045 4046 4047
f 4048 4049 4050
f 4051 4052 4053
f 4054 4055 4056
f 4057 4058 4059
f 4060 4061 4062
f 4063 4064 4065
f 4066 4067 4068
f 4069 4070 4071
f 4072 4073 4074
f 4075 4076 4077
f 4078 4079 4080
f 4081 4082 4083
f 4084 4085 4086
f 4087 4088 4089
f 4090 4091 4092
f 4093 4094 4095
f 4096 4097 4098
f 4099 4100 4101
f 4102 4103 4104
f 4105 4106 4107
f 4108 4109 4110
f 4111 4112 4113
f 4114 4115 4116
f 4117 4118 4119
f 4120 4121 4122
f 4123 4124 4125
f 4126 4127 4128
f 4129 4130 4131
f 4132 4133 4134
f 4135 4136 4137
f 4138 4139 4140
f 4141 4142 4143
f 4144 4145 4146
f 4147 4148 4149
f 4150 4151 4152
f 4153 4154 4155
f 4156 4157 4158
f 4159 4160 4161
f 4162 4163 4164
f 4165 4166 4167
f 4168 4169 4170
f 4171 4172 4173
f 4174 4175 4176
f 4177 4178 4179
f 4180 4181 4182
f 4183 4184 4185
f 4186 4187 4188
f 4189 4190 4191
f 4192 4193 4194
f 4195 4196 4197
f 4198 4199 4200
f 4201 4202 4203
f 4204 4205 4206
f 4207 4208 4209
f 4210 4211 4212
f 4213 4214 4215
f 4216 4217 4218
f 4219 4220 4221
f 4222 4223 4224
f 4225 4226 4227
f 4228 4229 4230
f 4231 4232 4233
f 4234 4235 4236
f 4237 4238 4239
f 4240 4241 4242
f 4243 4244 4245
f 4246 4247 4248
f 4249 4250 4251
f 4252 4253 4254
f 4255 4256 4257
f 4258 4259 4260
f 4261 4262 4263
f 4264 4265 4266
f 4267 4268 4269
f 4270 4271 4272
f 4273 4274 4275
f 4276 4277 4278
f 4279 4280 4281
f 4282 4283 4284
f 4285 4286 4287
f 4288 4289 4290
f 4291 4292 4293
f 4294 4295 4296
f 4297 4298 4299
f 4300 4301 4302
f 4303 4304 4305
f 4306 4307 4308
f 4309 4310 4311
f 4312 4313 4314
f 4315 4316 4317
f 4318 4319 4320
f 4321 4322 4323
f 4324 4325 4326
f 4327 4328 4329
f 4330 4331 4332
f 4333 4334 4335
f 4336 4337 4338
f 4339 4340 4341
f 4342 4343 4344
f 4345 4346 4347
f 4348 4349 4350
f 4351 4352 4353
f 4354 4355 4356
f 4357 4358 4359
f 4360 4361 4362
f 4363 4364 4365
f 4366 4367 4368
f 4369 4370 4371
f 4372 4373 4374
f 4375 4376 4377
f 4378 4379 4380
f 4381 4382 4383
f 4384 4385 4386
f 4387 4388 4389
f 4390 4391 4392
f 4393 4394 4395
f 4396 4397 4398
f 4399 4400 4401
f 4402 4403 4404
f 4405 4406 4407
f 4408 4409 4410
f 4411 4412 4413
f 4414 4415 4416
f 4417 4418 4419
f 4420 4421 4422
f 4423 4424 4425
f 4426 4427 4428
f 4429 4430 4431
f 4432 4433 4434
f 4435 4436 4437
f 4438 4439 4440
f 4441 4442 4443
f 4444 4445 4446
f 4447 4448 4449
f 4450 4451 4452
f 4453 4454 4455
f 4456 4457 4458
f 4459 4460 4461
f 4462 4463 4464
f 4465 4466 4467
f 4468 4469 4470
f 4471 4472 4473
f 4474 4475 4476
f 4477 4478 4479
f 4480 4481 4482
f 4483 4484 4485
f 4486 4487 4488
f 4489 4490 4491
f 4492 4493 4494
f 4495 4496 4497
f 4498 4499 4500
f 4501 4502 4503
f 4504 4505 4506
f 4507 4508 4509
f 4510 4511 4512
f 4513 4514 4515
f 4516 4517 4518
f 4519 4520 4521
f 4522 4523 4524
f 4525 4526 4527
f 4528 4529 4530
f 4531 4532 4533
f 4534 4535 4536
f 4537 4538 4539
f 4540 4541 4542
f 4543 4544 4545
f 4546 4547 4548
f 4549 4550 4551
f 4552 4553 4554
f 4555 4556 4557
f 4558 4559 4560
f 4561 4562 4563
f 4564 4565 4566
f 4567 4568 4569
f 4570 4571 4572
f 4573 4574 4575
f 4576 4577 4578
f 4579 4580 4581
f 4582 4583 4584
f 4585 4586 4587
f 4588 4589 4590
f 4591 4592 4593
f 4594 4595 4596
f 4597 4598 4599
f 4600 4601 4602
f 4603 4604 4605
f 4606 4607 4608
f 4609 4610 4611
f 4612 4613 4614
f 4615 4616 4617
f 4618 4619 4620
f 4621 4622 4623
f 4624 4625 4626
f 4627 4628 4629
f 4630 4631 4632
f 4633 4634 4635
f 4636 4637 4638
f 4639 4640 4641
f 4642 4643 4644
f 4645 4646 4647
f 4648 4649 4650
f 4651 4652 4653
f 4654 4655 4656
f 4657 4658 4659
f 4660 4661 4662
f 4663 4664 4665
f 4666 4667 4668
f 4669 4670 4671
f 4672 4673 4674
f 4675 4676 4677
f 4678 4679 4680
f 4681 4682 4683
f 4684 4685 4686
f 4687 4688 4689
f 4690 4691 4692
f 4693 4694 4695
f 4696 4697 4698
f 4699 4700 4701
f 4702 4703 4704
f 4705 4706 4707
f 4708 4709 4710
f 4711 4712 4713
f 4714 4715 4716
f 4717 4718 4719
f 4720 4721 4722
f 4723 4724 4725
f 4726 4727 4728
f 4729 4730 4731
f 4732 4733 4734
f 4735 4736 4737
f 4738 4739 4740
f 4741 4742 4743
f 4744 4745 4746
f 4747 4748 4749
f 4750 4751 4752
f 4753 4754 4755
f 4756 4757 4758
f 4759 4760 4761
f 4762 4763 4764
f 4765 4766 4767
f 4768 4769 4770
f 4771 4772 4773
f 4774 4775 4776
f 4777 4778 4779
f 4780 4781 4782
f 4783 4784 4785
f 4786 4787 4788
f 4789 4790 4791
f 4792 4793 4794
f 4795 4796 4797
f 4798 4799 4800
f 4801 4802 4803
f 4804 4805 4806
f 4807 4808 4809
f 4810 4811 4812
f 4813 4814 4815
f 4816 4817 4818
f 4819 4820 4821
f 4822 4823 4824
f 4825 4826 4827
f 4828 4829 4830
f 4831 4832 4833
f 4834 4835 4836
f 4837 4838 4839
f 4840 4841 4842
f 4843 4844 4845
f 4846 4847 4848
f 4849 4850 4851
f 4852 4853 4854
f 4855 4856 4857
f 4858 4859 4860
f 4861 4862 4863
f 4864 4865 4866
f 4867 4868 4869
f 4870 4871 4872
f 4873 4874 4875
f 4876 4877 4878
f 4879 4880 4881
f 4882 4883 4884
f 4885 4886 4887
f 4888 4889 4890
f 4891 4892 4893
f 4894 4895 4896
f 4897 4898 4899
f 4900 4901 4902
f 4903 4904 4905
f 4906 4907 4908
f 4909 4910 4911
f 4912 4913 4914
f 4915 4916 4917
f 4918 4919 4920
f 4921 4922 4923
f 4924 4925 4926
f 4927 4928 4929
f 4930 4931 4932
f 4933 4934 4935
f 4936 4937 4938
f 4939 4940 4941
f 4942 4943 4944
f 4945 4946 4947
f 4948 4949 4950
f 4951 4952 4953
f 4954 4955 4956
f 4957 4958 4959
f 4960 4961 4962
f 4963 4964 4965
f 4966 4967 4968
f 4969 4970 4971
f 4972 4973 4974
f 4975 4976 4977
f 4978 4979 4980
f 4981 4982 4983
f 4984 4985 4986
f 4987 4988 4989
f 4990 4991 4992
f 4993 4994 4995
f 4996 4997 4998
f 4999 5000 5001
f 5002 5003 5004
f 5005 5006 5007
f 5008 5009 5010
f 5011 5012 5013
f 5014 5015 5016
f 5017 5018 5019
f 5020 5021 5022
f 5023 5024 5025
f 5026 5027 5028
f 5029 5030 5031
f 5032 5033 5034
f 5035 5036 5037
f 5038 5039 5040
f 5041 5042 5043
f 5044 5045 5046
f 5047 5048 5049
f 5050 5051 5052
f 5053 5054 5055
f 5056 5057 5058
f 5059 5060 5061
f 5062 5063 5064
f 5065 5066 5067
f 5068 5069 5070
f 5071 5072 5073
f 5074 5075 5076
f 5077 5078 5079
f 5080 5081 5082
f 5083 5084 5085
f 5086 5087 5088
f 5089 5090 5091
f 5092 5093 5094
f 5095 5096 5097
f 5098 5099 5100
f 5101 5102 5103
f 5104 5105 5106
f 5107 5108 5109
f 5110 5111 5112
f 5113 5114 5115
f 5116 5117 5118
f 5119 5120 5121
f 5122 5123 5124
f 5125 5126 5127
f 5128 5129 5130
f 5131 5132 5133
f 5134 5135 5136
f 5137 5138 5139
f 5140 5141 5142
f 5143 5144 5145
f 5146 5147 5148
f 5149 5150 5151
f 5152 5153 5154
f 5155 5156 5157
f 5158 5159 5160
f 5161 5162 5163
f 5164 5165 5166
f 5167 5168 5169
f 5170 5171 5172
f 5173 5174 5175
f 5176 5177 5178
f 5179 5180 5181
f 5182 5183 5184
f 5185 5186 5187
f 5188 5189 5190
f 5191 5192 5193
f 5194 5195 5196
f 5197 5198 5199
f 5200 5201 5202
f 5203 5204 5205
f 5206 5207 5208
f 5209 5210 5211
f 5212 5213 5214
f 5215 5216 5217
f 5218 5219 5220
f 5221 5222 5223
f 5224 5225 5226
f 5227 5228 5229
f 5230 5231 5232
f 5233 5234 5235
f 5236 5237 5238
f 5239 5240 5241
f 5242 5243 5244
f 5245 5246 5247
f 5248 5249 5250
f 5251 5252 5253
f 5254 5255 5256
f 5257 5258 5259
f 5260 5261 5262
f 5263 5264 5265
f 5266 5267 5268
f 5269 5270 5271
f 5272 5273 5274
f 5275 5276 5277
f 5278 5279 5280
f 5281 5282 5283
f 5284 5285 5286
f 5287 5288 5289
f 5290 5291 5292
f 5293 5294 5295
f 5296 5297 5298
f 5299 5300 5301
f 5302 5303 5304
f 5305 5306 5307
f 5308 5309 5310
f 5311 5312 5313
f 5314 5315 5316
f 5317 5318 5319
f 5320 5321 5322
f 5323 5324 5325
f 5326 5327 5328
f 5329 5330 5331
f 5332 5333 5334
f 5335 5336 5337
f 5338 5339 5340
f 5341 5342 5343
f 5344 5345 5346
f 5347 5348 5349
f 5350 5351 5352
f 5353 5354 5355
f 5356 5357 5358
f 5359 5360 5361
f 5362 5363 5364
f 5365 5366 5367
f 5368 5369 5370
f 5371 5372 5373
f 5374 5375 5376
f 5377 5378 5379
f 5380 5381 5382
f 5383 5384 5385
f 5386 5387 5388
f 5389 5390 5391
f 5392 5393 5394
f 5395 5396 5397
f 5398 5399 5400
f 5401 5402 5403
f 5404 5405 5406
f 5407 5408 5409
f 5410 5411 5412
f 5413 5414 5415
f 5416 5417 5418
f 5419 5420 5421
f 5422 5423 5424
f 5425 5426 5427
f 5428 5429 5430
f 5431 5432 5433
f 5434 5435 5436
f 5437 5438 5439
f 5440 5441 5442
f 5443 5444 5445
f 5446 5447 5448
f 5449 5450 5451
f 5452 5453 5454
f 5455 5456 5457
f 5458 5459 5460
f 5461 5462 5463
f 5464 5465 5466
f 5467 5468 5469
f 5470 5471 5472
f 5473 5474 5475
f 5476 5477 5478
f 5479 5480 5481
f 5482 5483 5484
f 5485 5486 5487
f 5488 5489 5490
f 5491 5492 5493
f 5494 5495 5496
f 5497 5498 5499
f 5500 5501 5502
f 5503 5504 5505
f 5506 5507 5508
f 5509 5510 5511
f 5512 5513 5514
f 5515 5516 5517
f 5518 5519 5520
f 5521 5522 5523
f 5524 5525 5526
f 5527 5528 5529
f 5530 5531 5532
f 5533 5534 5535
f 5536 5537 5538
f 5539 5540 5541
f 5542 5543 5544
f 5545 5546 5547
f 5548 5549 5550
f 5551 5552 5553
f 5554 5555 5556
f 5557 5558 5559
f 5560 5561 5562
f 5563 5564 5565
f 5566 5567 5568
f 5569 5570 5571
f 5572 5573 5574
f 5575 5576 5577
f 5578 5579 5580
f 5581 5582 5583
f 5584 5585 5586
f 5587 5588 5589
f 5590 5591 5592
f 5593 5594 5595
f 5596 5597 5598
f 5599 5600 5601
f 5602 5603 5604
f 5605 5606 5607
f 5608 5609 5610
f 5611 5612 5613
f 5614 5615 5616
f 5617 5618 5619
f 5620 5621 5622
f 5623 5624 5625
f 5626 5627 5628
f 5629 5630 5631
f 5632 5633 5634
f 5635 5636 5637
f 5638 5639 5640
f 5641 5642 5643
f 5644 5645 5646
f 5647 5648 5649
f 5650 5651 5652
f 5653 5654 5655
f 5656 5657 5658
f 5659 5660 5661
f 5662 5663 5664
f 5665 5666 5667
f 5668 5669 5670
f 5671 5672 5673
f 5674 5675 5676
f 5677 5678 5679
f 5680 5681 5682
f 5683 5684 5685
f 5686 5687 5688
f 5689 5690 5691
f 5692 5693 5694
f 5695 5696 5697
f 5698 5699 5700
f 5701 5702 5703
f 5704 5705 5706
f 5707 5708 5709
f 5710 5711 5712
f 5713 5714 5715
f 5716 5717 5718
f 5719 5720 5721
f 5722 5723 5724
f 5725 5726 5727
f 5728 5729 5730
f 5731 5732 5733
f 5734 5735 5736
f 5737 5738 5739
f 5740 5741 5742
f 5743 5744 5745
f 5746 5747 5748
f 5749 5750 5751
f 5752 5753 5754
f 5755 5756 5757
f 5758 5759 5760
f 5761 5762 5763
f 5764 5765 5766
f 5767 5768 5769
f 5770 5771 5772
f 5773 5774 5775
f 5776 5777 5778
f 5779 5780 5781
f 5782 5783 5784
f 5785 5786 5787
f 5788 5789 5790
f 5791 5792 5793
f 5794 5795 5796
f 5797 5798 5799
f 5800 5801 5802
f 5803 5804 5805
f 5806 5807 5808
f 5809 5810 5811
f 5812 5813 5814
f 5815 5816 5817
f 5818 5819 5820
f 5821 5822 5823
f 5824 5825 5826
f 5827 5828 5829
f 5830 5831 5832
f 5833 5834 5835
f 5836 5837 5838
f 5839 5840 5841
f 5842 5843 5844
f 5845 5846 5847
f 5848 5849 5850
f 5851 5852 5853
f 5854 5855 5856
f 5857 5858 5859
f 5860 5861 5862
f 5863 5864 5865
f 5866 5867 5868
f 5869 5870 5871
f 5872 5873 5874
f 5875 5876 5877
f 5878 5879 5880
f 5881 5882 5883
f 5884 5885 5886
f 5887 5888 5889
f 5890 5891 5892
f 5893 5894 5895
f 5896 5897 5898
f 5899 5900 5901
f 5902 5903 5904
f 5905 5906 5907
f 5908 5909 5910
f 5911 5912 5913
f 5914 5915 5916
f 5917 5918 5919
f 5920 5921 5922
f 5923 5924 5925
f 5926 5927 5928
f 5929 5930 5931
f 5932 5933 5934
f 5935 5936 5937
f 5938 5939 5940
f 5941 5942 5943
f 5944 5945 5946
f 5947 5948 5949
f 5950 5951 5952
f 5953 5954 5955
f 5956 5957 5958
f 5959 5960 5961
f 5962 5963 5964
f 5965 5966 5967
f 5968 5969 5970
f 5971 5972 5973
f 5974 5975 5976
f 5977 5978 5979
f 5980 5981 5982
f 5983 5984 5985
f 5986 5987 5988
f 5989 5990 5991
f 5992 5993 5994
f 5995 5996 5997
f 5998 5999 6000
f 6001 6002 6003
f 6004 6005 6006
f 6007 6008 6009
f 6010 6011 6012
f 6013 6014 6015
f 6016 6017 6018
f 6019 6020 6021
f 6022 6023 6024
f 6025 6026 6027
f 6028 6029 6030
f 6031 6032 6033
f 6034 6035 6036
f 6037 6038 6039
f 6040 6041 6042
f 6043 6044 6045
f 6046 6047 6048
f 6049 6050 6051
f 6052 6053 6054
f 6055 6056 6057
f 6058 6059 6060
f 6061 6062 6063
f 6064 6065 6066
f 6067 6068 6069
f 6070 6071 6072
f 6073 6074 6075
f 6076 6077 6078
f 6079 6080 6081
f 6082 6083 6084
f 6085 6086 6087
f 6088 6089 6090
f 6091 6092 6093
f 6094 6095 6096
f 6097 6098 6099
f 6100 6101 6102
f 6103 6104 6105
f 6106 6107 6108
f 6109 6110 6111
f 6112 6113 6114
f 6115 6116 6117
f 6118 6119 6120
f 6121 6122 6123
f 6124 6125 6126
f 6127 6128 6129
f 6130 6131 6132
f 6133 6134 6135
f 6136 6137 6138
f 6139 6140 6141
f 6142 6143 6144
f 6145 6146 6147
f 6148 6149 6150
f 6151 6152 6153
f 6154 6155 6156
f 6157 6158 6159
f 6160 6161 6162
f 6163 6164 6165
f 6166 6167 6168
f 6169 6170 6171
f 6172 6173 6174
f 6175 6176 6177
f 6178 6179 6180
f 6181 6182 6183
f 6184 6185 6186
f 6187 6188 6189
f 6190 6191 6192
f 6193 6194 6195
f 6196 6197 6198
f 6199 6200 6201
f 6202 6203 6204
f 6205 6206 6207
f 6208 6209 6210
f 6211 6212 6213
f 6214 6215 6216
f 6217 6218 6219
f 6220 6221 6222
f 6223 6224 6225
f 6226 6227 6228
f 6229 6230 6231
f 6232 6233 6234
f 6235 6236 6237
f 6238 6239 6240
f 6241 6242 6243
f 6244 6245 6246
f 6247 6248 6249
f 6250 6251 6252
f 6253 6254 6255
f 6256 6257 6258
f 6259 6260 6261
f 6262 6263 6264
f 6265 6266 6267
f 6268 6269 6270
f 6271 6272 6273
f 6274 6275 6276
f 6277 6278 6279
f 6280 6281 6282
f 6283 6284 6285
f 6286 6287 6288
f 6289 6290 6291
f 6292 6293 6294
f 6295 6296 6297
f 6298 6299 6300
f 6301 6302 6303
f 6304 6305 6306
f 6307 6308 6309
f 6310 6311 6312
f 6313 6314 6315
f 6316 6317 6318
f 6319 6320 6321
f 6322 6323 6324
f 6325 6326 6327
f 6328 6329 6330
f 6331 6332 6333
f 6334 6335 6336
f 6337 6338 6339
f 6340 6341 6342
f 6343 6344 6345
f 6346 6347 6348
f 6349 6350 6351
f 6352 6353 6354
f 6355 6356 6357
f 6358 6359 6360
f 6361 6362 6363
f 6364 6365 6366
f 6367 6368 6369
f 6370 6371 6372
f 6373 6374 6375
f 6376 6377 6378
f 6379 6380 6381
f 6382 6383 6384
f 6385 6386 6387
f 6388 6389 6390
f 6391 6392 6393
f 6394 6395 6396
f 6397 6398 6399
f 6400 6401 6402
f 6403 6404 6405
f 6406 6407 6408
f 6409 6410 6411
f 6412 6413 6414
f 6415 6416 6417
f 6418 6419 6420
f 6421 6422 6423
f 6424 6425 6426
f 6427 6428 6429
f 6430 6431 6432
f 6433 6434 6435
f 6436 6437 6438
f 6439 6440 6441
f 6442 6443 6444
f 6445 6446 6447
f 6448 6449 6450
f 6451 6452 6453
f 6454 6455 6456
f 6457 6458 6459
f 6460 6461 6462
f 6463 6464 6465
f 6466 6467 6468
f 6469 6470 6471
f 6472 6473 6474
f 6475 6476 6477
f 6478 6479 6480
f 6481 6482 6483
f 6484 6485 6486
f 6487 6488 6489
f 6490 6491 6492
f 6493 6494 6495
f 6496 6497 6498
f 6499 6500 6501
f 6502 6503 6504
f 6505 6506 6507
f 6508 6509 6510
f 6511 6512 6513
f 6514 6515 6516
f 6517 6518 6519
f 6520 6521 6522
f 6523 6524 6525
f 6526 6527 6528
f 6529 6530 6531
f 6532 6533 6534
f 6535 6536 6537
f 6538 6539 6540
f 6541 6542 6543
f 6544 6545 6546
f 6547 6548 6549
f 6550 6551 6552
f 6553 6554 6555
f 6556 6557 6558
f 6559 6560 6561
f 6562 6563 6564
f 6565 6566 6567
f 6568 6569 6570
f 6571 6572 6573
f 6574 6575 6576
f 6577 6578 6579
f 6580 6581 6582
f 6583 6584 6585
f 6586 6587 6588
f 6589 6590 6591
f 6592 6593 6594
f 6595 6596 6597
f 6598 6599 6600
f 6601 6602 6603
f 6604 6605 6606
f 6607 6608 6609
f 6610 6611 6612
f 6613 6614 6615
f 6616 6617 6618
f 6619 6620 6621
f 6622 6623 6624
f 6625 6626 6627
f 6628 6629 6630
f 6631 6632 6633
f 6634 6635 6636
f 6637 6638 6639
f 6640 6641 6642
f 6643 6644 6645
f 6646 6647 6648
f 6649 6650 6651
f 6652 6653 6654
f 6655 6656 6657
f 6658 6659 6660
f 6661 6662 6663
f 6664 6665 6666
f 6667 6668 6669
f 6670 6671 6672
f 6673 6674 6675
f 6676 6677 6678
f 6679 6680 6681
f 6682 6683 6684
f 6685 6686 6687
f 6688 6689 6690
f 6691 6692 6693
f 6694 6695 6696
f 6697 6698 6699
f 6700 6701 6702
f 6703 6704 6705
f 6706 6707 6708
f 6709 6710 6711
f 6712 6713 6714
f 6715 6716 6717
f 6718 6719 6720
f 6721 6722 6723
f 6724 6725 6726
f 6727 6728 6729
f 6730 6731 6732
f 6733 6734 6735
f 6736 6737 6738
f 6739 6740 6741
f 6742 6743 6744
f 6745 6746 6747
f 6748 6749 6750
f 6751 6752 6753
f 6754 6755 6756
f 6757 6758 6759
f 6760 6761 6762
f 6763 6764 6765
f 6766 6767 6768
f 6769 6770 6771
f 6772 6773 6774
f 6775 6776 6777
f 6778 6779 6780
f 6781 6782 6783
f 6784 6785 6786
f 6787 6788 6789
f 6790 6791 6792
f 6793 6794 6795
f 6796 6797 6798
f 6799 6800 6801
f 6802 6803 6804
f 6805 6806 6807
f 6808 6809 6810
f 6811 6812 6813
f 6814 6815 6816
f 6817 6818 6819
f 6820 6821 6822
f 6823 6824 6825
f 6826 6827 6828
f 6829 6830 6831
f 6832 6833 6834
f 6835 6836 6837
f 6838 6839 6840
f 6841 6842 6843
f 6844 6845 6846
f 6847 6848 6849
f 6850 6851 6852
f 6853 6854 6855
f 6856 6857 6858
f 6859 6860 6861
f 6862 6863 6864
f 6865 6866 6867
f 6868 6869 6870
f 6871 6872 6873
f 6874 6875 6876
f 6877 6878 6879
f 6880 6881 6882
f 6883 6884 6885
f 6886 6887 6888
f 6889 6890 6891
f 6892 6893 6894
f 6895 6896 6897
f 6898 6899 6900
f 6901 6902 6903
f 6904 6905 6906
f 6907 6908 6909
f 6910 6911 6912
f 6913 6914 6915
f 6916 6917 6918
f 6919 6920 6921
f 6922 6923 6924
f 6925 6926 6927
f 6928 6929 6930
f 6931 6932 6933
f 6934 6935 6936
f 6937 6938 6939
f 6940 6941 6942
f 6943 6944 6945
f 6946 6947 6948
f 6949 6950 6951
f 6952 6953 6954
f 6955 6956 6957
f 6958 6959 6960
f 6961 6962 6963
f 6964 6965 6966
f 6967 6968 6969
f 6970 6971 6972
f 6973 6974 6975
f 6976 6977 6978
f 6979 6980 6981
f 6982 6983 6984
f 6985 6986 6987
f 6988 6989 6990
f 6991 6992 6993
f 6994 6995 6996
f 6997 6998 6999
f 7000 7001 7002
f 7003 7004 7005
f 7006 7007 7008
f 7009 7010 7011
f 7012 7013 7014
f 7015 7016 7017
f 7018 7019 7020
f 7021 7022 7023
f 7024 7025 7026
f 7027 7028 7029
f 7030 7031 7032
f 7033 7034 7035
f 7036 7037 7038
f 7039 7040 7041
f 7042 7043 7044
f 7045 7046 7047
f 7048 7049 7050
f 7051 7052 7053
f 7054 7055 7056
f 7057 7058 7059
f 7060 7061 7062
f 7063 7064 7065
f 7066 7067 7068
f 7069 7070 7071
f 7072 7073 7074
f 7075 7076 7077
f 7078 7079 7080
f 7081 7082 7083
f 7084 7085 7086
f 7087 7088 7089
f 7090 7091 7092
f 7093 7094 7095
f 7096 7097 7098
f 7099 7100 7101
f 7102 7103 7104
f 7105 7106 7107
f 7108 7109 7110
f 7111 7112 7113
f 7114 7115 7116
f 7117 7118 7119
f 7120 7121 7122
f 7123 7124 7125
f 7126 7127 7128
f 7129 7130 7131
f 7132 7133 7134
f 7135 7136 7137
f 7138 7139 7140
f 7141 7142 7143
f 7144 7145 7146
f 7147 7148 7149
f 7150 7151 7152
f 7153 7154 7155
f 7156 7157 7158
f 7159 7160 7161
f 7162 7163 7164
f 7165 7166 7167
f 7168 7169 7170
f 7171 7172 7173
f 7174 7175 7176
f 7177 7178 7179
f 7180 7181 7182
f 7183 7184 7185
f 7186 7187 7188
f 7189 7190 7191
f 7192 7193 7194
f 7195 7196 7197
f 7198 7199 7200
f 7201 7202 7203
f 7204 7205 7206
f 7207 7208 7209
f 7210 7211 7212
f 7213 7214 7215
f 7216 7217 7218
f 7219 7220 7221
f 7222 7223 7224
f 7225 7226 7227
f 7228 7229 7230
f 7231 7232 7233
f 7234 7235 7236
f 7237 7238 7239
f 7240 7241 7242
f 7243 7244 7245
f 7246 7247 7248
f 7249 7250 7251
f 7252 7253 7254
f 7255 7256 7257
f 7258 7259 7260
f 7261 7262 7263
f 7264 7265 7266
f 7267 7268 7269
f 7270 7271 7272
f 7273 7274 7275
f 7276 7277 7278
f 7279 7280 7281
f 7282 7283 7284
f 7285 7286 7287
f 7288 7289 7290
f 7291 7292 7293
f 7294 7295 7296
f 7297 7298 7299
f 7300 7301 7302
f 7303 7304 7305
f 7306 7307 7308
f 7309 7310 7311
f 7312 7313 7314
f 7315 7316 7317
f 7318 7319 7320
f 7321 7322 7323
f 7324 7325 7326
f 7327 7328 7329
f 7330 7331 7332
f 7333 7334 7335
f 7336 7337 7338
f 7339 7340 7341
f 7342 7343 7344
f 7345 7346 7347
f 7348 7349 7350
f 7351 7352 7353
f 7354 7355 7356
f 7357 7358 7359
f 7360 7361 7362
f 7363 7364 7365
f 7366 7367 7368
f 7369 7370 7371
f 7372 7373 7374
f 7375 7376 7377
f 7378 7379 7380
f 7381 7382 7383
f 7384 7385 7386
f 7387 7388 7389
f 7390 7391 7392
f 7393 7394 7395
f 7396 7397 7398
f 7399 7400 7401
f 7402 7403 7404
f 7405 7406 7407
f 7408 7409 7410
f 7411 7412 7413
f 7414 7415 7416
f 7417 7418 7419
f 7420 7421 7422
f 7423 7424 7425
f 7426 7427 7428
f 7429 7430 7431
f 7432 7433 7434
f 7435 7436 7437
f 7438 7439 7440
f 7441 7442 7443
f 7444 7445 7446
f 7447 7448 7449
f 7450 7451 7452
f 7453 7454 7455
f 7456 7457 7458
f 7459 7460 7461
f 7462 7463 7464
f 7465 7466 7467
f 7468 7469 7470
f 7471 7472 7473
f 7474 7475 7476
f 7477 7478 7479
f 7480 7481 7482
f 7483 7484 7485
f 7486 7487 7488
f 7489 7490 7491
f 7492 7493 7494
f 7495 7496 7497
f 7498 7499 7500
f 7501 7502 7503
f 7504 7505 7506
f 7507 7508 7509
f 7510 7511 7512
f 7513 7514 7515
f 7516 7517 7518
f 7519 7520 7521
f 7522 7523 7524
f 7525 7526 7527
f 7528 7529 7530
f 7531 7532 7533
f 7534 7535 7536
f 7537 7538 7539
f 7540 7541 7542
f 7543 7544 7545
f 7546 7547 7548
f 7549 7550 7551
f 7552 7553 7554
f 7555 7556 7557
f 7558 7559 7560
f 7561 7562 7563
f 7564 7565 7566
f 7567 7568 7569
f 7570 7571 7572
f 7573 7574 7575
f 7576 7577 7578
f 7579 7580 7581
f 7582 7583 7584
f 7585 7586 7587
f 7588 7589 7590
f 7591 7592 7593
f 7594 7595 7596
f 7597 7598 7599
f 7600 7601 7602
f 7603 7604 7605
f 7606 7607 7608
f 7609 7610 7611
f 7612 7613 7614
f 7615 7616 7617
f 7618 7619 7620
f 7621 7622 7623
f 7624 7625 7626
f 7627 7628 7629
f 7630 7631 7632
f 7633 7634 7635
f 7636 7637 7638
f 7639 7640 7641
f 7642 7643 7644
f 7645 7646 7647
f 7648 7649 7650
f 7651 7652 7653
f 7654 7655 7656
f 7657 7658 7659
f 7660 7661 7662
f 7663 7664 7665
f 7666 7667 7668
f 7669 7670 7671
f 7672 7673 7674
f 7675 7676 7677
f 7678 7679 7680
f 7681 7682 7683
f 7684 7685 7686
f 7687 7688 7689
f 7690 7691 7692
f 7693 7694 7695
f 7696 7697 7698
f 7699 7700 7701
f 7702 7703 7704
f 7705 7706 7707
f 7708 7709 7710
f 7711 7712 7713
f 7714 7715 7716
f 7717 7718 7719
f 7720 7721 7722
f 7723 7724 7725
f 7726 7727 7728
f 7729 7730 7731
f 7732 7733 7734
f 7735 7736 7737
f 7738 7739 7740
f 7741 7742 7743
f 7744 7745 7746
f 7747 7748 7749
f 7750 7751 7752
f 7753 7754 7755
f 7756 7757 7758
f 7759 7760 7761
f 7762 7763 7764
f 7765 7766 7767
f 7768 7769 7770
f 7771 7772 7773
f 7774 7775 7776
f 7777 7778 7779
f 7780 7781 7782
f 7783 7784 7785
f 7786 7787 7788
f 7789 7790 7791
f 7792 7793 7794
f 7795 7796 7797
f 7798 7799 7800
f 7801 7802 7803
f 7804 7805 7806
f 7807 7808 7809
f 7810 7811 7812
f 7813 7814 7815
f 7816 7817 7818
f 7819 7820 7821
f 7822 7823 7824
f 7825 7826 7827
f 7828 7829 7830
f 7831 7832 7833
f 7834 7835 7836
f 7837 7838 7839
f 7840 7841 7842
f 7843 7844 7845
f 7846 7847 7848
f 7849 7850 7851
f 7852 7853 7854
f 7855 7856 7857
f 7858 7859 7860
f 7861 7862 7863
f 7864 7865 7866
f 7867 7868 7869
f 7870 7871 7872
f 7873 7874 7875
f 7876 7877 7878
f 7879 7880 7881
f 7882 7883 7884
f 7885 7886 7887
f 7888 7889 7890
f 7891 7892 7893
f 7894 7895 7896
f 7897 7898 7899
f 7900 7901 7902
f 7903 7904 7905
f 7906 7907 7908
f 7909 7910 7911
f 7912 7913 7914
f 7915 7916 7917
f 7918 7919 7920
f 7921 7922 7923
f 7924 7925 7926
f 7927 7928 7929
f 7930 7931 7932
f 7933 7934 7935
f 7936 7937 7938
f 7939 7940 7941
f 7942 7943 7944
f 7945 7946 7947
f 7948 7949 7950
f 7951 7952 7953
f 7954 7955 7956
f 7957 7958 7959
f 7960 7961 7962
f 7963 7964 7965
f 7966 7967 7968
f 7969 7970 7971
f 7972 7973 7974
f 7975 7976 7977
f 7978 7979 7980
f 7981 7982 7983
f 7984 7985 7986
f 7987 7988 7989
f 7990 7991 7992
f 7993 7994 7995
f 7996 7997 7998
f 7999 8000 8001
f 8002 8003 8004
f 8005 8006 8007
f 8008 8009 8010
f 8011 8012 8013
f 8014 8015 8016
f 8017 8018 8019
f 8020 8021 8022
f 8023 8024 8025
f 8026 8027 8028
f 8029 8030 8031
f 8032 8033 8034
f 8035 8036 8037
f 8038 8039 8040
f 8041 8042 8043
f 8044 8045 8046
f 8047 8048 8049
f 8050 8051 8052
f 8053 8054 8055
f 8056 8057 8058
f 8059 8060 8061
f 8062 8063 8064
f 8065 8066 8067
f 8068 8069 8070
f 8071 8072 8073
f 8074 8075 8076
f 8077 8078 8079
f 8080 8081 8082
f 8083 8084 8085
f 8086 8087 8088
f 8089 8090 8091
f 8092 8093 8094
f 8095 8096 8097
f 8098 8099 8100
f 8101 8102 8103
f 8104 8105 8106
f 8107 8108 8109
f 8110 8111 8112
f 8113 8114 8115
f 8116 8117 8118
f 8119 8120 8121
f 8122 8123 8124
f 8125 8126 8127
f 8128 8129 8130
f 8131 8132 8133
f 8134 8135 8136
f 8137 8138 8139
f 8140 8141 8142
f 8143 8144 8145
f 8146 8147 8148
f 8149 8150 8151
f 8152 8153 8154
f 8155 8156 8157
f 8158 8159 8160
f 8161 8162 8163
f 8164 8165 8166
f 8167 8168 8169
f 8170 8171 8172
f 8173 8174 8175
f 8176 8177 8178
f 8179 8180 8181
f 8182 8183 8184
f 8185 8186 8187
f 8188 8189 8190
f 8191 8192 8193
f 8194 8195 8196
f 8197 8198 8199
f 8200 8201 8202
f 8203 8204 8205
f 8206 8207 8208
f 8209 8210 8211
f 8212 8213 8214
f 8215 8216 8217
f 8218 8219 8220
f 8221 8222 8223
f 8224 8225 8226
f 8227 8228 8229
f 8230 8231 8232
f 8233 8234 8235
f 8236 8237 8238
f 8239 8240 8241
f 8242 8243 8244
f 8245 8246 8247
f 8248 8249 8250
f 8251 8252 8253
f 8254 8255 8256
f 8257 8258 8259
f 8260 8261 8262
f 8263 8264 8265
f 8266 8267 8268
f 8269 8270 8271
f 8272 8273 8274
f 8275 8276 8277
f 8278 8279 8280
f 8281 8282 8283
f 8284 8285 8286
f 8287 8288 8289
f 8290 8291 8292
f 8293 8294 8295
f 8296 8297 8298
f 8299 8300 8301
f 8302 8303 8304
f 8305 8306 8307
f 8308 8309 8310
f 8311 8312 8313
f 8314 8315 8316
f 8317 8318 8319
f 8320 8321 8322
f 8323 8324 8325
f 8326 8327 8328
f 8329 8330 8331
f 8332 8333 8334
f 8335 8336 8337
f 8338 8339 8340
f 8341 8342 8343
f 8344 8345 8346
f 8347 8348 8349
f 8350 8351 8352
f 8353 8354 8355
f 8356 8357 8358
f 8359 8360 8361
f 8362 8363 8364
f 8365 8366 8367
f 8368 8369 8370
f 8371 8372 8373
f 8374 8375 8376
f 8377 8378 8379
f 8380 8381 8382
f 8383 8384 8385
f 8386 8387 8388
f 8389 8390 8391
f 8392 8393 8394
f 8395 8396 8397
f 8398 8399 8400
f 8401 8402 8403
f 8404 8405 8406
f 8407 8408 8409
f 8410 8411 8412
f 8413 8414 8415
f 8416 8417 8418
f 8419 8420 8421
f 8422 8423 8424
f 8425 8426 8427
f 8428 8429 8430
f 8431 8432 8433
f 8434 8435 8436
f 8437 8438 8439
f 8440 8441 8442
f 8443 8444 8445
f 8446 8447 8448
f 8449 8450 8451
f 8452 8453 8454
f 8455 8456 8457
f 8458 8459 8460
f 8461 8462 8463
f 8464 8465 8466
f 8467 8468 8469
f 8470 8471 8472
f 8473 8474 8475
f 8476 8477 8478
f 8479 8480 8481
f 8482 8483 8484
f 8485 8486 8487
f 8488 8489 8490
f 8491 8492 8493
f 8494 8495 8496
f 8497 8498 8499
f 8500 8501 8502
f 8503 8504 8505
f 8506 8507 8508
f 8509 8510 8511
f 8512 8513 8514
f 8515 8516 8517
f 8518 8519 8520
f 8521 8522 8523
f 8524 8525 8526
f 8527 8528 8529
f 8530 8531 8532
f 8533 8534 8535
f 8536 8537 8538
f 8539 8540 8541
f 8542 8543 8544
f 8545 8546 8547
f 8548 8549 8550
f 8551 8552 8553
f 8554 8555 8556
f 8557 8558 8559
f 8560 8561 8562
f 8563 8564 8565
f 8566 8567 8568
f 8569 8570 8571
f 8572 8573 8574
f 8575 8576 8577
f 8578 8579 8580
f 8581 8582 8583
f 8584 8585 8586
f 8587 8588 8589
f 8590 8591 8592
f 8593 8594 8595
f 8596 8597 8598
f 8599 8600 8601
f 8602 8603 8604
f 8605 8606 8607
f 8608 8609 8610
f 8611 8612 8613
f 8614 8615 8616
f 8617 8618 8619
f 8620 8621 8622
f 8623 8624 8625
f 8626 8627 8628
f 8629 8630 8631
f 8632 8633 8634
f 8635 8636 8637
f 8638 8639 8640
f 8641 8642 8643
f 8644 8645 8646
f 8647 8648 8649
f 8650 8651 8652
f 8653 8654 8655
f 8656 8657 8658
f 8659 8660 8661
f 8662 8663 8664
f 8665 8666 8667
f 8668 8669 8670
f 8671 8672 8673
f 8674 8675 8676
f 8677 8678 8679
f 8680 8681 8682
f 8683 8684 8685
f 8686 8687 8688
f 8689 8690 8691
f 8692 8693 8694
f 8695 8696 8697
f 8698 8699 8700
f 8701 8702 8703
f 8704 8705 8706
f 8707 8708 8709
f 8710 8711 8712
f 8713 8714 8715
f 8716 8717 8718
f 8719 8720 8721
f 8722 8723 8724
f 8725 8726 8727
f 8728 8729 8730
f 8731 8732 8733
f 8734 8735 8736
f 8737 8738 8739
f 8740 8741 8742
f 8743 8744 8745
f 8746 8747 8748
f 8749 8750 8751
f 8752 8753 8754
f 8755 8756 8757
f 8758 8759 8760
f 8761 8762 8763
f 8764 8765 8766
f 8767 8768 8769
f 8770 8771 8772
f 8773 8774 8775
f 8776 8777 8778
f 8779 8780 8781
f 8782 8783 8784
f 8785 8786 8787
f 8788 8789 8790
f 8791 8792 8793
f 8794 8795 8796
f 8797 8798 8799
f 8800 8801 8802
f 8803 8804 8805
f 8806 8807 8808
f 8809 8810 8811
f 8812 8813 8814
f 8815 8816 8817
f 8818 8819 8820
f 8821 8822 8823
f 8824 8825 8826
f 8827 8828 8829
f 8830 8831 8832
f 8833 8834 8835
f 8836 8837 8838
f 8839 8840 8841
f 8842 8843 8844
f 8845 8846 8847
f 8848 8849 8850
f 8851 8852 8853
f 8854 8855 8856
f 8857 8858 8859
f 8860 8861 8862
f 8863 8864 8865
f 8866 8867 8868
f 8869 8870 8871
f 8872 8873 8874
f 8875 8876 8877
f 8878 8879 8880
f 8881 8882 8883
f 8884 8885 8886
f 8887 8888 8889
f 8890 8891 8892
f 8893 8894 8895
f 8896 8897 8898
f 8899 8900 8901
f 8902 8903 8904
f 8905 8906 8907
f 8908 8909 8910
f 8911 8912 8913
f 8914 8915 8916
f 8917 8918 8919
f 8920 8921 8922
f 8923 8924 8925
f 8926 8927 8928
f 8929 8930 8931
f 8932 8933 8934
f 8935 8936 8937
f 8938 8939 8940
f 8941 8942 8943
f 8944 8945 8946
f 8947 8948 8949
f 8950 8951 8952
f 8953 8954 8955
f 8956 8957 8958
f 8959 8960 8961
f 8962 8963 8964
f 8965 8966 8967
f 8968 8969 8970
f 8971 8972 8973
f 8974 8975 8976
f 8977 8978 8979
f 8980 8981 8982
f 8983 8984 8985
f 8986 8987 8988
f 8989 8990 8991
f 8992 8993 8994
f 8995 8996 8997
f 8998 8999 9000
f 9001 9002 9003
f 9004 9005 9006
f 9007 9008 9009
f 9010 9011 9012
f 9013 9014 9015
f 9016 9017 9018
f 9019 9020 9021
f 9022 9023 9024
f 9025 9026 9027
f 9028 9029 9030
f 9031 9032 9033
f 9034 9035 9036
f 9037 9038 9039
f 9040 9041 9042
f 9043 9044 9045
f 9046 9047 9048
f 9049 9050 9051
f 9052 9053 9054
f 9055 9056 9057
f 9058 9059 9060
f 9061 9062 9063
f 9064 9065 9066
f 9067 9068 9069
f 9070 9071 9072
f 9073 9074 9075
f 9076 9077 9078
f 9079 9080 9081
f 9082 9083 9084
f 9085 9086 9087
f 9088 9089 9090
f 9091 9092 9093
f 9094 9095 9096
f 9097 9098 9099
f 9100 9101 9102
f 9103 9104 9105
f 9106 9107 9108
f 9109 9110 9111
f 9112 9113 9114
f 9115 9116 9117
f 9118 9119 9120
f 9121 9122 9123
f 9124 9125 9126
f 9127 9128 9129
f 9130 9131 9132
f 9133 9134 9135
f 9136 9137 9138
f 9139 9140 9141
f 9142 9143 9144
f 9145 9146 9147
f 9148 9149 9150
f 9151 9152 9153
f 9154 9155 9156
f 9157 9158 9159
f 9160 9161 9162
f 9163 9164 9165
f 9166 9167 9168
f 9169 9170 9171
f 9172 9173 9174
f 9175 9176 9177
f 9178 9179 9180
f 9181 9182 9183
f 9184 9185 9186
f 9187 9188 9189
f 9190 9191 9192
f 9193 9194 9195
f 9196 9197 9198
f 9199 9200 9201
f 9202 9203 9204
f 9205 9206 9207
f 9208 9209 9210
f 9211 9212 9213
f 9214 9215 9216
f 9217 9218 9219
f 9220 9221 9222
f 9223 9224 9225
f 9226 9227 9228
f 9229 9230 9231
f 9232 9233 9234
f 9235 9236 9237
f 9238 9239 9240
f 9241 9242 9243
f 9244 9245 9246
f 9247 9248 9249
f 9250 9251 9252
f 9253 9254 9255
f 9256 9257 9258
f 9259 9260 9261
f 9262 9263 9264
f 9265 9266 9267
f 9268 9269 9270
f 9271 9272 9273
f 9274 9275 9276
f 9277 9278 9279
f 9280 9281 9282
f 9283 9284 9285
f 9286 9287 9288
f 9289 9290 9291
f 9292 9293 9294
f 9295 9296 9297
f 9298 9299 9300
f 9301 9302 9303
f 9304 9305 9306
f 9307 9308 9309
f 9310 9311 9312
f 9313 9314 9315
f 9316 9317 9318
f 9319 9320 9321
f 9322 9323 9324
f 9325 9326 9327
f 9328 9329 9330
f 9331 9332 9333
f 9334 9335 9336
f 9337 9338 9339
f 9340 9341 9342
f 9343 9344 9345
f 9346 9347 9348
f 9349 9350 9351
f 9352 9353 9354
f 9355 9356 9357
f 9358 9359 9360
f 9361 9362 9363
f 9364 9365 9366
f 9367 9368 9369
f 9370 9371 9372
f 9373 9374 9375
f 9376 9377 9378
f 9379 9380 9381
f 9382 9383 9384
f 9385 9386 9387
f 9388 9389 9390
f 9391 9392 9393
f 9394 9395 9396
f 9397 9398 9399
f 9400 9401 9402
f 9403 9404 9405
f 9406 9407 9408
f 9409 9410 9411
f 9412 9413 9414
f 9415 9416 9417
f 9418 9419 9420
f 9421 9422 9423
f 9424 9425 9426
f 9427 9428 9429
f 9430 9431 9432
f 9433 9434 9435
f 9436 9437 9438
f 9439 9440 9441
f 9442 9443 9444
f 9445 9446 9447
f 9448 9449 9450
f 9451 9452 9453
f 9454 9455 9456
f 9457 9458 9459
f 9460 9461 9462
f 9463 9464 9465
f 9466 9467 9468
f 9469 9470 9471
f 9472 9473 9474
f 9475 9476 9477
f 9478 9479 9480
f 9481 9482 9483
f 9484 9485 9486
f 9487 9488 9489
f 9490 9491 9492
f 9493 9494 9495
f 9496 9497 9498
f 9499 9500 9501
f 9502 9503 9504
f 9505 9506 9507
f 9508 9509 9510
f 9511 9512 9513
f 9514 9515 9516
f 9517 9518 9519
f 9520 9521 9522
f 9523 9524 9525
f 9526 9527 9528
f 9529 9530 9531
f 9532 9533 9534
f 9535 9536 9537
f 9538 9539 9540
f 9541 9542 9543
f 9544 9545 9546
f 9547 9548 9549
f 9550 9551 9552
f 9553 9554 9555
f 9556 9557 9558
f 9559 9560 9561
f 9562 9563 9564
f 9565 9566 9567
f 9568 9569 9570
f 9571 9572 9573
f 9574 9575 9576
f 9577 9578 9579
f 9580 9581 9582
f 9583 9584 9585
f 9586 9587 9588
f 9589 9590 9591
f 9592 9593 9594
f 9595 9596 9597
f 9598 9599 9600
f 9601 9602 9603
f 9604 9605 9606
f 9607 9608 9609
f 9610 9611 9612
f 9613 9614 9615
f 9616 9617 9618
f 9619 9620 9621
f 9622 9623 9624
f 9625 9626 9627
f 9628 9629 9630
f 9631 9632 9633
f 9634 9635 9636
f 9637 9638 9639
f 9640 9641 9642
f 9643 9644 9645
f 9646 9647 9648
f 9649 9650 9651
f 9652 9653 9654
f 9655 9656 9657
f 9658 9659 9660
f 9661 9662 9663
f 9664 9665 9666
f 9667 9668 9669
f 9670 9671 9672
f 9673 9674 9675
f 9676 9677 9678
f 9679 9680 9681
f 9682 9683 9684
f 9685 9686 9687
f 9688 9689 9690
f 9691 9692 9693
f 9694 9695 9696
f 9697 9698 9699
f 9700 9701 9702
f 9703 9704 9705
f 9706 9707 9708
f 9709 9710 9711
f 9712 9713 9714
f 9715 9716 9717
f 9718 9719 9720
f 9721 9722 9723
f 9724 9725 9726
f 9727 9728 9729
f 9730 9731 9732
f 9733 9734 9735
f 9736 9737 9738
f 9739 9740 9741
f 9742 9743 9744
f 9745 9746 9747
f 9748 9749 9750
f 9751 9752 9753
f 9754 9755 9756
f 9757 9758 9759
f 9760 9761 9762
f 9763 9764 9765
f 9766 9767 9768
f 9769 9770 9771
f 9772 9773 9774
f 9775 9776 9777
f 9778 9779 9780
f 9781 9782 9783
f 9784 9785 9786
f 9787 9788 9789
f 9790 9791 9792
f 9793 9794 9795
f 9796 9797 9798
f 9799 9800 9801
f 9802 9803 9804
f 9805 9806 9807
f 9808 9809 9810
f 9811 9812 9813
f 9814 9815 9816
f 9817 9818 9819
f 9820 9821 9822
f 9823 9824 9825
f 9826 9827 9828
f 9829 9830 9831
f 9832 9833 9834
f 9835 9836 9837
f 9838 9839 9840
f 9841 9842 9843
f 9844 9845 9846
f 9847 9848 9849
f 9850 9851 9852
f 9853 9854 9855
f 9856 9857 9858
f 9859 9860 9861
f 9862 9863 9864
f 9865 9866 9867
f 9868 9869 9870
f 9871 9872 9873
f 9874 9875 9876
f 9877 9878 9879
f 9880 9881 9882
f 9883 9884 9885
f 9886 9887 9888
f 9889 9890 9891
f 9892 9893 9894
f 9895 9896 9897
f 9898 9899 9900
f 9901 9902 9903
f 9904 9905 9906
f 9907 9908 9909
f 9910 9911 9912
f 9913 9914 9915
f 9916 9917 9918
f 9919 9920 9921
f 9922 9923 9924
f 9925 9926 9927
f 9928 9929 9930
f 9931 9932 9933
f 9934 9935 9936
f 9937 9938 9939
f 9940 9941 9942
f 9943 9944 9945
f 9946 9947 9948
f 9949 9950 9951
f 9952 9953 9954
f 9955 9956 9957
f 9958 9959 9960
f 9961 9962 9963
f 9964 9965 9966
f 9967 9968 9969
f 9970 9971 9972
f 9973 9974 9975
f 9976 9977 9978
f 9979 9980 9981
f 9982 9983 9984
f 9985 9986 9987
f 9988 9989 9990
f 9991 9992 9993
f 9994 9995 9996
f 9997 9998 9999
f 10000 10001 10002
f 10003 10004 10005
f 10006 10007 10008
f 10009 10010 10011
f 10012 10013 10014
f 10015 10016 10017
f 10018 10019 10020
f 10021 10022 10023
f 10024 10025 10026
f 10027 10028 10029
f 10030 10031 10032
f 10033 10034 10035
f 10036 10037 10038
f 10039 10040 10041
f 10042 10043 10044
f 10045 10046 10047
f 10048 10049 10050
f 10051 10052 10053
f 10054 10055 10056
f 10057 10058 10059
f 10060 10061 10062
f 10063 10064 10065
f 10066 10067 10068
f 10069 10070 10071
f 10072 10073 10074
f 10075 10076 10077
f 10078 10079 10080
f 10081 10082 10083
f 10084 10085 10086
f 10087 10088 10089
f 10090 10091 10092
f 10093 10094 10095
f 10096 10097 10098
f 10099 10100 10101
f 10102 10103 10104
f 10105 10106 10107
f 10108 10109 10110
f 10111 10112 10113
f 10114 10115 10116
f 10117 10118 10119
f 10120 10121 10122
f 10123 10124 10125
f 10126 10127 10128
f 10129 10130 10131
f 10132 10133 10134
f 10135 10136 10137
f 10138 10139 10140
f 10141 10142 10143
f 10144 10145 10146
f 10147 10148 10149
f 10150 10151 10152
f 10153 10154 10155
f 10156 10157 10158
f 10159 10160 10161
f 10162 10163 10164
f 10165 10166 10167
f 10168 10169 10170
f 10171 10172 10173
f 10174 10175 10176
f 10177 10178 10179
f 10180 10181 10182
f 10183 10184 10185
f 10186 10187 10188
f 10189 10190 10191
f 10192 10193 10194
f 10195 10196 10197
f 10198 10199 10200
f 10201 10202 10203
f 10204 10205 10206
f 10207 10208 10209
f 10210 10211 10212
f 10213 10214 10215
f 10216 10217 10218
f 10219 10220 10221
f 10222 10223 10224
f 10225 10226 10227
f 10228 10229 10230
f 10231 10232 10233
f 10234 10235 10236
f 10237 10238 10239
f 10240 10241 10242
f 10243 10244 10245
f 10246 10247 10248
f 10249 10250 10251
f 10252 10253 10254
f 10255 10256 10257
f 10258 10259 10260
f 10261 10262 10263
f 10264 10265 10266
f 10267 10268 10269
f 10270 10271 10272
f 10273 10274 10275
f 10276 10277 10278
f 10279 10280 10281
f 10282 10283 10284
f 10285 10286 10287
f 10288 10289 10290
f 10291 10292 10293
f 10294 10295 10296
f 10297 10298 10299
f 10300 10301 10302
f 10303 10304 10305
f 10306 10307 10308
f 10309 10310 10311
f 10312 10313 10314
f 10315 10316 10317
f 10318 10319 10320
f 10321 10322 10323
f 10324 10325 10326
f 10327 10328 10329
f 10330 10331 10332
f 10333 10334 10335
f 10336 10337 10338
f 10339 10340 10341
f 10342 10343 10344
f 10345 10346 10347
f 10348 10349 10350
f 10351 10352 10353
f 10354 10355 10356
f 10357 10358 10359
f 10360 10361 10362
f 10363 10364 10365
f 10366 10367 10368
f 10369 10370 10371
f 10372 10373 10374
f 10375 10376 10377
f 10378 10379 10380
f 10381 10382 10383
f 10384 10385 10386
f 10387 10388 10389
f 10390 10391 10392
f 10393 10394 10395
f 10396 10397 10398
f 10399 10400 10401
f 10402 10403 10404
f 10405 10406 10407
f 10408 10409 10410
f 10411 10412 10413
f 10414 10415 10416
f 10417 10418 10419
f 10420 10421 10422
f 10423 10424 10425
f 10426 10427 10428
f 10429 10430 10431
f 10432 10433 10434
f 10435 10436 10437
f 10438 10439 10440
f 10441 10442 10443
f 10444 10445 10446
f 10447 10448 10449
f 10450 10451 10452
f 10453 10454 10455
f 10456 10457 10458
f 10459 10460 10461
f 10462 10463 10464
f 10465 10466 10467
f 10468 10469 10470
f 10471 10472 10473
f 10474 10475 10476
f 10477 10478 10479
f 10480 10481 10482
f 10483 10484 10485
f 10486 10487 10488
f 10489 10490 10491
f 10492 10493 10494
f 10495 10496 10497
f 10498 10499 10500
f 10501 10502 10503
f 10504 10505 10506
f 10507 10508 10509
f 10510 10511 10512
f 10513 10514 10515
f 10516 10517 10518
f 10519 10520 10521
f 10522 10523 10524
f 10525 10526 10527
f 10528 10529 10530
f 10531 10532 10533
f 10534 10535 10536
f 10537 10538 10539
f 10540 10541 10542
f 10543 10544 10545
f 10546 10547 10548
f 10549 10550 10551
f 10552 10553 10554
f 10555 10556 10557
f 10558 10559 10560
f 10561 10562 10563
f 10564 10565 10566
f 10567 10568 10569
f 10570 10571 10572
f 10573 10574 10575
f 10576 10577 10578
f 10579 10580 10581
f 10582 10583 10584
f 10585 10586 10587
f 10588 10589 10590
f 10591 10592 10593
f 10594 10595 10596
f 10597 10598 10599
f 10600 10601 10602
f 10603 10604 10605
f 10606 10607 10608
f 10609 10610 10611
f 10612 10613 10614
f 10615 10616 10617
f 10618 10619 10620
f 10621 10622 10623
f 10624 10625 10626
f 10627 10628 10629
f 10630 10631 10632
f 10633 10634 10635
f 10636 10637 10638
f 10639 10640 10641
f 10642 10643 10644
f 10645 10646 10647
f 10648 10649 10650
f 10651 10652 10653
f 10654 10655 10656
f 10657 10658 10659
f 10660 10661 10662
f 10663 10664 10665
f 10666 10667 10668
f 10669 10670 10671
f 10672 10673 10674
f 10675 10676 10677
f 10678 10679 10680
f 10681 10682 10683
f 10684 10685 10686
f 10687 10688 10689
f 10690 10691 10692
f 10693 10694 10695
f 10696 10697 10698
f 10699 10700 10701
f 10702 10703 10704
f 10705 10706 10707
f 10708 10709 10710
f 10711 10712 10713
f 10714 10715 10716
f 10717 10718 10719
f 10720 10721 10722
f 10723 10724 10725
f 10726 10727 10728
f 10729 10730 10731
f 10732 10733 10734
f 10735 10736 10737
f 10738 10739 10740
f 10741 10742 10743
f 10744 10745 10746
f 10747 10748 10749
f 10750 10751 10752
f 10753 10754 10755
f 10756 10757 10758
f 10759 10760 10761
f 10762 10763 10764
f 10765 10766 10767
f 10768 10769 10770
f 10771 10772 10773
f 10774 10775 10776
f 10777 10778 10779
f 10780 10781 10782
f 10783 10784 10785
f 10786 10787 10788
f 10789 10790 10791
f 10792 10793 10794
f 10795 10796 10797
f 10798 10799 10800
f 10801 10802 10803
f 10804 10805 10806
f 10807 10808 10809
f 10810 10811 10812
f 10813 10814 10815
f 10816 10817 10818
f 10819 10820 10821
f 10822 10823 10824
f 10825 10826 10827
f 10828 10829 10830
f 10831 10832 10833
f 10834 10835 10836
f 10837 10838 10839
f 10840 10841 10842
f 10843 10844 10845
f 10846 10847 10848
f 10849 10850 10851
f 10852 10853 10854
f 10855 10856 10857
f 10858 10859 10860
f 10861 10862 10863
f 10864 10865 10866
f 10867 10868 10869
f 10870 10871 10872
f 10873 10874 10875
f 10876 10877 10878
f 10879 10880 10881
f 10882 10883 10884
f 10885 10886 10887
f 10888 10889 10890
f 10891 10892 10893
f 10894 10895 10896
f 10897 10898 10899
f 10900 10901 10902
f 10903 10904 10905
f 10906 10907 10908
f 10909 10910 10911
f 10912 10913 10914
f 10915 10916 10917
f 10918 10919 10920
f 10921 10922 10923
f 10924 10925 10926
f 10927 10928 10929
f 10930 10931 10932
f 10933 10934 10935
f 10936 10937 10938
f 10939 10940 10941
f 10942 10943 10944
f 10945 10946 10947
f 10948 10949 10950
f 10951 10952 10953
f 10954 10955 10956
f 10957 10958 10959
f 10960 10961 10962
f 10963 10964 10965
f 10966 10967 10968
f 10969 10970 10971
f 10972 10973 10974
f 10975 10976 10977
f 10978 10979 10980
f 10981 10982 10983
f 10984 10985 10986
f 10987 10988 10989
f 10990 10991 10992
f 10993 10994 10995
f 10996 10997 10998
f 10999 11000 11001
f 11002 11003 11004
f 11005 11006 11007
f 11008 11009 11010
f 11011 11012 11013
f 11014 11015 11016
f 11017 11018 11019
f 11020 11021 11022
f 11023 11024 11025
f 11026 11027 11028
f 11029 11030 11031
f 11032 11033 11034
f 11035 11036 11037
f 11038 11039 11040
f 11041 11042 11043
f 11044 11045 11046
f 11047 11048 11049
f 11050 11051 11052
f 11053 11054 11055
f 11056 11057 11058
f 11059 11060 11061
f 11062 11063 11064
f 11065 11066 11067
f 11068 11069 11070
f 11071 11072 11073
f 11074 11075 11076
f 11077 11078 11079
f 11080 11081 11082
f 11083 11084 11085
f 11086 11087 11088
f 11089 11090 11091
f 11092 11093 11094
f 11095 11096 11097
f 11098 11099 11100
f 11101 11102 11103
f 11104 11105 11106
f 11107 11108 11109
f 11110 11111 11112
f 11113 11114 11115
f 11116 11117 11118
f 11119 11120 11121
f 11122 11123 11124
f 11125 11126 11127
f 11128 11129 11130
f 11131 11132 11133
f 11134 11135 11136
f 11137 11138 11139
f 11140 11141 11142
f 11143 11144 11145
f 11146 11147 11148
f 11149 11150 11151
f 11152 11153 11154
f 11155 11156 11157
f 11158 11159 11160
f 11161 11162 11163
f 11164 11165 11166
f 11167 11168 11169
f 11170 11171 11172
f 11173 11174 11175
f 11176 11177 11178
f 11179 11180 11181
f 11182 11183 11184
f 11185 11186 11187
f 11188 11189 11190
f 11191 11192 11193
f 11194 11195 11196
f 11197 11198 11199
f 11200 11201 11202
f 11203 11204 11205
f 11206 11207 11208
f 11209 11210 11211
f 11212 11213 11214
f 11215 11216 11217
f 11218 11219 11220
f 11221 11222 11223
f 11224 11225 11226
f 11227 11228 11229
f 11230 11231 11232
f 11233 11234 11235
f 11236 11237 11238
f 11239 11240 11241
f 11242 11243 11244
f 11245 11246 11247
f 11248 11249 11250
f 11251 11252 11253
f 11254 11255 11256
f 11257 11258 11259
f 11260 11261 11262
f 11263 11264 11265
f 11266 11267 11268
f 11269 11270 11271
f 11272 11273 11274
f 11275 11276 11277
f 11278 11279 11280
f 11281 11282 11283
f 11284 11285 11286
f 11287 11288 11289
f 11290 11291 11292
f 11293 11294 11295
f 11296 11297 11298
f 11299 11300 11301
f 11302 11303 11304
f 11305 11306 11307
f 11308 11309 11310
f 11311 11312 11313
f 11314 11315 11316
f 11317 11318 11319
f 11320 11321 11322
f 11323 11324 11325
f 11326 11327 11328
f 11329 11330 11331
f 11332 11333 11334
f 11335 11336 11337
f 11338 11339 11340
f 11341 11342 11343
f 11344 11345 11346
f 11347 11348 11349
f 11350 11351 11352
f 11353 11354 11355
f 11356 11357 11358
f 11359 11360 11361
f 11362 11363 11364
f 11365 11366 11367
f 11368 11369 11370
f 11371 11372 11373
f 11374 11375 11376
f 11377 11378 11379
f 11380 11381 11382
f 11383 11384 11385
f 11386 11387 11388
f 11389 11390 11391
f 11392 11393 11394
f 11395 11396 11397
f 11398 11399 11400
f 11401 11402 11403
f 11404 11405 11406
f 11407 11408 11409
f 11410 11411 11412
f 11413 11414 11415
f 11416 11417 11418
f 11419 11420 11421
f 11422 11423 11424
f 11425 11426 11427
f 11428 11429 11430
f 11431 11432 11433
f 11434 11435 11436
f 11437 11438 11439
f 11440 11441 11442
f 11443 11444 11445
f 11446 11447 11448
f 11449 11450 11451
f 11452 11453 11454
f 11455 11456 11457
f 11458 11459 11460
f 11461 11462 11463
f 11464 11465 11466
f 11467 11468 11469
f 11470 11471 11472
f 11473 11474 11475
f 11476 11477 11478
f 11479 11480 11481
f 11482 11483 11484
f 11485 11486 11487
f 11488 11489 11490
f 11491 11492 11493
f 11494 11495 11496
f 11497 11498 11499
f 11500 11501 11502
f 11503 11504 11505
f 11506 11507 11508
f 11509 11510 11511
f 11512 11513 11514
f 11515 11516 11517
f 11518 11519 11520
f 11521 11522 11523
f 11524 11525 11526
f 11527 11528 11529
f 11530 11531 11532
f 11533 11534 11535
f 11536 11537 11538
f 11539 11540 11541
f 11542 11543 11544
f 11545 11546 11547
f 11548 11549 11550
f 11551 11552 11553
f 11554 11555 11556
f 11557 11558 11559
f 11560 11561 11562
f 11563 11564 11565
f 11566 11567 11568
f 11569 11570 11571
f 11572 11573 11574
f 11575 11576 11577
f 11578 11579 11580
f 11581 11582 11583
f 11584 11585 11586
f 11587 11588 11589
f 11590 11591 11592
f 11593 11594 11595
f 11596 11597 11598
f 11599 11600 11601
f 11602 11603 11604
f 11605 11606 11607
f 11608 11609 11610
f 11611 11612 11613
f 11614 11615 11616
f 11617 11618 11619
f 11620 11621 11622
f 11623 11624 11625
f 11626 11627 11628
f 11629 11630 11631
f 11632 11633 11634
f 11635 11636 11637
f 11638 11639 11640
f 11641 11642 11643
f 11644 11645 11646
f 11647 11648 11649
f 11650 11651 11652
f 11653 11654 11655
f 11656 11657 11658
f 11659 11660 11661
f 11662 11663 11664
f 11665 11666 11667
f 11668 11669 11670
f 11671 11672 11673
f 11674 11675 11676
f 11677 11678 11679
f 11680 11681 11682
f 11683 11684 11685
f 11686 11687 11688
f 11689 11690 11691
f 11692 11693 11694
f 11695 11696 11697
f 11698 11699 11700
f 11701 11702 11703
f 11704 11705 11706
f 11707 11708 11709
f 11710 11711 11712
f 11713 11714 11715
f 11716 11717 11718
f 11719 11720 11721
f 11722 11723 11724
f 11725 11726 11727
f 11728 11729 11730
f 11731 11732 11733
f 11734 11735 11736
f 11737 11738 11739
f 11740 11741 11742
f 11743 11744 11745
f 11746 11747 11748
f 11749 11750 11751
f 11752 11753 11754
f 11755 11756 11757
f 11758 11759 11760
f 11761 11762 11763
f 11764 11765 11766
f 11767 11768 11769
f 11770 11771 11772
f 11773 11774 11775
f 11776 11777 11778
f 11779 11780 11781
f 11782 11783 11784
f 11785 11786 11787
f 11788 11789 11790
f 11791 11792 11793
f 11794 11795 11796
f 11797 11798 11799
f 11800 11801 11802
f 11803 11804 11805
f 11806 11807 11808
f 11809 11810 11811
f 11812 11813 11814
f 11815 11816 11817
f 11818 11819 11820
f 11821 11822 11823
f 11824 11825 11826
f 11827 11828 11829
f 11830 11831 11832
f 11833 11834 11835
f 11836 11837 11838
f 11839 11840 11841
f 11842 11843 11844
f 11845 11846 11847
f 11848 11849 11850
f 11851 11852 11853
f 11854 11855 11856
f 11857 11858 11859
f 11860 11861 11862
f 11863 11864 11865
f 11866 11867 11868
f 11869 11870 11871
f 11872 11873 11874
f 11875 11876 11877
f 11878 11879 11880
f 11881 11882 11883
f 11884 11885 11886
f 11887 11888 11889
f 11890 11891 11892
f 11893 11894 11895
f 11896 11897 11898
f 11899 11900 11901
f 11902 11903 11904
f 11905 11906 11907
f 11908 11909 11910
f 11911 11912 11913
f 11914 11915 11916
f 11917 11918 11919
f 11920 11921 11922
f 11923 11924 11925
f 11926 11927 11928
f 11929 11930 11931
f 11932 11933 11934
f 11935 11936 11937
f 11938 11939 11940
f 11941 11942 11943
f 11944 11945 11946
f 11947 11948 11949
f 11950 11951 11952
f 11953 11954 11955
f 11956 11957 11958
f 11959 11960 11961
f 11962 11963 11964
f 11965 11966 11967
f 11968 11969 11970
f 11971 11972 11973
f 11974 11975 11976
f 11977 11978 11979
f 11980 11981 11982
f 11983 11984 11985
f 11986 11987 11988
f 11989 11990 11991
f 11992 11993 11994
f 11995 11996 11997
f 11998 11999 12000
f 12001 12002 12003
f 12004 12005 12006
f 12007 12008 12009
f 12010 12011 12012
f 12013 12014 12015
f 12016 12017 12018
f 12019 12020 12021
f 12022 12023 12024
f 12025 12026 12027
f 12028 12029 12030
f 12031 12032 12033
f 12034 12035 12036
f 12037 12038 12039
f 12040 12041 12042
f 12043 12044 12045
f 12046 12047 12048
f 12049 12050 12051
f 12052 12053 12054
f 12055 12056 12057
f 12058 12059 12060
f 12061 12062 12063
f 12064 12065 12066
f 12067 12068 12069
f 12070 12071 12072
f 12073 12074 12075
f 12076 12077 12078
f 12079 12080 12081
f 12082 12083 12084
f 12085 12086 12087
f 12088 12089 12090
f 12091 12092 12093
f 12094 12095 12096
f 12097 12098 12099
f 12100 12101 12102
f 12103 12104 12105
f 12106 12107 12108
f 12109 12110 12111
f 12112 12113 12114
f 12115 12116 12117
f 12118 12119 12120
f 12121 12122 12123
f 12124 12125 12126
f 12127 12128 12129
f 12130 12131 12132
f 12133 12134 12135
f 12136 12137 12138
f 12139 12140 12141
f 12142 12143 12144
f 12145 12146 12147
f 12148 12149 12150
f 12151 12152 12153
f 12154 12155 12156
f 12157 12158 12159
f 12160 12161 12162
f 12163 12164 12165
f 12166 12167 12168
f 12169 12170 12171
f 12172 12173 12174
f 12175 12176 12177
f 12178 12179 12180
f 12181 12182 12183
f 12184 12185 12186
f 12187 12188 12189
f 12190 12191 12192
f 12193 12194 12195
f 12196 12197 12198
f 12199 12200 12201
f 12202 12203 12204
f 12205 12206 12207
f 12208 12209 12210
f 12211 12212 12213
f 12214 12215 12216
f 12217 12218 12219
f 12220 12221 12222
f 12223 12224 12225
f 12226 12227 12228
f 12229 12230 12231
f 12232 12233 12234
f 12235 12236 12237
f 12238 12239 12240
f 12241 12242 12243
f 12244 12245 12246
f 12247 12248 12249
f 12250 12251 12252
f 12253 12254 12255
f 12256 12257 12258
f 12259 12260 12261
f 12262 12263 12264
f 12265 12266 12267
f 12268 12269 12270
f 12271 12272 12273
f 12274 12275 12276
f 12277 12278 12279
f 12280 12281 12282
f 12283 12284 12285
f 12286 12287 12288
f 12289 12290 12291
f 12292 12293 12294
f 12295 12296 12297
f 12298 12299 12300
f 12301 12302 12303
f 12304 12305 12306
f 12307 12308 12309
f 12310 12311 12312
f 12313 12314 12315
f 12316 12317 12318
f 12319 12320 12321
f 12322 12323 12324
f 12325 12326 12327
f 12328 12329 12330
f 12331 12332 12333
f 12334 12335 12336
f 12337 12338 12339
f 12340 12341 12342
f 12343 12344 12345
f 12346 12347 12348
f 12349 12350 12351
f 12352 12353 12354
f 12355 12356 12357
f 12358 12359 12360
f 12361 12362 12363
f 12364 12365 12366
f 12367 12368 12369
f 12370 12371 12372
f 12373 12374 12375
f 12376 12377 12378
f 12379 12380 12381
f 12382 12383 12384
f 12385 12386 12387
f 12388 12389 12390
f 12391 12392 12393
f 12394 12395 12396
f 12397 12398 12399
f 12400 12401 12402
f 12403 12404 12405
f 12406 12407 12408
f 12409 12410 12411
f 12412 12413 12414
f 12415 12416 12417
f 12418 12419 12420
f 12421 12422 12423
f 12424 12425 12426
f 12427 12428 12429
f 12430 12431 12432
f 12433 12434 12435
f 12436 12437 12438
f 12439 12440 12441
f 12442 12443 12444
f 12445 12446 12447
f 12448 12449 12450
f 12451 12452 12453
f 12454 12455 12456
f 12457 12458 12459
f 12460 12461 12462
f 12463 12464 12465
f 12466 12467 12468
f 12469 12470 12471
f 12472 12473 12474
f 12475 12476 12477
f 12478 12479 12480
f 12481 12482 12483
f 12484 12485 12486
f 12487 12488 12489
f 12490 12491 12492
f 12493 12494 12495
f 12496 12497 12498
f 12499 12500 12501
f 12502 12503 12504
f 12505 12506 12507
f 12508 12509 12510
f 12511 12512 12513
f 12514 12515 12516
f 12517 12518 12519
f 12520 12521 12522
f 12523 12524 12525
f 12526 12527 12528
f 12529 12530 12531
f 12532 12533 12534
f 12535 12536 12537
f 12538 12539 12540
f 12541 12542 12543
f 12544 12545 12546
f 12547 12548 12549
f 12550 12551 12552
f 12553 12554 12555
f 12556 12557 12558
f 12559 12560 12561
f 12562 12563 12564
f 12565 12566 12567
f 12568 12569 12570
f 12571 12572 12573
f 12574 12575 12576
f 12577 12578 12579
f 12580 12581 12582
f 12583 12584 12585
f 12586 12587 12588
f 12589 12590 12591
f 12592 12593 12594
f 12595 12596 12597
f 12598 12599 12600
f 12601 12602 12603
f 12604 12605 12606
f 12607 12608 12609
f 12610 12611 12612
f 12613 12614 12615
f 12616 12617 12618
f 12619 12620 12621
f 12622 12623 12624
f 12625 12626 12627
f 12628 12629 12630
f 12631 12632 12633
f 12634 12635 12636
f 12637 12638 12639
f 12640 12641 12642
f 12643 12644 12645
f 12646 12647 12648
f 12649 12650 12651
f 12652 12653 12654
f 12655 12656 12657
f 12658 12659 12660
f 12661 12662 12663
f 12664 12665 12666
f 12667 12668 12669
f 12670 12671 12672
f 12673 12674 12675
f 12676 12677 12678
f 12679 12680 12681
f 12682 12683 12684
f 12685 12686 12687
f 12688 12689 12690
f 12691 12692 12693
f 12694 12695 12696
f 12697 12698 12699
f 12700 12701 12702
f 12703 12704 12705
f 12706 12707 12708
f 12709 12710 12711
f 12712 12713 12714
f 12715 12716 12717
f 12718 12719 12720
f 12721 12722 12723
f 12724 12725 12726
f 12727 12728 12729
f 12730 12731 12732
f 12733 12734 12735
f 12736 12737 12738
f 12739 12740 12741
f 12742 12743 12744
f 12745 12746 12747
f 12748 12749 12750
f 12751 12752 12753
f 12754 12755 12756
f 12757 12758 12759
f 12760 12761 12762
f 12763 12764 12765
f 12766 12767 12768
f 12769 12770 12771
f 12772 12773 12774
f 12775 12776 12777
f 12778 12779 12780
f 12781 12782 12783
f 12784 12785 12786
f 12787 12788 12789
f 12790 12791 12792
f 12793 12794 12795
f 12796 12797 12798
f 12799 12800 12801
f 12802 12803 12804
f 12805 12806 12807
f 12808 12809 12810
f 12811 12812 12813
f 12814 12815 12816
f 12817 12818 12819
f 12820 12821 12822
f 12823 12824 12825
f 12826 12827 12828
f 12829 12830 12831
f 12832 12833 12834
f 12835 12836 12837
f 12838 12839 12840
f 12841 12842 12843
f 12844 12845 12846
f 12847 12848 12849
f 12850 12851 12852
f 12853 12854 12855
f 12856 12857 12858
f 12859 12860 12861
f 12862 12863 12864
f 12865 12866 12867
f 12868 12869 12870
f 12871 12872 12873
f 12874 12875 12876
f 12877 12878 12879
f 12880 12881 12882
f 12883 12884 12885
f 12886 12887 12888
f 12889 12890 12891
f 12892 12893 12894
f 12895 12896 12897
f 12898 12899 12900
f 12901 12902 12903
f 12904 12905 12906
f 12907 12908 12909
f 12910 12911 12912
f 12913 12914 12915
f 12916 12917 12918
f 12919 12920 12921
f 12922 12923 12924
f 12925 12926 12927
f 12928 12929 12930
f 12931 12932 12933
f 12934 12935 12936
f 12937 12938 12939
f 12940 12941 12942
f 12943 12944 12945
f 12946 12947 12948
f 12949 12950 12951
f 12952 12953 12954
f 12955 12956 12957
f 12958 12959 12960
f 12961 12962 12963
f 12964 12965 12966
f 12967 12968 12969
f 12970 12971 12972
f 12973 12974 12975
f 12976 12977 12978
f 12979 12980 12981
f 12982 12983 12984
f 12985 12986 12987
f 12988 12989 12990
f 12991 12992 12993
f 12994 12995 12996
f 12997 12998 12999
f 13000 13001 13002
f 13003 13004 13005
f 13006 13007 13008
f 13009 13010 13011
f 13012 13013 13014
f 13015 13016 13017
f 13018 13019 13020
f 13021 13022 13023
f 13024 13025 13026
f 13027 13028 13029
f 13030 13031 13032
f 13033 13034 13035
f 13036 13037 13038
f 13039 13040 13041
f 13042 13043 13044
f 13045 13046 13047
f 13048 13049 13050
f 13051 13052 13053
f 13054 13055 13056
f 13057 13058 13059
f 13060 13061 13062
f 13063 13064 13065
f 13066 13067 13068
f 13069 13070 13071
f 13072 13073 13074
f 13075 13076 13077
f 13078 13079 13080
f 13081 13082 13083
f 13084 13085 13086
f 13087 13088 13089
f 13090 13091 13092
f 13093 13094 13095
f 13096 13097 13098
f 13099 13100 13101
f 13102 13103 13104
f 13105 13106 13107
f 13108 13109 13110
f 13111 13112 13113
f 13114 13115 13116
f 13117 13118 13119
f 13120 13121 13122
f 13123 13124 13125
f 13126 13127 13128
f 13129 13130 13131
f 13132 13133 13134
f 13135 13136 13137
f 13138 13139 13140
f 13141 13142 13143
f 13144 13145 13146
f 13147 13148 13149
f 13150 13151 13152
f 13153 13154 13155
f 13156 13157 13158
f 13159 13160 13161
f 13162 13163 13164
f 13165 13166 13167
f 13168 13169 13170
f 13171 13172 13173
f 13174 13175 13176
f 13177 13178 13179
f 13180 13181 13182
f 13183 13184 13185
f 13186 13187 13188
f 13189 13190 13191
f 13192 13193 13194
f 13195 13196 13197
f 13198 13199 13200
f 13201 13202 13203
f 13204 13205 13206
f 13207 13208 13209
f 13210 13211 13212
f 13213 13214 13215
f 13216 13217 13218
f 13219 13220 13221
f 13222 13223 13224
f 13225 13226 13227
f 13228 13229 13230
f 13231 13232 13233
f 13234 13235 13236
f 13237 13238 13239
f 13240 13241 13242
f 13243 13244 13245
f 13246 13247 13248
f 13249 13250 13251
f 13252 13253 13254
f 13255 13256 13257
f 13258 13259 13260
f 13261 13262 13263
f 13264 13265 13266
f 13267 13268 13269
f 13270 13271 13272
f 13273 13274 13275
f 13276 13277 13278
f 13279 13280 13281
f 13282 13283 13284
f 13285 13286 13287
f 13288 13289 13290
f 13291 13292 13293
f 13294 13295 13296
f 13297 13298 13299
f 13300 13301 13302
f 13303 13304 13305
f 13306 13307 13308
f 13309 13310 13311
f 13312 13313 13314
f 13315 13316 13317
f 13318 13319 13320
f 13321 13322 13323
f 13324 13325 13326
f 13327 13328 13329
f 13330 13331 13332
f 13333 13334 13335
f 13336 13337 13338
f 13339 13340 13341
f 13342 13343 13344
f 13345 13346 13347
f 13348 13349 13350
f 13351 13352 13353
f 13354 13355 13356
